UID,Barcode,SPC,Department Code,Department,Sub-department Code,Sub Department,Brand Code,Brand,Style Code,Colour Code,Colour Name,Size Scale,Size,Description,BTC Price,VAT Code,Pack Quantity,Carton Quantity,Last Changed Date,Stock Status,colour_code_url,image_url_medium_res,image_url_low_res,image_url_high_res,brand image,colour image 01,colour image 02,colour image 03,colour image 04,colour image 05,colour image 06,colour image 07,colour image 08,colour image 09,colour image 10,bullet points,Customer Discounted Price
89734,896948,64000,TSHIRT,T-SHIRTS,MSSTSH,MENS SHORT SLEEVE T-SHIRT,GILDAN,GILDAN,MS0092,246,Antique Cherry Red,13,S,Softstyle Adult T-Shirt,2.44,1,12,72,02-01-2026 8:57,C,https://myebrochure.co.uk/images/colours/gildan/gildan-246.jpg,https://myebrochure.co.uk/images/products/prod_15009_64000_184585.jpg,https://myebrochure.co.uk/images/products.small/prod_15009_64000_184585.jpg,https://myebrochure.co.uk/images/products.hires/prod_15009_64000_184585.jpg,https://myebrochure.co.uk/images/brands/gildan_25.png,https://myebrochure.co.uk/images/products.hires/prod_15009_64000_176880.jpg,,,,,,,,,,"<li>Made with our soft ring spun cotton and cotton blends -</li> <li>Softstyle features high stitch density fabric that offers a smooth printing surface, ideal for DTG</li> <li>Proud member of the US Cotton Trust Protocol (USCTP) and Better Cotton&#8482;</li> <li>Cotton products from Gildan support more sustainable + ethical cotton farming</li> <li>Soft ring spun fabric feels great against your skin</li> <li>Non-topstitched, narrow width, rib collar</li> <li>Taped neck and shoulders for comfort and durability</li> <li>Modern classic fit, tubular body</li> <li>High-performing black tear-away label</li> <li>Yarn Count 30/1</li> <li><b>Also available in ladies sizes code 64000L and childrens sizes 64000B</b></li>",1.87
89735,896955,64000,TSHIRT,T-SHIRTS,MSSTSH,MENS SHORT SLEEVE T-SHIRT,GILDAN,GILDAN,MS0092,246,Antique Cherry Red,13,M,Softstyle Adult T-Shirt,2.44,1,12,72,02-01-2026 8:57,C,https://myebrochure.co.uk/images/colours/gildan/gildan-246.jpg,https://myebrochure.co.uk/images/products/prod_15009_64000_184585.jpg,https://myebrochure.co.uk/images/products.small/prod_15009_64000_184585.jpg,https://myebrochure.co.uk/images/products.hires/prod_15009_64000_184585.jpg,https://myebrochure.co.uk/images/brands/gildan_25.png,https://myebrochure.co.uk/images/products.hires/prod_15009_64000_176880.jpg,,,,,,,,,,"<li>Made with our soft ring spun cotton and cotton blends -</li> <li>Softstyle features high stitch density fabric that offers a smooth printing surface, ideal for DTG</li> <li>Proud member of the US Cotton Trust Protocol (USCTP) and Better Cotton&#8482;</li> <li>Cotton products from Gildan support more sustainable + ethical cotton farming</li> <li>Soft ring spun fabric feels great against your skin</li> <li>Non-topstitched, narrow width, rib collar</li> <li>Taped neck and shoulders for comfort and durability</li> <li>Modern classic fit, tubular body</li> <li>High-performing black tear-away label</li> <li>Yarn Count 30/1</li> <li><b>Also available in ladies sizes code 64000L and childrens sizes 64000B</b></li>",1.87
89736,896962,64000,TSHIRT,T-SHIRTS,MSSTSH,MENS SHORT SLEEVE T-SHIRT,GILDAN,GILDAN,MS0092,246,Antique Cherry Red,13,L,Softstyle Adult T-Shirt,2.44,1,12,72,02-01-2026 8:57,C,https://myebrochure.co.uk/images/colours/gildan/gildan-246.jpg,https://myebrochure.co.uk/images/products/prod_15009_64000_184585.jpg,https://myebrochure.co.uk/images/products.small/prod_15009_64000_184585.jpg,https://myebrochure.co.uk/images/products.hires/prod_15009_64000_184585.jpg,https://myebrochure.co.uk/images/brands/gildan_25.png,https://myebrochure.co.uk/images/products.hires/prod_15009_64000_176880.jpg,,,,,,,,,,"<li>Made with our soft ring spun cotton and cotton blends -</li> <li>Softstyle features high stitch density fabric that offers a smooth printing surface, ideal for DTG</li> <li>Proud member of the US Cotton Trust Protocol (USCTP) and Better Cotton&#8482;</li> <li>Cotton products from Gildan support more sustainable + ethical cotton farming</li> <li>Soft ring spun fabric feels great against your skin</li> <li>Non-topstitched, narrow width, rib collar</li> <li>Taped neck and shoulders for comfort and durability</li> <li>Modern classic fit, tubular body</li> <li>High-performing black tear-away label</li> <li>Yarn Count 30/1</li> <li><b>Also available in ladies sizes code 64000L and childrens sizes 64000B</b></li>",1.87
89737,896979,64000,TSHIRT,T-SHIRTS,MSSTSH,MENS SHORT SLEEVE T-SHIRT,GILDAN,GILDAN,MS0092,246,Antique Cherry Red,13,XL,Softstyle Adult T-Shirt,2.44,1,12,72,02-01-2026 8:57,C,https://myebrochure.co.uk/images/colours/gildan/gildan-246.jpg,https://myebrochure.co.uk/images/products/prod_15009_64000_184585.jpg,https://myebrochure.co.uk/images/products.small/prod_15009_64000_184585.jpg,https://myebrochure.co.uk/images/products.hires/prod_15009_64000_184585.jpg,https://myebrochure.co.uk/images/brands/gildan_25.png,https://myebrochure.co.uk/images/products.hires/prod_15009_64000_176880.jpg,,,,,,,,,,"<li>Made with our soft ring spun cotton and cotton blends -</li> <li>Softstyle features high stitch density fabric that offers a smooth printing surface, ideal for DTG</li> <li>Proud member of the US Cotton Trust Protocol (USCTP) and Better Cotton&#8482;</li> <li>Cotton products from Gildan support more sustainable + ethical cotton farming</li> <li>Soft ring spun fabric feels great against your skin</li> <li>Non-topstitched, narrow width, rib collar</li> <li>Taped neck and shoulders for comfort and durability</li> <li>Modern classic fit, tubular body</li> <li>High-performing black tear-away label</li> <li>Yarn Count 30/1</li> <li><b>Also available in ladies sizes code 64000L and childrens sizes 64000B</b></li>",1.87
89738,896986,64000,TSHIRT,T-SHIRTS,MSSTSH,MENS SHORT SLEEVE T-SHIRT,GILDAN,GILDAN,MS0092,246,Antique Cherry Red,13,2XL,Softstyle Adult T-Shirt,2.44,1,12,72,02-01-2026 8:57,C,https://myebrochure.co.uk/images/colours/gildan/gildan-246.jpg,https://myebrochure.co.uk/images/products/prod_15009_64000_184585.jpg,https://myebrochure.co.uk/images/products.small/prod_15009_64000_184585.jpg,https://myebrochure.co.uk/images/products.hires/prod_15009_64000_184585.jpg,https://myebrochure.co.uk/images/brands/gildan_25.png,https://myebrochure.co.uk/images/products.hires/prod_15009_64000_176880.jpg,,,,,,,,,,"<li>Made with our soft ring spun cotton and cotton blends -</li> <li>Softstyle features high stitch density fabric that offers a smooth printing surface, ideal for DTG</li> <li>Proud member of the US Cotton Trust Protocol (USCTP) and Better Cotton&#8482;</li> <li>Cotton products from Gildan support more sustainable + ethical cotton farming</li> <li>Soft ring spun fabric feels great against your skin</li> <li>Non-topstitched, narrow width, rib collar</li> <li>Taped neck and shoulders for comfort and durability</li> <li>Modern classic fit, tubular body</li> <li>High-performing black tear-away label</li> <li>Yarn Count 30/1</li> <li><b>Also available in ladies sizes code 64000L and childrens sizes 64000B</b></li>",1.87
136608,1365290,64000,TSHIRT,T-SHIRTS,MSSTSH,MENS SHORT SLEEVE T-SHIRT,GILDAN,GILDAN,MS0092,246,Antique Cherry Red,13,3XL,Softstyle Adult T-Shirt,3.28,1,12,36,02-01-2026 8:57,C,https://myebrochure.co.uk/images/colours/gildan/gildan-246.jpg,https://myebrochure.co.uk/images/products/prod_15009_64000_184585.jpg,https://myebrochure.co.uk/images/products.small/prod_15009_64000_184585.jpg,https://myebrochure.co.uk/images/products.hires/prod_15009_64000_184585.jpg,https://myebrochure.co.uk/images/brands/gildan_25.png,https://myebrochure.co.uk/images/products.hires/prod_15009_64000_176880.jpg,,,,,,,,,,"<li>Made with our soft ring spun cotton and cotton blends -</li> <li>Softstyle features high stitch density fabric that offers a smooth printing surface, ideal for DTG</li> <li>Proud member of the US Cotton Trust Protocol (USCTP) and Better Cotton&#8482;</li> <li>Cotton products from Gildan support more sustainable + ethical cotton farming</li> <li>Soft ring spun fabric feels great against your skin</li> <li>Non-topstitched, narrow width, rib collar</li> <li>Taped neck and shoulders for comfort and durability</li> <li>Modern classic fit, tubular body</li> <li>High-performing black tear-away label</li> <li>Yarn Count 30/1</li> <li><b>Also available in ladies sizes code 64000L and childrens sizes 64000B</b></li>",2.51
103108,1030679,64000,TSHIRT,T-SHIRTS,MSSTSH,MENS SHORT SLEEVE T-SHIRT,GILDAN,GILDAN,MS0092,254,Antique Sapphire,13,S,Softstyle Adult T-Shirt,2.44,1,12,72,02-01-2026 8:57,C,https://myebrochure.co.uk/images/colours/gildan/gildan-254.jpg,https://myebrochure.co.uk/images/products/prod_15009_64000_184585.jpg,https://myebrochure.co.uk/images/products.small/prod_15009_64000_184585.jpg,https://myebrochure.co.uk/images/products.hires/prod_15009_64000_184585.jpg,https://myebrochure.co.uk/images/brands/gildan_25.png,https://myebrochure.co.uk/images/products.hires/prod_15009_64000_176887.jpg,,,,,,,,,,"<li>Made with our soft ring spun cotton and cotton blends -</li> <li>Softstyle features high stitch density fabric that offers a smooth printing surface, ideal for DTG</li> <li>Proud member of the US Cotton Trust Protocol (USCTP) and Better Cotton&#8482;</li> <li>Cotton products from Gildan support more sustainable + ethical cotton farming</li> <li>Soft ring spun fabric feels great against your skin</li> <li>Non-topstitched, narrow width, rib collar</li> <li>Taped neck and shoulders for comfort and durability</li> <li>Modern classic fit, tubular body</li> <li>High-performing black tear-away label</li> <li>Yarn Count 30/1</li> <li><b>Also available in ladies sizes code 64000L and childrens sizes 64000B</b></li>",1.87
103109,1030686,64000,TSHIRT,T-SHIRTS,MSSTSH,MENS SHORT SLEEVE T-SHIRT,GILDAN,GILDAN,MS0092,254,Antique Sapphire,13,M,Softstyle Adult T-Shirt,2.44,1,12,72,02-01-2026 8:57,C,https://myebrochure.co.uk/images/colours/gildan/gildan-254.jpg,https://myebrochure.co.uk/images/products/prod_15009_64000_184585.jpg,https://myebrochure.co.uk/images/products.small/prod_15009_64000_184585.jpg,https://myebrochure.co.uk/images/products.hires/prod_15009_64000_184585.jpg,https://myebrochure.co.uk/images/brands/gildan_25.png,https://myebrochure.co.uk/images/products.hires/prod_15009_64000_176887.jpg,,,,,,,,,,"<li>Made with our soft ring spun cotton and cotton blends -</li> <li>Softstyle features high stitch density fabric that offers a smooth printing surface, ideal for DTG</li> <li>Proud member of the US Cotton Trust Protocol (USCTP) and Better Cotton&#8482;</li> <li>Cotton products from Gildan support more sustainable + ethical cotton farming</li> <li>Soft ring spun fabric feels great against your skin</li> <li>Non-topstitched, narrow width, rib collar</li> <li>Taped neck and shoulders for comfort and durability</li> <li>Modern classic fit, tubular body</li> <li>High-performing black tear-away label</li> <li>Yarn Count 30/1</li> <li><b>Also available in ladies sizes code 64000L and childrens sizes 64000B</b></li>",1.87
103110,1030693,64000,TSHIRT,T-SHIRTS,MSSTSH,MENS SHORT SLEEVE T-SHIRT,GILDAN,GILDAN,MS0092,254,Antique Sapphire,13,L,Softstyle Adult T-Shirt,2.44,1,12,72,02-01-2026 8:57,C,https://myebrochure.co.uk/images/colours/gildan/gildan-254.jpg,https://myebrochure.co.uk/images/products/prod_15009_64000_184585.jpg,https://myebrochure.co.uk/images/products.small/prod_15009_64000_184585.jpg,https://myebrochure.co.uk/images/products.hires/prod_15009_64000_184585.jpg,https://myebrochure.co.uk/images/brands/gildan_25.png,https://myebrochure.co.uk/images/products.hires/prod_15009_64000_176887.jpg,,,,,,,,,,"<li>Made with our soft ring spun cotton and cotton blends -</li> <li>Softstyle features high stitch density fabric that offers a smooth printing surface, ideal for DTG</li> <li>Proud member of the US Cotton Trust Protocol (USCTP) and Better Cotton&#8482;</li> <li>Cotton products from Gildan support more sustainable + ethical cotton farming</li> <li>Soft ring spun fabric feels great against your skin</li> <li>Non-topstitched, narrow width, rib collar</li> <li>Taped neck and shoulders for comfort and durability</li> <li>Modern classic fit, tubular body</li> <li>High-performing black tear-away label</li> <li>Yarn Count 30/1</li> <li><b>Also available in ladies sizes code 64000L and childrens sizes 64000B</b></li>",1.87
103111,1030709,64000,TSHIRT,T-SHIRTS,MSSTSH,MENS SHORT SLEEVE T-SHIRT,GILDAN,GILDAN,MS0092,254,Antique Sapphire,13,XL,Softstyle Adult T-Shirt,2.44,1,12,72,02-01-2026 8:57,C,https://myebrochure.co.uk/images/colours/gildan/gildan-254.jpg,https://myebrochure.co.uk/images/products/prod_15009_64000_184585.jpg,https://myebrochure.co.uk/images/products.small/prod_15009_64000_184585.jpg,https://myebrochure.co.uk/images/products.hires/prod_15009_64000_184585.jpg,https://myebrochure.co.uk/images/brands/gildan_25.png,https://myebrochure.co.uk/images/products.hires/prod_15009_64000_176887.jpg,,,,,,,,,,"<li>Made with our soft ring spun cotton and cotton blends -</li> <li>Softstyle features high stitch density fabric that offers a smooth printing surface, ideal for DTG</li> <li>Proud member of the US Cotton Trust Protocol (USCTP) and Better Cotton&#8482;</li> <li>Cotton products from Gildan support more sustainable + ethical cotton farming</li> <li>Soft ring spun fabric feels great against your skin</li> <li>Non-topstitched, narrow width, rib collar</li> <li>Taped neck and shoulders for comfort and durability</li> <li>Modern classic fit, tubular body</li> <li>High-performing black tear-away label</li> <li>Yarn Count 30/1</li> <li><b>Also available in ladies sizes code 64000L and childrens sizes 64000B</b></li>",1.87
103112,1030716,64000,TSHIRT,T-SHIRTS,MSSTSH,MENS SHORT SLEEVE T-SHIRT,GILDAN,GILDAN,MS0092,254,Antique Sapphire,13,2XL,Softstyle Adult T-Shirt,2.44,1,12,72,02-01-2026 8:57,C,https://myebrochure.co.uk/images/colours/gildan/gildan-254.jpg,https://myebrochure.co.uk/images/products/prod_15009_64000_184585.jpg,https://myebrochure.co.uk/images/products.small/prod_15009_64000_184585.jpg,https://myebrochure.co.uk/images/products.hires/prod_15009_64000_184585.jpg,https://myebrochure.co.uk/images/brands/gildan_25.png,https://myebrochure.co.uk/images/products.hires/prod_15009_64000_176887.jpg,,,,,,,,,,"<li>Made with our soft ring spun cotton and cotton blends -</li> <li>Softstyle features high stitch density fabric that offers a smooth printing surface, ideal for DTG</li> <li>Proud member of the US Cotton Trust Protocol (USCTP) and Better Cotton&#8482;</li> <li>Cotton products from Gildan support more sustainable + ethical cotton farming</li> <li>Soft ring spun fabric feels great against your skin</li> <li>Non-topstitched, narrow width, rib collar</li> <li>Taped neck and shoulders for comfort and durability</li> <li>Modern classic fit, tubular body</li> <li>High-performing black tear-away label</li> <li>Yarn Count 30/1</li> <li><b>Also available in ladies sizes code 64000L and childrens sizes 64000B</b></li>",1.87
136610,1365313,64000,TSHIRT,T-SHIRTS,MSSTSH,MENS SHORT SLEEVE T-SHIRT,GILDAN,GILDAN,MS0092,254,Antique Sapphire,13,3XL,Softstyle Adult T-Shirt,3.28,1,12,36,02-01-2026 8:57,C,https://myebrochure.co.uk/images/colours/gildan/gildan-254.jpg,https://myebrochure.co.uk/images/products/prod_15009_64000_184585.jpg,https://myebrochure.co.uk/images/products.small/prod_15009_64000_184585.jpg,https://myebrochure.co.uk/images/products.hires/prod_15009_64000_184585.jpg,https://myebrochure.co.uk/images/brands/gildan_25.png,https://myebrochure.co.uk/images/products.hires/prod_15009_64000_176887.jpg,,,,,,,,,,"<li>Made with our soft ring spun cotton and cotton blends -</li> <li>Softstyle features high stitch density fabric that offers a smooth printing surface, ideal for DTG</li> <li>Proud member of the US Cotton Trust Protocol (USCTP) and Better Cotton&#8482;</li> <li>Cotton products from Gildan support more sustainable + ethical cotton farming</li> <li>Soft ring spun fabric feels great against your skin</li> <li>Non-topstitched, narrow width, rib collar</li> <li>Taped neck and shoulders for comfort and durability</li> <li>Modern classic fit, tubular body</li> <li>High-performing black tear-away label</li> <li>Yarn Count 30/1</li> <li><b>Also available in ladies sizes code 64000L and childrens sizes 64000B</b></li>",2.51
146130,1460346,64000,TSHIRT,T-SHIRTS,MSSTSH,MENS SHORT SLEEVE T-SHIRT,GILDAN,GILDAN,MS0092,71,Azalea,13,S,Softstyle Adult T-Shirt,2.44,1,12,72,02-01-2026 8:57,C,https://myebrochure.co.uk/images/colours/gildan/gildan-71.jpg,https://myebrochure.co.uk/images/products/prod_15009_64000_184585.jpg,https://myebrochure.co.uk/images/products.small/prod_15009_64000_184585.jpg,https://myebrochure.co.uk/images/products.hires/prod_15009_64000_184585.jpg,https://myebrochure.co.uk/images/brands/gildan_25.png,https://myebrochure.co.uk/images/products.hires/prod_15009_64000_176857.jpg,,,,,,,,,,"<li>Made with our soft ring spun cotton and cotton blends -</li> <li>Softstyle features high stitch density fabric that offers a smooth printing surface, ideal for DTG</li> <li>Proud member of the US Cotton Trust Protocol (USCTP) and Better Cotton&#8482;</li> <li>Cotton products from Gildan support more sustainable + ethical cotton farming</li> <li>Soft ring spun fabric feels great against your skin</li> <li>Non-topstitched, narrow width, rib collar</li> <li>Taped neck and shoulders for comfort and durability</li> <li>Modern classic fit, tubular body</li> <li>High-performing black tear-away label</li> <li>Yarn Count 30/1</li> <li><b>Also available in ladies sizes code 64000L and childrens sizes 64000B</b></li>",1.87
146131,1460353,64000,TSHIRT,T-SHIRTS,MSSTSH,MENS SHORT SLEEVE T-SHIRT,GILDAN,GILDAN,MS0092,71,Azalea,13,M,Softstyle Adult T-Shirt,2.44,1,12,72,02-01-2026 8:57,C,https://myebrochure.co.uk/images/colours/gildan/gildan-71.jpg,https://myebrochure.co.uk/images/products/prod_15009_64000_184585.jpg,https://myebrochure.co.uk/images/products.small/prod_15009_64000_184585.jpg,https://myebrochure.co.uk/images/products.hires/prod_15009_64000_184585.jpg,https://myebrochure.co.uk/images/brands/gildan_25.png,https://myebrochure.co.uk/images/products.hires/prod_15009_64000_176857.jpg,,,,,,,,,,"<li>Made with our soft ring spun cotton and cotton blends -</li> <li>Softstyle features high stitch density fabric that offers a smooth printing surface, ideal for DTG</li> <li>Proud member of the US Cotton Trust Protocol (USCTP) and Better Cotton&#8482;</li> <li>Cotton products from Gildan support more sustainable + ethical cotton farming</li> <li>Soft ring spun fabric feels great against your skin</li> <li>Non-topstitched, narrow width, rib collar</li> <li>Taped neck and shoulders for comfort and durability</li> <li>Modern classic fit, tubular body</li> <li>High-performing black tear-away label</li> <li>Yarn Count 30/1</li> <li><b>Also available in ladies sizes code 64000L and childrens sizes 64000B</b></li>",1.87
146132,1460360,64000,TSHIRT,T-SHIRTS,MSSTSH,MENS SHORT SLEEVE T-SHIRT,GILDAN,GILDAN,MS0092,71,Azalea,13,L,Softstyle Adult T-Shirt,2.44,1,12,72,02-01-2026 8:57,C,https://myebrochure.co.uk/images/colours/gildan/gildan-71.jpg,https://myebrochure.co.uk/images/products/prod_15009_64000_184585.jpg,https://myebrochure.co.uk/images/products.small/prod_15009_64000_184585.jpg,https://myebrochure.co.uk/images/products.hires/prod_15009_64000_184585.jpg,https://myebrochure.co.uk/images/brands/gildan_25.png,https://myebrochure.co.uk/images/products.hires/prod_15009_64000_176857.jpg,,,,,,,,,,"<li>Made with our soft ring spun cotton and cotton blends -</li> <li>Softstyle features high stitch density fabric that offers a smooth printing surface, ideal for DTG</li> <li>Proud member of the US Cotton Trust Protocol (USCTP) and Better Cotton&#8482;</li> <li>Cotton products from Gildan support more sustainable + ethical cotton farming</li> <li>Soft ring spun fabric feels great against your skin</li> <li>Non-topstitched, narrow width, rib collar</li> <li>Taped neck and shoulders for comfort and durability</li> <li>Modern classic fit, tubular body</li> <li>High-performing black tear-away label</li> <li>Yarn Count 30/1</li> <li><b>Also available in ladies sizes code 64000L and childrens sizes 64000B</b></li>",1.87
146133,1460377,64000,TSHIRT,T-SHIRTS,MSSTSH,MENS SHORT SLEEVE T-SHIRT,GILDAN,GILDAN,MS0092,71,Azalea,13,XL,Softstyle Adult T-Shirt,2.44,1,12,72,02-01-2026 8:57,C,https://myebrochure.co.uk/images/colours/gildan/gildan-71.jpg,https://myebrochure.co.uk/images/products/prod_15009_64000_184585.jpg,https://myebrochure.co.uk/images/products.small/prod_15009_64000_184585.jpg,https://myebrochure.co.uk/images/products.hires/prod_15009_64000_184585.jpg,https://myebrochure.co.uk/images/brands/gildan_25.png,https://myebrochure.co.uk/images/products.hires/prod_15009_64000_176857.jpg,,,,,,,,,,"<li>Made with our soft ring spun cotton and cotton blends -</li> <li>Softstyle features high stitch density fabric that offers a smooth printing surface, ideal for DTG</li> <li>Proud member of the US Cotton Trust Protocol (USCTP) and Better Cotton&#8482;</li> <li>Cotton products from Gildan support more sustainable + ethical cotton farming</li> <li>Soft ring spun fabric feels great against your skin</li> <li>Non-topstitched, narrow width, rib collar</li> <li>Taped neck and shoulders for comfort and durability</li> <li>Modern classic fit, tubular body</li> <li>High-performing black tear-away label</li> <li>Yarn Count 30/1</li> <li><b>Also available in ladies sizes code 64000L and childrens sizes 64000B</b></li>",1.87
146134,1460384,64000,TSHIRT,T-SHIRTS,MSSTSH,MENS SHORT SLEEVE T-SHIRT,GILDAN,GILDAN,MS0092,71,Azalea,13,2XL,Softstyle Adult T-Shirt,2.44,1,12,72,02-01-2026 8:57,C,https://myebrochure.co.uk/images/colours/gildan/gildan-71.jpg,https://myebrochure.co.uk/images/products/prod_15009_64000_184585.jpg,https://myebrochure.co.uk/images/products.small/prod_15009_64000_184585.jpg,https://myebrochure.co.uk/images/products.hires/prod_15009_64000_184585.jpg,https://myebrochure.co.uk/images/brands/gildan_25.png,https://myebrochure.co.uk/images/products.hires/prod_15009_64000_176857.jpg,,,,,,,,,,"<li>Made with our soft ring spun cotton and cotton blends -</li> <li>Softstyle features high stitch density fabric that offers a smooth printing surface, ideal for DTG</li> <li>Proud member of the US Cotton Trust Protocol (USCTP) and Better Cotton&#8482;</li> <li>Cotton products from Gildan support more sustainable + ethical cotton farming</li> <li>Soft ring spun fabric feels great against your skin</li> <li>Non-topstitched, narrow width, rib collar</li> <li>Taped neck and shoulders for comfort and durability</li> <li>Modern classic fit, tubular body</li> <li>High-performing black tear-away label</li> <li>Yarn Count 30/1</li> <li><b>Also available in ladies sizes code 64000L and childrens sizes 64000B</b></li>",1.87
146135,1460391,64000,TSHIRT,T-SHIRTS,MSSTSH,MENS SHORT SLEEVE T-SHIRT,GILDAN,GILDAN,MS0092,71,Azalea,13,3XL,Softstyle Adult T-Shirt,3.28,1,12,36,02-01-2026 8:57,C,https://myebrochure.co.uk/images/colours/gildan/gildan-71.jpg,https://myebrochure.co.uk/images/products/prod_15009_64000_184585.jpg,https://myebrochure.co.uk/images/products.small/prod_15009_64000_184585.jpg,https://myebrochure.co.uk/images/products.hires/prod_15009_64000_184585.jpg,https://myebrochure.co.uk/images/brands/gildan_25.png,https://myebrochure.co.uk/images/products.hires/prod_15009_64000_176857.jpg,,,,,,,,,,"<li>Made with our soft ring spun cotton and cotton blends -</li> <li>Softstyle features high stitch density fabric that offers a smooth printing surface, ideal for DTG</li> <li>Proud member of the US Cotton Trust Protocol (USCTP) and Better Cotton&#8482;</li> <li>Cotton products from Gildan support more sustainable + ethical cotton farming</li> <li>Soft ring spun fabric feels great against your skin</li> <li>Non-topstitched, narrow width, rib collar</li> <li>Taped neck and shoulders for comfort and durability</li> <li>Modern classic fit, tubular body</li> <li>High-performing black tear-away label</li> <li>Yarn Count 30/1</li> <li><b>Also available in ladies sizes code 64000L and childrens sizes 64000B</b></li>",2.51
235907,2359083,64000,TSHIRT,T-SHIRTS,MSSTSH,MENS SHORT SLEEVE T-SHIRT,GILDAN,GILDAN,MS0092,36,Black,13,XS,Softstyle Adult T-Shirt,2.42,1,12,72,02-01-2026 8:57,C,https://myebrochure.co.uk/images/colours/gildan/gildan-36.jpg,https://myebrochure.co.uk/images/products/prod_15009_64000_184585.jpg,https://myebrochure.co.uk/images/products.small/prod_15009_64000_184585.jpg,https://myebrochure.co.uk/images/products.hires/prod_15009_64000_184585.jpg,https://myebrochure.co.uk/images/brands/gildan_25.png,https://myebrochure.co.uk/images/products.hires/prod_15009_64000_176869.jpg,,,,,,,,,,"<li>Made with our soft ring spun cotton and cotton blends -</li> <li>Softstyle features high stitch density fabric that offers a smooth printing surface, ideal for DTG</li> <li>Proud member of the US Cotton Trust Protocol (USCTP) and Better Cotton&#8482;</li> <li>Cotton products from Gildan support more sustainable + ethical cotton farming</li> <li>Soft ring spun fabric feels great against your skin</li> <li>Non-topstitched, narrow width, rib collar</li> <li>Taped neck and shoulders for comfort and durability</li> <li>Modern classic fit, tubular body</li> <li>High-performing black tear-away label</li> <li>Yarn Count 30/1</li> <li><b>Also available in ladies sizes code 64000L and childrens sizes 64000B</b></li>",1.85
37686,376792,64000,TSHIRT,T-SHIRTS,MSSTSH,MENS SHORT SLEEVE T-SHIRT,GILDAN,GILDAN,MS0092,36,Black,13,S,Softstyle Adult T-Shirt,2.44,1,12,72,02-01-2026 8:57,C,https://myebrochure.co.uk/images/colours/gildan/gildan-36.jpg,https://myebrochure.co.uk/images/products/prod_15009_64000_184585.jpg,https://myebrochure.co.uk/images/products.small/prod_15009_64000_184585.jpg,https://myebrochure.co.uk/images/products.hires/prod_15009_64000_184585.jpg,https://myebrochure.co.uk/images/brands/gildan_25.png,https://myebrochure.co.uk/images/products.hires/prod_15009_64000_176869.jpg,,,,,,,,,,"<li>Made with our soft ring spun cotton and cotton blends -</li> <li>Softstyle features high stitch density fabric that offers a smooth printing surface, ideal for DTG</li> <li>Proud member of the US Cotton Trust Protocol (USCTP) and Better Cotton&#8482;</li> <li>Cotton products from Gildan support more sustainable + ethical cotton farming</li> <li>Soft ring spun fabric feels great against your skin</li> <li>Non-topstitched, narrow width, rib collar</li> <li>Taped neck and shoulders for comfort and durability</li> <li>Modern classic fit, tubular body</li> <li>High-performing black tear-away label</li> <li>Yarn Count 30/1</li> <li><b>Also available in ladies sizes code 64000L and childrens sizes 64000B</b></li>",1.87
37687,376808,64000,TSHIRT,T-SHIRTS,MSSTSH,MENS SHORT SLEEVE T-SHIRT,GILDAN,GILDAN,MS0092,36,Black,13,M,Softstyle Adult T-Shirt,2.44,1,12,72,02-01-2026 8:57,C,https://myebrochure.co.uk/images/colours/gildan/gildan-36.jpg,https://myebrochure.co.uk/images/products/prod_15009_64000_184585.jpg,https://myebrochure.co.uk/images/products.small/prod_15009_64000_184585.jpg,https://myebrochure.co.uk/images/products.hires/prod_15009_64000_184585.jpg,https://myebrochure.co.uk/images/brands/gildan_25.png,https://myebrochure.co.uk/images/products.hires/prod_15009_64000_176869.jpg,,,,,,,,,,"<li>Made with our soft ring spun cotton and cotton blends -</li> <li>Softstyle features high stitch density fabric that offers a smooth printing surface, ideal for DTG</li> <li>Proud member of the US Cotton Trust Protocol (USCTP) and Better Cotton&#8482;</li> <li>Cotton products from Gildan support more sustainable + ethical cotton farming</li> <li>Soft ring spun fabric feels great against your skin</li> <li>Non-topstitched, narrow width, rib collar</li> <li>Taped neck and shoulders for comfort and durability</li> <li>Modern classic fit, tubular body</li> <li>High-performing black tear-away label</li> <li>Yarn Count 30/1</li> <li><b>Also available in ladies sizes code 64000L and childrens sizes 64000B</b></li>",1.87
37688,376815,64000,TSHIRT,T-SHIRTS,MSSTSH,MENS SHORT SLEEVE T-SHIRT,GILDAN,GILDAN,MS0092,36,Black,13,L,Softstyle Adult T-Shirt,2.44,1,12,72,02-01-2026 8:57,C,https://myebrochure.co.uk/images/colours/gildan/gildan-36.jpg,https://myebrochure.co.uk/images/products/prod_15009_64000_184585.jpg,https://myebrochure.co.uk/images/products.small/prod_15009_64000_184585.jpg,https://myebrochure.co.uk/images/products.hires/prod_15009_64000_184585.jpg,https://myebrochure.co.uk/images/brands/gildan_25.png,https://myebrochure.co.uk/images/products.hires/prod_15009_64000_176869.jpg,,,,,,,,,,"<li>Made with our soft ring spun cotton and cotton blends -</li> <li>Softstyle features high stitch density fabric that offers a smooth printing surface, ideal for DTG</li> <li>Proud member of the US Cotton Trust Protocol (USCTP) and Better Cotton&#8482;</li> <li>Cotton products from Gildan support more sustainable + ethical cotton farming</li> <li>Soft ring spun fabric feels great against your skin</li> <li>Non-topstitched, narrow width, rib collar</li> <li>Taped neck and shoulders for comfort and durability</li> <li>Modern classic fit, tubular body</li> <li>High-performing black tear-away label</li> <li>Yarn Count 30/1</li> <li><b>Also available in ladies sizes code 64000L and childrens sizes 64000B</b></li>",1.87
37689,376822,64000,TSHIRT,T-SHIRTS,MSSTSH,MENS SHORT SLEEVE T-SHIRT,GILDAN,GILDAN,MS0092,36,Black,13,XL,Softstyle Adult T-Shirt,2.44,1,12,72,02-01-2026 8:57,C,https://myebrochure.co.uk/images/colours/gildan/gildan-36.jpg,https://myebrochure.co.uk/images/products/prod_15009_64000_184585.jpg,https://myebrochure.co.uk/images/products.small/prod_15009_64000_184585.jpg,https://myebrochure.co.uk/images/products.hires/prod_15009_64000_184585.jpg,https://myebrochure.co.uk/images/brands/gildan_25.png,https://myebrochure.co.uk/images/products.hires/prod_15009_64000_176869.jpg,,,,,,,,,,"<li>Made with our soft ring spun cotton and cotton blends -</li> <li>Softstyle features high stitch density fabric that offers a smooth printing surface, ideal for DTG</li> <li>Proud member of the US Cotton Trust Protocol (USCTP) and Better Cotton&#8482;</li> <li>Cotton products from Gildan support more sustainable + ethical cotton farming</li> <li>Soft ring spun fabric feels great against your skin</li> <li>Non-topstitched, narrow width, rib collar</li> <li>Taped neck and shoulders for comfort and durability</li> <li>Modern classic fit, tubular body</li> <li>High-performing black tear-away label</li> <li>Yarn Count 30/1</li> <li><b>Also available in ladies sizes code 64000L and childrens sizes 64000B</b></li>",1.87
37690,376839,64000,TSHIRT,T-SHIRTS,MSSTSH,MENS SHORT SLEEVE T-SHIRT,GILDAN,GILDAN,MS0092,36,Black,13,2XL,Softstyle Adult T-Shirt,2.44,1,12,72,02-01-2026 8:57,C,https://myebrochure.co.uk/images/colours/gildan/gildan-36.jpg,https://myebrochure.co.uk/images/products/prod_15009_64000_184585.jpg,https://myebrochure.co.uk/images/products.small/prod_15009_64000_184585.jpg,https://myebrochure.co.uk/images/products.hires/prod_15009_64000_184585.jpg,https://myebrochure.co.uk/images/brands/gildan_25.png,https://myebrochure.co.uk/images/products.hires/prod_15009_64000_176869.jpg,,,,,,,,,,"<li>Made with our soft ring spun cotton and cotton blends -</li> <li>Softstyle features high stitch density fabric that offers a smooth printing surface, ideal for DTG</li> <li>Proud member of the US Cotton Trust Protocol (USCTP) and Better Cotton&#8482;</li> <li>Cotton products from Gildan support more sustainable + ethical cotton farming</li> <li>Soft ring spun fabric feels great against your skin</li> <li>Non-topstitched, narrow width, rib collar</li> <li>Taped neck and shoulders for comfort and durability</li> <li>Modern classic fit, tubular body</li> <li>High-performing black tear-away label</li> <li>Yarn Count 30/1</li> <li><b>Also available in ladies sizes code 64000L and childrens sizes 64000B</b></li>",1.87
131338,1313093,64000,TSHIRT,T-SHIRTS,MSSTSH,MENS SHORT SLEEVE T-SHIRT,GILDAN,GILDAN,MS0092,36,Black,13,3XL,Softstyle Adult T-Shirt,3.28,1,12,36,02-01-2026 8:57,C,https://myebrochure.co.uk/images/colours/gildan/gildan-36.jpg,https://myebrochure.co.uk/images/products/prod_15009_64000_184585.jpg,https://myebrochure.co.uk/images/products.small/prod_15009_64000_184585.jpg,https://myebrochure.co.uk/images/products.hires/prod_15009_64000_184585.jpg,https://myebrochure.co.uk/images/brands/gildan_25.png,https://myebrochure.co.uk/images/products.hires/prod_15009_64000_176869.jpg,,,,,,,,,,"<li>Made with our soft ring spun cotton and cotton blends -</li> <li>Softstyle features high stitch density fabric that offers a smooth printing surface, ideal for DTG</li> <li>Proud member of the US Cotton Trust Protocol (USCTP) and Better Cotton&#8482;</li> <li>Cotton products from Gildan support more sustainable + ethical cotton farming</li> <li>Soft ring spun fabric feels great against your skin</li> <li>Non-topstitched, narrow width, rib collar</li> <li>Taped neck and shoulders for comfort and durability</li> <li>Modern classic fit, tubular body</li> <li>High-performing black tear-away label</li> <li>Yarn Count 30/1</li> <li><b>Also available in ladies sizes code 64000L and childrens sizes 64000B</b></li>",2.51
178296,1782035,64000,TSHIRT,T-SHIRTS,MSSTSH,MENS SHORT SLEEVE T-SHIRT,GILDAN,GILDAN,MS0092,36,Black,13,4XL,Softstyle Adult T-Shirt,3.28,1,6,12,02-01-2026 8:57,C,https://myebrochure.co.uk/images/colours/gildan/gildan-36.jpg,https://myebrochure.co.uk/images/products/prod_15009_64000_184585.jpg,https://myebrochure.co.uk/images/products.small/prod_15009_64000_184585.jpg,https://myebrochure.co.uk/images/products.hires/prod_15009_64000_184585.jpg,https://myebrochure.co.uk/images/brands/gildan_25.png,https://myebrochure.co.uk/images/products.hires/prod_15009_64000_176869.jpg,,,,,,,,,,"<li>Made with our soft ring spun cotton and cotton blends -</li> <li>Softstyle features high stitch density fabric that offers a smooth printing surface, ideal for DTG</li> <li>Proud member of the US Cotton Trust Protocol (USCTP) and Better Cotton&#8482;</li> <li>Cotton products from Gildan support more sustainable + ethical cotton farming</li> <li>Soft ring spun fabric feels great against your skin</li> <li>Non-topstitched, narrow width, rib collar</li> <li>Taped neck and shoulders for comfort and durability</li> <li>Modern classic fit, tubular body</li> <li>High-performing black tear-away label</li> <li>Yarn Count 30/1</li> <li><b>Also available in ladies sizes code 64000L and childrens sizes 64000B</b></li>",2.51
197002,1969849,64000,TSHIRT,T-SHIRTS,MSSTSH,MENS SHORT SLEEVE T-SHIRT,GILDAN,GILDAN,MS0092,36,Black,13,5XL,Softstyle Adult T-Shirt,3.28,1,6,12,02-01-2026 8:57,C,https://myebrochure.co.uk/images/colours/gildan/gildan-36.jpg,https://myebrochure.co.uk/images/products/prod_15009_64000_184585.jpg,https://myebrochure.co.uk/images/products.small/prod_15009_64000_184585.jpg,https://myebrochure.co.uk/images/products.hires/prod_15009_64000_184585.jpg,https://myebrochure.co.uk/images/brands/gildan_25.png,https://myebrochure.co.uk/images/products.hires/prod_15009_64000_176869.jpg,,,,,,,,,,"<li>Made with our soft ring spun cotton and cotton blends -</li> <li>Softstyle features high stitch density fabric that offers a smooth printing surface, ideal for DTG</li> <li>Proud member of the US Cotton Trust Protocol (USCTP) and Better Cotton&#8482;</li> <li>Cotton products from Gildan support more sustainable + ethical cotton farming</li> <li>Soft ring spun fabric feels great against your skin</li> <li>Non-topstitched, narrow width, rib collar</li> <li>Taped neck and shoulders for comfort and durability</li> <li>Modern classic fit, tubular body</li> <li>High-performing black tear-away label</li> <li>Yarn Count 30/1</li> <li><b>Also available in ladies sizes code 64000L and childrens sizes 64000B</b></li>",2.51
37662,376556,64000,TSHIRT,T-SHIRTS,MSSTSH,MENS SHORT SLEEVE T-SHIRT,GILDAN,GILDAN,MS0092,11,Cardinal,13,S,Softstyle Adult T-Shirt,2.44,1,12,72,02-01-2026 8:57,C,https://myebrochure.co.uk/images/colours/gildan/gildan-11.jpg,https://myebrochure.co.uk/images/products/prod_15009_64000_184585.jpg,https://myebrochure.co.uk/images/products.small/prod_15009_64000_184585.jpg,https://myebrochure.co.uk/images/products.hires/prod_15009_64000_184585.jpg,https://myebrochure.co.uk/images/brands/gildan_25.png,https://myebrochure.co.uk/images/products.hires/prod_15009_64000_176854.jpg,,,,,,,,,,"<li>Made with our soft ring spun cotton and cotton blends -</li> <li>Softstyle features high stitch density fabric that offers a smooth printing surface, ideal for DTG</li> <li>Proud member of the US Cotton Trust Protocol (USCTP) and Better Cotton&#8482;</li> <li>Cotton products from Gildan support more sustainable + ethical cotton farming</li> <li>Soft ring spun fabric feels great against your skin</li> <li>Non-topstitched, narrow width, rib collar</li> <li>Taped neck and shoulders for comfort and durability</li> <li>Modern classic fit, tubular body</li> <li>High-performing black tear-away label</li> <li>Yarn Count 30/1</li> <li><b>Also available in ladies sizes code 64000L and childrens sizes 64000B</b></li>",1.87
37663,376563,64000,TSHIRT,T-SHIRTS,MSSTSH,MENS SHORT SLEEVE T-SHIRT,GILDAN,GILDAN,MS0092,11,Cardinal,13,M,Softstyle Adult T-Shirt,2.44,1,12,72,02-01-2026 8:57,C,https://myebrochure.co.uk/images/colours/gildan/gildan-11.jpg,https://myebrochure.co.uk/images/products/prod_15009_64000_184585.jpg,https://myebrochure.co.uk/images/products.small/prod_15009_64000_184585.jpg,https://myebrochure.co.uk/images/products.hires/prod_15009_64000_184585.jpg,https://myebrochure.co.uk/images/brands/gildan_25.png,https://myebrochure.co.uk/images/products.hires/prod_15009_64000_176854.jpg,,,,,,,,,,"<li>Made with our soft ring spun cotton and cotton blends -</li> <li>Softstyle features high stitch density fabric that offers a smooth printing surface, ideal for DTG</li> <li>Proud member of the US Cotton Trust Protocol (USCTP) and Better Cotton&#8482;</li> <li>Cotton products from Gildan support more sustainable + ethical cotton farming</li> <li>Soft ring spun fabric feels great against your skin</li> <li>Non-topstitched, narrow width, rib collar</li> <li>Taped neck and shoulders for comfort and durability</li> <li>Modern classic fit, tubular body</li> <li>High-performing black tear-away label</li> <li>Yarn Count 30/1</li> <li><b>Also available in ladies sizes code 64000L and childrens sizes 64000B</b></li>",1.87
37664,376570,64000,TSHIRT,T-SHIRTS,MSSTSH,MENS SHORT SLEEVE T-SHIRT,GILDAN,GILDAN,MS0092,11,Cardinal,13,L,Softstyle Adult T-Shirt,2.44,1,12,72,02-01-2026 8:57,C,https://myebrochure.co.uk/images/colours/gildan/gildan-11.jpg,https://myebrochure.co.uk/images/products/prod_15009_64000_184585.jpg,https://myebrochure.co.uk/images/products.small/prod_15009_64000_184585.jpg,https://myebrochure.co.uk/images/products.hires/prod_15009_64000_184585.jpg,https://myebrochure.co.uk/images/brands/gildan_25.png,https://myebrochure.co.uk/images/products.hires/prod_15009_64000_176854.jpg,,,,,,,,,,"<li>Made with our soft ring spun cotton and cotton blends -</li> <li>Softstyle features high stitch density fabric that offers a smooth printing surface, ideal for DTG</li> <li>Proud member of the US Cotton Trust Protocol (USCTP) and Better Cotton&#8482;</li> <li>Cotton products from Gildan support more sustainable + ethical cotton farming</li> <li>Soft ring spun fabric feels great against your skin</li> <li>Non-topstitched, narrow width, rib collar</li> <li>Taped neck and shoulders for comfort and durability</li> <li>Modern classic fit, tubular body</li> <li>High-performing black tear-away label</li> <li>Yarn Count 30/1</li> <li><b>Also available in ladies sizes code 64000L and childrens sizes 64000B</b></li>",1.87
37665,376587,64000,TSHIRT,T-SHIRTS,MSSTSH,MENS SHORT SLEEVE T-SHIRT,GILDAN,GILDAN,MS0092,11,Cardinal,13,XL,Softstyle Adult T-Shirt,2.44,1,12,72,02-01-2026 8:57,C,https://myebrochure.co.uk/images/colours/gildan/gildan-11.jpg,https://myebrochure.co.uk/images/products/prod_15009_64000_184585.jpg,https://myebrochure.co.uk/images/products.small/prod_15009_64000_184585.jpg,https://myebrochure.co.uk/images/products.hires/prod_15009_64000_184585.jpg,https://myebrochure.co.uk/images/brands/gildan_25.png,https://myebrochure.co.uk/images/products.hires/prod_15009_64000_176854.jpg,,,,,,,,,,"<li>Made with our soft ring spun cotton and cotton blends -</li> <li>Softstyle features high stitch density fabric that offers a smooth printing surface, ideal for DTG</li> <li>Proud member of the US Cotton Trust Protocol (USCTP) and Better Cotton&#8482;</li> <li>Cotton products from Gildan support more sustainable + ethical cotton farming</li> <li>Soft ring spun fabric feels great against your skin</li> <li>Non-topstitched, narrow width, rib collar</li> <li>Taped neck and shoulders for comfort and durability</li> <li>Modern classic fit, tubular body</li> <li>High-performing black tear-away label</li> <li>Yarn Count 30/1</li> <li><b>Also available in ladies sizes code 64000L and childrens sizes 64000B</b></li>",1.87
37666,376594,64000,TSHIRT,T-SHIRTS,MSSTSH,MENS SHORT SLEEVE T-SHIRT,GILDAN,GILDAN,MS0092,11,Cardinal,13,2XL,Softstyle Adult T-Shirt,2.44,1,12,72,02-01-2026 8:57,C,https://myebrochure.co.uk/images/colours/gildan/gildan-11.jpg,https://myebrochure.co.uk/images/products/prod_15009_64000_184585.jpg,https://myebrochure.co.uk/images/products.small/prod_15009_64000_184585.jpg,https://myebrochure.co.uk/images/products.hires/prod_15009_64000_184585.jpg,https://myebrochure.co.uk/images/brands/gildan_25.png,https://myebrochure.co.uk/images/products.hires/prod_15009_64000_176854.jpg,,,,,,,,,,"<li>Made with our soft ring spun cotton and cotton blends -</li> <li>Softstyle features high stitch density fabric that offers a smooth printing surface, ideal for DTG</li> <li>Proud member of the US Cotton Trust Protocol (USCTP) and Better Cotton&#8482;</li> <li>Cotton products from Gildan support more sustainable + ethical cotton farming</li> <li>Soft ring spun fabric feels great against your skin</li> <li>Non-topstitched, narrow width, rib collar</li> <li>Taped neck and shoulders for comfort and durability</li> <li>Modern classic fit, tubular body</li> <li>High-performing black tear-away label</li> <li>Yarn Count 30/1</li> <li><b>Also available in ladies sizes code 64000L and childrens sizes 64000B</b></li>",1.87
136596,1365177,64000,TSHIRT,T-SHIRTS,MSSTSH,MENS SHORT SLEEVE T-SHIRT,GILDAN,GILDAN,MS0092,11,Cardinal,13,3XL,Softstyle Adult T-Shirt,3.28,1,12,36,02-01-2026 8:57,C,https://myebrochure.co.uk/images/colours/gildan/gildan-11.jpg,https://myebrochure.co.uk/images/products/prod_15009_64000_184585.jpg,https://myebrochure.co.uk/images/products.small/prod_15009_64000_184585.jpg,https://myebrochure.co.uk/images/products.hires/prod_15009_64000_184585.jpg,https://myebrochure.co.uk/images/brands/gildan_25.png,https://myebrochure.co.uk/images/products.hires/prod_15009_64000_176854.jpg,,,,,,,,,,"<li>Made with our soft ring spun cotton and cotton blends -</li> <li>Softstyle features high stitch density fabric that offers a smooth printing surface, ideal for DTG</li> <li>Proud member of the US Cotton Trust Protocol (USCTP) and Better Cotton&#8482;</li> <li>Cotton products from Gildan support more sustainable + ethical cotton farming</li> <li>Soft ring spun fabric feels great against your skin</li> <li>Non-topstitched, narrow width, rib collar</li> <li>Taped neck and shoulders for comfort and durability</li> <li>Modern classic fit, tubular body</li> <li>High-performing black tear-away label</li> <li>Yarn Count 30/1</li> <li><b>Also available in ladies sizes code 64000L and childrens sizes 64000B</b></li>",2.51
178261,1781687,64000,TSHIRT,T-SHIRTS,MSSTSH,MENS SHORT SLEEVE T-SHIRT,GILDAN,GILDAN,MS0092,11,Cardinal,13,4XL,Softstyle Adult T-Shirt,3.28,1,6,12,02-01-2026 8:57,C,https://myebrochure.co.uk/images/colours/gildan/gildan-11.jpg,https://myebrochure.co.uk/images/products/prod_15009_64000_184585.jpg,https://myebrochure.co.uk/images/products.small/prod_15009_64000_184585.jpg,https://myebrochure.co.uk/images/products.hires/prod_15009_64000_184585.jpg,https://myebrochure.co.uk/images/brands/gildan_25.png,https://myebrochure.co.uk/images/products.hires/prod_15009_64000_176854.jpg,,,,,,,,,,"<li>Made with our soft ring spun cotton and cotton blends -</li> <li>Softstyle features high stitch density fabric that offers a smooth printing surface, ideal for DTG</li> <li>Proud member of the US Cotton Trust Protocol (USCTP) and Better Cotton&#8482;</li> <li>Cotton products from Gildan support more sustainable + ethical cotton farming</li> <li>Soft ring spun fabric feels great against your skin</li> <li>Non-topstitched, narrow width, rib collar</li> <li>Taped neck and shoulders for comfort and durability</li> <li>Modern classic fit, tubular body</li> <li>High-performing black tear-away label</li> <li>Yarn Count 30/1</li> <li><b>Also available in ladies sizes code 64000L and childrens sizes 64000B</b></li>",2.51
146148,1460520,64000,TSHIRT,T-SHIRTS,MSSTSH,MENS SHORT SLEEVE T-SHIRT,GILDAN,GILDAN,MS0092,109,Carolina Blue,13,S,Softstyle Adult T-Shirt,2.44,1,12,72,02-01-2026 8:57,C,https://myebrochure.co.uk/images/colours/gildan/gildan-109.jpg,https://myebrochure.co.uk/images/products/prod_15009_64000_184585.jpg,https://myebrochure.co.uk/images/products.small/prod_15009_64000_184585.jpg,https://myebrochure.co.uk/images/products.hires/prod_15009_64000_184585.jpg,https://myebrochure.co.uk/images/brands/gildan_25.png,https://myebrochure.co.uk/images/products.hires/prod_15009_64000_176878.jpg,,,,,,,,,,"<li>Made with our soft ring spun cotton and cotton blends -</li> <li>Softstyle features high stitch density fabric that offers a smooth printing surface, ideal for DTG</li> <li>Proud member of the US Cotton Trust Protocol (USCTP) and Better Cotton&#8482;</li> <li>Cotton products from Gildan support more sustainable + ethical cotton farming</li> <li>Soft ring spun fabric feels great against your skin</li> <li>Non-topstitched, narrow width, rib collar</li> <li>Taped neck and shoulders for comfort and durability</li> <li>Modern classic fit, tubular body</li> <li>High-performing black tear-away label</li> <li>Yarn Count 30/1</li> <li><b>Also available in ladies sizes code 64000L and childrens sizes 64000B</b></li>",1.87
146149,1460537,64000,TSHIRT,T-SHIRTS,MSSTSH,MENS SHORT SLEEVE T-SHIRT,GILDAN,GILDAN,MS0092,109,Carolina Blue,13,M,Softstyle Adult T-Shirt,2.44,1,12,72,02-01-2026 8:57,C,https://myebrochure.co.uk/images/colours/gildan/gildan-109.jpg,https://myebrochure.co.uk/images/products/prod_15009_64000_184585.jpg,https://myebrochure.co.uk/images/products.small/prod_15009_64000_184585.jpg,https://myebrochure.co.uk/images/products.hires/prod_15009_64000_184585.jpg,https://myebrochure.co.uk/images/brands/gildan_25.png,https://myebrochure.co.uk/images/products.hires/prod_15009_64000_176878.jpg,,,,,,,,,,"<li>Made with our soft ring spun cotton and cotton blends -</li> <li>Softstyle features high stitch density fabric that offers a smooth printing surface, ideal for DTG</li> <li>Proud member of the US Cotton Trust Protocol (USCTP) and Better Cotton&#8482;</li> <li>Cotton products from Gildan support more sustainable + ethical cotton farming</li> <li>Soft ring spun fabric feels great against your skin</li> <li>Non-topstitched, narrow width, rib collar</li> <li>Taped neck and shoulders for comfort and durability</li> <li>Modern classic fit, tubular body</li> <li>High-performing black tear-away label</li> <li>Yarn Count 30/1</li> <li><b>Also available in ladies sizes code 64000L and childrens sizes 64000B</b></li>",1.87
146150,1460544,64000,TSHIRT,T-SHIRTS,MSSTSH,MENS SHORT SLEEVE T-SHIRT,GILDAN,GILDAN,MS0092,109,Carolina Blue,13,L,Softstyle Adult T-Shirt,2.44,1,12,72,02-01-2026 8:57,C,https://myebrochure.co.uk/images/colours/gildan/gildan-109.jpg,https://myebrochure.co.uk/images/products/prod_15009_64000_184585.jpg,https://myebrochure.co.uk/images/products.small/prod_15009_64000_184585.jpg,https://myebrochure.co.uk/images/products.hires/prod_15009_64000_184585.jpg,https://myebrochure.co.uk/images/brands/gildan_25.png,https://myebrochure.co.uk/images/products.hires/prod_15009_64000_176878.jpg,,,,,,,,,,"<li>Made with our soft ring spun cotton and cotton blends -</li> <li>Softstyle features high stitch density fabric that offers a smooth printing surface, ideal for DTG</li> <li>Proud member of the US Cotton Trust Protocol (USCTP) and Better Cotton&#8482;</li> <li>Cotton products from Gildan support more sustainable + ethical cotton farming</li> <li>Soft ring spun fabric feels great against your skin</li> <li>Non-topstitched, narrow width, rib collar</li> <li>Taped neck and shoulders for comfort and durability</li> <li>Modern classic fit, tubular body</li> <li>High-performing black tear-away label</li> <li>Yarn Count 30/1</li> <li><b>Also available in ladies sizes code 64000L and childrens sizes 64000B</b></li>",1.87
146151,1460551,64000,TSHIRT,T-SHIRTS,MSSTSH,MENS SHORT SLEEVE T-SHIRT,GILDAN,GILDAN,MS0092,109,Carolina Blue,13,XL,Softstyle Adult T-Shirt,2.44,1,12,72,02-01-2026 8:57,C,https://myebrochure.co.uk/images/colours/gildan/gildan-109.jpg,https://myebrochure.co.uk/images/products/prod_15009_64000_184585.jpg,https://myebrochure.co.uk/images/products.small/prod_15009_64000_184585.jpg,https://myebrochure.co.uk/images/products.hires/prod_15009_64000_184585.jpg,https://myebrochure.co.uk/images/brands/gildan_25.png,https://myebrochure.co.uk/images/products.hires/prod_15009_64000_176878.jpg,,,,,,,,,,"<li>Made with our soft ring spun cotton and cotton blends -</li> <li>Softstyle features high stitch density fabric that offers a smooth printing surface, ideal for DTG</li> <li>Proud member of the US Cotton Trust Protocol (USCTP) and Better Cotton&#8482;</li> <li>Cotton products from Gildan support more sustainable + ethical cotton farming</li> <li>Soft ring spun fabric feels great against your skin</li> <li>Non-topstitched, narrow width, rib collar</li> <li>Taped neck and shoulders for comfort and durability</li> <li>Modern classic fit, tubular body</li> <li>High-performing black tear-away label</li> <li>Yarn Count 30/1</li> <li><b>Also available in ladies sizes code 64000L and childrens sizes 64000B</b></li>",1.87
146152,1460568,64000,TSHIRT,T-SHIRTS,MSSTSH,MENS SHORT SLEEVE T-SHIRT,GILDAN,GILDAN,MS0092,109,Carolina Blue,13,2XL,Softstyle Adult T-Shirt,2.44,1,12,72,02-01-2026 8:57,C,https://myebrochure.co.uk/images/colours/gildan/gildan-109.jpg,https://myebrochure.co.uk/images/products/prod_15009_64000_184585.jpg,https://myebrochure.co.uk/images/products.small/prod_15009_64000_184585.jpg,https://myebrochure.co.uk/images/products.hires/prod_15009_64000_184585.jpg,https://myebrochure.co.uk/images/brands/gildan_25.png,https://myebrochure.co.uk/images/products.hires/prod_15009_64000_176878.jpg,,,,,,,,,,"<li>Made with our soft ring spun cotton and cotton blends -</li> <li>Softstyle features high stitch density fabric that offers a smooth printing surface, ideal for DTG</li> <li>Proud member of the US Cotton Trust Protocol (USCTP) and Better Cotton&#8482;</li> <li>Cotton products from Gildan support more sustainable + ethical cotton farming</li> <li>Soft ring spun fabric feels great against your skin</li> <li>Non-topstitched, narrow width, rib collar</li> <li>Taped neck and shoulders for comfort and durability</li> <li>Modern classic fit, tubular body</li> <li>High-performing black tear-away label</li> <li>Yarn Count 30/1</li> <li><b>Also available in ladies sizes code 64000L and childrens sizes 64000B</b></li>",1.87
146153,1460575,64000,TSHIRT,T-SHIRTS,MSSTSH,MENS SHORT SLEEVE T-SHIRT,GILDAN,GILDAN,MS0092,109,Carolina Blue,13,3XL,Softstyle Adult T-Shirt,3.28,1,12,36,02-01-2026 8:57,C,https://myebrochure.co.uk/images/colours/gildan/gildan-109.jpg,https://myebrochure.co.uk/images/products/prod_15009_64000_184585.jpg,https://myebrochure.co.uk/images/products.small/prod_15009_64000_184585.jpg,https://myebrochure.co.uk/images/products.hires/prod_15009_64000_184585.jpg,https://myebrochure.co.uk/images/brands/gildan_25.png,https://myebrochure.co.uk/images/products.hires/prod_15009_64000_176878.jpg,,,,,,,,,,"<li>Made with our soft ring spun cotton and cotton blends -</li> <li>Softstyle features high stitch density fabric that offers a smooth printing surface, ideal for DTG</li> <li>Proud member of the US Cotton Trust Protocol (USCTP) and Better Cotton&#8482;</li> <li>Cotton products from Gildan support more sustainable + ethical cotton farming</li> <li>Soft ring spun fabric feels great against your skin</li> <li>Non-topstitched, narrow width, rib collar</li> <li>Taped neck and shoulders for comfort and durability</li> <li>Modern classic fit, tubular body</li> <li>High-performing black tear-away label</li> <li>Yarn Count 30/1</li> <li><b>Also available in ladies sizes code 64000L and childrens sizes 64000B</b></li>",2.51
235908,2359090,64000,TSHIRT,T-SHIRTS,MSSTSH,MENS SHORT SLEEVE T-SHIRT,GILDAN,GILDAN,MS0092,42,Charcoal,13,XS,Softstyle Adult T-Shirt,2.42,1,12,72,02-01-2026 8:57,C,https://myebrochure.co.uk/images/colours/gildan/gildan-42.jpg,https://myebrochure.co.uk/images/products/prod_15009_64000_184585.jpg,https://myebrochure.co.uk/images/products.small/prod_15009_64000_184585.jpg,https://myebrochure.co.uk/images/products.hires/prod_15009_64000_184585.jpg,https://myebrochure.co.uk/images/brands/gildan_25.png,https://myebrochure.co.uk/images/products.hires/prod_15009_64000_176891.jpg,,,,,,,,,,"<li>Made with our soft ring spun cotton and cotton blends -</li> <li>Softstyle features high stitch density fabric that offers a smooth printing surface, ideal for DTG</li> <li>Proud member of the US Cotton Trust Protocol (USCTP) and Better Cotton&#8482;</li> <li>Cotton products from Gildan support more sustainable + ethical cotton farming</li> <li>Soft ring spun fabric feels great against your skin</li> <li>Non-topstitched, narrow width, rib collar</li> <li>Taped neck and shoulders for comfort and durability</li> <li>Modern classic fit, tubular body</li> <li>High-performing black tear-away label</li> <li>Yarn Count 30/1</li> <li><b>Also available in ladies sizes code 64000L and childrens sizes 64000B</b></li>",1.85
37701,376945,64000,TSHIRT,T-SHIRTS,MSSTSH,MENS SHORT SLEEVE T-SHIRT,GILDAN,GILDAN,MS0092,42,Charcoal,13,S,Softstyle Adult T-Shirt,2.44,1,12,72,02-01-2026 8:57,C,https://myebrochure.co.uk/images/colours/gildan/gildan-42.jpg,https://myebrochure.co.uk/images/products/prod_15009_64000_184585.jpg,https://myebrochure.co.uk/images/products.small/prod_15009_64000_184585.jpg,https://myebrochure.co.uk/images/products.hires/prod_15009_64000_184585.jpg,https://myebrochure.co.uk/images/brands/gildan_25.png,https://myebrochure.co.uk/images/products.hires/prod_15009_64000_176891.jpg,,,,,,,,,,"<li>Made with our soft ring spun cotton and cotton blends -</li> <li>Softstyle features high stitch density fabric that offers a smooth printing surface, ideal for DTG</li> <li>Proud member of the US Cotton Trust Protocol (USCTP) and Better Cotton&#8482;</li> <li>Cotton products from Gildan support more sustainable + ethical cotton farming</li> <li>Soft ring spun fabric feels great against your skin</li> <li>Non-topstitched, narrow width, rib collar</li> <li>Taped neck and shoulders for comfort and durability</li> <li>Modern classic fit, tubular body</li> <li>High-performing black tear-away label</li> <li>Yarn Count 30/1</li> <li><b>Also available in ladies sizes code 64000L and childrens sizes 64000B</b></li>",1.87
37702,376952,64000,TSHIRT,T-SHIRTS,MSSTSH,MENS SHORT SLEEVE T-SHIRT,GILDAN,GILDAN,MS0092,42,Charcoal,13,M,Softstyle Adult T-Shirt,2.44,1,12,72,02-01-2026 8:57,C,https://myebrochure.co.uk/images/colours/gildan/gildan-42.jpg,https://myebrochure.co.uk/images/products/prod_15009_64000_184585.jpg,https://myebrochure.co.uk/images/products.small/prod_15009_64000_184585.jpg,https://myebrochure.co.uk/images/products.hires/prod_15009_64000_184585.jpg,https://myebrochure.co.uk/images/brands/gildan_25.png,https://myebrochure.co.uk/images/products.hires/prod_15009_64000_176891.jpg,,,,,,,,,,"<li>Made with our soft ring spun cotton and cotton blends -</li> <li>Softstyle features high stitch density fabric that offers a smooth printing surface, ideal for DTG</li> <li>Proud member of the US Cotton Trust Protocol (USCTP) and Better Cotton&#8482;</li> <li>Cotton products from Gildan support more sustainable + ethical cotton farming</li> <li>Soft ring spun fabric feels great against your skin</li> <li>Non-topstitched, narrow width, rib collar</li> <li>Taped neck and shoulders for comfort and durability</li> <li>Modern classic fit, tubular body</li> <li>High-performing black tear-away label</li> <li>Yarn Count 30/1</li> <li><b>Also available in ladies sizes code 64000L and childrens sizes 64000B</b></li>",1.87
37703,376969,64000,TSHIRT,T-SHIRTS,MSSTSH,MENS SHORT SLEEVE T-SHIRT,GILDAN,GILDAN,MS0092,42,Charcoal,13,L,Softstyle Adult T-Shirt,2.44,1,12,72,02-01-2026 8:57,C,https://myebrochure.co.uk/images/colours/gildan/gildan-42.jpg,https://myebrochure.co.uk/images/products/prod_15009_64000_184585.jpg,https://myebrochure.co.uk/images/products.small/prod_15009_64000_184585.jpg,https://myebrochure.co.uk/images/products.hires/prod_15009_64000_184585.jpg,https://myebrochure.co.uk/images/brands/gildan_25.png,https://myebrochure.co.uk/images/products.hires/prod_15009_64000_176891.jpg,,,,,,,,,,"<li>Made with our soft ring spun cotton and cotton blends -</li> <li>Softstyle features high stitch density fabric that offers a smooth printing surface, ideal for DTG</li> <li>Proud member of the US Cotton Trust Protocol (USCTP) and Better Cotton&#8482;</li> <li>Cotton products from Gildan support more sustainable + ethical cotton farming</li> <li>Soft ring spun fabric feels great against your skin</li> <li>Non-topstitched, narrow width, rib collar</li> <li>Taped neck and shoulders for comfort and durability</li> <li>Modern classic fit, tubular body</li> <li>High-performing black tear-away label</li> <li>Yarn Count 30/1</li> <li><b>Also available in ladies sizes code 64000L and childrens sizes 64000B</b></li>",1.87
37704,376976,64000,TSHIRT,T-SHIRTS,MSSTSH,MENS SHORT SLEEVE T-SHIRT,GILDAN,GILDAN,MS0092,42,Charcoal,13,XL,Softstyle Adult T-Shirt,2.44,1,12,72,02-01-2026 8:57,C,https://myebrochure.co.uk/images/colours/gildan/gildan-42.jpg,https://myebrochure.co.uk/images/products/prod_15009_64000_184585.jpg,https://myebrochure.co.uk/images/products.small/prod_15009_64000_184585.jpg,https://myebrochure.co.uk/images/products.hires/prod_15009_64000_184585.jpg,https://myebrochure.co.uk/images/brands/gildan_25.png,https://myebrochure.co.uk/images/products.hires/prod_15009_64000_176891.jpg,,,,,,,,,,"<li>Made with our soft ring spun cotton and cotton blends -</li> <li>Softstyle features high stitch density fabric that offers a smooth printing surface, ideal for DTG</li> <li>Proud member of the US Cotton Trust Protocol (USCTP) and Better Cotton&#8482;</li> <li>Cotton products from Gildan support more sustainable + ethical cotton farming</li> <li>Soft ring spun fabric feels great against your skin</li> <li>Non-topstitched, narrow width, rib collar</li> <li>Taped neck and shoulders for comfort and durability</li> <li>Modern classic fit, tubular body</li> <li>High-performing black tear-away label</li> <li>Yarn Count 30/1</li> <li><b>Also available in ladies sizes code 64000L and childrens sizes 64000B</b></li>",1.87
37705,376983,64000,TSHIRT,T-SHIRTS,MSSTSH,MENS SHORT SLEEVE T-SHIRT,GILDAN,GILDAN,MS0092,42,Charcoal,13,2XL,Softstyle Adult T-Shirt,2.44,1,12,72,02-01-2026 8:57,C,https://myebrochure.co.uk/images/colours/gildan/gildan-42.jpg,https://myebrochure.co.uk/images/products/prod_15009_64000_184585.jpg,https://myebrochure.co.uk/images/products.small/prod_15009_64000_184585.jpg,https://myebrochure.co.uk/images/products.hires/prod_15009_64000_184585.jpg,https://myebrochure.co.uk/images/brands/gildan_25.png,https://myebrochure.co.uk/images/products.hires/prod_15009_64000_176891.jpg,,,,,,,,,,"<li>Made with our soft ring spun cotton and cotton blends -</li> <li>Softstyle features high stitch density fabric that offers a smooth printing surface, ideal for DTG</li> <li>Proud member of the US Cotton Trust Protocol (USCTP) and Better Cotton&#8482;</li> <li>Cotton products from Gildan support more sustainable + ethical cotton farming</li> <li>Soft ring spun fabric feels great against your skin</li> <li>Non-topstitched, narrow width, rib collar</li> <li>Taped neck and shoulders for comfort and durability</li> <li>Modern classic fit, tubular body</li> <li>High-performing black tear-away label</li> <li>Yarn Count 30/1</li> <li><b>Also available in ladies sizes code 64000L and childrens sizes 64000B</b></li>",1.87
131339,1313109,64000,TSHIRT,T-SHIRTS,MSSTSH,MENS SHORT SLEEVE T-SHIRT,GILDAN,GILDAN,MS0092,42,Charcoal,13,3XL,Softstyle Adult T-Shirt,3.28,1,12,36,02-01-2026 8:57,C,https://myebrochure.co.uk/images/colours/gildan/gildan-42.jpg,https://myebrochure.co.uk/images/products/prod_15009_64000_184585.jpg,https://myebrochure.co.uk/images/products.small/prod_15009_64000_184585.jpg,https://myebrochure.co.uk/images/products.hires/prod_15009_64000_184585.jpg,https://myebrochure.co.uk/images/brands/gildan_25.png,https://myebrochure.co.uk/images/products.hires/prod_15009_64000_176891.jpg,,,,,,,,,,"<li>Made with our soft ring spun cotton and cotton blends -</li> <li>Softstyle features high stitch density fabric that offers a smooth printing surface, ideal for DTG</li> <li>Proud member of the US Cotton Trust Protocol (USCTP) and Better Cotton&#8482;</li> <li>Cotton products from Gildan support more sustainable + ethical cotton farming</li> <li>Soft ring spun fabric feels great against your skin</li> <li>Non-topstitched, narrow width, rib collar</li> <li>Taped neck and shoulders for comfort and durability</li> <li>Modern classic fit, tubular body</li> <li>High-performing black tear-away label</li> <li>Yarn Count 30/1</li> <li><b>Also available in ladies sizes code 64000L and childrens sizes 64000B</b></li>",2.51
178300,1782073,64000,TSHIRT,T-SHIRTS,MSSTSH,MENS SHORT SLEEVE T-SHIRT,GILDAN,GILDAN,MS0092,42,Charcoal,13,4XL,Softstyle Adult T-Shirt,3.28,1,6,12,02-01-2026 8:57,C,https://myebrochure.co.uk/images/colours/gildan/gildan-42.jpg,https://myebrochure.co.uk/images/products/prod_15009_64000_184585.jpg,https://myebrochure.co.uk/images/products.small/prod_15009_64000_184585.jpg,https://myebrochure.co.uk/images/products.hires/prod_15009_64000_184585.jpg,https://myebrochure.co.uk/images/brands/gildan_25.png,https://myebrochure.co.uk/images/products.hires/prod_15009_64000_176891.jpg,,,,,,,,,,"<li>Made with our soft ring spun cotton and cotton blends -</li> <li>Softstyle features high stitch density fabric that offers a smooth printing surface, ideal for DTG</li> <li>Proud member of the US Cotton Trust Protocol (USCTP) and Better Cotton&#8482;</li> <li>Cotton products from Gildan support more sustainable + ethical cotton farming</li> <li>Soft ring spun fabric feels great against your skin</li> <li>Non-topstitched, narrow width, rib collar</li> <li>Taped neck and shoulders for comfort and durability</li> <li>Modern classic fit, tubular body</li> <li>High-performing black tear-away label</li> <li>Yarn Count 30/1</li> <li><b>Also available in ladies sizes code 64000L and childrens sizes 64000B</b></li>",2.51
197006,1969887,64000,TSHIRT,T-SHIRTS,MSSTSH,MENS SHORT SLEEVE T-SHIRT,GILDAN,GILDAN,MS0092,42,Charcoal,13,5XL,Softstyle Adult T-Shirt,3.28,1,6,12,02-01-2026 8:57,C,https://myebrochure.co.uk/images/colours/gildan/gildan-42.jpg,https://myebrochure.co.uk/images/products/prod_15009_64000_184585.jpg,https://myebrochure.co.uk/images/products.small/prod_15009_64000_184585.jpg,https://myebrochure.co.uk/images/products.hires/prod_15009_64000_184585.jpg,https://myebrochure.co.uk/images/brands/gildan_25.png,https://myebrochure.co.uk/images/products.hires/prod_15009_64000_176891.jpg,,,,,,,,,,"<li>Made with our soft ring spun cotton and cotton blends -</li> <li>Softstyle features high stitch density fabric that offers a smooth printing surface, ideal for DTG</li> <li>Proud member of the US Cotton Trust Protocol (USCTP) and Better Cotton&#8482;</li> <li>Cotton products from Gildan support more sustainable + ethical cotton farming</li> <li>Soft ring spun fabric feels great against your skin</li> <li>Non-topstitched, narrow width, rib collar</li> <li>Taped neck and shoulders for comfort and durability</li> <li>Modern classic fit, tubular body</li> <li>High-performing black tear-away label</li> <li>Yarn Count 30/1</li> <li><b>Also available in ladies sizes code 64000L and childrens sizes 64000B</b></li>",2.51
37786,377799,64000,TSHIRT,T-SHIRTS,MSSTSH,MENS SHORT SLEEVE T-SHIRT,GILDAN,GILDAN,MS0092,194,Cherry Red,13,S,Softstyle Adult T-Shirt,2.44,1,12,72,02-01-2026 8:57,C,https://myebrochure.co.uk/images/colours/gildan/gildan-194.jpg,https://myebrochure.co.uk/images/products/prod_15009_64000_184585.jpg,https://myebrochure.co.uk/images/products.small/prod_15009_64000_184585.jpg,https://myebrochure.co.uk/images/products.hires/prod_15009_64000_184585.jpg,https://myebrochure.co.uk/images/brands/gildan_25.png,https://myebrochure.co.uk/images/products.hires/prod_15009_64000_176853.jpg,,,,,,,,,,"<li>Made with our soft ring spun cotton and cotton blends -</li> <li>Softstyle features high stitch density fabric that offers a smooth printing surface, ideal for DTG</li> <li>Proud member of the US Cotton Trust Protocol (USCTP) and Better Cotton&#8482;</li> <li>Cotton products from Gildan support more sustainable + ethical cotton farming</li> <li>Soft ring spun fabric feels great against your skin</li> <li>Non-topstitched, narrow width, rib collar</li> <li>Taped neck and shoulders for comfort and durability</li> <li>Modern classic fit, tubular body</li> <li>High-performing black tear-away label</li> <li>Yarn Count 30/1</li> <li><b>Also available in ladies sizes code 64000L and childrens sizes 64000B</b></li>",1.87
37787,377805,64000,TSHIRT,T-SHIRTS,MSSTSH,MENS SHORT SLEEVE T-SHIRT,GILDAN,GILDAN,MS0092,194,Cherry Red,13,M,Softstyle Adult T-Shirt,2.44,1,12,72,02-01-2026 8:57,C,https://myebrochure.co.uk/images/colours/gildan/gildan-194.jpg,https://myebrochure.co.uk/images/products/prod_15009_64000_184585.jpg,https://myebrochure.co.uk/images/products.small/prod_15009_64000_184585.jpg,https://myebrochure.co.uk/images/products.hires/prod_15009_64000_184585.jpg,https://myebrochure.co.uk/images/brands/gildan_25.png,https://myebrochure.co.uk/images/products.hires/prod_15009_64000_176853.jpg,,,,,,,,,,"<li>Made with our soft ring spun cotton and cotton blends -</li> <li>Softstyle features high stitch density fabric that offers a smooth printing surface, ideal for DTG</li> <li>Proud member of the US Cotton Trust Protocol (USCTP) and Better Cotton&#8482;</li> <li>Cotton products from Gildan support more sustainable + ethical cotton farming</li> <li>Soft ring spun fabric feels great against your skin</li> <li>Non-topstitched, narrow width, rib collar</li> <li>Taped neck and shoulders for comfort and durability</li> <li>Modern classic fit, tubular body</li> <li>High-performing black tear-away label</li> <li>Yarn Count 30/1</li> <li><b>Also available in ladies sizes code 64000L and childrens sizes 64000B</b></li>",1.87
37788,377812,64000,TSHIRT,T-SHIRTS,MSSTSH,MENS SHORT SLEEVE T-SHIRT,GILDAN,GILDAN,MS0092,194,Cherry Red,13,L,Softstyle Adult T-Shirt,2.44,1,12,72,02-01-2026 8:57,C,https://myebrochure.co.uk/images/colours/gildan/gildan-194.jpg,https://myebrochure.co.uk/images/products/prod_15009_64000_184585.jpg,https://myebrochure.co.uk/images/products.small/prod_15009_64000_184585.jpg,https://myebrochure.co.uk/images/products.hires/prod_15009_64000_184585.jpg,https://myebrochure.co.uk/images/brands/gildan_25.png,https://myebrochure.co.uk/images/products.hires/prod_15009_64000_176853.jpg,,,,,,,,,,"<li>Made with our soft ring spun cotton and cotton blends -</li> <li>Softstyle features high stitch density fabric that offers a smooth printing surface, ideal for DTG</li> <li>Proud member of the US Cotton Trust Protocol (USCTP) and Better Cotton&#8482;</li> <li>Cotton products from Gildan support more sustainable + ethical cotton farming</li> <li>Soft ring spun fabric feels great against your skin</li> <li>Non-topstitched, narrow width, rib collar</li> <li>Taped neck and shoulders for comfort and durability</li> <li>Modern classic fit, tubular body</li> <li>High-performing black tear-away label</li> <li>Yarn Count 30/1</li> <li><b>Also available in ladies sizes code 64000L and childrens sizes 64000B</b></li>",1.87
37789,377829,64000,TSHIRT,T-SHIRTS,MSSTSH,MENS SHORT SLEEVE T-SHIRT,GILDAN,GILDAN,MS0092,194,Cherry Red,13,XL,Softstyle Adult T-Shirt,2.44,1,12,72,02-01-2026 8:57,C,https://myebrochure.co.uk/images/colours/gildan/gildan-194.jpg,https://myebrochure.co.uk/images/products/prod_15009_64000_184585.jpg,https://myebrochure.co.uk/images/products.small/prod_15009_64000_184585.jpg,https://myebrochure.co.uk/images/products.hires/prod_15009_64000_184585.jpg,https://myebrochure.co.uk/images/brands/gildan_25.png,https://myebrochure.co.uk/images/products.hires/prod_15009_64000_176853.jpg,,,,,,,,,,"<li>Made with our soft ring spun cotton and cotton blends -</li> <li>Softstyle features high stitch density fabric that offers a smooth printing surface, ideal for DTG</li> <li>Proud member of the US Cotton Trust Protocol (USCTP) and Better Cotton&#8482;</li> <li>Cotton products from Gildan support more sustainable + ethical cotton farming</li> <li>Soft ring spun fabric feels great against your skin</li> <li>Non-topstitched, narrow width, rib collar</li> <li>Taped neck and shoulders for comfort and durability</li> <li>Modern classic fit, tubular body</li> <li>High-performing black tear-away label</li> <li>Yarn Count 30/1</li> <li><b>Also available in ladies sizes code 64000L and childrens sizes 64000B</b></li>",1.87
37790,377836,64000,TSHIRT,T-SHIRTS,MSSTSH,MENS SHORT SLEEVE T-SHIRT,GILDAN,GILDAN,MS0092,194,Cherry Red,13,2XL,Softstyle Adult T-Shirt,2.44,1,12,72,02-01-2026 8:57,C,https://myebrochure.co.uk/images/colours/gildan/gildan-194.jpg,https://myebrochure.co.uk/images/products/prod_15009_64000_184585.jpg,https://myebrochure.co.uk/images/products.small/prod_15009_64000_184585.jpg,https://myebrochure.co.uk/images/products.hires/prod_15009_64000_184585.jpg,https://myebrochure.co.uk/images/brands/gildan_25.png,https://myebrochure.co.uk/images/products.hires/prod_15009_64000_176853.jpg,,,,,,,,,,"<li>Made with our soft ring spun cotton and cotton blends -</li> <li>Softstyle features high stitch density fabric that offers a smooth printing surface, ideal for DTG</li> <li>Proud member of the US Cotton Trust Protocol (USCTP) and Better Cotton&#8482;</li> <li>Cotton products from Gildan support more sustainable + ethical cotton farming</li> <li>Soft ring spun fabric feels great against your skin</li> <li>Non-topstitched, narrow width, rib collar</li> <li>Taped neck and shoulders for comfort and durability</li> <li>Modern classic fit, tubular body</li> <li>High-performing black tear-away label</li> <li>Yarn Count 30/1</li> <li><b>Also available in ladies sizes code 64000L and childrens sizes 64000B</b></li>",1.87
136604,1365252,64000,TSHIRT,T-SHIRTS,MSSTSH,MENS SHORT SLEEVE T-SHIRT,GILDAN,GILDAN,MS0092,194,Cherry Red,13,3XL,Softstyle Adult T-Shirt,3.28,1,12,36,02-01-2026 8:57,C,https://myebrochure.co.uk/images/colours/gildan/gildan-194.jpg,https://myebrochure.co.uk/images/products/prod_15009_64000_184585.jpg,https://myebrochure.co.uk/images/products.small/prod_15009_64000_184585.jpg,https://myebrochure.co.uk/images/products.hires/prod_15009_64000_184585.jpg,https://myebrochure.co.uk/images/brands/gildan_25.png,https://myebrochure.co.uk/images/products.hires/prod_15009_64000_176853.jpg,,,,,,,,,,"<li>Made with our soft ring spun cotton and cotton blends -</li> <li>Softstyle features high stitch density fabric that offers a smooth printing surface, ideal for DTG</li> <li>Proud member of the US Cotton Trust Protocol (USCTP) and Better Cotton&#8482;</li> <li>Cotton products from Gildan support more sustainable + ethical cotton farming</li> <li>Soft ring spun fabric feels great against your skin</li> <li>Non-topstitched, narrow width, rib collar</li> <li>Taped neck and shoulders for comfort and durability</li> <li>Modern classic fit, tubular body</li> <li>High-performing black tear-away label</li> <li>Yarn Count 30/1</li> <li><b>Also available in ladies sizes code 64000L and childrens sizes 64000B</b></li>",2.51
37741,377348,64000,TSHIRT,T-SHIRTS,MSSTSH,MENS SHORT SLEEVE T-SHIRT,GILDAN,GILDAN,MS0092,98,Daisy,13,S,Softstyle Adult T-Shirt,2.44,1,12,72,02-01-2026 8:57,C,https://myebrochure.co.uk/images/colours/gildan/gildan-98.jpg,https://myebrochure.co.uk/images/products/prod_15009_64000_184585.jpg,https://myebrochure.co.uk/images/products.small/prod_15009_64000_184585.jpg,https://myebrochure.co.uk/images/products.hires/prod_15009_64000_184585.jpg,https://myebrochure.co.uk/images/brands/gildan_25.png,https://myebrochure.co.uk/images/products.hires/prod_15009_64000_176852.jpg,,,,,,,,,,"<li>Made with our soft ring spun cotton and cotton blends -</li> <li>Softstyle features high stitch density fabric that offers a smooth printing surface, ideal for DTG</li> <li>Proud member of the US Cotton Trust Protocol (USCTP) and Better Cotton&#8482;</li> <li>Cotton products from Gildan support more sustainable + ethical cotton farming</li> <li>Soft ring spun fabric feels great against your skin</li> <li>Non-topstitched, narrow width, rib collar</li> <li>Taped neck and shoulders for comfort and durability</li> <li>Modern classic fit, tubular body</li> <li>High-performing black tear-away label</li> <li>Yarn Count 30/1</li> <li><b>Also available in ladies sizes code 64000L and childrens sizes 64000B</b></li>",1.87
37742,377355,64000,TSHIRT,T-SHIRTS,MSSTSH,MENS SHORT SLEEVE T-SHIRT,GILDAN,GILDAN,MS0092,98,Daisy,13,M,Softstyle Adult T-Shirt,2.44,1,12,72,02-01-2026 8:57,C,https://myebrochure.co.uk/images/colours/gildan/gildan-98.jpg,https://myebrochure.co.uk/images/products/prod_15009_64000_184585.jpg,https://myebrochure.co.uk/images/products.small/prod_15009_64000_184585.jpg,https://myebrochure.co.uk/images/products.hires/prod_15009_64000_184585.jpg,https://myebrochure.co.uk/images/brands/gildan_25.png,https://myebrochure.co.uk/images/products.hires/prod_15009_64000_176852.jpg,,,,,,,,,,"<li>Made with our soft ring spun cotton and cotton blends -</li> <li>Softstyle features high stitch density fabric that offers a smooth printing surface, ideal for DTG</li> <li>Proud member of the US Cotton Trust Protocol (USCTP) and Better Cotton&#8482;</li> <li>Cotton products from Gildan support more sustainable + ethical cotton farming</li> <li>Soft ring spun fabric feels great against your skin</li> <li>Non-topstitched, narrow width, rib collar</li> <li>Taped neck and shoulders for comfort and durability</li> <li>Modern classic fit, tubular body</li> <li>High-performing black tear-away label</li> <li>Yarn Count 30/1</li> <li><b>Also available in ladies sizes code 64000L and childrens sizes 64000B</b></li>",1.87
37743,377362,64000,TSHIRT,T-SHIRTS,MSSTSH,MENS SHORT SLEEVE T-SHIRT,GILDAN,GILDAN,MS0092,98,Daisy,13,L,Softstyle Adult T-Shirt,2.44,1,12,72,02-01-2026 8:57,C,https://myebrochure.co.uk/images/colours/gildan/gildan-98.jpg,https://myebrochure.co.uk/images/products/prod_15009_64000_184585.jpg,https://myebrochure.co.uk/images/products.small/prod_15009_64000_184585.jpg,https://myebrochure.co.uk/images/products.hires/prod_15009_64000_184585.jpg,https://myebrochure.co.uk/images/brands/gildan_25.png,https://myebrochure.co.uk/images/products.hires/prod_15009_64000_176852.jpg,,,,,,,,,,"<li>Made with our soft ring spun cotton and cotton blends -</li> <li>Softstyle features high stitch density fabric that offers a smooth printing surface, ideal for DTG</li> <li>Proud member of the US Cotton Trust Protocol (USCTP) and Better Cotton&#8482;</li> <li>Cotton products from Gildan support more sustainable + ethical cotton farming</li> <li>Soft ring spun fabric feels great against your skin</li> <li>Non-topstitched, narrow width, rib collar</li> <li>Taped neck and shoulders for comfort and durability</li> <li>Modern classic fit, tubular body</li> <li>High-performing black tear-away label</li> <li>Yarn Count 30/1</li> <li><b>Also available in ladies sizes code 64000L and childrens sizes 64000B</b></li>",1.87
37744,377379,64000,TSHIRT,T-SHIRTS,MSSTSH,MENS SHORT SLEEVE T-SHIRT,GILDAN,GILDAN,MS0092,98,Daisy,13,XL,Softstyle Adult T-Shirt,2.44,1,12,72,02-01-2026 8:57,C,https://myebrochure.co.uk/images/colours/gildan/gildan-98.jpg,https://myebrochure.co.uk/images/products/prod_15009_64000_184585.jpg,https://myebrochure.co.uk/images/products.small/prod_15009_64000_184585.jpg,https://myebrochure.co.uk/images/products.hires/prod_15009_64000_184585.jpg,https://myebrochure.co.uk/images/brands/gildan_25.png,https://myebrochure.co.uk/images/products.hires/prod_15009_64000_176852.jpg,,,,,,,,,,"<li>Made with our soft ring spun cotton and cotton blends -</li> <li>Softstyle features high stitch density fabric that offers a smooth printing surface, ideal for DTG</li> <li>Proud member of the US Cotton Trust Protocol (USCTP) and Better Cotton&#8482;</li> <li>Cotton products from Gildan support more sustainable + ethical cotton farming</li> <li>Soft ring spun fabric feels great against your skin</li> <li>Non-topstitched, narrow width, rib collar</li> <li>Taped neck and shoulders for comfort and durability</li> <li>Modern classic fit, tubular body</li> <li>High-performing black tear-away label</li> <li>Yarn Count 30/1</li> <li><b>Also available in ladies sizes code 64000L and childrens sizes 64000B</b></li>",1.87
37745,377386,64000,TSHIRT,T-SHIRTS,MSSTSH,MENS SHORT SLEEVE T-SHIRT,GILDAN,GILDAN,MS0092,98,Daisy,13,2XL,Softstyle Adult T-Shirt,2.44,1,12,72,02-01-2026 8:57,C,https://myebrochure.co.uk/images/colours/gildan/gildan-98.jpg,https://myebrochure.co.uk/images/products/prod_15009_64000_184585.jpg,https://myebrochure.co.uk/images/products.small/prod_15009_64000_184585.jpg,https://myebrochure.co.uk/images/products.hires/prod_15009_64000_184585.jpg,https://myebrochure.co.uk/images/brands/gildan_25.png,https://myebrochure.co.uk/images/products.hires/prod_15009_64000_176852.jpg,,,,,,,,,,"<li>Made with our soft ring spun cotton and cotton blends -</li> <li>Softstyle features high stitch density fabric that offers a smooth printing surface, ideal for DTG</li> <li>Proud member of the US Cotton Trust Protocol (USCTP) and Better Cotton&#8482;</li> <li>Cotton products from Gildan support more sustainable + ethical cotton farming</li> <li>Soft ring spun fabric feels great against your skin</li> <li>Non-topstitched, narrow width, rib collar</li> <li>Taped neck and shoulders for comfort and durability</li> <li>Modern classic fit, tubular body</li> <li>High-performing black tear-away label</li> <li>Yarn Count 30/1</li> <li><b>Also available in ladies sizes code 64000L and childrens sizes 64000B</b></li>",1.87
130173,1301359,64000,TSHIRT,T-SHIRTS,MSSTSH,MENS SHORT SLEEVE T-SHIRT,GILDAN,GILDAN,MS0092,98,Daisy,13,3XL,Softstyle Adult T-Shirt,3.28,1,12,36,02-01-2026 8:57,C,https://myebrochure.co.uk/images/colours/gildan/gildan-98.jpg,https://myebrochure.co.uk/images/products/prod_15009_64000_184585.jpg,https://myebrochure.co.uk/images/products.small/prod_15009_64000_184585.jpg,https://myebrochure.co.uk/images/products.hires/prod_15009_64000_184585.jpg,https://myebrochure.co.uk/images/brands/gildan_25.png,https://myebrochure.co.uk/images/products.hires/prod_15009_64000_176852.jpg,,,,,,,,,,"<li>Made with our soft ring spun cotton and cotton blends -</li> <li>Softstyle features high stitch density fabric that offers a smooth printing surface, ideal for DTG</li> <li>Proud member of the US Cotton Trust Protocol (USCTP) and Better Cotton&#8482;</li> <li>Cotton products from Gildan support more sustainable + ethical cotton farming</li> <li>Soft ring spun fabric feels great against your skin</li> <li>Non-topstitched, narrow width, rib collar</li> <li>Taped neck and shoulders for comfort and durability</li> <li>Modern classic fit, tubular body</li> <li>High-performing black tear-away label</li> <li>Yarn Count 30/1</li> <li><b>Also available in ladies sizes code 64000L and childrens sizes 64000B</b></li>",2.51
178316,1782233,64000,TSHIRT,T-SHIRTS,MSSTSH,MENS SHORT SLEEVE T-SHIRT,GILDAN,GILDAN,MS0092,98,Daisy,13,4XL,Softstyle Adult T-Shirt,3.28,1,6,12,02-01-2026 8:57,C,https://myebrochure.co.uk/images/colours/gildan/gildan-98.jpg,https://myebrochure.co.uk/images/products/prod_15009_64000_184585.jpg,https://myebrochure.co.uk/images/products.small/prod_15009_64000_184585.jpg,https://myebrochure.co.uk/images/products.hires/prod_15009_64000_184585.jpg,https://myebrochure.co.uk/images/brands/gildan_25.png,https://myebrochure.co.uk/images/products.hires/prod_15009_64000_176852.jpg,,,,,,,,,,"<li>Made with our soft ring spun cotton and cotton blends -</li> <li>Softstyle features high stitch density fabric that offers a smooth printing surface, ideal for DTG</li> <li>Proud member of the US Cotton Trust Protocol (USCTP) and Better Cotton&#8482;</li> <li>Cotton products from Gildan support more sustainable + ethical cotton farming</li> <li>Soft ring spun fabric feels great against your skin</li> <li>Non-topstitched, narrow width, rib collar</li> <li>Taped neck and shoulders for comfort and durability</li> <li>Modern classic fit, tubular body</li> <li>High-performing black tear-away label</li> <li>Yarn Count 30/1</li> <li><b>Also available in ladies sizes code 64000L and childrens sizes 64000B</b></li>",2.51
54181,541695,64000,TSHIRT,T-SHIRTS,MSSTSH,MENS SHORT SLEEVE T-SHIRT,GILDAN,GILDAN,MS0092,105,Dark Chocolate,13,S,Softstyle Adult T-Shirt,2.44,1,12,72,02-01-2026 8:57,C,https://myebrochure.co.uk/images/colours/gildan/gildan-105.jpg,https://myebrochure.co.uk/images/products/prod_15009_64000_184585.jpg,https://myebrochure.co.uk/images/products.small/prod_15009_64000_184585.jpg,https://myebrochure.co.uk/images/products.hires/prod_15009_64000_184585.jpg,https://myebrochure.co.uk/images/brands/gildan_25.png,https://myebrochure.co.uk/images/products.hires/prod_15009_64000_176867.jpg,,,,,,,,,,"<li>Made with our soft ring spun cotton and cotton blends -</li> <li>Softstyle features high stitch density fabric that offers a smooth printing surface, ideal for DTG</li> <li>Proud member of the US Cotton Trust Protocol (USCTP) and Better Cotton&#8482;</li> <li>Cotton products from Gildan support more sustainable + ethical cotton farming</li> <li>Soft ring spun fabric feels great against your skin</li> <li>Non-topstitched, narrow width, rib collar</li> <li>Taped neck and shoulders for comfort and durability</li> <li>Modern classic fit, tubular body</li> <li>High-performing black tear-away label</li> <li>Yarn Count 30/1</li> <li><b>Also available in ladies sizes code 64000L and childrens sizes 64000B</b></li>",1.87
54182,541701,64000,TSHIRT,T-SHIRTS,MSSTSH,MENS SHORT SLEEVE T-SHIRT,GILDAN,GILDAN,MS0092,105,Dark Chocolate,13,M,Softstyle Adult T-Shirt,2.44,1,12,72,02-01-2026 8:57,C,https://myebrochure.co.uk/images/colours/gildan/gildan-105.jpg,https://myebrochure.co.uk/images/products/prod_15009_64000_184585.jpg,https://myebrochure.co.uk/images/products.small/prod_15009_64000_184585.jpg,https://myebrochure.co.uk/images/products.hires/prod_15009_64000_184585.jpg,https://myebrochure.co.uk/images/brands/gildan_25.png,https://myebrochure.co.uk/images/products.hires/prod_15009_64000_176867.jpg,,,,,,,,,,"<li>Made with our soft ring spun cotton and cotton blends -</li> <li>Softstyle features high stitch density fabric that offers a smooth printing surface, ideal for DTG</li> <li>Proud member of the US Cotton Trust Protocol (USCTP) and Better Cotton&#8482;</li> <li>Cotton products from Gildan support more sustainable + ethical cotton farming</li> <li>Soft ring spun fabric feels great against your skin</li> <li>Non-topstitched, narrow width, rib collar</li> <li>Taped neck and shoulders for comfort and durability</li> <li>Modern classic fit, tubular body</li> <li>High-performing black tear-away label</li> <li>Yarn Count 30/1</li> <li><b>Also available in ladies sizes code 64000L and childrens sizes 64000B</b></li>",1.87
54183,541718,64000,TSHIRT,T-SHIRTS,MSSTSH,MENS SHORT SLEEVE T-SHIRT,GILDAN,GILDAN,MS0092,105,Dark Chocolate,13,L,Softstyle Adult T-Shirt,2.44,1,12,72,02-01-2026 8:57,C,https://myebrochure.co.uk/images/colours/gildan/gildan-105.jpg,https://myebrochure.co.uk/images/products/prod_15009_64000_184585.jpg,https://myebrochure.co.uk/images/products.small/prod_15009_64000_184585.jpg,https://myebrochure.co.uk/images/products.hires/prod_15009_64000_184585.jpg,https://myebrochure.co.uk/images/brands/gildan_25.png,https://myebrochure.co.uk/images/products.hires/prod_15009_64000_176867.jpg,,,,,,,,,,"<li>Made with our soft ring spun cotton and cotton blends -</li> <li>Softstyle features high stitch density fabric that offers a smooth printing surface, ideal for DTG</li> <li>Proud member of the US Cotton Trust Protocol (USCTP) and Better Cotton&#8482;</li> <li>Cotton products from Gildan support more sustainable + ethical cotton farming</li> <li>Soft ring spun fabric feels great against your skin</li> <li>Non-topstitched, narrow width, rib collar</li> <li>Taped neck and shoulders for comfort and durability</li> <li>Modern classic fit, tubular body</li> <li>High-performing black tear-away label</li> <li>Yarn Count 30/1</li> <li><b>Also available in ladies sizes code 64000L and childrens sizes 64000B</b></li>",1.87
54184,541725,64000,TSHIRT,T-SHIRTS,MSSTSH,MENS SHORT SLEEVE T-SHIRT,GILDAN,GILDAN,MS0092,105,Dark Chocolate,13,XL,Softstyle Adult T-Shirt,2.44,1,12,72,02-01-2026 8:57,C,https://myebrochure.co.uk/images/colours/gildan/gildan-105.jpg,https://myebrochure.co.uk/images/products/prod_15009_64000_184585.jpg,https://myebrochure.co.uk/images/products.small/prod_15009_64000_184585.jpg,https://myebrochure.co.uk/images/products.hires/prod_15009_64000_184585.jpg,https://myebrochure.co.uk/images/brands/gildan_25.png,https://myebrochure.co.uk/images/products.hires/prod_15009_64000_176867.jpg,,,,,,,,,,"<li>Made with our soft ring spun cotton and cotton blends -</li> <li>Softstyle features high stitch density fabric that offers a smooth printing surface, ideal for DTG</li> <li>Proud member of the US Cotton Trust Protocol (USCTP) and Better Cotton&#8482;</li> <li>Cotton products from Gildan support more sustainable + ethical cotton farming</li> <li>Soft ring spun fabric feels great against your skin</li> <li>Non-topstitched, narrow width, rib collar</li> <li>Taped neck and shoulders for comfort and durability</li> <li>Modern classic fit, tubular body</li> <li>High-performing black tear-away label</li> <li>Yarn Count 30/1</li> <li><b>Also available in ladies sizes code 64000L and childrens sizes 64000B</b></li>",1.87
54185,541732,64000,TSHIRT,T-SHIRTS,MSSTSH,MENS SHORT SLEEVE T-SHIRT,GILDAN,GILDAN,MS0092,105,Dark Chocolate,13,2XL,Softstyle Adult T-Shirt,2.44,1,12,72,02-01-2026 8:57,C,https://myebrochure.co.uk/images/colours/gildan/gildan-105.jpg,https://myebrochure.co.uk/images/products/prod_15009_64000_184585.jpg,https://myebrochure.co.uk/images/products.small/prod_15009_64000_184585.jpg,https://myebrochure.co.uk/images/products.hires/prod_15009_64000_184585.jpg,https://myebrochure.co.uk/images/brands/gildan_25.png,https://myebrochure.co.uk/images/products.hires/prod_15009_64000_176867.jpg,,,,,,,,,,"<li>Made with our soft ring spun cotton and cotton blends -</li> <li>Softstyle features high stitch density fabric that offers a smooth printing surface, ideal for DTG</li> <li>Proud member of the US Cotton Trust Protocol (USCTP) and Better Cotton&#8482;</li> <li>Cotton products from Gildan support more sustainable + ethical cotton farming</li> <li>Soft ring spun fabric feels great against your skin</li> <li>Non-topstitched, narrow width, rib collar</li> <li>Taped neck and shoulders for comfort and durability</li> <li>Modern classic fit, tubular body</li> <li>High-performing black tear-away label</li> <li>Yarn Count 30/1</li> <li><b>Also available in ladies sizes code 64000L and childrens sizes 64000B</b></li>",1.87
136589,1365108,64000,TSHIRT,T-SHIRTS,MSSTSH,MENS SHORT SLEEVE T-SHIRT,GILDAN,GILDAN,MS0092,105,Dark Chocolate,13,3XL,Softstyle Adult T-Shirt,3.28,1,12,36,02-01-2026 8:57,C,https://myebrochure.co.uk/images/colours/gildan/gildan-105.jpg,https://myebrochure.co.uk/images/products/prod_15009_64000_184585.jpg,https://myebrochure.co.uk/images/products.small/prod_15009_64000_184585.jpg,https://myebrochure.co.uk/images/products.hires/prod_15009_64000_184585.jpg,https://myebrochure.co.uk/images/brands/gildan_25.png,https://myebrochure.co.uk/images/products.hires/prod_15009_64000_176867.jpg,,,,,,,,,,"<li>Made with our soft ring spun cotton and cotton blends -</li> <li>Softstyle features high stitch density fabric that offers a smooth printing surface, ideal for DTG</li> <li>Proud member of the US Cotton Trust Protocol (USCTP) and Better Cotton&#8482;</li> <li>Cotton products from Gildan support more sustainable + ethical cotton farming</li> <li>Soft ring spun fabric feels great against your skin</li> <li>Non-topstitched, narrow width, rib collar</li> <li>Taped neck and shoulders for comfort and durability</li> <li>Modern classic fit, tubular body</li> <li>High-performing black tear-away label</li> <li>Yarn Count 30/1</li> <li><b>Also available in ladies sizes code 64000L and childrens sizes 64000B</b></li>",2.51
235909,2359106,64000,TSHIRT,T-SHIRTS,MSSTSH,MENS SHORT SLEEVE T-SHIRT,GILDAN,GILDAN,MS0092,108,Dark Heather,13,XS,Softstyle Adult T-Shirt,2.42,1,12,72,02-01-2026 8:57,C,https://myebrochure.co.uk/images/colours/gildan/gildan-108.jpg,https://myebrochure.co.uk/images/products/prod_15009_64000_184585.jpg,https://myebrochure.co.uk/images/products.small/prod_15009_64000_184585.jpg,https://myebrochure.co.uk/images/products.hires/prod_15009_64000_184585.jpg,https://myebrochure.co.uk/images/brands/gildan_25.png,https://myebrochure.co.uk/images/products.hires/prod_15009_64000_176883.jpg,,,,,,,,,,"<li>Made with our soft ring spun cotton and cotton blends -</li> <li>Softstyle features high stitch density fabric that offers a smooth printing surface, ideal for DTG</li> <li>Proud member of the US Cotton Trust Protocol (USCTP) and Better Cotton&#8482;</li> <li>Cotton products from Gildan support more sustainable + ethical cotton farming</li> <li>Soft ring spun fabric feels great against your skin</li> <li>Non-topstitched, narrow width, rib collar</li> <li>Taped neck and shoulders for comfort and durability</li> <li>Modern classic fit, tubular body</li> <li>High-performing black tear-away label</li> <li>Yarn Count 30/1</li> <li><b>Also available in ladies sizes code 64000L and childrens sizes 64000B</b></li>",1.85
67391,673211,64000,TSHIRT,T-SHIRTS,MSSTSH,MENS SHORT SLEEVE T-SHIRT,GILDAN,GILDAN,MS0092,108,Dark Heather,13,S,Softstyle Adult T-Shirt,2.44,1,12,72,02-01-2026 8:57,C,https://myebrochure.co.uk/images/colours/gildan/gildan-108.jpg,https://myebrochure.co.uk/images/products/prod_15009_64000_184585.jpg,https://myebrochure.co.uk/images/products.small/prod_15009_64000_184585.jpg,https://myebrochure.co.uk/images/products.hires/prod_15009_64000_184585.jpg,https://myebrochure.co.uk/images/brands/gildan_25.png,https://myebrochure.co.uk/images/products.hires/prod_15009_64000_176883.jpg,,,,,,,,,,"<li>Made with our soft ring spun cotton and cotton blends -</li> <li>Softstyle features high stitch density fabric that offers a smooth printing surface, ideal for DTG</li> <li>Proud member of the US Cotton Trust Protocol (USCTP) and Better Cotton&#8482;</li> <li>Cotton products from Gildan support more sustainable + ethical cotton farming</li> <li>Soft ring spun fabric feels great against your skin</li> <li>Non-topstitched, narrow width, rib collar</li> <li>Taped neck and shoulders for comfort and durability</li> <li>Modern classic fit, tubular body</li> <li>High-performing black tear-away label</li> <li>Yarn Count 30/1</li> <li><b>Also available in ladies sizes code 64000L and childrens sizes 64000B</b></li>",1.87
67392,673228,64000,TSHIRT,T-SHIRTS,MSSTSH,MENS SHORT SLEEVE T-SHIRT,GILDAN,GILDAN,MS0092,108,Dark Heather,13,M,Softstyle Adult T-Shirt,2.44,1,12,72,02-01-2026 8:57,C,https://myebrochure.co.uk/images/colours/gildan/gildan-108.jpg,https://myebrochure.co.uk/images/products/prod_15009_64000_184585.jpg,https://myebrochure.co.uk/images/products.small/prod_15009_64000_184585.jpg,https://myebrochure.co.uk/images/products.hires/prod_15009_64000_184585.jpg,https://myebrochure.co.uk/images/brands/gildan_25.png,https://myebrochure.co.uk/images/products.hires/prod_15009_64000_176883.jpg,,,,,,,,,,"<li>Made with our soft ring spun cotton and cotton blends -</li> <li>Softstyle features high stitch density fabric that offers a smooth printing surface, ideal for DTG</li> <li>Proud member of the US Cotton Trust Protocol (USCTP) and Better Cotton&#8482;</li> <li>Cotton products from Gildan support more sustainable + ethical cotton farming</li> <li>Soft ring spun fabric feels great against your skin</li> <li>Non-topstitched, narrow width, rib collar</li> <li>Taped neck and shoulders for comfort and durability</li> <li>Modern classic fit, tubular body</li> <li>High-performing black tear-away label</li> <li>Yarn Count 30/1</li> <li><b>Also available in ladies sizes code 64000L and childrens sizes 64000B</b></li>",1.87
67393,673235,64000,TSHIRT,T-SHIRTS,MSSTSH,MENS SHORT SLEEVE T-SHIRT,GILDAN,GILDAN,MS0092,108,Dark Heather,13,L,Softstyle Adult T-Shirt,2.44,1,12,72,02-01-2026 8:57,C,https://myebrochure.co.uk/images/colours/gildan/gildan-108.jpg,https://myebrochure.co.uk/images/products/prod_15009_64000_184585.jpg,https://myebrochure.co.uk/images/products.small/prod_15009_64000_184585.jpg,https://myebrochure.co.uk/images/products.hires/prod_15009_64000_184585.jpg,https://myebrochure.co.uk/images/brands/gildan_25.png,https://myebrochure.co.uk/images/products.hires/prod_15009_64000_176883.jpg,,,,,,,,,,"<li>Made with our soft ring spun cotton and cotton blends -</li> <li>Softstyle features high stitch density fabric that offers a smooth printing surface, ideal for DTG</li> <li>Proud member of the US Cotton Trust Protocol (USCTP) and Better Cotton&#8482;</li> <li>Cotton products from Gildan support more sustainable + ethical cotton farming</li> <li>Soft ring spun fabric feels great against your skin</li> <li>Non-topstitched, narrow width, rib collar</li> <li>Taped neck and shoulders for comfort and durability</li> <li>Modern classic fit, tubular body</li> <li>High-performing black tear-away label</li> <li>Yarn Count 30/1</li> <li><b>Also available in ladies sizes code 64000L and childrens sizes 64000B</b></li>",1.87
67394,673242,64000,TSHIRT,T-SHIRTS,MSSTSH,MENS SHORT SLEEVE T-SHIRT,GILDAN,GILDAN,MS0092,108,Dark Heather,13,XL,Softstyle Adult T-Shirt,2.44,1,12,72,02-01-2026 8:57,C,https://myebrochure.co.uk/images/colours/gildan/gildan-108.jpg,https://myebrochure.co.uk/images/products/prod_15009_64000_184585.jpg,https://myebrochure.co.uk/images/products.small/prod_15009_64000_184585.jpg,https://myebrochure.co.uk/images/products.hires/prod_15009_64000_184585.jpg,https://myebrochure.co.uk/images/brands/gildan_25.png,https://myebrochure.co.uk/images/products.hires/prod_15009_64000_176883.jpg,,,,,,,,,,"<li>Made with our soft ring spun cotton and cotton blends -</li> <li>Softstyle features high stitch density fabric that offers a smooth printing surface, ideal for DTG</li> <li>Proud member of the US Cotton Trust Protocol (USCTP) and Better Cotton&#8482;</li> <li>Cotton products from Gildan support more sustainable + ethical cotton farming</li> <li>Soft ring spun fabric feels great against your skin</li> <li>Non-topstitched, narrow width, rib collar</li> <li>Taped neck and shoulders for comfort and durability</li> <li>Modern classic fit, tubular body</li> <li>High-performing black tear-away label</li> <li>Yarn Count 30/1</li> <li><b>Also available in ladies sizes code 64000L and childrens sizes 64000B</b></li>",1.87
67395,673259,64000,TSHIRT,T-SHIRTS,MSSTSH,MENS SHORT SLEEVE T-SHIRT,GILDAN,GILDAN,MS0092,108,Dark Heather,13,2XL,Softstyle Adult T-Shirt,2.44,1,12,72,02-01-2026 8:57,C,https://myebrochure.co.uk/images/colours/gildan/gildan-108.jpg,https://myebrochure.co.uk/images/products/prod_15009_64000_184585.jpg,https://myebrochure.co.uk/images/products.small/prod_15009_64000_184585.jpg,https://myebrochure.co.uk/images/products.hires/prod_15009_64000_184585.jpg,https://myebrochure.co.uk/images/brands/gildan_25.png,https://myebrochure.co.uk/images/products.hires/prod_15009_64000_176883.jpg,,,,,,,,,,"<li>Made with our soft ring spun cotton and cotton blends -</li> <li>Softstyle features high stitch density fabric that offers a smooth printing surface, ideal for DTG</li> <li>Proud member of the US Cotton Trust Protocol (USCTP) and Better Cotton&#8482;</li> <li>Cotton products from Gildan support more sustainable + ethical cotton farming</li> <li>Soft ring spun fabric feels great against your skin</li> <li>Non-topstitched, narrow width, rib collar</li> <li>Taped neck and shoulders for comfort and durability</li> <li>Modern classic fit, tubular body</li> <li>High-performing black tear-away label</li> <li>Yarn Count 30/1</li> <li><b>Also available in ladies sizes code 64000L and childrens sizes 64000B</b></li>",1.87
109901,1098600,64000,TSHIRT,T-SHIRTS,MSSTSH,MENS SHORT SLEEVE T-SHIRT,GILDAN,GILDAN,MS0092,108,Dark Heather,13,3XL,Softstyle Adult T-Shirt,3.28,1,12,36,02-01-2026 8:57,C,https://myebrochure.co.uk/images/colours/gildan/gildan-108.jpg,https://myebrochure.co.uk/images/products/prod_15009_64000_184585.jpg,https://myebrochure.co.uk/images/products.small/prod_15009_64000_184585.jpg,https://myebrochure.co.uk/images/products.hires/prod_15009_64000_184585.jpg,https://myebrochure.co.uk/images/brands/gildan_25.png,https://myebrochure.co.uk/images/products.hires/prod_15009_64000_176883.jpg,,,,,,,,,,"<li>Made with our soft ring spun cotton and cotton blends -</li> <li>Softstyle features high stitch density fabric that offers a smooth printing surface, ideal for DTG</li> <li>Proud member of the US Cotton Trust Protocol (USCTP) and Better Cotton&#8482;</li> <li>Cotton products from Gildan support more sustainable + ethical cotton farming</li> <li>Soft ring spun fabric feels great against your skin</li> <li>Non-topstitched, narrow width, rib collar</li> <li>Taped neck and shoulders for comfort and durability</li> <li>Modern classic fit, tubular body</li> <li>High-performing black tear-away label</li> <li>Yarn Count 30/1</li> <li><b>Also available in ladies sizes code 64000L and childrens sizes 64000B</b></li>",2.51
178259,1781663,64000,TSHIRT,T-SHIRTS,MSSTSH,MENS SHORT SLEEVE T-SHIRT,GILDAN,GILDAN,MS0092,108,Dark Heather,13,4XL,Softstyle Adult T-Shirt,3.28,1,6,12,02-01-2026 8:57,C,https://myebrochure.co.uk/images/colours/gildan/gildan-108.jpg,https://myebrochure.co.uk/images/products/prod_15009_64000_184585.jpg,https://myebrochure.co.uk/images/products.small/prod_15009_64000_184585.jpg,https://myebrochure.co.uk/images/products.hires/prod_15009_64000_184585.jpg,https://myebrochure.co.uk/images/brands/gildan_25.png,https://myebrochure.co.uk/images/products.hires/prod_15009_64000_176883.jpg,,,,,,,,,,"<li>Made with our soft ring spun cotton and cotton blends -</li> <li>Softstyle features high stitch density fabric that offers a smooth printing surface, ideal for DTG</li> <li>Proud member of the US Cotton Trust Protocol (USCTP) and Better Cotton&#8482;</li> <li>Cotton products from Gildan support more sustainable + ethical cotton farming</li> <li>Soft ring spun fabric feels great against your skin</li> <li>Non-topstitched, narrow width, rib collar</li> <li>Taped neck and shoulders for comfort and durability</li> <li>Modern classic fit, tubular body</li> <li>High-performing black tear-away label</li> <li>Yarn Count 30/1</li> <li><b>Also available in ladies sizes code 64000L and childrens sizes 64000B</b></li>",2.51
196965,1969474,64000,TSHIRT,T-SHIRTS,MSSTSH,MENS SHORT SLEEVE T-SHIRT,GILDAN,GILDAN,MS0092,108,Dark Heather,13,5XL,Softstyle Adult T-Shirt,3.28,1,6,12,02-01-2026 8:57,C,https://myebrochure.co.uk/images/colours/gildan/gildan-108.jpg,https://myebrochure.co.uk/images/products/prod_15009_64000_184585.jpg,https://myebrochure.co.uk/images/products.small/prod_15009_64000_184585.jpg,https://myebrochure.co.uk/images/products.hires/prod_15009_64000_184585.jpg,https://myebrochure.co.uk/images/brands/gildan_25.png,https://myebrochure.co.uk/images/products.hires/prod_15009_64000_176883.jpg,,,,,,,,,,"<li>Made with our soft ring spun cotton and cotton blends -</li> <li>Softstyle features high stitch density fabric that offers a smooth printing surface, ideal for DTG</li> <li>Proud member of the US Cotton Trust Protocol (USCTP) and Better Cotton&#8482;</li> <li>Cotton products from Gildan support more sustainable + ethical cotton farming</li> <li>Soft ring spun fabric feels great against your skin</li> <li>Non-topstitched, narrow width, rib collar</li> <li>Taped neck and shoulders for comfort and durability</li> <li>Modern classic fit, tubular body</li> <li>High-performing black tear-away label</li> <li>Yarn Count 30/1</li> <li><b>Also available in ladies sizes code 64000L and childrens sizes 64000B</b></li>",2.51
235823,2358246,64000,TSHIRT,T-SHIRTS,MSSTSH,MENS SHORT SLEEVE T-SHIRT,GILDAN,GILDAN,MS0092,27F,Fan Candy Pink,13,S,Softstyle Adult T-Shirt,2.44,1,12,72,02-01-2026 8:57,C,https://myebrochure.co.uk/images/colours/gildan/gildan-27f.jpg,https://myebrochure.co.uk/images/products/prod_15009_64000_184585.jpg,https://myebrochure.co.uk/images/products.small/prod_15009_64000_184585.jpg,https://myebrochure.co.uk/images/products.hires/prod_15009_64000_184585.jpg,https://myebrochure.co.uk/images/brands/gildan_25.png,https://myebrochure.co.uk/images/products.hires/prod_15009_64000_185011.jpg,,,,,,,,,,"<li>Made with our soft ring spun cotton and cotton blends -</li> <li>Softstyle features high stitch density fabric that offers a smooth printing surface, ideal for DTG</li> <li>Proud member of the US Cotton Trust Protocol (USCTP) and Better Cotton&#8482;</li> <li>Cotton products from Gildan support more sustainable + ethical cotton farming</li> <li>Soft ring spun fabric feels great against your skin</li> <li>Non-topstitched, narrow width, rib collar</li> <li>Taped neck and shoulders for comfort and durability</li> <li>Modern classic fit, tubular body</li> <li>High-performing black tear-away label</li> <li>Yarn Count 30/1</li> <li><b>Also available in ladies sizes code 64000L and childrens sizes 64000B</b></li>",1.87
235824,2358253,64000,TSHIRT,T-SHIRTS,MSSTSH,MENS SHORT SLEEVE T-SHIRT,GILDAN,GILDAN,MS0092,27F,Fan Candy Pink,13,M,Softstyle Adult T-Shirt,2.44,1,12,72,02-01-2026 8:57,C,https://myebrochure.co.uk/images/colours/gildan/gildan-27f.jpg,https://myebrochure.co.uk/images/products/prod_15009_64000_184585.jpg,https://myebrochure.co.uk/images/products.small/prod_15009_64000_184585.jpg,https://myebrochure.co.uk/images/products.hires/prod_15009_64000_184585.jpg,https://myebrochure.co.uk/images/brands/gildan_25.png,https://myebrochure.co.uk/images/products.hires/prod_15009_64000_185011.jpg,,,,,,,,,,"<li>Made with our soft ring spun cotton and cotton blends -</li> <li>Softstyle features high stitch density fabric that offers a smooth printing surface, ideal for DTG</li> <li>Proud member of the US Cotton Trust Protocol (USCTP) and Better Cotton&#8482;</li> <li>Cotton products from Gildan support more sustainable + ethical cotton farming</li> <li>Soft ring spun fabric feels great against your skin</li> <li>Non-topstitched, narrow width, rib collar</li> <li>Taped neck and shoulders for comfort and durability</li> <li>Modern classic fit, tubular body</li> <li>High-performing black tear-away label</li> <li>Yarn Count 30/1</li> <li><b>Also available in ladies sizes code 64000L and childrens sizes 64000B</b></li>",1.87
235825,2358260,64000,TSHIRT,T-SHIRTS,MSSTSH,MENS SHORT SLEEVE T-SHIRT,GILDAN,GILDAN,MS0092,27F,Fan Candy Pink,13,L,Softstyle Adult T-Shirt,2.44,1,12,72,02-01-2026 8:57,C,https://myebrochure.co.uk/images/colours/gildan/gildan-27f.jpg,https://myebrochure.co.uk/images/products/prod_15009_64000_184585.jpg,https://myebrochure.co.uk/images/products.small/prod_15009_64000_184585.jpg,https://myebrochure.co.uk/images/products.hires/prod_15009_64000_184585.jpg,https://myebrochure.co.uk/images/brands/gildan_25.png,https://myebrochure.co.uk/images/products.hires/prod_15009_64000_185011.jpg,,,,,,,,,,"<li>Made with our soft ring spun cotton and cotton blends -</li> <li>Softstyle features high stitch density fabric that offers a smooth printing surface, ideal for DTG</li> <li>Proud member of the US Cotton Trust Protocol (USCTP) and Better Cotton&#8482;</li> <li>Cotton products from Gildan support more sustainable + ethical cotton farming</li> <li>Soft ring spun fabric feels great against your skin</li> <li>Non-topstitched, narrow width, rib collar</li> <li>Taped neck and shoulders for comfort and durability</li> <li>Modern classic fit, tubular body</li> <li>High-performing black tear-away label</li> <li>Yarn Count 30/1</li> <li><b>Also available in ladies sizes code 64000L and childrens sizes 64000B</b></li>",1.87
235826,2358277,64000,TSHIRT,T-SHIRTS,MSSTSH,MENS SHORT SLEEVE T-SHIRT,GILDAN,GILDAN,MS0092,27F,Fan Candy Pink,13,XL,Softstyle Adult T-Shirt,2.44,1,12,72,02-01-2026 8:57,C,https://myebrochure.co.uk/images/colours/gildan/gildan-27f.jpg,https://myebrochure.co.uk/images/products/prod_15009_64000_184585.jpg,https://myebrochure.co.uk/images/products.small/prod_15009_64000_184585.jpg,https://myebrochure.co.uk/images/products.hires/prod_15009_64000_184585.jpg,https://myebrochure.co.uk/images/brands/gildan_25.png,https://myebrochure.co.uk/images/products.hires/prod_15009_64000_185011.jpg,,,,,,,,,,"<li>Made with our soft ring spun cotton and cotton blends -</li> <li>Softstyle features high stitch density fabric that offers a smooth printing surface, ideal for DTG</li> <li>Proud member of the US Cotton Trust Protocol (USCTP) and Better Cotton&#8482;</li> <li>Cotton products from Gildan support more sustainable + ethical cotton farming</li> <li>Soft ring spun fabric feels great against your skin</li> <li>Non-topstitched, narrow width, rib collar</li> <li>Taped neck and shoulders for comfort and durability</li> <li>Modern classic fit, tubular body</li> <li>High-performing black tear-away label</li> <li>Yarn Count 30/1</li> <li><b>Also available in ladies sizes code 64000L and childrens sizes 64000B</b></li>",1.87
235827,2358284,64000,TSHIRT,T-SHIRTS,MSSTSH,MENS SHORT SLEEVE T-SHIRT,GILDAN,GILDAN,MS0092,27F,Fan Candy Pink,13,2XL,Softstyle Adult T-Shirt,2.44,1,12,72,02-01-2026 8:57,C,https://myebrochure.co.uk/images/colours/gildan/gildan-27f.jpg,https://myebrochure.co.uk/images/products/prod_15009_64000_184585.jpg,https://myebrochure.co.uk/images/products.small/prod_15009_64000_184585.jpg,https://myebrochure.co.uk/images/products.hires/prod_15009_64000_184585.jpg,https://myebrochure.co.uk/images/brands/gildan_25.png,https://myebrochure.co.uk/images/products.hires/prod_15009_64000_185011.jpg,,,,,,,,,,"<li>Made with our soft ring spun cotton and cotton blends -</li> <li>Softstyle features high stitch density fabric that offers a smooth printing surface, ideal for DTG</li> <li>Proud member of the US Cotton Trust Protocol (USCTP) and Better Cotton&#8482;</li> <li>Cotton products from Gildan support more sustainable + ethical cotton farming</li> <li>Soft ring spun fabric feels great against your skin</li> <li>Non-topstitched, narrow width, rib collar</li> <li>Taped neck and shoulders for comfort and durability</li> <li>Modern classic fit, tubular body</li> <li>High-performing black tear-away label</li> <li>Yarn Count 30/1</li> <li><b>Also available in ladies sizes code 64000L and childrens sizes 64000B</b></li>",1.87
235828,2358291,64000,TSHIRT,T-SHIRTS,MSSTSH,MENS SHORT SLEEVE T-SHIRT,GILDAN,GILDAN,MS0092,27F,Fan Candy Pink,13,3XL,Softstyle Adult T-Shirt,3.26,1,6,36,02-01-2026 8:57,C,https://myebrochure.co.uk/images/colours/gildan/gildan-27f.jpg,https://myebrochure.co.uk/images/products/prod_15009_64000_184585.jpg,https://myebrochure.co.uk/images/products.small/prod_15009_64000_184585.jpg,https://myebrochure.co.uk/images/products.hires/prod_15009_64000_184585.jpg,https://myebrochure.co.uk/images/brands/gildan_25.png,https://myebrochure.co.uk/images/products.hires/prod_15009_64000_185011.jpg,,,,,,,,,,"<li>Made with our soft ring spun cotton and cotton blends -</li> <li>Softstyle features high stitch density fabric that offers a smooth printing surface, ideal for DTG</li> <li>Proud member of the US Cotton Trust Protocol (USCTP) and Better Cotton&#8482;</li> <li>Cotton products from Gildan support more sustainable + ethical cotton farming</li> <li>Soft ring spun fabric feels great against your skin</li> <li>Non-topstitched, narrow width, rib collar</li> <li>Taped neck and shoulders for comfort and durability</li> <li>Modern classic fit, tubular body</li> <li>High-performing black tear-away label</li> <li>Yarn Count 30/1</li> <li><b>Also available in ladies sizes code 64000L and childrens sizes 64000B</b></li>",2.49
235831,2358321,64000,TSHIRT,T-SHIRTS,MSSTSH,MENS SHORT SLEEVE T-SHIRT,GILDAN,GILDAN,MS0092,10F,Fan Dark Green,13,S,Softstyle Adult T-Shirt,2.44,1,12,72,02-01-2026 8:57,C,https://myebrochure.co.uk/images/colours/gildan/gildan-10f.jpg,https://myebrochure.co.uk/images/products/prod_15009_64000_184585.jpg,https://myebrochure.co.uk/images/products.small/prod_15009_64000_184585.jpg,https://myebrochure.co.uk/images/products.hires/prod_15009_64000_184585.jpg,https://myebrochure.co.uk/images/brands/gildan_25.png,https://myebrochure.co.uk/images/products.hires/prod_15009_64000_185009.jpg,,,,,,,,,,"<li>Made with our soft ring spun cotton and cotton blends -</li> <li>Softstyle features high stitch density fabric that offers a smooth printing surface, ideal for DTG</li> <li>Proud member of the US Cotton Trust Protocol (USCTP) and Better Cotton&#8482;</li> <li>Cotton products from Gildan support more sustainable + ethical cotton farming</li> <li>Soft ring spun fabric feels great against your skin</li> <li>Non-topstitched, narrow width, rib collar</li> <li>Taped neck and shoulders for comfort and durability</li> <li>Modern classic fit, tubular body</li> <li>High-performing black tear-away label</li> <li>Yarn Count 30/1</li> <li><b>Also available in ladies sizes code 64000L and childrens sizes 64000B</b></li>",1.87
235832,2358338,64000,TSHIRT,T-SHIRTS,MSSTSH,MENS SHORT SLEEVE T-SHIRT,GILDAN,GILDAN,MS0092,10F,Fan Dark Green,13,M,Softstyle Adult T-Shirt,2.44,1,12,72,02-01-2026 8:57,C,https://myebrochure.co.uk/images/colours/gildan/gildan-10f.jpg,https://myebrochure.co.uk/images/products/prod_15009_64000_184585.jpg,https://myebrochure.co.uk/images/products.small/prod_15009_64000_184585.jpg,https://myebrochure.co.uk/images/products.hires/prod_15009_64000_184585.jpg,https://myebrochure.co.uk/images/brands/gildan_25.png,https://myebrochure.co.uk/images/products.hires/prod_15009_64000_185009.jpg,,,,,,,,,,"<li>Made with our soft ring spun cotton and cotton blends -</li> <li>Softstyle features high stitch density fabric that offers a smooth printing surface, ideal for DTG</li> <li>Proud member of the US Cotton Trust Protocol (USCTP) and Better Cotton&#8482;</li> <li>Cotton products from Gildan support more sustainable + ethical cotton farming</li> <li>Soft ring spun fabric feels great against your skin</li> <li>Non-topstitched, narrow width, rib collar</li> <li>Taped neck and shoulders for comfort and durability</li> <li>Modern classic fit, tubular body</li> <li>High-performing black tear-away label</li> <li>Yarn Count 30/1</li> <li><b>Also available in ladies sizes code 64000L and childrens sizes 64000B</b></li>",1.87
235833,2358345,64000,TSHIRT,T-SHIRTS,MSSTSH,MENS SHORT SLEEVE T-SHIRT,GILDAN,GILDAN,MS0092,10F,Fan Dark Green,13,L,Softstyle Adult T-Shirt,2.44,1,12,72,02-01-2026 8:57,C,https://myebrochure.co.uk/images/colours/gildan/gildan-10f.jpg,https://myebrochure.co.uk/images/products/prod_15009_64000_184585.jpg,https://myebrochure.co.uk/images/products.small/prod_15009_64000_184585.jpg,https://myebrochure.co.uk/images/products.hires/prod_15009_64000_184585.jpg,https://myebrochure.co.uk/images/brands/gildan_25.png,https://myebrochure.co.uk/images/products.hires/prod_15009_64000_185009.jpg,,,,,,,,,,"<li>Made with our soft ring spun cotton and cotton blends -</li> <li>Softstyle features high stitch density fabric that offers a smooth printing surface, ideal for DTG</li> <li>Proud member of the US Cotton Trust Protocol (USCTP) and Better Cotton&#8482;</li> <li>Cotton products from Gildan support more sustainable + ethical cotton farming</li> <li>Soft ring spun fabric feels great against your skin</li> <li>Non-topstitched, narrow width, rib collar</li> <li>Taped neck and shoulders for comfort and durability</li> <li>Modern classic fit, tubular body</li> <li>High-performing black tear-away label</li> <li>Yarn Count 30/1</li> <li><b>Also available in ladies sizes code 64000L and childrens sizes 64000B</b></li>",1.87
235834,2358352,64000,TSHIRT,T-SHIRTS,MSSTSH,MENS SHORT SLEEVE T-SHIRT,GILDAN,GILDAN,MS0092,10F,Fan Dark Green,13,XL,Softstyle Adult T-Shirt,2.44,1,12,72,02-01-2026 8:57,C,https://myebrochure.co.uk/images/colours/gildan/gildan-10f.jpg,https://myebrochure.co.uk/images/products/prod_15009_64000_184585.jpg,https://myebrochure.co.uk/images/products.small/prod_15009_64000_184585.jpg,https://myebrochure.co.uk/images/products.hires/prod_15009_64000_184585.jpg,https://myebrochure.co.uk/images/brands/gildan_25.png,https://myebrochure.co.uk/images/products.hires/prod_15009_64000_185009.jpg,,,,,,,,,,"<li>Made with our soft ring spun cotton and cotton blends -</li> <li>Softstyle features high stitch density fabric that offers a smooth printing surface, ideal for DTG</li> <li>Proud member of the US Cotton Trust Protocol (USCTP) and Better Cotton&#8482;</li> <li>Cotton products from Gildan support more sustainable + ethical cotton farming</li> <li>Soft ring spun fabric feels great against your skin</li> <li>Non-topstitched, narrow width, rib collar</li> <li>Taped neck and shoulders for comfort and durability</li> <li>Modern classic fit, tubular body</li> <li>High-performing black tear-away label</li> <li>Yarn Count 30/1</li> <li><b>Also available in ladies sizes code 64000L and childrens sizes 64000B</b></li>",1.87
235835,2358369,64000,TSHIRT,T-SHIRTS,MSSTSH,MENS SHORT SLEEVE T-SHIRT,GILDAN,GILDAN,MS0092,10F,Fan Dark Green,13,2XL,Softstyle Adult T-Shirt,2.44,1,12,72,02-01-2026 8:57,C,https://myebrochure.co.uk/images/colours/gildan/gildan-10f.jpg,https://myebrochure.co.uk/images/products/prod_15009_64000_184585.jpg,https://myebrochure.co.uk/images/products.small/prod_15009_64000_184585.jpg,https://myebrochure.co.uk/images/products.hires/prod_15009_64000_184585.jpg,https://myebrochure.co.uk/images/brands/gildan_25.png,https://myebrochure.co.uk/images/products.hires/prod_15009_64000_185009.jpg,,,,,,,,,,"<li>Made with our soft ring spun cotton and cotton blends -</li> <li>Softstyle features high stitch density fabric that offers a smooth printing surface, ideal for DTG</li> <li>Proud member of the US Cotton Trust Protocol (USCTP) and Better Cotton&#8482;</li> <li>Cotton products from Gildan support more sustainable + ethical cotton farming</li> <li>Soft ring spun fabric feels great against your skin</li> <li>Non-topstitched, narrow width, rib collar</li> <li>Taped neck and shoulders for comfort and durability</li> <li>Modern classic fit, tubular body</li> <li>High-performing black tear-away label</li> <li>Yarn Count 30/1</li> <li><b>Also available in ladies sizes code 64000L and childrens sizes 64000B</b></li>",1.87
235836,2358376,64000,TSHIRT,T-SHIRTS,MSSTSH,MENS SHORT SLEEVE T-SHIRT,GILDAN,GILDAN,MS0092,10F,Fan Dark Green,13,3XL,Softstyle Adult T-Shirt,3.26,1,6,36,02-01-2026 8:57,C,https://myebrochure.co.uk/images/colours/gildan/gildan-10f.jpg,https://myebrochure.co.uk/images/products/prod_15009_64000_184585.jpg,https://myebrochure.co.uk/images/products.small/prod_15009_64000_184585.jpg,https://myebrochure.co.uk/images/products.hires/prod_15009_64000_184585.jpg,https://myebrochure.co.uk/images/brands/gildan_25.png,https://myebrochure.co.uk/images/products.hires/prod_15009_64000_185009.jpg,,,,,,,,,,"<li>Made with our soft ring spun cotton and cotton blends -</li> <li>Softstyle features high stitch density fabric that offers a smooth printing surface, ideal for DTG</li> <li>Proud member of the US Cotton Trust Protocol (USCTP) and Better Cotton&#8482;</li> <li>Cotton products from Gildan support more sustainable + ethical cotton farming</li> <li>Soft ring spun fabric feels great against your skin</li> <li>Non-topstitched, narrow width, rib collar</li> <li>Taped neck and shoulders for comfort and durability</li> <li>Modern classic fit, tubular body</li> <li>High-performing black tear-away label</li> <li>Yarn Count 30/1</li> <li><b>Also available in ladies sizes code 64000L and childrens sizes 64000B</b></li>",2.49
235839,2358406,64000,TSHIRT,T-SHIRTS,MSSTSH,MENS SHORT SLEEVE T-SHIRT,GILDAN,GILDAN,MS0092,04F,Fan Dark Purple,13,S,Softstyle Adult T-Shirt,2.44,1,12,72,02-01-2026 8:57,C,https://myebrochure.co.uk/images/colours/gildan/gildan-04f.jpg,https://myebrochure.co.uk/images/products/prod_15009_64000_184585.jpg,https://myebrochure.co.uk/images/products.small/prod_15009_64000_184585.jpg,https://myebrochure.co.uk/images/products.hires/prod_15009_64000_184585.jpg,https://myebrochure.co.uk/images/brands/gildan_25.png,https://myebrochure.co.uk/images/products.hires/prod_15009_64000_185010.jpg,,,,,,,,,,"<li>Made with our soft ring spun cotton and cotton blends -</li> <li>Softstyle features high stitch density fabric that offers a smooth printing surface, ideal for DTG</li> <li>Proud member of the US Cotton Trust Protocol (USCTP) and Better Cotton&#8482;</li> <li>Cotton products from Gildan support more sustainable + ethical cotton farming</li> <li>Soft ring spun fabric feels great against your skin</li> <li>Non-topstitched, narrow width, rib collar</li> <li>Taped neck and shoulders for comfort and durability</li> <li>Modern classic fit, tubular body</li> <li>High-performing black tear-away label</li> <li>Yarn Count 30/1</li> <li><b>Also available in ladies sizes code 64000L and childrens sizes 64000B</b></li>",1.87
235840,2358413,64000,TSHIRT,T-SHIRTS,MSSTSH,MENS SHORT SLEEVE T-SHIRT,GILDAN,GILDAN,MS0092,04F,Fan Dark Purple,13,M,Softstyle Adult T-Shirt,2.44,1,12,72,02-01-2026 8:57,C,https://myebrochure.co.uk/images/colours/gildan/gildan-04f.jpg,https://myebrochure.co.uk/images/products/prod_15009_64000_184585.jpg,https://myebrochure.co.uk/images/products.small/prod_15009_64000_184585.jpg,https://myebrochure.co.uk/images/products.hires/prod_15009_64000_184585.jpg,https://myebrochure.co.uk/images/brands/gildan_25.png,https://myebrochure.co.uk/images/products.hires/prod_15009_64000_185010.jpg,,,,,,,,,,"<li>Made with our soft ring spun cotton and cotton blends -</li> <li>Softstyle features high stitch density fabric that offers a smooth printing surface, ideal for DTG</li> <li>Proud member of the US Cotton Trust Protocol (USCTP) and Better Cotton&#8482;</li> <li>Cotton products from Gildan support more sustainable + ethical cotton farming</li> <li>Soft ring spun fabric feels great against your skin</li> <li>Non-topstitched, narrow width, rib collar</li> <li>Taped neck and shoulders for comfort and durability</li> <li>Modern classic fit, tubular body</li> <li>High-performing black tear-away label</li> <li>Yarn Count 30/1</li> <li><b>Also available in ladies sizes code 64000L and childrens sizes 64000B</b></li>",1.87
235841,2358420,64000,TSHIRT,T-SHIRTS,MSSTSH,MENS SHORT SLEEVE T-SHIRT,GILDAN,GILDAN,MS0092,04F,Fan Dark Purple,13,L,Softstyle Adult T-Shirt,2.44,1,12,72,02-01-2026 8:57,C,https://myebrochure.co.uk/images/colours/gildan/gildan-04f.jpg,https://myebrochure.co.uk/images/products/prod_15009_64000_184585.jpg,https://myebrochure.co.uk/images/products.small/prod_15009_64000_184585.jpg,https://myebrochure.co.uk/images/products.hires/prod_15009_64000_184585.jpg,https://myebrochure.co.uk/images/brands/gildan_25.png,https://myebrochure.co.uk/images/products.hires/prod_15009_64000_185010.jpg,,,,,,,,,,"<li>Made with our soft ring spun cotton and cotton blends -</li> <li>Softstyle features high stitch density fabric that offers a smooth printing surface, ideal for DTG</li> <li>Proud member of the US Cotton Trust Protocol (USCTP) and Better Cotton&#8482;</li> <li>Cotton products from Gildan support more sustainable + ethical cotton farming</li> <li>Soft ring spun fabric feels great against your skin</li> <li>Non-topstitched, narrow width, rib collar</li> <li>Taped neck and shoulders for comfort and durability</li> <li>Modern classic fit, tubular body</li> <li>High-performing black tear-away label</li> <li>Yarn Count 30/1</li> <li><b>Also available in ladies sizes code 64000L and childrens sizes 64000B</b></li>",1.87
235842,2358437,64000,TSHIRT,T-SHIRTS,MSSTSH,MENS SHORT SLEEVE T-SHIRT,GILDAN,GILDAN,MS0092,04F,Fan Dark Purple,13,XL,Softstyle Adult T-Shirt,2.44,1,12,72,02-01-2026 8:57,C,https://myebrochure.co.uk/images/colours/gildan/gildan-04f.jpg,https://myebrochure.co.uk/images/products/prod_15009_64000_184585.jpg,https://myebrochure.co.uk/images/products.small/prod_15009_64000_184585.jpg,https://myebrochure.co.uk/images/products.hires/prod_15009_64000_184585.jpg,https://myebrochure.co.uk/images/brands/gildan_25.png,https://myebrochure.co.uk/images/products.hires/prod_15009_64000_185010.jpg,,,,,,,,,,"<li>Made with our soft ring spun cotton and cotton blends -</li> <li>Softstyle features high stitch density fabric that offers a smooth printing surface, ideal for DTG</li> <li>Proud member of the US Cotton Trust Protocol (USCTP) and Better Cotton&#8482;</li> <li>Cotton products from Gildan support more sustainable + ethical cotton farming</li> <li>Soft ring spun fabric feels great against your skin</li> <li>Non-topstitched, narrow width, rib collar</li> <li>Taped neck and shoulders for comfort and durability</li> <li>Modern classic fit, tubular body</li> <li>High-performing black tear-away label</li> <li>Yarn Count 30/1</li> <li><b>Also available in ladies sizes code 64000L and childrens sizes 64000B</b></li>",1.87
235843,2358444,64000,TSHIRT,T-SHIRTS,MSSTSH,MENS SHORT SLEEVE T-SHIRT,GILDAN,GILDAN,MS0092,04F,Fan Dark Purple,13,2XL,Softstyle Adult T-Shirt,2.44,1,12,72,02-01-2026 8:57,C,https://myebrochure.co.uk/images/colours/gildan/gildan-04f.jpg,https://myebrochure.co.uk/images/products/prod_15009_64000_184585.jpg,https://myebrochure.co.uk/images/products.small/prod_15009_64000_184585.jpg,https://myebrochure.co.uk/images/products.hires/prod_15009_64000_184585.jpg,https://myebrochure.co.uk/images/brands/gildan_25.png,https://myebrochure.co.uk/images/products.hires/prod_15009_64000_185010.jpg,,,,,,,,,,"<li>Made with our soft ring spun cotton and cotton blends -</li> <li>Softstyle features high stitch density fabric that offers a smooth printing surface, ideal for DTG</li> <li>Proud member of the US Cotton Trust Protocol (USCTP) and Better Cotton&#8482;</li> <li>Cotton products from Gildan support more sustainable + ethical cotton farming</li> <li>Soft ring spun fabric feels great against your skin</li> <li>Non-topstitched, narrow width, rib collar</li> <li>Taped neck and shoulders for comfort and durability</li> <li>Modern classic fit, tubular body</li> <li>High-performing black tear-away label</li> <li>Yarn Count 30/1</li> <li><b>Also available in ladies sizes code 64000L and childrens sizes 64000B</b></li>",1.87
235844,2358451,64000,TSHIRT,T-SHIRTS,MSSTSH,MENS SHORT SLEEVE T-SHIRT,GILDAN,GILDAN,MS0092,04F,Fan Dark Purple,13,3XL,Softstyle Adult T-Shirt,3.26,1,6,36,02-01-2026 8:57,C,https://myebrochure.co.uk/images/colours/gildan/gildan-04f.jpg,https://myebrochure.co.uk/images/products/prod_15009_64000_184585.jpg,https://myebrochure.co.uk/images/products.small/prod_15009_64000_184585.jpg,https://myebrochure.co.uk/images/products.hires/prod_15009_64000_184585.jpg,https://myebrochure.co.uk/images/brands/gildan_25.png,https://myebrochure.co.uk/images/products.hires/prod_15009_64000_185010.jpg,,,,,,,,,,"<li>Made with our soft ring spun cotton and cotton blends -</li> <li>Softstyle features high stitch density fabric that offers a smooth printing surface, ideal for DTG</li> <li>Proud member of the US Cotton Trust Protocol (USCTP) and Better Cotton&#8482;</li> <li>Cotton products from Gildan support more sustainable + ethical cotton farming</li> <li>Soft ring spun fabric feels great against your skin</li> <li>Non-topstitched, narrow width, rib collar</li> <li>Taped neck and shoulders for comfort and durability</li> <li>Modern classic fit, tubular body</li> <li>High-performing black tear-away label</li> <li>Yarn Count 30/1</li> <li><b>Also available in ladies sizes code 64000L and childrens sizes 64000B</b></li>",2.49
235847,2358482,64000,TSHIRT,T-SHIRTS,MSSTSH,MENS SHORT SLEEVE T-SHIRT,GILDAN,GILDAN,MS0092,11F,Fan Deep Royal,13,S,Softstyle Adult T-Shirt,2.44,1,12,72,02-01-2026 8:57,C,https://myebrochure.co.uk/images/colours/gildan/gildan-11f.jpg,https://myebrochure.co.uk/images/products/prod_15009_64000_184585.jpg,https://myebrochure.co.uk/images/products.small/prod_15009_64000_184585.jpg,https://myebrochure.co.uk/images/products.hires/prod_15009_64000_184585.jpg,https://myebrochure.co.uk/images/brands/gildan_25.png,https://myebrochure.co.uk/images/products.hires/prod_15009_64000_185008.jpg,,,,,,,,,,"<li>Made with our soft ring spun cotton and cotton blends -</li> <li>Softstyle features high stitch density fabric that offers a smooth printing surface, ideal for DTG</li> <li>Proud member of the US Cotton Trust Protocol (USCTP) and Better Cotton&#8482;</li> <li>Cotton products from Gildan support more sustainable + ethical cotton farming</li> <li>Soft ring spun fabric feels great against your skin</li> <li>Non-topstitched, narrow width, rib collar</li> <li>Taped neck and shoulders for comfort and durability</li> <li>Modern classic fit, tubular body</li> <li>High-performing black tear-away label</li> <li>Yarn Count 30/1</li> <li><b>Also available in ladies sizes code 64000L and childrens sizes 64000B</b></li>",1.87
235848,2358499,64000,TSHIRT,T-SHIRTS,MSSTSH,MENS SHORT SLEEVE T-SHIRT,GILDAN,GILDAN,MS0092,11F,Fan Deep Royal,13,M,Softstyle Adult T-Shirt,2.44,1,12,72,02-01-2026 8:57,C,https://myebrochure.co.uk/images/colours/gildan/gildan-11f.jpg,https://myebrochure.co.uk/images/products/prod_15009_64000_184585.jpg,https://myebrochure.co.uk/images/products.small/prod_15009_64000_184585.jpg,https://myebrochure.co.uk/images/products.hires/prod_15009_64000_184585.jpg,https://myebrochure.co.uk/images/brands/gildan_25.png,https://myebrochure.co.uk/images/products.hires/prod_15009_64000_185008.jpg,,,,,,,,,,"<li>Made with our soft ring spun cotton and cotton blends -</li> <li>Softstyle features high stitch density fabric that offers a smooth printing surface, ideal for DTG</li> <li>Proud member of the US Cotton Trust Protocol (USCTP) and Better Cotton&#8482;</li> <li>Cotton products from Gildan support more sustainable + ethical cotton farming</li> <li>Soft ring spun fabric feels great against your skin</li> <li>Non-topstitched, narrow width, rib collar</li> <li>Taped neck and shoulders for comfort and durability</li> <li>Modern classic fit, tubular body</li> <li>High-performing black tear-away label</li> <li>Yarn Count 30/1</li> <li><b>Also available in ladies sizes code 64000L and childrens sizes 64000B</b></li>",1.87
235849,2358505,64000,TSHIRT,T-SHIRTS,MSSTSH,MENS SHORT SLEEVE T-SHIRT,GILDAN,GILDAN,MS0092,11F,Fan Deep Royal,13,L,Softstyle Adult T-Shirt,2.44,1,12,72,02-01-2026 8:57,C,https://myebrochure.co.uk/images/colours/gildan/gildan-11f.jpg,https://myebrochure.co.uk/images/products/prod_15009_64000_184585.jpg,https://myebrochure.co.uk/images/products.small/prod_15009_64000_184585.jpg,https://myebrochure.co.uk/images/products.hires/prod_15009_64000_184585.jpg,https://myebrochure.co.uk/images/brands/gildan_25.png,https://myebrochure.co.uk/images/products.hires/prod_15009_64000_185008.jpg,,,,,,,,,,"<li>Made with our soft ring spun cotton and cotton blends -</li> <li>Softstyle features high stitch density fabric that offers a smooth printing surface, ideal for DTG</li> <li>Proud member of the US Cotton Trust Protocol (USCTP) and Better Cotton&#8482;</li> <li>Cotton products from Gildan support more sustainable + ethical cotton farming</li> <li>Soft ring spun fabric feels great against your skin</li> <li>Non-topstitched, narrow width, rib collar</li> <li>Taped neck and shoulders for comfort and durability</li> <li>Modern classic fit, tubular body</li> <li>High-performing black tear-away label</li> <li>Yarn Count 30/1</li> <li><b>Also available in ladies sizes code 64000L and childrens sizes 64000B</b></li>",1.87
235850,2358512,64000,TSHIRT,T-SHIRTS,MSSTSH,MENS SHORT SLEEVE T-SHIRT,GILDAN,GILDAN,MS0092,11F,Fan Deep Royal,13,XL,Softstyle Adult T-Shirt,2.44,1,12,72,02-01-2026 8:57,C,https://myebrochure.co.uk/images/colours/gildan/gildan-11f.jpg,https://myebrochure.co.uk/images/products/prod_15009_64000_184585.jpg,https://myebrochure.co.uk/images/products.small/prod_15009_64000_184585.jpg,https://myebrochure.co.uk/images/products.hires/prod_15009_64000_184585.jpg,https://myebrochure.co.uk/images/brands/gildan_25.png,https://myebrochure.co.uk/images/products.hires/prod_15009_64000_185008.jpg,,,,,,,,,,"<li>Made with our soft ring spun cotton and cotton blends -</li> <li>Softstyle features high stitch density fabric that offers a smooth printing surface, ideal for DTG</li> <li>Proud member of the US Cotton Trust Protocol (USCTP) and Better Cotton&#8482;</li> <li>Cotton products from Gildan support more sustainable + ethical cotton farming</li> <li>Soft ring spun fabric feels great against your skin</li> <li>Non-topstitched, narrow width, rib collar</li> <li>Taped neck and shoulders for comfort and durability</li> <li>Modern classic fit, tubular body</li> <li>High-performing black tear-away label</li> <li>Yarn Count 30/1</li> <li><b>Also available in ladies sizes code 64000L and childrens sizes 64000B</b></li>",1.87
235851,2358529,64000,TSHIRT,T-SHIRTS,MSSTSH,MENS SHORT SLEEVE T-SHIRT,GILDAN,GILDAN,MS0092,11F,Fan Deep Royal,13,2XL,Softstyle Adult T-Shirt,2.44,1,12,72,02-01-2026 8:57,C,https://myebrochure.co.uk/images/colours/gildan/gildan-11f.jpg,https://myebrochure.co.uk/images/products/prod_15009_64000_184585.jpg,https://myebrochure.co.uk/images/products.small/prod_15009_64000_184585.jpg,https://myebrochure.co.uk/images/products.hires/prod_15009_64000_184585.jpg,https://myebrochure.co.uk/images/brands/gildan_25.png,https://myebrochure.co.uk/images/products.hires/prod_15009_64000_185008.jpg,,,,,,,,,,"<li>Made with our soft ring spun cotton and cotton blends -</li> <li>Softstyle features high stitch density fabric that offers a smooth printing surface, ideal for DTG</li> <li>Proud member of the US Cotton Trust Protocol (USCTP) and Better Cotton&#8482;</li> <li>Cotton products from Gildan support more sustainable + ethical cotton farming</li> <li>Soft ring spun fabric feels great against your skin</li> <li>Non-topstitched, narrow width, rib collar</li> <li>Taped neck and shoulders for comfort and durability</li> <li>Modern classic fit, tubular body</li> <li>High-performing black tear-away label</li> <li>Yarn Count 30/1</li> <li><b>Also available in ladies sizes code 64000L and childrens sizes 64000B</b></li>",1.87
235852,2358536,64000,TSHIRT,T-SHIRTS,MSSTSH,MENS SHORT SLEEVE T-SHIRT,GILDAN,GILDAN,MS0092,11F,Fan Deep Royal,13,3XL,Softstyle Adult T-Shirt,3.26,1,6,36,02-01-2026 8:57,C,https://myebrochure.co.uk/images/colours/gildan/gildan-11f.jpg,https://myebrochure.co.uk/images/products/prod_15009_64000_184585.jpg,https://myebrochure.co.uk/images/products.small/prod_15009_64000_184585.jpg,https://myebrochure.co.uk/images/products.hires/prod_15009_64000_184585.jpg,https://myebrochure.co.uk/images/brands/gildan_25.png,https://myebrochure.co.uk/images/products.hires/prod_15009_64000_185008.jpg,,,,,,,,,,"<li>Made with our soft ring spun cotton and cotton blends -</li> <li>Softstyle features high stitch density fabric that offers a smooth printing surface, ideal for DTG</li> <li>Proud member of the US Cotton Trust Protocol (USCTP) and Better Cotton&#8482;</li> <li>Cotton products from Gildan support more sustainable + ethical cotton farming</li> <li>Soft ring spun fabric feels great against your skin</li> <li>Non-topstitched, narrow width, rib collar</li> <li>Taped neck and shoulders for comfort and durability</li> <li>Modern classic fit, tubular body</li> <li>High-performing black tear-away label</li> <li>Yarn Count 30/1</li> <li><b>Also available in ladies sizes code 64000L and childrens sizes 64000B</b></li>",2.49
235855,2358567,64000,TSHIRT,T-SHIRTS,MSSTSH,MENS SHORT SLEEVE T-SHIRT,GILDAN,GILDAN,MS0092,07F,Fan Marine Green,13,S,Softstyle Adult T-Shirt,2.44,1,12,72,02-01-2026 8:57,C,https://myebrochure.co.uk/images/colours/gildan/gildan-07f.jpg,https://myebrochure.co.uk/images/products/prod_15009_64000_184585.jpg,https://myebrochure.co.uk/images/products.small/prod_15009_64000_184585.jpg,https://myebrochure.co.uk/images/products.hires/prod_15009_64000_184585.jpg,https://myebrochure.co.uk/images/brands/gildan_25.png,https://myebrochure.co.uk/images/products.hires/prod_15009_64000_185005.jpg,,,,,,,,,,"<li>Made with our soft ring spun cotton and cotton blends -</li> <li>Softstyle features high stitch density fabric that offers a smooth printing surface, ideal for DTG</li> <li>Proud member of the US Cotton Trust Protocol (USCTP) and Better Cotton&#8482;</li> <li>Cotton products from Gildan support more sustainable + ethical cotton farming</li> <li>Soft ring spun fabric feels great against your skin</li> <li>Non-topstitched, narrow width, rib collar</li> <li>Taped neck and shoulders for comfort and durability</li> <li>Modern classic fit, tubular body</li> <li>High-performing black tear-away label</li> <li>Yarn Count 30/1</li> <li><b>Also available in ladies sizes code 64000L and childrens sizes 64000B</b></li>",1.87
235856,2358574,64000,TSHIRT,T-SHIRTS,MSSTSH,MENS SHORT SLEEVE T-SHIRT,GILDAN,GILDAN,MS0092,07F,Fan Marine Green,13,M,Softstyle Adult T-Shirt,2.44,1,12,72,02-01-2026 8:57,C,https://myebrochure.co.uk/images/colours/gildan/gildan-07f.jpg,https://myebrochure.co.uk/images/products/prod_15009_64000_184585.jpg,https://myebrochure.co.uk/images/products.small/prod_15009_64000_184585.jpg,https://myebrochure.co.uk/images/products.hires/prod_15009_64000_184585.jpg,https://myebrochure.co.uk/images/brands/gildan_25.png,https://myebrochure.co.uk/images/products.hires/prod_15009_64000_185005.jpg,,,,,,,,,,"<li>Made with our soft ring spun cotton and cotton blends -</li> <li>Softstyle features high stitch density fabric that offers a smooth printing surface, ideal for DTG</li> <li>Proud member of the US Cotton Trust Protocol (USCTP) and Better Cotton&#8482;</li> <li>Cotton products from Gildan support more sustainable + ethical cotton farming</li> <li>Soft ring spun fabric feels great against your skin</li> <li>Non-topstitched, narrow width, rib collar</li> <li>Taped neck and shoulders for comfort and durability</li> <li>Modern classic fit, tubular body</li> <li>High-performing black tear-away label</li> <li>Yarn Count 30/1</li> <li><b>Also available in ladies sizes code 64000L and childrens sizes 64000B</b></li>",1.87
235857,2358581,64000,TSHIRT,T-SHIRTS,MSSTSH,MENS SHORT SLEEVE T-SHIRT,GILDAN,GILDAN,MS0092,07F,Fan Marine Green,13,L,Softstyle Adult T-Shirt,2.44,1,12,72,02-01-2026 8:57,C,https://myebrochure.co.uk/images/colours/gildan/gildan-07f.jpg,https://myebrochure.co.uk/images/products/prod_15009_64000_184585.jpg,https://myebrochure.co.uk/images/products.small/prod_15009_64000_184585.jpg,https://myebrochure.co.uk/images/products.hires/prod_15009_64000_184585.jpg,https://myebrochure.co.uk/images/brands/gildan_25.png,https://myebrochure.co.uk/images/products.hires/prod_15009_64000_185005.jpg,,,,,,,,,,"<li>Made with our soft ring spun cotton and cotton blends -</li> <li>Softstyle features high stitch density fabric that offers a smooth printing surface, ideal for DTG</li> <li>Proud member of the US Cotton Trust Protocol (USCTP) and Better Cotton&#8482;</li> <li>Cotton products from Gildan support more sustainable + ethical cotton farming</li> <li>Soft ring spun fabric feels great against your skin</li> <li>Non-topstitched, narrow width, rib collar</li> <li>Taped neck and shoulders for comfort and durability</li> <li>Modern classic fit, tubular body</li> <li>High-performing black tear-away label</li> <li>Yarn Count 30/1</li> <li><b>Also available in ladies sizes code 64000L and childrens sizes 64000B</b></li>",1.87
235858,2358598,64000,TSHIRT,T-SHIRTS,MSSTSH,MENS SHORT SLEEVE T-SHIRT,GILDAN,GILDAN,MS0092,07F,Fan Marine Green,13,XL,Softstyle Adult T-Shirt,2.44,1,12,72,02-01-2026 8:57,C,https://myebrochure.co.uk/images/colours/gildan/gildan-07f.jpg,https://myebrochure.co.uk/images/products/prod_15009_64000_184585.jpg,https://myebrochure.co.uk/images/products.small/prod_15009_64000_184585.jpg,https://myebrochure.co.uk/images/products.hires/prod_15009_64000_184585.jpg,https://myebrochure.co.uk/images/brands/gildan_25.png,https://myebrochure.co.uk/images/products.hires/prod_15009_64000_185005.jpg,,,,,,,,,,"<li>Made with our soft ring spun cotton and cotton blends -</li> <li>Softstyle features high stitch density fabric that offers a smooth printing surface, ideal for DTG</li> <li>Proud member of the US Cotton Trust Protocol (USCTP) and Better Cotton&#8482;</li> <li>Cotton products from Gildan support more sustainable + ethical cotton farming</li> <li>Soft ring spun fabric feels great against your skin</li> <li>Non-topstitched, narrow width, rib collar</li> <li>Taped neck and shoulders for comfort and durability</li> <li>Modern classic fit, tubular body</li> <li>High-performing black tear-away label</li> <li>Yarn Count 30/1</li> <li><b>Also available in ladies sizes code 64000L and childrens sizes 64000B</b></li>",1.87
235859,2358604,64000,TSHIRT,T-SHIRTS,MSSTSH,MENS SHORT SLEEVE T-SHIRT,GILDAN,GILDAN,MS0092,07F,Fan Marine Green,13,2XL,Softstyle Adult T-Shirt,2.44,1,12,72,02-01-2026 8:57,C,https://myebrochure.co.uk/images/colours/gildan/gildan-07f.jpg,https://myebrochure.co.uk/images/products/prod_15009_64000_184585.jpg,https://myebrochure.co.uk/images/products.small/prod_15009_64000_184585.jpg,https://myebrochure.co.uk/images/products.hires/prod_15009_64000_184585.jpg,https://myebrochure.co.uk/images/brands/gildan_25.png,https://myebrochure.co.uk/images/products.hires/prod_15009_64000_185005.jpg,,,,,,,,,,"<li>Made with our soft ring spun cotton and cotton blends -</li> <li>Softstyle features high stitch density fabric that offers a smooth printing surface, ideal for DTG</li> <li>Proud member of the US Cotton Trust Protocol (USCTP) and Better Cotton&#8482;</li> <li>Cotton products from Gildan support more sustainable + ethical cotton farming</li> <li>Soft ring spun fabric feels great against your skin</li> <li>Non-topstitched, narrow width, rib collar</li> <li>Taped neck and shoulders for comfort and durability</li> <li>Modern classic fit, tubular body</li> <li>High-performing black tear-away label</li> <li>Yarn Count 30/1</li> <li><b>Also available in ladies sizes code 64000L and childrens sizes 64000B</b></li>",1.87
235860,2358611,64000,TSHIRT,T-SHIRTS,MSSTSH,MENS SHORT SLEEVE T-SHIRT,GILDAN,GILDAN,MS0092,07F,Fan Marine Green,13,3XL,Softstyle Adult T-Shirt,3.26,1,6,36,02-01-2026 8:57,C,https://myebrochure.co.uk/images/colours/gildan/gildan-07f.jpg,https://myebrochure.co.uk/images/products/prod_15009_64000_184585.jpg,https://myebrochure.co.uk/images/products.small/prod_15009_64000_184585.jpg,https://myebrochure.co.uk/images/products.hires/prod_15009_64000_184585.jpg,https://myebrochure.co.uk/images/brands/gildan_25.png,https://myebrochure.co.uk/images/products.hires/prod_15009_64000_185005.jpg,,,,,,,,,,"<li>Made with our soft ring spun cotton and cotton blends -</li> <li>Softstyle features high stitch density fabric that offers a smooth printing surface, ideal for DTG</li> <li>Proud member of the US Cotton Trust Protocol (USCTP) and Better Cotton&#8482;</li> <li>Cotton products from Gildan support more sustainable + ethical cotton farming</li> <li>Soft ring spun fabric feels great against your skin</li> <li>Non-topstitched, narrow width, rib collar</li> <li>Taped neck and shoulders for comfort and durability</li> <li>Modern classic fit, tubular body</li> <li>High-performing black tear-away label</li> <li>Yarn Count 30/1</li> <li><b>Also available in ladies sizes code 64000L and childrens sizes 64000B</b></li>",2.49
235863,2358642,64000,TSHIRT,T-SHIRTS,MSSTSH,MENS SHORT SLEEVE T-SHIRT,GILDAN,GILDAN,MS0092,32F,Fan Texas Orange,13,S,Softstyle Adult T-Shirt,2.44,1,12,72,02-01-2026 8:57,C,https://myebrochure.co.uk/images/colours/gildan/gildan-32f.jpg,https://myebrochure.co.uk/images/products/prod_15009_64000_184585.jpg,https://myebrochure.co.uk/images/products.small/prod_15009_64000_184585.jpg,https://myebrochure.co.uk/images/products.hires/prod_15009_64000_184585.jpg,https://myebrochure.co.uk/images/brands/gildan_25.png,https://myebrochure.co.uk/images/products.hires/prod_15009_64000_185012.jpg,,,,,,,,,,"<li>Made with our soft ring spun cotton and cotton blends -</li> <li>Softstyle features high stitch density fabric that offers a smooth printing surface, ideal for DTG</li> <li>Proud member of the US Cotton Trust Protocol (USCTP) and Better Cotton&#8482;</li> <li>Cotton products from Gildan support more sustainable + ethical cotton farming</li> <li>Soft ring spun fabric feels great against your skin</li> <li>Non-topstitched, narrow width, rib collar</li> <li>Taped neck and shoulders for comfort and durability</li> <li>Modern classic fit, tubular body</li> <li>High-performing black tear-away label</li> <li>Yarn Count 30/1</li> <li><b>Also available in ladies sizes code 64000L and childrens sizes 64000B</b></li>",1.87
235864,2358659,64000,TSHIRT,T-SHIRTS,MSSTSH,MENS SHORT SLEEVE T-SHIRT,GILDAN,GILDAN,MS0092,32F,Fan Texas Orange,13,M,Softstyle Adult T-Shirt,2.44,1,12,72,02-01-2026 8:57,C,https://myebrochure.co.uk/images/colours/gildan/gildan-32f.jpg,https://myebrochure.co.uk/images/products/prod_15009_64000_184585.jpg,https://myebrochure.co.uk/images/products.small/prod_15009_64000_184585.jpg,https://myebrochure.co.uk/images/products.hires/prod_15009_64000_184585.jpg,https://myebrochure.co.uk/images/brands/gildan_25.png,https://myebrochure.co.uk/images/products.hires/prod_15009_64000_185012.jpg,,,,,,,,,,"<li>Made with our soft ring spun cotton and cotton blends -</li> <li>Softstyle features high stitch density fabric that offers a smooth printing surface, ideal for DTG</li> <li>Proud member of the US Cotton Trust Protocol (USCTP) and Better Cotton&#8482;</li> <li>Cotton products from Gildan support more sustainable + ethical cotton farming</li> <li>Soft ring spun fabric feels great against your skin</li> <li>Non-topstitched, narrow width, rib collar</li> <li>Taped neck and shoulders for comfort and durability</li> <li>Modern classic fit, tubular body</li> <li>High-performing black tear-away label</li> <li>Yarn Count 30/1</li> <li><b>Also available in ladies sizes code 64000L and childrens sizes 64000B</b></li>",1.87
235865,2358666,64000,TSHIRT,T-SHIRTS,MSSTSH,MENS SHORT SLEEVE T-SHIRT,GILDAN,GILDAN,MS0092,32F,Fan Texas Orange,13,L,Softstyle Adult T-Shirt,2.44,1,12,72,02-01-2026 8:57,C,https://myebrochure.co.uk/images/colours/gildan/gildan-32f.jpg,https://myebrochure.co.uk/images/products/prod_15009_64000_184585.jpg,https://myebrochure.co.uk/images/products.small/prod_15009_64000_184585.jpg,https://myebrochure.co.uk/images/products.hires/prod_15009_64000_184585.jpg,https://myebrochure.co.uk/images/brands/gildan_25.png,https://myebrochure.co.uk/images/products.hires/prod_15009_64000_185012.jpg,,,,,,,,,,"<li>Made with our soft ring spun cotton and cotton blends -</li> <li>Softstyle features high stitch density fabric that offers a smooth printing surface, ideal for DTG</li> <li>Proud member of the US Cotton Trust Protocol (USCTP) and Better Cotton&#8482;</li> <li>Cotton products from Gildan support more sustainable + ethical cotton farming</li> <li>Soft ring spun fabric feels great against your skin</li> <li>Non-topstitched, narrow width, rib collar</li> <li>Taped neck and shoulders for comfort and durability</li> <li>Modern classic fit, tubular body</li> <li>High-performing black tear-away label</li> <li>Yarn Count 30/1</li> <li><b>Also available in ladies sizes code 64000L and childrens sizes 64000B</b></li>",1.87
235866,2358673,64000,TSHIRT,T-SHIRTS,MSSTSH,MENS SHORT SLEEVE T-SHIRT,GILDAN,GILDAN,MS0092,32F,Fan Texas Orange,13,XL,Softstyle Adult T-Shirt,2.44,1,12,72,02-01-2026 8:57,C,https://myebrochure.co.uk/images/colours/gildan/gildan-32f.jpg,https://myebrochure.co.uk/images/products/prod_15009_64000_184585.jpg,https://myebrochure.co.uk/images/products.small/prod_15009_64000_184585.jpg,https://myebrochure.co.uk/images/products.hires/prod_15009_64000_184585.jpg,https://myebrochure.co.uk/images/brands/gildan_25.png,https://myebrochure.co.uk/images/products.hires/prod_15009_64000_185012.jpg,,,,,,,,,,"<li>Made with our soft ring spun cotton and cotton blends -</li> <li>Softstyle features high stitch density fabric that offers a smooth printing surface, ideal for DTG</li> <li>Proud member of the US Cotton Trust Protocol (USCTP) and Better Cotton&#8482;</li> <li>Cotton products from Gildan support more sustainable + ethical cotton farming</li> <li>Soft ring spun fabric feels great against your skin</li> <li>Non-topstitched, narrow width, rib collar</li> <li>Taped neck and shoulders for comfort and durability</li> <li>Modern classic fit, tubular body</li> <li>High-performing black tear-away label</li> <li>Yarn Count 30/1</li> <li><b>Also available in ladies sizes code 64000L and childrens sizes 64000B</b></li>",1.87
235867,2358680,64000,TSHIRT,T-SHIRTS,MSSTSH,MENS SHORT SLEEVE T-SHIRT,GILDAN,GILDAN,MS0092,32F,Fan Texas Orange,13,2XL,Softstyle Adult T-Shirt,2.44,1,12,72,02-01-2026 8:57,C,https://myebrochure.co.uk/images/colours/gildan/gildan-32f.jpg,https://myebrochure.co.uk/images/products/prod_15009_64000_184585.jpg,https://myebrochure.co.uk/images/products.small/prod_15009_64000_184585.jpg,https://myebrochure.co.uk/images/products.hires/prod_15009_64000_184585.jpg,https://myebrochure.co.uk/images/brands/gildan_25.png,https://myebrochure.co.uk/images/products.hires/prod_15009_64000_185012.jpg,,,,,,,,,,"<li>Made with our soft ring spun cotton and cotton blends -</li> <li>Softstyle features high stitch density fabric that offers a smooth printing surface, ideal for DTG</li> <li>Proud member of the US Cotton Trust Protocol (USCTP) and Better Cotton&#8482;</li> <li>Cotton products from Gildan support more sustainable + ethical cotton farming</li> <li>Soft ring spun fabric feels great against your skin</li> <li>Non-topstitched, narrow width, rib collar</li> <li>Taped neck and shoulders for comfort and durability</li> <li>Modern classic fit, tubular body</li> <li>High-performing black tear-away label</li> <li>Yarn Count 30/1</li> <li><b>Also available in ladies sizes code 64000L and childrens sizes 64000B</b></li>",1.87
235868,2358697,64000,TSHIRT,T-SHIRTS,MSSTSH,MENS SHORT SLEEVE T-SHIRT,GILDAN,GILDAN,MS0092,32F,Fan Texas Orange,13,3XL,Softstyle Adult T-Shirt,3.26,1,6,36,02-01-2026 8:57,C,https://myebrochure.co.uk/images/colours/gildan/gildan-32f.jpg,https://myebrochure.co.uk/images/products/prod_15009_64000_184585.jpg,https://myebrochure.co.uk/images/products.small/prod_15009_64000_184585.jpg,https://myebrochure.co.uk/images/products.hires/prod_15009_64000_184585.jpg,https://myebrochure.co.uk/images/brands/gildan_25.png,https://myebrochure.co.uk/images/products.hires/prod_15009_64000_185012.jpg,,,,,,,,,,"<li>Made with our soft ring spun cotton and cotton blends -</li> <li>Softstyle features high stitch density fabric that offers a smooth printing surface, ideal for DTG</li> <li>Proud member of the US Cotton Trust Protocol (USCTP) and Better Cotton&#8482;</li> <li>Cotton products from Gildan support more sustainable + ethical cotton farming</li> <li>Soft ring spun fabric feels great against your skin</li> <li>Non-topstitched, narrow width, rib collar</li> <li>Taped neck and shoulders for comfort and durability</li> <li>Modern classic fit, tubular body</li> <li>High-performing black tear-away label</li> <li>Yarn Count 30/1</li> <li><b>Also available in ladies sizes code 64000L and childrens sizes 64000B</b></li>",2.49
37681,376747,64000,TSHIRT,T-SHIRTS,MSSTSH,MENS SHORT SLEEVE T-SHIRT,GILDAN,GILDAN,MS0092,33,Forest Green,13,S,Softstyle Adult T-Shirt,2.44,1,12,72,02-01-2026 8:57,C,https://myebrochure.co.uk/images/colours/gildan/gildan-33.jpg,https://myebrochure.co.uk/images/products/prod_15009_64000_184585.jpg,https://myebrochure.co.uk/images/products.small/prod_15009_64000_184585.jpg,https://myebrochure.co.uk/images/products.hires/prod_15009_64000_184585.jpg,https://myebrochure.co.uk/images/brands/gildan_25.png,https://myebrochure.co.uk/images/products.hires/prod_15009_64000_176874.jpg,,,,,,,,,,"<li>Made with our soft ring spun cotton and cotton blends -</li> <li>Softstyle features high stitch density fabric that offers a smooth printing surface, ideal for DTG</li> <li>Proud member of the US Cotton Trust Protocol (USCTP) and Better Cotton&#8482;</li> <li>Cotton products from Gildan support more sustainable + ethical cotton farming</li> <li>Soft ring spun fabric feels great against your skin</li> <li>Non-topstitched, narrow width, rib collar</li> <li>Taped neck and shoulders for comfort and durability</li> <li>Modern classic fit, tubular body</li> <li>High-performing black tear-away label</li> <li>Yarn Count 30/1</li> <li><b>Also available in ladies sizes code 64000L and childrens sizes 64000B</b></li>",1.87
37682,376754,64000,TSHIRT,T-SHIRTS,MSSTSH,MENS SHORT SLEEVE T-SHIRT,GILDAN,GILDAN,MS0092,33,Forest Green,13,M,Softstyle Adult T-Shirt,2.44,1,12,72,02-01-2026 8:57,C,https://myebrochure.co.uk/images/colours/gildan/gildan-33.jpg,https://myebrochure.co.uk/images/products/prod_15009_64000_184585.jpg,https://myebrochure.co.uk/images/products.small/prod_15009_64000_184585.jpg,https://myebrochure.co.uk/images/products.hires/prod_15009_64000_184585.jpg,https://myebrochure.co.uk/images/brands/gildan_25.png,https://myebrochure.co.uk/images/products.hires/prod_15009_64000_176874.jpg,,,,,,,,,,"<li>Made with our soft ring spun cotton and cotton blends -</li> <li>Softstyle features high stitch density fabric that offers a smooth printing surface, ideal for DTG</li> <li>Proud member of the US Cotton Trust Protocol (USCTP) and Better Cotton&#8482;</li> <li>Cotton products from Gildan support more sustainable + ethical cotton farming</li> <li>Soft ring spun fabric feels great against your skin</li> <li>Non-topstitched, narrow width, rib collar</li> <li>Taped neck and shoulders for comfort and durability</li> <li>Modern classic fit, tubular body</li> <li>High-performing black tear-away label</li> <li>Yarn Count 30/1</li> <li><b>Also available in ladies sizes code 64000L and childrens sizes 64000B</b></li>",1.87
37683,376761,64000,TSHIRT,T-SHIRTS,MSSTSH,MENS SHORT SLEEVE T-SHIRT,GILDAN,GILDAN,MS0092,33,Forest Green,13,L,Softstyle Adult T-Shirt,2.44,1,12,72,02-01-2026 8:57,C,https://myebrochure.co.uk/images/colours/gildan/gildan-33.jpg,https://myebrochure.co.uk/images/products/prod_15009_64000_184585.jpg,https://myebrochure.co.uk/images/products.small/prod_15009_64000_184585.jpg,https://myebrochure.co.uk/images/products.hires/prod_15009_64000_184585.jpg,https://myebrochure.co.uk/images/brands/gildan_25.png,https://myebrochure.co.uk/images/products.hires/prod_15009_64000_176874.jpg,,,,,,,,,,"<li>Made with our soft ring spun cotton and cotton blends -</li> <li>Softstyle features high stitch density fabric that offers a smooth printing surface, ideal for DTG</li> <li>Proud member of the US Cotton Trust Protocol (USCTP) and Better Cotton&#8482;</li> <li>Cotton products from Gildan support more sustainable + ethical cotton farming</li> <li>Soft ring spun fabric feels great against your skin</li> <li>Non-topstitched, narrow width, rib collar</li> <li>Taped neck and shoulders for comfort and durability</li> <li>Modern classic fit, tubular body</li> <li>High-performing black tear-away label</li> <li>Yarn Count 30/1</li> <li><b>Also available in ladies sizes code 64000L and childrens sizes 64000B</b></li>",1.87
37684,376778,64000,TSHIRT,T-SHIRTS,MSSTSH,MENS SHORT SLEEVE T-SHIRT,GILDAN,GILDAN,MS0092,33,Forest Green,13,XL,Softstyle Adult T-Shirt,2.44,1,12,72,02-01-2026 8:57,C,https://myebrochure.co.uk/images/colours/gildan/gildan-33.jpg,https://myebrochure.co.uk/images/products/prod_15009_64000_184585.jpg,https://myebrochure.co.uk/images/products.small/prod_15009_64000_184585.jpg,https://myebrochure.co.uk/images/products.hires/prod_15009_64000_184585.jpg,https://myebrochure.co.uk/images/brands/gildan_25.png,https://myebrochure.co.uk/images/products.hires/prod_15009_64000_176874.jpg,,,,,,,,,,"<li>Made with our soft ring spun cotton and cotton blends -</li> <li>Softstyle features high stitch density fabric that offers a smooth printing surface, ideal for DTG</li> <li>Proud member of the US Cotton Trust Protocol (USCTP) and Better Cotton&#8482;</li> <li>Cotton products from Gildan support more sustainable + ethical cotton farming</li> <li>Soft ring spun fabric feels great against your skin</li> <li>Non-topstitched, narrow width, rib collar</li> <li>Taped neck and shoulders for comfort and durability</li> <li>Modern classic fit, tubular body</li> <li>High-performing black tear-away label</li> <li>Yarn Count 30/1</li> <li><b>Also available in ladies sizes code 64000L and childrens sizes 64000B</b></li>",1.87
37685,376785,64000,TSHIRT,T-SHIRTS,MSSTSH,MENS SHORT SLEEVE T-SHIRT,GILDAN,GILDAN,MS0092,33,Forest Green,13,2XL,Softstyle Adult T-Shirt,2.44,1,12,72,02-01-2026 8:57,C,https://myebrochure.co.uk/images/colours/gildan/gildan-33.jpg,https://myebrochure.co.uk/images/products/prod_15009_64000_184585.jpg,https://myebrochure.co.uk/images/products.small/prod_15009_64000_184585.jpg,https://myebrochure.co.uk/images/products.hires/prod_15009_64000_184585.jpg,https://myebrochure.co.uk/images/brands/gildan_25.png,https://myebrochure.co.uk/images/products.hires/prod_15009_64000_176874.jpg,,,,,,,,,,"<li>Made with our soft ring spun cotton and cotton blends -</li> <li>Softstyle features high stitch density fabric that offers a smooth printing surface, ideal for DTG</li> <li>Proud member of the US Cotton Trust Protocol (USCTP) and Better Cotton&#8482;</li> <li>Cotton products from Gildan support more sustainable + ethical cotton farming</li> <li>Soft ring spun fabric feels great against your skin</li> <li>Non-topstitched, narrow width, rib collar</li> <li>Taped neck and shoulders for comfort and durability</li> <li>Modern classic fit, tubular body</li> <li>High-performing black tear-away label</li> <li>Yarn Count 30/1</li> <li><b>Also available in ladies sizes code 64000L and childrens sizes 64000B</b></li>",1.87
136613,1365344,64000,TSHIRT,T-SHIRTS,MSSTSH,MENS SHORT SLEEVE T-SHIRT,GILDAN,GILDAN,MS0092,33,Forest Green,13,3XL,Softstyle Adult T-Shirt,3.28,1,12,36,02-01-2026 8:57,C,https://myebrochure.co.uk/images/colours/gildan/gildan-33.jpg,https://myebrochure.co.uk/images/products/prod_15009_64000_184585.jpg,https://myebrochure.co.uk/images/products.small/prod_15009_64000_184585.jpg,https://myebrochure.co.uk/images/products.hires/prod_15009_64000_184585.jpg,https://myebrochure.co.uk/images/brands/gildan_25.png,https://myebrochure.co.uk/images/products.hires/prod_15009_64000_176874.jpg,,,,,,,,,,"<li>Made with our soft ring spun cotton and cotton blends -</li> <li>Softstyle features high stitch density fabric that offers a smooth printing surface, ideal for DTG</li> <li>Proud member of the US Cotton Trust Protocol (USCTP) and Better Cotton&#8482;</li> <li>Cotton products from Gildan support more sustainable + ethical cotton farming</li> <li>Soft ring spun fabric feels great against your skin</li> <li>Non-topstitched, narrow width, rib collar</li> <li>Taped neck and shoulders for comfort and durability</li> <li>Modern classic fit, tubular body</li> <li>High-performing black tear-away label</li> <li>Yarn Count 30/1</li> <li><b>Also available in ladies sizes code 64000L and childrens sizes 64000B</b></li>",2.51
235871,2358727,64000,TSHIRT,T-SHIRTS,MSSTSH,MENS SHORT SLEEVE T-SHIRT,GILDAN,GILDAN,MS0092,24,Gold,13,S,Softstyle Adult T-Shirt,2.44,1,12,72,02-01-2026 8:57,C,https://myebrochure.co.uk/images/colours/gildan/gildan-24.jpg,https://myebrochure.co.uk/images/products/prod_15009_64000_184585.jpg,https://myebrochure.co.uk/images/products.small/prod_15009_64000_184585.jpg,https://myebrochure.co.uk/images/products.hires/prod_15009_64000_184585.jpg,https://myebrochure.co.uk/images/brands/gildan_25.png,https://myebrochure.co.uk/images/products.hires/prod_15009_64000_185004.jpg,,,,,,,,,,"<li>Made with our soft ring spun cotton and cotton blends -</li> <li>Softstyle features high stitch density fabric that offers a smooth printing surface, ideal for DTG</li> <li>Proud member of the US Cotton Trust Protocol (USCTP) and Better Cotton&#8482;</li> <li>Cotton products from Gildan support more sustainable + ethical cotton farming</li> <li>Soft ring spun fabric feels great against your skin</li> <li>Non-topstitched, narrow width, rib collar</li> <li>Taped neck and shoulders for comfort and durability</li> <li>Modern classic fit, tubular body</li> <li>High-performing black tear-away label</li> <li>Yarn Count 30/1</li> <li><b>Also available in ladies sizes code 64000L and childrens sizes 64000B</b></li>",1.87
235872,2358734,64000,TSHIRT,T-SHIRTS,MSSTSH,MENS SHORT SLEEVE T-SHIRT,GILDAN,GILDAN,MS0092,24,Gold,13,M,Softstyle Adult T-Shirt,2.44,1,12,72,02-01-2026 8:57,C,https://myebrochure.co.uk/images/colours/gildan/gildan-24.jpg,https://myebrochure.co.uk/images/products/prod_15009_64000_184585.jpg,https://myebrochure.co.uk/images/products.small/prod_15009_64000_184585.jpg,https://myebrochure.co.uk/images/products.hires/prod_15009_64000_184585.jpg,https://myebrochure.co.uk/images/brands/gildan_25.png,https://myebrochure.co.uk/images/products.hires/prod_15009_64000_185004.jpg,,,,,,,,,,"<li>Made with our soft ring spun cotton and cotton blends -</li> <li>Softstyle features high stitch density fabric that offers a smooth printing surface, ideal for DTG</li> <li>Proud member of the US Cotton Trust Protocol (USCTP) and Better Cotton&#8482;</li> <li>Cotton products from Gildan support more sustainable + ethical cotton farming</li> <li>Soft ring spun fabric feels great against your skin</li> <li>Non-topstitched, narrow width, rib collar</li> <li>Taped neck and shoulders for comfort and durability</li> <li>Modern classic fit, tubular body</li> <li>High-performing black tear-away label</li> <li>Yarn Count 30/1</li> <li><b>Also available in ladies sizes code 64000L and childrens sizes 64000B</b></li>",1.87
235873,2358741,64000,TSHIRT,T-SHIRTS,MSSTSH,MENS SHORT SLEEVE T-SHIRT,GILDAN,GILDAN,MS0092,24,Gold,13,L,Softstyle Adult T-Shirt,2.44,1,12,72,02-01-2026 8:57,C,https://myebrochure.co.uk/images/colours/gildan/gildan-24.jpg,https://myebrochure.co.uk/images/products/prod_15009_64000_184585.jpg,https://myebrochure.co.uk/images/products.small/prod_15009_64000_184585.jpg,https://myebrochure.co.uk/images/products.hires/prod_15009_64000_184585.jpg,https://myebrochure.co.uk/images/brands/gildan_25.png,https://myebrochure.co.uk/images/products.hires/prod_15009_64000_185004.jpg,,,,,,,,,,"<li>Made with our soft ring spun cotton and cotton blends -</li> <li>Softstyle features high stitch density fabric that offers a smooth printing surface, ideal for DTG</li> <li>Proud member of the US Cotton Trust Protocol (USCTP) and Better Cotton&#8482;</li> <li>Cotton products from Gildan support more sustainable + ethical cotton farming</li> <li>Soft ring spun fabric feels great against your skin</li> <li>Non-topstitched, narrow width, rib collar</li> <li>Taped neck and shoulders for comfort and durability</li> <li>Modern classic fit, tubular body</li> <li>High-performing black tear-away label</li> <li>Yarn Count 30/1</li> <li><b>Also available in ladies sizes code 64000L and childrens sizes 64000B</b></li>",1.87
235874,2358758,64000,TSHIRT,T-SHIRTS,MSSTSH,MENS SHORT SLEEVE T-SHIRT,GILDAN,GILDAN,MS0092,24,Gold,13,XL,Softstyle Adult T-Shirt,2.44,1,12,72,02-01-2026 8:57,C,https://myebrochure.co.uk/images/colours/gildan/gildan-24.jpg,https://myebrochure.co.uk/images/products/prod_15009_64000_184585.jpg,https://myebrochure.co.uk/images/products.small/prod_15009_64000_184585.jpg,https://myebrochure.co.uk/images/products.hires/prod_15009_64000_184585.jpg,https://myebrochure.co.uk/images/brands/gildan_25.png,https://myebrochure.co.uk/images/products.hires/prod_15009_64000_185004.jpg,,,,,,,,,,"<li>Made with our soft ring spun cotton and cotton blends -</li> <li>Softstyle features high stitch density fabric that offers a smooth printing surface, ideal for DTG</li> <li>Proud member of the US Cotton Trust Protocol (USCTP) and Better Cotton&#8482;</li> <li>Cotton products from Gildan support more sustainable + ethical cotton farming</li> <li>Soft ring spun fabric feels great against your skin</li> <li>Non-topstitched, narrow width, rib collar</li> <li>Taped neck and shoulders for comfort and durability</li> <li>Modern classic fit, tubular body</li> <li>High-performing black tear-away label</li> <li>Yarn Count 30/1</li> <li><b>Also available in ladies sizes code 64000L and childrens sizes 64000B</b></li>",1.87
235875,2358765,64000,TSHIRT,T-SHIRTS,MSSTSH,MENS SHORT SLEEVE T-SHIRT,GILDAN,GILDAN,MS0092,24,Gold,13,2XL,Softstyle Adult T-Shirt,2.44,1,12,72,02-01-2026 8:57,C,https://myebrochure.co.uk/images/colours/gildan/gildan-24.jpg,https://myebrochure.co.uk/images/products/prod_15009_64000_184585.jpg,https://myebrochure.co.uk/images/products.small/prod_15009_64000_184585.jpg,https://myebrochure.co.uk/images/products.hires/prod_15009_64000_184585.jpg,https://myebrochure.co.uk/images/brands/gildan_25.png,https://myebrochure.co.uk/images/products.hires/prod_15009_64000_185004.jpg,,,,,,,,,,"<li>Made with our soft ring spun cotton and cotton blends -</li> <li>Softstyle features high stitch density fabric that offers a smooth printing surface, ideal for DTG</li> <li>Proud member of the US Cotton Trust Protocol (USCTP) and Better Cotton&#8482;</li> <li>Cotton products from Gildan support more sustainable + ethical cotton farming</li> <li>Soft ring spun fabric feels great against your skin</li> <li>Non-topstitched, narrow width, rib collar</li> <li>Taped neck and shoulders for comfort and durability</li> <li>Modern classic fit, tubular body</li> <li>High-performing black tear-away label</li> <li>Yarn Count 30/1</li> <li><b>Also available in ladies sizes code 64000L and childrens sizes 64000B</b></li>",1.87
235876,2358772,64000,TSHIRT,T-SHIRTS,MSSTSH,MENS SHORT SLEEVE T-SHIRT,GILDAN,GILDAN,MS0092,24,Gold,13,3XL,Softstyle Adult T-Shirt,3.26,1,6,36,02-01-2026 8:57,C,https://myebrochure.co.uk/images/colours/gildan/gildan-24.jpg,https://myebrochure.co.uk/images/products/prod_15009_64000_184585.jpg,https://myebrochure.co.uk/images/products.small/prod_15009_64000_184585.jpg,https://myebrochure.co.uk/images/products.hires/prod_15009_64000_184585.jpg,https://myebrochure.co.uk/images/brands/gildan_25.png,https://myebrochure.co.uk/images/products.hires/prod_15009_64000_185004.jpg,,,,,,,,,,"<li>Made with our soft ring spun cotton and cotton blends -</li> <li>Softstyle features high stitch density fabric that offers a smooth printing surface, ideal for DTG</li> <li>Proud member of the US Cotton Trust Protocol (USCTP) and Better Cotton&#8482;</li> <li>Cotton products from Gildan support more sustainable + ethical cotton farming</li> <li>Soft ring spun fabric feels great against your skin</li> <li>Non-topstitched, narrow width, rib collar</li> <li>Taped neck and shoulders for comfort and durability</li> <li>Modern classic fit, tubular body</li> <li>High-performing black tear-away label</li> <li>Yarn Count 30/1</li> <li><b>Also available in ladies sizes code 64000L and childrens sizes 64000B</b></li>",2.49
235904,2359052,64000,TSHIRT,T-SHIRTS,MSSTSH,MENS SHORT SLEEVE T-SHIRT,GILDAN,GILDAN,MS0092,516,Graphite Heather,13,XS,Softstyle Adult T-Shirt,2.44,1,12,72,02-01-2026 8:57,C,https://myebrochure.co.uk/images/colours/gildan/gildan-516.jpg,https://myebrochure.co.uk/images/products/prod_15009_64000_184585.jpg,https://myebrochure.co.uk/images/products.small/prod_15009_64000_184585.jpg,https://myebrochure.co.uk/images/products.hires/prod_15009_64000_184585.jpg,https://myebrochure.co.uk/images/brands/gildan_25.png,https://myebrochure.co.uk/images/products.hires/prod_15009_64000_176893.jpg,,,,,,,,,,"<li>Made with our soft ring spun cotton and cotton blends -</li> <li>Softstyle features high stitch density fabric that offers a smooth printing surface, ideal for DTG</li> <li>Proud member of the US Cotton Trust Protocol (USCTP) and Better Cotton&#8482;</li> <li>Cotton products from Gildan support more sustainable + ethical cotton farming</li> <li>Soft ring spun fabric feels great against your skin</li> <li>Non-topstitched, narrow width, rib collar</li> <li>Taped neck and shoulders for comfort and durability</li> <li>Modern classic fit, tubular body</li> <li>High-performing black tear-away label</li> <li>Yarn Count 30/1</li> <li><b>Also available in ladies sizes code 64000L and childrens sizes 64000B</b></li>",1.87
146166,1460704,64000,TSHIRT,T-SHIRTS,MSSTSH,MENS SHORT SLEEVE T-SHIRT,GILDAN,GILDAN,MS0092,516,Graphite Heather,13,S,Softstyle Adult T-Shirt,2.44,1,12,72,02-01-2026 8:57,C,https://myebrochure.co.uk/images/colours/gildan/gildan-516.jpg,https://myebrochure.co.uk/images/products/prod_15009_64000_184585.jpg,https://myebrochure.co.uk/images/products.small/prod_15009_64000_184585.jpg,https://myebrochure.co.uk/images/products.hires/prod_15009_64000_184585.jpg,https://myebrochure.co.uk/images/brands/gildan_25.png,https://myebrochure.co.uk/images/products.hires/prod_15009_64000_176893.jpg,,,,,,,,,,"<li>Made with our soft ring spun cotton and cotton blends -</li> <li>Softstyle features high stitch density fabric that offers a smooth printing surface, ideal for DTG</li> <li>Proud member of the US Cotton Trust Protocol (USCTP) and Better Cotton&#8482;</li> <li>Cotton products from Gildan support more sustainable + ethical cotton farming</li> <li>Soft ring spun fabric feels great against your skin</li> <li>Non-topstitched, narrow width, rib collar</li> <li>Taped neck and shoulders for comfort and durability</li> <li>Modern classic fit, tubular body</li> <li>High-performing black tear-away label</li> <li>Yarn Count 30/1</li> <li><b>Also available in ladies sizes code 64000L and childrens sizes 64000B</b></li>",1.87
146167,1460711,64000,TSHIRT,T-SHIRTS,MSSTSH,MENS SHORT SLEEVE T-SHIRT,GILDAN,GILDAN,MS0092,516,Graphite Heather,13,M,Softstyle Adult T-Shirt,2.44,1,12,72,02-01-2026 8:57,C,https://myebrochure.co.uk/images/colours/gildan/gildan-516.jpg,https://myebrochure.co.uk/images/products/prod_15009_64000_184585.jpg,https://myebrochure.co.uk/images/products.small/prod_15009_64000_184585.jpg,https://myebrochure.co.uk/images/products.hires/prod_15009_64000_184585.jpg,https://myebrochure.co.uk/images/brands/gildan_25.png,https://myebrochure.co.uk/images/products.hires/prod_15009_64000_176893.jpg,,,,,,,,,,"<li>Made with our soft ring spun cotton and cotton blends -</li> <li>Softstyle features high stitch density fabric that offers a smooth printing surface, ideal for DTG</li> <li>Proud member of the US Cotton Trust Protocol (USCTP) and Better Cotton&#8482;</li> <li>Cotton products from Gildan support more sustainable + ethical cotton farming</li> <li>Soft ring spun fabric feels great against your skin</li> <li>Non-topstitched, narrow width, rib collar</li> <li>Taped neck and shoulders for comfort and durability</li> <li>Modern classic fit, tubular body</li> <li>High-performing black tear-away label</li> <li>Yarn Count 30/1</li> <li><b>Also available in ladies sizes code 64000L and childrens sizes 64000B</b></li>",1.87
146168,1460728,64000,TSHIRT,T-SHIRTS,MSSTSH,MENS SHORT SLEEVE T-SHIRT,GILDAN,GILDAN,MS0092,516,Graphite Heather,13,L,Softstyle Adult T-Shirt,2.44,1,12,72,02-01-2026 8:57,C,https://myebrochure.co.uk/images/colours/gildan/gildan-516.jpg,https://myebrochure.co.uk/images/products/prod_15009_64000_184585.jpg,https://myebrochure.co.uk/images/products.small/prod_15009_64000_184585.jpg,https://myebrochure.co.uk/images/products.hires/prod_15009_64000_184585.jpg,https://myebrochure.co.uk/images/brands/gildan_25.png,https://myebrochure.co.uk/images/products.hires/prod_15009_64000_176893.jpg,,,,,,,,,,"<li>Made with our soft ring spun cotton and cotton blends -</li> <li>Softstyle features high stitch density fabric that offers a smooth printing surface, ideal for DTG</li> <li>Proud member of the US Cotton Trust Protocol (USCTP) and Better Cotton&#8482;</li> <li>Cotton products from Gildan support more sustainable + ethical cotton farming</li> <li>Soft ring spun fabric feels great against your skin</li> <li>Non-topstitched, narrow width, rib collar</li> <li>Taped neck and shoulders for comfort and durability</li> <li>Modern classic fit, tubular body</li> <li>High-performing black tear-away label</li> <li>Yarn Count 30/1</li> <li><b>Also available in ladies sizes code 64000L and childrens sizes 64000B</b></li>",1.87
146169,1460735,64000,TSHIRT,T-SHIRTS,MSSTSH,MENS SHORT SLEEVE T-SHIRT,GILDAN,GILDAN,MS0092,516,Graphite Heather,13,XL,Softstyle Adult T-Shirt,2.44,1,12,72,02-01-2026 8:57,C,https://myebrochure.co.uk/images/colours/gildan/gildan-516.jpg,https://myebrochure.co.uk/images/products/prod_15009_64000_184585.jpg,https://myebrochure.co.uk/images/products.small/prod_15009_64000_184585.jpg,https://myebrochure.co.uk/images/products.hires/prod_15009_64000_184585.jpg,https://myebrochure.co.uk/images/brands/gildan_25.png,https://myebrochure.co.uk/images/products.hires/prod_15009_64000_176893.jpg,,,,,,,,,,"<li>Made with our soft ring spun cotton and cotton blends -</li> <li>Softstyle features high stitch density fabric that offers a smooth printing surface, ideal for DTG</li> <li>Proud member of the US Cotton Trust Protocol (USCTP) and Better Cotton&#8482;</li> <li>Cotton products from Gildan support more sustainable + ethical cotton farming</li> <li>Soft ring spun fabric feels great against your skin</li> <li>Non-topstitched, narrow width, rib collar</li> <li>Taped neck and shoulders for comfort and durability</li> <li>Modern classic fit, tubular body</li> <li>High-performing black tear-away label</li> <li>Yarn Count 30/1</li> <li><b>Also available in ladies sizes code 64000L and childrens sizes 64000B</b></li>",1.87
146170,1460742,64000,TSHIRT,T-SHIRTS,MSSTSH,MENS SHORT SLEEVE T-SHIRT,GILDAN,GILDAN,MS0092,516,Graphite Heather,13,2XL,Softstyle Adult T-Shirt,2.44,1,12,72,02-01-2026 8:57,C,https://myebrochure.co.uk/images/colours/gildan/gildan-516.jpg,https://myebrochure.co.uk/images/products/prod_15009_64000_184585.jpg,https://myebrochure.co.uk/images/products.small/prod_15009_64000_184585.jpg,https://myebrochure.co.uk/images/products.hires/prod_15009_64000_184585.jpg,https://myebrochure.co.uk/images/brands/gildan_25.png,https://myebrochure.co.uk/images/products.hires/prod_15009_64000_176893.jpg,,,,,,,,,,"<li>Made with our soft ring spun cotton and cotton blends -</li> <li>Softstyle features high stitch density fabric that offers a smooth printing surface, ideal for DTG</li> <li>Proud member of the US Cotton Trust Protocol (USCTP) and Better Cotton&#8482;</li> <li>Cotton products from Gildan support more sustainable + ethical cotton farming</li> <li>Soft ring spun fabric feels great against your skin</li> <li>Non-topstitched, narrow width, rib collar</li> <li>Taped neck and shoulders for comfort and durability</li> <li>Modern classic fit, tubular body</li> <li>High-performing black tear-away label</li> <li>Yarn Count 30/1</li> <li><b>Also available in ladies sizes code 64000L and childrens sizes 64000B</b></li>",1.87
146171,1460759,64000,TSHIRT,T-SHIRTS,MSSTSH,MENS SHORT SLEEVE T-SHIRT,GILDAN,GILDAN,MS0092,516,Graphite Heather,13,3XL,Softstyle Adult T-Shirt,3.28,1,12,36,02-01-2026 8:57,C,https://myebrochure.co.uk/images/colours/gildan/gildan-516.jpg,https://myebrochure.co.uk/images/products/prod_15009_64000_184585.jpg,https://myebrochure.co.uk/images/products.small/prod_15009_64000_184585.jpg,https://myebrochure.co.uk/images/products.hires/prod_15009_64000_184585.jpg,https://myebrochure.co.uk/images/brands/gildan_25.png,https://myebrochure.co.uk/images/products.hires/prod_15009_64000_176893.jpg,,,,,,,,,,"<li>Made with our soft ring spun cotton and cotton blends -</li> <li>Softstyle features high stitch density fabric that offers a smooth printing surface, ideal for DTG</li> <li>Proud member of the US Cotton Trust Protocol (USCTP) and Better Cotton&#8482;</li> <li>Cotton products from Gildan support more sustainable + ethical cotton farming</li> <li>Soft ring spun fabric feels great against your skin</li> <li>Non-topstitched, narrow width, rib collar</li> <li>Taped neck and shoulders for comfort and durability</li> <li>Modern classic fit, tubular body</li> <li>High-performing black tear-away label</li> <li>Yarn Count 30/1</li> <li><b>Also available in ladies sizes code 64000L and childrens sizes 64000B</b></li>",2.51
178306,1782134,64000,TSHIRT,T-SHIRTS,MSSTSH,MENS SHORT SLEEVE T-SHIRT,GILDAN,GILDAN,MS0092,516,Graphite Heather,13,4XL,Softstyle Adult T-Shirt,3.28,1,6,12,02-01-2026 8:57,C,https://myebrochure.co.uk/images/colours/gildan/gildan-516.jpg,https://myebrochure.co.uk/images/products/prod_15009_64000_184585.jpg,https://myebrochure.co.uk/images/products.small/prod_15009_64000_184585.jpg,https://myebrochure.co.uk/images/products.hires/prod_15009_64000_184585.jpg,https://myebrochure.co.uk/images/brands/gildan_25.png,https://myebrochure.co.uk/images/products.hires/prod_15009_64000_176893.jpg,,,,,,,,,,"<li>Made with our soft ring spun cotton and cotton blends -</li> <li>Softstyle features high stitch density fabric that offers a smooth printing surface, ideal for DTG</li> <li>Proud member of the US Cotton Trust Protocol (USCTP) and Better Cotton&#8482;</li> <li>Cotton products from Gildan support more sustainable + ethical cotton farming</li> <li>Soft ring spun fabric feels great against your skin</li> <li>Non-topstitched, narrow width, rib collar</li> <li>Taped neck and shoulders for comfort and durability</li> <li>Modern classic fit, tubular body</li> <li>High-performing black tear-away label</li> <li>Yarn Count 30/1</li> <li><b>Also available in ladies sizes code 64000L and childrens sizes 64000B</b></li>",2.51
89749,897099,64000,TSHIRT,T-SHIRTS,MSSTSH,MENS SHORT SLEEVE T-SHIRT,GILDAN,GILDAN,MS0092,231,Heather Military Green,13,S,Softstyle Adult T-Shirt,2.44,1,12,72,02-01-2026 8:57,C,https://myebrochure.co.uk/images/colours/gildan/gildan-231.jpg,https://myebrochure.co.uk/images/products/prod_15009_64000_184585.jpg,https://myebrochure.co.uk/images/products.small/prod_15009_64000_184585.jpg,https://myebrochure.co.uk/images/products.hires/prod_15009_64000_184585.jpg,https://myebrochure.co.uk/images/brands/gildan_25.png,https://myebrochure.co.uk/images/products.hires/prod_15009_64000_176868.jpg,,,,,,,,,,"<li>Made with our soft ring spun cotton and cotton blends -</li> <li>Softstyle features high stitch density fabric that offers a smooth printing surface, ideal for DTG</li> <li>Proud member of the US Cotton Trust Protocol (USCTP) and Better Cotton&#8482;</li> <li>Cotton products from Gildan support more sustainable + ethical cotton farming</li> <li>Soft ring spun fabric feels great against your skin</li> <li>Non-topstitched, narrow width, rib collar</li> <li>Taped neck and shoulders for comfort and durability</li> <li>Modern classic fit, tubular body</li> <li>High-performing black tear-away label</li> <li>Yarn Count 30/1</li> <li><b>Also available in ladies sizes code 64000L and childrens sizes 64000B</b></li>",1.87
89750,897105,64000,TSHIRT,T-SHIRTS,MSSTSH,MENS SHORT SLEEVE T-SHIRT,GILDAN,GILDAN,MS0092,231,Heather Military Green,13,M,Softstyle Adult T-Shirt,2.44,1,12,72,02-01-2026 8:57,C,https://myebrochure.co.uk/images/colours/gildan/gildan-231.jpg,https://myebrochure.co.uk/images/products/prod_15009_64000_184585.jpg,https://myebrochure.co.uk/images/products.small/prod_15009_64000_184585.jpg,https://myebrochure.co.uk/images/products.hires/prod_15009_64000_184585.jpg,https://myebrochure.co.uk/images/brands/gildan_25.png,https://myebrochure.co.uk/images/products.hires/prod_15009_64000_176868.jpg,,,,,,,,,,"<li>Made with our soft ring spun cotton and cotton blends -</li> <li>Softstyle features high stitch density fabric that offers a smooth printing surface, ideal for DTG</li> <li>Proud member of the US Cotton Trust Protocol (USCTP) and Better Cotton&#8482;</li> <li>Cotton products from Gildan support more sustainable + ethical cotton farming</li> <li>Soft ring spun fabric feels great against your skin</li> <li>Non-topstitched, narrow width, rib collar</li> <li>Taped neck and shoulders for comfort and durability</li> <li>Modern classic fit, tubular body</li> <li>High-performing black tear-away label</li> <li>Yarn Count 30/1</li> <li><b>Also available in ladies sizes code 64000L and childrens sizes 64000B</b></li>",1.87
89751,897112,64000,TSHIRT,T-SHIRTS,MSSTSH,MENS SHORT SLEEVE T-SHIRT,GILDAN,GILDAN,MS0092,231,Heather Military Green,13,L,Softstyle Adult T-Shirt,2.44,1,12,72,02-01-2026 8:57,C,https://myebrochure.co.uk/images/colours/gildan/gildan-231.jpg,https://myebrochure.co.uk/images/products/prod_15009_64000_184585.jpg,https://myebrochure.co.uk/images/products.small/prod_15009_64000_184585.jpg,https://myebrochure.co.uk/images/products.hires/prod_15009_64000_184585.jpg,https://myebrochure.co.uk/images/brands/gildan_25.png,https://myebrochure.co.uk/images/products.hires/prod_15009_64000_176868.jpg,,,,,,,,,,"<li>Made with our soft ring spun cotton and cotton blends -</li> <li>Softstyle features high stitch density fabric that offers a smooth printing surface, ideal for DTG</li> <li>Proud member of the US Cotton Trust Protocol (USCTP) and Better Cotton&#8482;</li> <li>Cotton products from Gildan support more sustainable + ethical cotton farming</li> <li>Soft ring spun fabric feels great against your skin</li> <li>Non-topstitched, narrow width, rib collar</li> <li>Taped neck and shoulders for comfort and durability</li> <li>Modern classic fit, tubular body</li> <li>High-performing black tear-away label</li> <li>Yarn Count 30/1</li> <li><b>Also available in ladies sizes code 64000L and childrens sizes 64000B</b></li>",1.87
89752,897129,64000,TSHIRT,T-SHIRTS,MSSTSH,MENS SHORT SLEEVE T-SHIRT,GILDAN,GILDAN,MS0092,231,Heather Military Green,13,XL,Softstyle Adult T-Shirt,2.44,1,12,72,02-01-2026 8:57,C,https://myebrochure.co.uk/images/colours/gildan/gildan-231.jpg,https://myebrochure.co.uk/images/products/prod_15009_64000_184585.jpg,https://myebrochure.co.uk/images/products.small/prod_15009_64000_184585.jpg,https://myebrochure.co.uk/images/products.hires/prod_15009_64000_184585.jpg,https://myebrochure.co.uk/images/brands/gildan_25.png,https://myebrochure.co.uk/images/products.hires/prod_15009_64000_176868.jpg,,,,,,,,,,"<li>Made with our soft ring spun cotton and cotton blends -</li> <li>Softstyle features high stitch density fabric that offers a smooth printing surface, ideal for DTG</li> <li>Proud member of the US Cotton Trust Protocol (USCTP) and Better Cotton&#8482;</li> <li>Cotton products from Gildan support more sustainable + ethical cotton farming</li> <li>Soft ring spun fabric feels great against your skin</li> <li>Non-topstitched, narrow width, rib collar</li> <li>Taped neck and shoulders for comfort and durability</li> <li>Modern classic fit, tubular body</li> <li>High-performing black tear-away label</li> <li>Yarn Count 30/1</li> <li><b>Also available in ladies sizes code 64000L and childrens sizes 64000B</b></li>",1.87
89753,897136,64000,TSHIRT,T-SHIRTS,MSSTSH,MENS SHORT SLEEVE T-SHIRT,GILDAN,GILDAN,MS0092,231,Heather Military Green,13,2XL,Softstyle Adult T-Shirt,2.44,1,12,72,02-01-2026 8:57,C,https://myebrochure.co.uk/images/colours/gildan/gildan-231.jpg,https://myebrochure.co.uk/images/products/prod_15009_64000_184585.jpg,https://myebrochure.co.uk/images/products.small/prod_15009_64000_184585.jpg,https://myebrochure.co.uk/images/products.hires/prod_15009_64000_184585.jpg,https://myebrochure.co.uk/images/brands/gildan_25.png,https://myebrochure.co.uk/images/products.hires/prod_15009_64000_176868.jpg,,,,,,,,,,"<li>Made with our soft ring spun cotton and cotton blends -</li> <li>Softstyle features high stitch density fabric that offers a smooth printing surface, ideal for DTG</li> <li>Proud member of the US Cotton Trust Protocol (USCTP) and Better Cotton&#8482;</li> <li>Cotton products from Gildan support more sustainable + ethical cotton farming</li> <li>Soft ring spun fabric feels great against your skin</li> <li>Non-topstitched, narrow width, rib collar</li> <li>Taped neck and shoulders for comfort and durability</li> <li>Modern classic fit, tubular body</li> <li>High-performing black tear-away label</li> <li>Yarn Count 30/1</li> <li><b>Also available in ladies sizes code 64000L and childrens sizes 64000B</b></li>",1.87
109902,1098617,64000,TSHIRT,T-SHIRTS,MSSTSH,MENS SHORT SLEEVE T-SHIRT,GILDAN,GILDAN,MS0092,231,Heather Military Green,13,3XL,Softstyle Adult T-Shirt,3.28,1,12,36,02-01-2026 8:57,C,https://myebrochure.co.uk/images/colours/gildan/gildan-231.jpg,https://myebrochure.co.uk/images/products/prod_15009_64000_184585.jpg,https://myebrochure.co.uk/images/products.small/prod_15009_64000_184585.jpg,https://myebrochure.co.uk/images/products.hires/prod_15009_64000_184585.jpg,https://myebrochure.co.uk/images/brands/gildan_25.png,https://myebrochure.co.uk/images/products.hires/prod_15009_64000_176868.jpg,,,,,,,,,,"<li>Made with our soft ring spun cotton and cotton blends -</li> <li>Softstyle features high stitch density fabric that offers a smooth printing surface, ideal for DTG</li> <li>Proud member of the US Cotton Trust Protocol (USCTP) and Better Cotton&#8482;</li> <li>Cotton products from Gildan support more sustainable + ethical cotton farming</li> <li>Soft ring spun fabric feels great against your skin</li> <li>Non-topstitched, narrow width, rib collar</li> <li>Taped neck and shoulders for comfort and durability</li> <li>Modern classic fit, tubular body</li> <li>High-performing black tear-away label</li> <li>Yarn Count 30/1</li> <li><b>Also available in ladies sizes code 64000L and childrens sizes 64000B</b></li>",2.51
178277,1781847,64000,TSHIRT,T-SHIRTS,MSSTSH,MENS SHORT SLEEVE T-SHIRT,GILDAN,GILDAN,MS0092,231,Heather Military Green,13,4XL,Softstyle Adult T-Shirt,3.28,1,6,12,02-01-2026 8:57,C,https://myebrochure.co.uk/images/colours/gildan/gildan-231.jpg,https://myebrochure.co.uk/images/products/prod_15009_64000_184585.jpg,https://myebrochure.co.uk/images/products.small/prod_15009_64000_184585.jpg,https://myebrochure.co.uk/images/products.hires/prod_15009_64000_184585.jpg,https://myebrochure.co.uk/images/brands/gildan_25.png,https://myebrochure.co.uk/images/products.hires/prod_15009_64000_176868.jpg,,,,,,,,,,"<li>Made with our soft ring spun cotton and cotton blends -</li> <li>Softstyle features high stitch density fabric that offers a smooth printing surface, ideal for DTG</li> <li>Proud member of the US Cotton Trust Protocol (USCTP) and Better Cotton&#8482;</li> <li>Cotton products from Gildan support more sustainable + ethical cotton farming</li> <li>Soft ring spun fabric feels great against your skin</li> <li>Non-topstitched, narrow width, rib collar</li> <li>Taped neck and shoulders for comfort and durability</li> <li>Modern classic fit, tubular body</li> <li>High-performing black tear-away label</li> <li>Yarn Count 30/1</li> <li><b>Also available in ladies sizes code 64000L and childrens sizes 64000B</b></li>",2.51
77021,769723,64000,TSHIRT,T-SHIRTS,MSSTSH,MENS SHORT SLEEVE T-SHIRT,GILDAN,GILDAN,MS0092,170,Heather Navy,13,S,Softstyle Adult T-Shirt,2.44,1,12,72,02-01-2026 8:57,C,https://myebrochure.co.uk/images/colours/gildan/gildan-170.jpg,https://myebrochure.co.uk/images/products/prod_15009_64000_184585.jpg,https://myebrochure.co.uk/images/products.small/prod_15009_64000_184585.jpg,https://myebrochure.co.uk/images/products.hires/prod_15009_64000_184585.jpg,https://myebrochure.co.uk/images/brands/gildan_25.png,https://myebrochure.co.uk/images/products.hires/prod_15009_64000_176870.jpg,,,,,,,,,,"<li>Made with our soft ring spun cotton and cotton blends -</li> <li>Softstyle features high stitch density fabric that offers a smooth printing surface, ideal for DTG</li> <li>Proud member of the US Cotton Trust Protocol (USCTP) and Better Cotton&#8482;</li> <li>Cotton products from Gildan support more sustainable + ethical cotton farming</li> <li>Soft ring spun fabric feels great against your skin</li> <li>Non-topstitched, narrow width, rib collar</li> <li>Taped neck and shoulders for comfort and durability</li> <li>Modern classic fit, tubular body</li> <li>High-performing black tear-away label</li> <li>Yarn Count 30/1</li> <li><b>Also available in ladies sizes code 64000L and childrens sizes 64000B</b></li>",1.87
77022,769730,64000,TSHIRT,T-SHIRTS,MSSTSH,MENS SHORT SLEEVE T-SHIRT,GILDAN,GILDAN,MS0092,170,Heather Navy,13,M,Softstyle Adult T-Shirt,2.44,1,12,72,02-01-2026 8:57,C,https://myebrochure.co.uk/images/colours/gildan/gildan-170.jpg,https://myebrochure.co.uk/images/products/prod_15009_64000_184585.jpg,https://myebrochure.co.uk/images/products.small/prod_15009_64000_184585.jpg,https://myebrochure.co.uk/images/products.hires/prod_15009_64000_184585.jpg,https://myebrochure.co.uk/images/brands/gildan_25.png,https://myebrochure.co.uk/images/products.hires/prod_15009_64000_176870.jpg,,,,,,,,,,"<li>Made with our soft ring spun cotton and cotton blends -</li> <li>Softstyle features high stitch density fabric that offers a smooth printing surface, ideal for DTG</li> <li>Proud member of the US Cotton Trust Protocol (USCTP) and Better Cotton&#8482;</li> <li>Cotton products from Gildan support more sustainable + ethical cotton farming</li> <li>Soft ring spun fabric feels great against your skin</li> <li>Non-topstitched, narrow width, rib collar</li> <li>Taped neck and shoulders for comfort and durability</li> <li>Modern classic fit, tubular body</li> <li>High-performing black tear-away label</li> <li>Yarn Count 30/1</li> <li><b>Also available in ladies sizes code 64000L and childrens sizes 64000B</b></li>",1.87
77023,769747,64000,TSHIRT,T-SHIRTS,MSSTSH,MENS SHORT SLEEVE T-SHIRT,GILDAN,GILDAN,MS0092,170,Heather Navy,13,L,Softstyle Adult T-Shirt,2.44,1,12,72,02-01-2026 8:57,C,https://myebrochure.co.uk/images/colours/gildan/gildan-170.jpg,https://myebrochure.co.uk/images/products/prod_15009_64000_184585.jpg,https://myebrochure.co.uk/images/products.small/prod_15009_64000_184585.jpg,https://myebrochure.co.uk/images/products.hires/prod_15009_64000_184585.jpg,https://myebrochure.co.uk/images/brands/gildan_25.png,https://myebrochure.co.uk/images/products.hires/prod_15009_64000_176870.jpg,,,,,,,,,,"<li>Made with our soft ring spun cotton and cotton blends -</li> <li>Softstyle features high stitch density fabric that offers a smooth printing surface, ideal for DTG</li> <li>Proud member of the US Cotton Trust Protocol (USCTP) and Better Cotton&#8482;</li> <li>Cotton products from Gildan support more sustainable + ethical cotton farming</li> <li>Soft ring spun fabric feels great against your skin</li> <li>Non-topstitched, narrow width, rib collar</li> <li>Taped neck and shoulders for comfort and durability</li> <li>Modern classic fit, tubular body</li> <li>High-performing black tear-away label</li> <li>Yarn Count 30/1</li> <li><b>Also available in ladies sizes code 64000L and childrens sizes 64000B</b></li>",1.87
77024,769754,64000,TSHIRT,T-SHIRTS,MSSTSH,MENS SHORT SLEEVE T-SHIRT,GILDAN,GILDAN,MS0092,170,Heather Navy,13,XL,Softstyle Adult T-Shirt,2.44,1,12,72,02-01-2026 8:57,C,https://myebrochure.co.uk/images/colours/gildan/gildan-170.jpg,https://myebrochure.co.uk/images/products/prod_15009_64000_184585.jpg,https://myebrochure.co.uk/images/products.small/prod_15009_64000_184585.jpg,https://myebrochure.co.uk/images/products.hires/prod_15009_64000_184585.jpg,https://myebrochure.co.uk/images/brands/gildan_25.png,https://myebrochure.co.uk/images/products.hires/prod_15009_64000_176870.jpg,,,,,,,,,,"<li>Made with our soft ring spun cotton and cotton blends -</li> <li>Softstyle features high stitch density fabric that offers a smooth printing surface, ideal for DTG</li> <li>Proud member of the US Cotton Trust Protocol (USCTP) and Better Cotton&#8482;</li> <li>Cotton products from Gildan support more sustainable + ethical cotton farming</li> <li>Soft ring spun fabric feels great against your skin</li> <li>Non-topstitched, narrow width, rib collar</li> <li>Taped neck and shoulders for comfort and durability</li> <li>Modern classic fit, tubular body</li> <li>High-performing black tear-away label</li> <li>Yarn Count 30/1</li> <li><b>Also available in ladies sizes code 64000L and childrens sizes 64000B</b></li>",1.87
77025,769761,64000,TSHIRT,T-SHIRTS,MSSTSH,MENS SHORT SLEEVE T-SHIRT,GILDAN,GILDAN,MS0092,170,Heather Navy,13,2XL,Softstyle Adult T-Shirt,2.44,1,12,72,02-01-2026 8:57,C,https://myebrochure.co.uk/images/colours/gildan/gildan-170.jpg,https://myebrochure.co.uk/images/products/prod_15009_64000_184585.jpg,https://myebrochure.co.uk/images/products.small/prod_15009_64000_184585.jpg,https://myebrochure.co.uk/images/products.hires/prod_15009_64000_184585.jpg,https://myebrochure.co.uk/images/brands/gildan_25.png,https://myebrochure.co.uk/images/products.hires/prod_15009_64000_176870.jpg,,,,,,,,,,"<li>Made with our soft ring spun cotton and cotton blends -</li> <li>Softstyle features high stitch density fabric that offers a smooth printing surface, ideal for DTG</li> <li>Proud member of the US Cotton Trust Protocol (USCTP) and Better Cotton&#8482;</li> <li>Cotton products from Gildan support more sustainable + ethical cotton farming</li> <li>Soft ring spun fabric feels great against your skin</li> <li>Non-topstitched, narrow width, rib collar</li> <li>Taped neck and shoulders for comfort and durability</li> <li>Modern classic fit, tubular body</li> <li>High-performing black tear-away label</li> <li>Yarn Count 30/1</li> <li><b>Also available in ladies sizes code 64000L and childrens sizes 64000B</b></li>",1.87
131342,1313130,64000,TSHIRT,T-SHIRTS,MSSTSH,MENS SHORT SLEEVE T-SHIRT,GILDAN,GILDAN,MS0092,170,Heather Navy,13,3XL,Softstyle Adult T-Shirt,3.28,1,12,36,02-01-2026 8:57,C,https://myebrochure.co.uk/images/colours/gildan/gildan-170.jpg,https://myebrochure.co.uk/images/products/prod_15009_64000_184585.jpg,https://myebrochure.co.uk/images/products.small/prod_15009_64000_184585.jpg,https://myebrochure.co.uk/images/products.hires/prod_15009_64000_184585.jpg,https://myebrochure.co.uk/images/brands/gildan_25.png,https://myebrochure.co.uk/images/products.hires/prod_15009_64000_176870.jpg,,,,,,,,,,"<li>Made with our soft ring spun cotton and cotton blends -</li> <li>Softstyle features high stitch density fabric that offers a smooth printing surface, ideal for DTG</li> <li>Proud member of the US Cotton Trust Protocol (USCTP) and Better Cotton&#8482;</li> <li>Cotton products from Gildan support more sustainable + ethical cotton farming</li> <li>Soft ring spun fabric feels great against your skin</li> <li>Non-topstitched, narrow width, rib collar</li> <li>Taped neck and shoulders for comfort and durability</li> <li>Modern classic fit, tubular body</li> <li>High-performing black tear-away label</li> <li>Yarn Count 30/1</li> <li><b>Also available in ladies sizes code 64000L and childrens sizes 64000B</b></li>",2.51
178265,1781724,64000,TSHIRT,T-SHIRTS,MSSTSH,MENS SHORT SLEEVE T-SHIRT,GILDAN,GILDAN,MS0092,170,Heather Navy,13,4XL,Softstyle Adult T-Shirt,3.28,1,6,12,02-01-2026 8:57,C,https://myebrochure.co.uk/images/colours/gildan/gildan-170.jpg,https://myebrochure.co.uk/images/products/prod_15009_64000_184585.jpg,https://myebrochure.co.uk/images/products.small/prod_15009_64000_184585.jpg,https://myebrochure.co.uk/images/products.hires/prod_15009_64000_184585.jpg,https://myebrochure.co.uk/images/brands/gildan_25.png,https://myebrochure.co.uk/images/products.hires/prod_15009_64000_176870.jpg,,,,,,,,,,"<li>Made with our soft ring spun cotton and cotton blends -</li> <li>Softstyle features high stitch density fabric that offers a smooth printing surface, ideal for DTG</li> <li>Proud member of the US Cotton Trust Protocol (USCTP) and Better Cotton&#8482;</li> <li>Cotton products from Gildan support more sustainable + ethical cotton farming</li> <li>Soft ring spun fabric feels great against your skin</li> <li>Non-topstitched, narrow width, rib collar</li> <li>Taped neck and shoulders for comfort and durability</li> <li>Modern classic fit, tubular body</li> <li>High-performing black tear-away label</li> <li>Yarn Count 30/1</li> <li><b>Also available in ladies sizes code 64000L and childrens sizes 64000B</b></li>",2.51
196971,1969535,64000,TSHIRT,T-SHIRTS,MSSTSH,MENS SHORT SLEEVE T-SHIRT,GILDAN,GILDAN,MS0092,170,Heather Navy,13,5XL,Softstyle Adult T-Shirt,3.28,1,6,12,02-01-2026 8:57,C,https://myebrochure.co.uk/images/colours/gildan/gildan-170.jpg,https://myebrochure.co.uk/images/products/prod_15009_64000_184585.jpg,https://myebrochure.co.uk/images/products.small/prod_15009_64000_184585.jpg,https://myebrochure.co.uk/images/products.hires/prod_15009_64000_184585.jpg,https://myebrochure.co.uk/images/brands/gildan_25.png,https://myebrochure.co.uk/images/products.hires/prod_15009_64000_176870.jpg,,,,,,,,,,"<li>Made with our soft ring spun cotton and cotton blends -</li> <li>Softstyle features high stitch density fabric that offers a smooth printing surface, ideal for DTG</li> <li>Proud member of the US Cotton Trust Protocol (USCTP) and Better Cotton&#8482;</li> <li>Cotton products from Gildan support more sustainable + ethical cotton farming</li> <li>Soft ring spun fabric feels great against your skin</li> <li>Non-topstitched, narrow width, rib collar</li> <li>Taped neck and shoulders for comfort and durability</li> <li>Modern classic fit, tubular body</li> <li>High-performing black tear-away label</li> <li>Yarn Count 30/1</li> <li><b>Also available in ladies sizes code 64000L and childrens sizes 64000B</b></li>",2.51
77038,769891,64000,TSHIRT,T-SHIRTS,MSSTSH,MENS SHORT SLEEVE T-SHIRT,GILDAN,GILDAN,MS0092,218,Heather Royal,13,S,Softstyle Adult T-Shirt,2.44,1,12,72,02-01-2026 8:57,C,https://myebrochure.co.uk/images/colours/gildan/gildan-218.jpg,https://myebrochure.co.uk/images/products/prod_15009_64000_184585.jpg,https://myebrochure.co.uk/images/products.small/prod_15009_64000_184585.jpg,https://myebrochure.co.uk/images/products.hires/prod_15009_64000_184585.jpg,https://myebrochure.co.uk/images/brands/gildan_25.png,https://myebrochure.co.uk/images/products.hires/prod_15009_64000_176864.jpg,,,,,,,,,,"<li>Made with our soft ring spun cotton and cotton blends -</li> <li>Softstyle features high stitch density fabric that offers a smooth printing surface, ideal for DTG</li> <li>Proud member of the US Cotton Trust Protocol (USCTP) and Better Cotton&#8482;</li> <li>Cotton products from Gildan support more sustainable + ethical cotton farming</li> <li>Soft ring spun fabric feels great against your skin</li> <li>Non-topstitched, narrow width, rib collar</li> <li>Taped neck and shoulders for comfort and durability</li> <li>Modern classic fit, tubular body</li> <li>High-performing black tear-away label</li> <li>Yarn Count 30/1</li> <li><b>Also available in ladies sizes code 64000L and childrens sizes 64000B</b></li>",1.87
77039,769907,64000,TSHIRT,T-SHIRTS,MSSTSH,MENS SHORT SLEEVE T-SHIRT,GILDAN,GILDAN,MS0092,218,Heather Royal,13,M,Softstyle Adult T-Shirt,2.44,1,12,72,02-01-2026 8:57,C,https://myebrochure.co.uk/images/colours/gildan/gildan-218.jpg,https://myebrochure.co.uk/images/products/prod_15009_64000_184585.jpg,https://myebrochure.co.uk/images/products.small/prod_15009_64000_184585.jpg,https://myebrochure.co.uk/images/products.hires/prod_15009_64000_184585.jpg,https://myebrochure.co.uk/images/brands/gildan_25.png,https://myebrochure.co.uk/images/products.hires/prod_15009_64000_176864.jpg,,,,,,,,,,"<li>Made with our soft ring spun cotton and cotton blends -</li> <li>Softstyle features high stitch density fabric that offers a smooth printing surface, ideal for DTG</li> <li>Proud member of the US Cotton Trust Protocol (USCTP) and Better Cotton&#8482;</li> <li>Cotton products from Gildan support more sustainable + ethical cotton farming</li> <li>Soft ring spun fabric feels great against your skin</li> <li>Non-topstitched, narrow width, rib collar</li> <li>Taped neck and shoulders for comfort and durability</li> <li>Modern classic fit, tubular body</li> <li>High-performing black tear-away label</li> <li>Yarn Count 30/1</li> <li><b>Also available in ladies sizes code 64000L and childrens sizes 64000B</b></li>",1.87
77040,769914,64000,TSHIRT,T-SHIRTS,MSSTSH,MENS SHORT SLEEVE T-SHIRT,GILDAN,GILDAN,MS0092,218,Heather Royal,13,L,Softstyle Adult T-Shirt,2.44,1,12,72,02-01-2026 8:57,C,https://myebrochure.co.uk/images/colours/gildan/gildan-218.jpg,https://myebrochure.co.uk/images/products/prod_15009_64000_184585.jpg,https://myebrochure.co.uk/images/products.small/prod_15009_64000_184585.jpg,https://myebrochure.co.uk/images/products.hires/prod_15009_64000_184585.jpg,https://myebrochure.co.uk/images/brands/gildan_25.png,https://myebrochure.co.uk/images/products.hires/prod_15009_64000_176864.jpg,,,,,,,,,,"<li>Made with our soft ring spun cotton and cotton blends -</li> <li>Softstyle features high stitch density fabric that offers a smooth printing surface, ideal for DTG</li> <li>Proud member of the US Cotton Trust Protocol (USCTP) and Better Cotton&#8482;</li> <li>Cotton products from Gildan support more sustainable + ethical cotton farming</li> <li>Soft ring spun fabric feels great against your skin</li> <li>Non-topstitched, narrow width, rib collar</li> <li>Taped neck and shoulders for comfort and durability</li> <li>Modern classic fit, tubular body</li> <li>High-performing black tear-away label</li> <li>Yarn Count 30/1</li> <li><b>Also available in ladies sizes code 64000L and childrens sizes 64000B</b></li>",1.87
77041,769921,64000,TSHIRT,T-SHIRTS,MSSTSH,MENS SHORT SLEEVE T-SHIRT,GILDAN,GILDAN,MS0092,218,Heather Royal,13,XL,Softstyle Adult T-Shirt,2.44,1,12,72,02-01-2026 8:57,C,https://myebrochure.co.uk/images/colours/gildan/gildan-218.jpg,https://myebrochure.co.uk/images/products/prod_15009_64000_184585.jpg,https://myebrochure.co.uk/images/products.small/prod_15009_64000_184585.jpg,https://myebrochure.co.uk/images/products.hires/prod_15009_64000_184585.jpg,https://myebrochure.co.uk/images/brands/gildan_25.png,https://myebrochure.co.uk/images/products.hires/prod_15009_64000_176864.jpg,,,,,,,,,,"<li>Made with our soft ring spun cotton and cotton blends -</li> <li>Softstyle features high stitch density fabric that offers a smooth printing surface, ideal for DTG</li> <li>Proud member of the US Cotton Trust Protocol (USCTP) and Better Cotton&#8482;</li> <li>Cotton products from Gildan support more sustainable + ethical cotton farming</li> <li>Soft ring spun fabric feels great against your skin</li> <li>Non-topstitched, narrow width, rib collar</li> <li>Taped neck and shoulders for comfort and durability</li> <li>Modern classic fit, tubular body</li> <li>High-performing black tear-away label</li> <li>Yarn Count 30/1</li> <li><b>Also available in ladies sizes code 64000L and childrens sizes 64000B</b></li>",1.87
77042,769938,64000,TSHIRT,T-SHIRTS,MSSTSH,MENS SHORT SLEEVE T-SHIRT,GILDAN,GILDAN,MS0092,218,Heather Royal,13,2XL,Softstyle Adult T-Shirt,2.44,1,12,72,02-01-2026 8:57,C,https://myebrochure.co.uk/images/colours/gildan/gildan-218.jpg,https://myebrochure.co.uk/images/products/prod_15009_64000_184585.jpg,https://myebrochure.co.uk/images/products.small/prod_15009_64000_184585.jpg,https://myebrochure.co.uk/images/products.hires/prod_15009_64000_184585.jpg,https://myebrochure.co.uk/images/brands/gildan_25.png,https://myebrochure.co.uk/images/products.hires/prod_15009_64000_176864.jpg,,,,,,,,,,"<li>Made with our soft ring spun cotton and cotton blends -</li> <li>Softstyle features high stitch density fabric that offers a smooth printing surface, ideal for DTG</li> <li>Proud member of the US Cotton Trust Protocol (USCTP) and Better Cotton&#8482;</li> <li>Cotton products from Gildan support more sustainable + ethical cotton farming</li> <li>Soft ring spun fabric feels great against your skin</li> <li>Non-topstitched, narrow width, rib collar</li> <li>Taped neck and shoulders for comfort and durability</li> <li>Modern classic fit, tubular body</li> <li>High-performing black tear-away label</li> <li>Yarn Count 30/1</li> <li><b>Also available in ladies sizes code 64000L and childrens sizes 64000B</b></li>",1.87
136606,1365276,64000,TSHIRT,T-SHIRTS,MSSTSH,MENS SHORT SLEEVE T-SHIRT,GILDAN,GILDAN,MS0092,218,Heather Royal,13,3XL,Softstyle Adult T-Shirt,3.28,1,12,36,02-01-2026 8:57,C,https://myebrochure.co.uk/images/colours/gildan/gildan-218.jpg,https://myebrochure.co.uk/images/products/prod_15009_64000_184585.jpg,https://myebrochure.co.uk/images/products.small/prod_15009_64000_184585.jpg,https://myebrochure.co.uk/images/products.hires/prod_15009_64000_184585.jpg,https://myebrochure.co.uk/images/brands/gildan_25.png,https://myebrochure.co.uk/images/products.hires/prod_15009_64000_176864.jpg,,,,,,,,,,"<li>Made with our soft ring spun cotton and cotton blends -</li> <li>Softstyle features high stitch density fabric that offers a smooth printing surface, ideal for DTG</li> <li>Proud member of the US Cotton Trust Protocol (USCTP) and Better Cotton&#8482;</li> <li>Cotton products from Gildan support more sustainable + ethical cotton farming</li> <li>Soft ring spun fabric feels great against your skin</li> <li>Non-topstitched, narrow width, rib collar</li> <li>Taped neck and shoulders for comfort and durability</li> <li>Modern classic fit, tubular body</li> <li>High-performing black tear-away label</li> <li>Yarn Count 30/1</li> <li><b>Also available in ladies sizes code 64000L and childrens sizes 64000B</b></li>",2.51
178276,1781830,64000,TSHIRT,T-SHIRTS,MSSTSH,MENS SHORT SLEEVE T-SHIRT,GILDAN,GILDAN,MS0092,218,Heather Royal,13,4XL,Softstyle Adult T-Shirt,3.28,1,6,12,02-01-2026 8:57,C,https://myebrochure.co.uk/images/colours/gildan/gildan-218.jpg,https://myebrochure.co.uk/images/products/prod_15009_64000_184585.jpg,https://myebrochure.co.uk/images/products.small/prod_15009_64000_184585.jpg,https://myebrochure.co.uk/images/products.hires/prod_15009_64000_184585.jpg,https://myebrochure.co.uk/images/brands/gildan_25.png,https://myebrochure.co.uk/images/products.hires/prod_15009_64000_176864.jpg,,,,,,,,,,"<li>Made with our soft ring spun cotton and cotton blends -</li> <li>Softstyle features high stitch density fabric that offers a smooth printing surface, ideal for DTG</li> <li>Proud member of the US Cotton Trust Protocol (USCTP) and Better Cotton&#8482;</li> <li>Cotton products from Gildan support more sustainable + ethical cotton farming</li> <li>Soft ring spun fabric feels great against your skin</li> <li>Non-topstitched, narrow width, rib collar</li> <li>Taped neck and shoulders for comfort and durability</li> <li>Modern classic fit, tubular body</li> <li>High-performing black tear-away label</li> <li>Yarn Count 30/1</li> <li><b>Also available in ladies sizes code 64000L and childrens sizes 64000B</b></li>",2.51
196982,1969641,64000,TSHIRT,T-SHIRTS,MSSTSH,MENS SHORT SLEEVE T-SHIRT,GILDAN,GILDAN,MS0092,218,Heather Royal,13,5XL,Softstyle Adult T-Shirt,3.28,1,6,12,02-01-2026 8:57,C,https://myebrochure.co.uk/images/colours/gildan/gildan-218.jpg,https://myebrochure.co.uk/images/products/prod_15009_64000_184585.jpg,https://myebrochure.co.uk/images/products.small/prod_15009_64000_184585.jpg,https://myebrochure.co.uk/images/products.hires/prod_15009_64000_184585.jpg,https://myebrochure.co.uk/images/brands/gildan_25.png,https://myebrochure.co.uk/images/products.hires/prod_15009_64000_176864.jpg,,,,,,,,,,"<li>Made with our soft ring spun cotton and cotton blends -</li> <li>Softstyle features high stitch density fabric that offers a smooth printing surface, ideal for DTG</li> <li>Proud member of the US Cotton Trust Protocol (USCTP) and Better Cotton&#8482;</li> <li>Cotton products from Gildan support more sustainable + ethical cotton farming</li> <li>Soft ring spun fabric feels great against your skin</li> <li>Non-topstitched, narrow width, rib collar</li> <li>Taped neck and shoulders for comfort and durability</li> <li>Modern classic fit, tubular body</li> <li>High-performing black tear-away label</li> <li>Yarn Count 30/1</li> <li><b>Also available in ladies sizes code 64000L and childrens sizes 64000B</b></li>",2.51
103118,1030778,64000,TSHIRT,T-SHIRTS,MSSTSH,MENS SHORT SLEEVE T-SHIRT,GILDAN,GILDAN,MS0092,10,Heliconia,13,S,Softstyle Adult T-Shirt,2.44,1,12,72,02-01-2026 8:57,C,https://myebrochure.co.uk/images/colours/gildan/gildan-10.jpg,https://myebrochure.co.uk/images/products/prod_15009_64000_184585.jpg,https://myebrochure.co.uk/images/products.small/prod_15009_64000_184585.jpg,https://myebrochure.co.uk/images/products.hires/prod_15009_64000_184585.jpg,https://myebrochure.co.uk/images/brands/gildan_25.png,https://myebrochure.co.uk/images/products.hires/prod_15009_64000_176859.jpg,,,,,,,,,,"<li>Made with our soft ring spun cotton and cotton blends -</li> <li>Softstyle features high stitch density fabric that offers a smooth printing surface, ideal for DTG</li> <li>Proud member of the US Cotton Trust Protocol (USCTP) and Better Cotton&#8482;</li> <li>Cotton products from Gildan support more sustainable + ethical cotton farming</li> <li>Soft ring spun fabric feels great against your skin</li> <li>Non-topstitched, narrow width, rib collar</li> <li>Taped neck and shoulders for comfort and durability</li> <li>Modern classic fit, tubular body</li> <li>High-performing black tear-away label</li> <li>Yarn Count 30/1</li> <li><b>Also available in ladies sizes code 64000L and childrens sizes 64000B</b></li>",1.87
103119,1030785,64000,TSHIRT,T-SHIRTS,MSSTSH,MENS SHORT SLEEVE T-SHIRT,GILDAN,GILDAN,MS0092,10,Heliconia,13,M,Softstyle Adult T-Shirt,2.44,1,12,72,02-01-2026 8:57,C,https://myebrochure.co.uk/images/colours/gildan/gildan-10.jpg,https://myebrochure.co.uk/images/products/prod_15009_64000_184585.jpg,https://myebrochure.co.uk/images/products.small/prod_15009_64000_184585.jpg,https://myebrochure.co.uk/images/products.hires/prod_15009_64000_184585.jpg,https://myebrochure.co.uk/images/brands/gildan_25.png,https://myebrochure.co.uk/images/products.hires/prod_15009_64000_176859.jpg,,,,,,,,,,"<li>Made with our soft ring spun cotton and cotton blends -</li> <li>Softstyle features high stitch density fabric that offers a smooth printing surface, ideal for DTG</li> <li>Proud member of the US Cotton Trust Protocol (USCTP) and Better Cotton&#8482;</li> <li>Cotton products from Gildan support more sustainable + ethical cotton farming</li> <li>Soft ring spun fabric feels great against your skin</li> <li>Non-topstitched, narrow width, rib collar</li> <li>Taped neck and shoulders for comfort and durability</li> <li>Modern classic fit, tubular body</li> <li>High-performing black tear-away label</li> <li>Yarn Count 30/1</li> <li><b>Also available in ladies sizes code 64000L and childrens sizes 64000B</b></li>",1.87
103120,1030792,64000,TSHIRT,T-SHIRTS,MSSTSH,MENS SHORT SLEEVE T-SHIRT,GILDAN,GILDAN,MS0092,10,Heliconia,13,L,Softstyle Adult T-Shirt,2.44,1,12,72,02-01-2026 8:57,C,https://myebrochure.co.uk/images/colours/gildan/gildan-10.jpg,https://myebrochure.co.uk/images/products/prod_15009_64000_184585.jpg,https://myebrochure.co.uk/images/products.small/prod_15009_64000_184585.jpg,https://myebrochure.co.uk/images/products.hires/prod_15009_64000_184585.jpg,https://myebrochure.co.uk/images/brands/gildan_25.png,https://myebrochure.co.uk/images/products.hires/prod_15009_64000_176859.jpg,,,,,,,,,,"<li>Made with our soft ring spun cotton and cotton blends -</li> <li>Softstyle features high stitch density fabric that offers a smooth printing surface, ideal for DTG</li> <li>Proud member of the US Cotton Trust Protocol (USCTP) and Better Cotton&#8482;</li> <li>Cotton products from Gildan support more sustainable + ethical cotton farming</li> <li>Soft ring spun fabric feels great against your skin</li> <li>Non-topstitched, narrow width, rib collar</li> <li>Taped neck and shoulders for comfort and durability</li> <li>Modern classic fit, tubular body</li> <li>High-performing black tear-away label</li> <li>Yarn Count 30/1</li> <li><b>Also available in ladies sizes code 64000L and childrens sizes 64000B</b></li>",1.87
103121,1030808,64000,TSHIRT,T-SHIRTS,MSSTSH,MENS SHORT SLEEVE T-SHIRT,GILDAN,GILDAN,MS0092,10,Heliconia,13,XL,Softstyle Adult T-Shirt,2.44,1,12,72,02-01-2026 8:57,C,https://myebrochure.co.uk/images/colours/gildan/gildan-10.jpg,https://myebrochure.co.uk/images/products/prod_15009_64000_184585.jpg,https://myebrochure.co.uk/images/products.small/prod_15009_64000_184585.jpg,https://myebrochure.co.uk/images/products.hires/prod_15009_64000_184585.jpg,https://myebrochure.co.uk/images/brands/gildan_25.png,https://myebrochure.co.uk/images/products.hires/prod_15009_64000_176859.jpg,,,,,,,,,,"<li>Made with our soft ring spun cotton and cotton blends -</li> <li>Softstyle features high stitch density fabric that offers a smooth printing surface, ideal for DTG</li> <li>Proud member of the US Cotton Trust Protocol (USCTP) and Better Cotton&#8482;</li> <li>Cotton products from Gildan support more sustainable + ethical cotton farming</li> <li>Soft ring spun fabric feels great against your skin</li> <li>Non-topstitched, narrow width, rib collar</li> <li>Taped neck and shoulders for comfort and durability</li> <li>Modern classic fit, tubular body</li> <li>High-performing black tear-away label</li> <li>Yarn Count 30/1</li> <li><b>Also available in ladies sizes code 64000L and childrens sizes 64000B</b></li>",1.87
103122,1030815,64000,TSHIRT,T-SHIRTS,MSSTSH,MENS SHORT SLEEVE T-SHIRT,GILDAN,GILDAN,MS0092,10,Heliconia,13,2XL,Softstyle Adult T-Shirt,2.44,1,12,72,02-01-2026 8:57,C,https://myebrochure.co.uk/images/colours/gildan/gildan-10.jpg,https://myebrochure.co.uk/images/products/prod_15009_64000_184585.jpg,https://myebrochure.co.uk/images/products.small/prod_15009_64000_184585.jpg,https://myebrochure.co.uk/images/products.hires/prod_15009_64000_184585.jpg,https://myebrochure.co.uk/images/brands/gildan_25.png,https://myebrochure.co.uk/images/products.hires/prod_15009_64000_176859.jpg,,,,,,,,,,"<li>Made with our soft ring spun cotton and cotton blends -</li> <li>Softstyle features high stitch density fabric that offers a smooth printing surface, ideal for DTG</li> <li>Proud member of the US Cotton Trust Protocol (USCTP) and Better Cotton&#8482;</li> <li>Cotton products from Gildan support more sustainable + ethical cotton farming</li> <li>Soft ring spun fabric feels great against your skin</li> <li>Non-topstitched, narrow width, rib collar</li> <li>Taped neck and shoulders for comfort and durability</li> <li>Modern classic fit, tubular body</li> <li>High-performing black tear-away label</li> <li>Yarn Count 30/1</li> <li><b>Also available in ladies sizes code 64000L and childrens sizes 64000B</b></li>",1.87
136588,1365092,64000,TSHIRT,T-SHIRTS,MSSTSH,MENS SHORT SLEEVE T-SHIRT,GILDAN,GILDAN,MS0092,10,Heliconia,13,3XL,Softstyle Adult T-Shirt,3.28,1,12,36,02-01-2026 8:57,C,https://myebrochure.co.uk/images/colours/gildan/gildan-10.jpg,https://myebrochure.co.uk/images/products/prod_15009_64000_184585.jpg,https://myebrochure.co.uk/images/products.small/prod_15009_64000_184585.jpg,https://myebrochure.co.uk/images/products.hires/prod_15009_64000_184585.jpg,https://myebrochure.co.uk/images/brands/gildan_25.png,https://myebrochure.co.uk/images/products.hires/prod_15009_64000_176859.jpg,,,,,,,,,,"<li>Made with our soft ring spun cotton and cotton blends -</li> <li>Softstyle features high stitch density fabric that offers a smooth printing surface, ideal for DTG</li> <li>Proud member of the US Cotton Trust Protocol (USCTP) and Better Cotton&#8482;</li> <li>Cotton products from Gildan support more sustainable + ethical cotton farming</li> <li>Soft ring spun fabric feels great against your skin</li> <li>Non-topstitched, narrow width, rib collar</li> <li>Taped neck and shoulders for comfort and durability</li> <li>Modern classic fit, tubular body</li> <li>High-performing black tear-away label</li> <li>Yarn Count 30/1</li> <li><b>Also available in ladies sizes code 64000L and childrens sizes 64000B</b></li>",2.51
235879,2358802,64000,TSHIRT,T-SHIRTS,MSSTSH,MENS SHORT SLEEVE T-SHIRT,GILDAN,GILDAN,MS0092,23,Ice Grey,13,S,Softstyle Adult T-Shirt,2.44,1,12,72,02-01-2026 8:57,C,https://myebrochure.co.uk/images/colours/gildan/gildan-23.jpg,https://myebrochure.co.uk/images/products/prod_15009_64000_184585.jpg,https://myebrochure.co.uk/images/products.small/prod_15009_64000_184585.jpg,https://myebrochure.co.uk/images/products.hires/prod_15009_64000_184585.jpg,https://myebrochure.co.uk/images/brands/gildan_25.png,https://myebrochure.co.uk/images/products.hires/prod_15009_64000_185013.jpg,,,,,,,,,,"<li>Made with our soft ring spun cotton and cotton blends -</li> <li>Softstyle features high stitch density fabric that offers a smooth printing surface, ideal for DTG</li> <li>Proud member of the US Cotton Trust Protocol (USCTP) and Better Cotton&#8482;</li> <li>Cotton products from Gildan support more sustainable + ethical cotton farming</li> <li>Soft ring spun fabric feels great against your skin</li> <li>Non-topstitched, narrow width, rib collar</li> <li>Taped neck and shoulders for comfort and durability</li> <li>Modern classic fit, tubular body</li> <li>High-performing black tear-away label</li> <li>Yarn Count 30/1</li> <li><b>Also available in ladies sizes code 64000L and childrens sizes 64000B</b></li>",1.87
235880,2358819,64000,TSHIRT,T-SHIRTS,MSSTSH,MENS SHORT SLEEVE T-SHIRT,GILDAN,GILDAN,MS0092,23,Ice Grey,13,M,Softstyle Adult T-Shirt,2.44,1,12,72,02-01-2026 8:57,C,https://myebrochure.co.uk/images/colours/gildan/gildan-23.jpg,https://myebrochure.co.uk/images/products/prod_15009_64000_184585.jpg,https://myebrochure.co.uk/images/products.small/prod_15009_64000_184585.jpg,https://myebrochure.co.uk/images/products.hires/prod_15009_64000_184585.jpg,https://myebrochure.co.uk/images/brands/gildan_25.png,https://myebrochure.co.uk/images/products.hires/prod_15009_64000_185013.jpg,,,,,,,,,,"<li>Made with our soft ring spun cotton and cotton blends -</li> <li>Softstyle features high stitch density fabric that offers a smooth printing surface, ideal for DTG</li> <li>Proud member of the US Cotton Trust Protocol (USCTP) and Better Cotton&#8482;</li> <li>Cotton products from Gildan support more sustainable + ethical cotton farming</li> <li>Soft ring spun fabric feels great against your skin</li> <li>Non-topstitched, narrow width, rib collar</li> <li>Taped neck and shoulders for comfort and durability</li> <li>Modern classic fit, tubular body</li> <li>High-performing black tear-away label</li> <li>Yarn Count 30/1</li> <li><b>Also available in ladies sizes code 64000L and childrens sizes 64000B</b></li>",1.87
235881,2358826,64000,TSHIRT,T-SHIRTS,MSSTSH,MENS SHORT SLEEVE T-SHIRT,GILDAN,GILDAN,MS0092,23,Ice Grey,13,L,Softstyle Adult T-Shirt,2.44,1,12,72,02-01-2026 8:57,C,https://myebrochure.co.uk/images/colours/gildan/gildan-23.jpg,https://myebrochure.co.uk/images/products/prod_15009_64000_184585.jpg,https://myebrochure.co.uk/images/products.small/prod_15009_64000_184585.jpg,https://myebrochure.co.uk/images/products.hires/prod_15009_64000_184585.jpg,https://myebrochure.co.uk/images/brands/gildan_25.png,https://myebrochure.co.uk/images/products.hires/prod_15009_64000_185013.jpg,,,,,,,,,,"<li>Made with our soft ring spun cotton and cotton blends -</li> <li>Softstyle features high stitch density fabric that offers a smooth printing surface, ideal for DTG</li> <li>Proud member of the US Cotton Trust Protocol (USCTP) and Better Cotton&#8482;</li> <li>Cotton products from Gildan support more sustainable + ethical cotton farming</li> <li>Soft ring spun fabric feels great against your skin</li> <li>Non-topstitched, narrow width, rib collar</li> <li>Taped neck and shoulders for comfort and durability</li> <li>Modern classic fit, tubular body</li> <li>High-performing black tear-away label</li> <li>Yarn Count 30/1</li> <li><b>Also available in ladies sizes code 64000L and childrens sizes 64000B</b></li>",1.87
235882,2358833,64000,TSHIRT,T-SHIRTS,MSSTSH,MENS SHORT SLEEVE T-SHIRT,GILDAN,GILDAN,MS0092,23,Ice Grey,13,XL,Softstyle Adult T-Shirt,2.44,1,12,72,02-01-2026 8:57,C,https://myebrochure.co.uk/images/colours/gildan/gildan-23.jpg,https://myebrochure.co.uk/images/products/prod_15009_64000_184585.jpg,https://myebrochure.co.uk/images/products.small/prod_15009_64000_184585.jpg,https://myebrochure.co.uk/images/products.hires/prod_15009_64000_184585.jpg,https://myebrochure.co.uk/images/brands/gildan_25.png,https://myebrochure.co.uk/images/products.hires/prod_15009_64000_185013.jpg,,,,,,,,,,"<li>Made with our soft ring spun cotton and cotton blends -</li> <li>Softstyle features high stitch density fabric that offers a smooth printing surface, ideal for DTG</li> <li>Proud member of the US Cotton Trust Protocol (USCTP) and Better Cotton&#8482;</li> <li>Cotton products from Gildan support more sustainable + ethical cotton farming</li> <li>Soft ring spun fabric feels great against your skin</li> <li>Non-topstitched, narrow width, rib collar</li> <li>Taped neck and shoulders for comfort and durability</li> <li>Modern classic fit, tubular body</li> <li>High-performing black tear-away label</li> <li>Yarn Count 30/1</li> <li><b>Also available in ladies sizes code 64000L and childrens sizes 64000B</b></li>",1.87
235883,2358840,64000,TSHIRT,T-SHIRTS,MSSTSH,MENS SHORT SLEEVE T-SHIRT,GILDAN,GILDAN,MS0092,23,Ice Grey,13,2XL,Softstyle Adult T-Shirt,2.44,1,12,72,02-01-2026 8:57,C,https://myebrochure.co.uk/images/colours/gildan/gildan-23.jpg,https://myebrochure.co.uk/images/products/prod_15009_64000_184585.jpg,https://myebrochure.co.uk/images/products.small/prod_15009_64000_184585.jpg,https://myebrochure.co.uk/images/products.hires/prod_15009_64000_184585.jpg,https://myebrochure.co.uk/images/brands/gildan_25.png,https://myebrochure.co.uk/images/products.hires/prod_15009_64000_185013.jpg,,,,,,,,,,"<li>Made with our soft ring spun cotton and cotton blends -</li> <li>Softstyle features high stitch density fabric that offers a smooth printing surface, ideal for DTG</li> <li>Proud member of the US Cotton Trust Protocol (USCTP) and Better Cotton&#8482;</li> <li>Cotton products from Gildan support more sustainable + ethical cotton farming</li> <li>Soft ring spun fabric feels great against your skin</li> <li>Non-topstitched, narrow width, rib collar</li> <li>Taped neck and shoulders for comfort and durability</li> <li>Modern classic fit, tubular body</li> <li>High-performing black tear-away label</li> <li>Yarn Count 30/1</li> <li><b>Also available in ladies sizes code 64000L and childrens sizes 64000B</b></li>",1.87
235884,2358857,64000,TSHIRT,T-SHIRTS,MSSTSH,MENS SHORT SLEEVE T-SHIRT,GILDAN,GILDAN,MS0092,23,Ice Grey,13,3XL,Softstyle Adult T-Shirt,3.26,1,6,36,02-01-2026 8:57,C,https://myebrochure.co.uk/images/colours/gildan/gildan-23.jpg,https://myebrochure.co.uk/images/products/prod_15009_64000_184585.jpg,https://myebrochure.co.uk/images/products.small/prod_15009_64000_184585.jpg,https://myebrochure.co.uk/images/products.hires/prod_15009_64000_184585.jpg,https://myebrochure.co.uk/images/brands/gildan_25.png,https://myebrochure.co.uk/images/products.hires/prod_15009_64000_185013.jpg,,,,,,,,,,"<li>Made with our soft ring spun cotton and cotton blends -</li> <li>Softstyle features high stitch density fabric that offers a smooth printing surface, ideal for DTG</li> <li>Proud member of the US Cotton Trust Protocol (USCTP) and Better Cotton&#8482;</li> <li>Cotton products from Gildan support more sustainable + ethical cotton farming</li> <li>Soft ring spun fabric feels great against your skin</li> <li>Non-topstitched, narrow width, rib collar</li> <li>Taped neck and shoulders for comfort and durability</li> <li>Modern classic fit, tubular body</li> <li>High-performing black tear-away label</li> <li>Yarn Count 30/1</li> <li><b>Also available in ladies sizes code 64000L and childrens sizes 64000B</b></li>",2.49
37726,377195,64000,TSHIRT,T-SHIRTS,MSSTSH,MENS SHORT SLEEVE T-SHIRT,GILDAN,GILDAN,MS0092,80,Indigo Blue,13,S,Softstyle Adult T-Shirt,2.44,1,12,72,02-01-2026 8:57,C,https://myebrochure.co.uk/images/colours/gildan/gildan-80.jpg,https://myebrochure.co.uk/images/products/prod_15009_64000_184585.jpg,https://myebrochure.co.uk/images/products.small/prod_15009_64000_184585.jpg,https://myebrochure.co.uk/images/products.hires/prod_15009_64000_184585.jpg,https://myebrochure.co.uk/images/brands/gildan_25.png,https://myebrochure.co.uk/images/products.hires/prod_15009_64000_176872.jpg,,,,,,,,,,"<li>Made with our soft ring spun cotton and cotton blends -</li> <li>Softstyle features high stitch density fabric that offers a smooth printing surface, ideal for DTG</li> <li>Proud member of the US Cotton Trust Protocol (USCTP) and Better Cotton&#8482;</li> <li>Cotton products from Gildan support more sustainable + ethical cotton farming</li> <li>Soft ring spun fabric feels great against your skin</li> <li>Non-topstitched, narrow width, rib collar</li> <li>Taped neck and shoulders for comfort and durability</li> <li>Modern classic fit, tubular body</li> <li>High-performing black tear-away label</li> <li>Yarn Count 30/1</li> <li><b>Also available in ladies sizes code 64000L and childrens sizes 64000B</b></li>",1.87
37727,377201,64000,TSHIRT,T-SHIRTS,MSSTSH,MENS SHORT SLEEVE T-SHIRT,GILDAN,GILDAN,MS0092,80,Indigo Blue,13,M,Softstyle Adult T-Shirt,2.44,1,12,72,02-01-2026 8:57,C,https://myebrochure.co.uk/images/colours/gildan/gildan-80.jpg,https://myebrochure.co.uk/images/products/prod_15009_64000_184585.jpg,https://myebrochure.co.uk/images/products.small/prod_15009_64000_184585.jpg,https://myebrochure.co.uk/images/products.hires/prod_15009_64000_184585.jpg,https://myebrochure.co.uk/images/brands/gildan_25.png,https://myebrochure.co.uk/images/products.hires/prod_15009_64000_176872.jpg,,,,,,,,,,"<li>Made with our soft ring spun cotton and cotton blends -</li> <li>Softstyle features high stitch density fabric that offers a smooth printing surface, ideal for DTG</li> <li>Proud member of the US Cotton Trust Protocol (USCTP) and Better Cotton&#8482;</li> <li>Cotton products from Gildan support more sustainable + ethical cotton farming</li> <li>Soft ring spun fabric feels great against your skin</li> <li>Non-topstitched, narrow width, rib collar</li> <li>Taped neck and shoulders for comfort and durability</li> <li>Modern classic fit, tubular body</li> <li>High-performing black tear-away label</li> <li>Yarn Count 30/1</li> <li><b>Also available in ladies sizes code 64000L and childrens sizes 64000B</b></li>",1.87
37728,377218,64000,TSHIRT,T-SHIRTS,MSSTSH,MENS SHORT SLEEVE T-SHIRT,GILDAN,GILDAN,MS0092,80,Indigo Blue,13,L,Softstyle Adult T-Shirt,2.44,1,12,72,02-01-2026 8:57,C,https://myebrochure.co.uk/images/colours/gildan/gildan-80.jpg,https://myebrochure.co.uk/images/products/prod_15009_64000_184585.jpg,https://myebrochure.co.uk/images/products.small/prod_15009_64000_184585.jpg,https://myebrochure.co.uk/images/products.hires/prod_15009_64000_184585.jpg,https://myebrochure.co.uk/images/brands/gildan_25.png,https://myebrochure.co.uk/images/products.hires/prod_15009_64000_176872.jpg,,,,,,,,,,"<li>Made with our soft ring spun cotton and cotton blends -</li> <li>Softstyle features high stitch density fabric that offers a smooth printing surface, ideal for DTG</li> <li>Proud member of the US Cotton Trust Protocol (USCTP) and Better Cotton&#8482;</li> <li>Cotton products from Gildan support more sustainable + ethical cotton farming</li> <li>Soft ring spun fabric feels great against your skin</li> <li>Non-topstitched, narrow width, rib collar</li> <li>Taped neck and shoulders for comfort and durability</li> <li>Modern classic fit, tubular body</li> <li>High-performing black tear-away label</li> <li>Yarn Count 30/1</li> <li><b>Also available in ladies sizes code 64000L and childrens sizes 64000B</b></li>",1.87
37729,377225,64000,TSHIRT,T-SHIRTS,MSSTSH,MENS SHORT SLEEVE T-SHIRT,GILDAN,GILDAN,MS0092,80,Indigo Blue,13,XL,Softstyle Adult T-Shirt,2.44,1,12,72,02-01-2026 8:57,C,https://myebrochure.co.uk/images/colours/gildan/gildan-80.jpg,https://myebrochure.co.uk/images/products/prod_15009_64000_184585.jpg,https://myebrochure.co.uk/images/products.small/prod_15009_64000_184585.jpg,https://myebrochure.co.uk/images/products.hires/prod_15009_64000_184585.jpg,https://myebrochure.co.uk/images/brands/gildan_25.png,https://myebrochure.co.uk/images/products.hires/prod_15009_64000_176872.jpg,,,,,,,,,,"<li>Made with our soft ring spun cotton and cotton blends -</li> <li>Softstyle features high stitch density fabric that offers a smooth printing surface, ideal for DTG</li> <li>Proud member of the US Cotton Trust Protocol (USCTP) and Better Cotton&#8482;</li> <li>Cotton products from Gildan support more sustainable + ethical cotton farming</li> <li>Soft ring spun fabric feels great against your skin</li> <li>Non-topstitched, narrow width, rib collar</li> <li>Taped neck and shoulders for comfort and durability</li> <li>Modern classic fit, tubular body</li> <li>High-performing black tear-away label</li> <li>Yarn Count 30/1</li> <li><b>Also available in ladies sizes code 64000L and childrens sizes 64000B</b></li>",1.87
37730,377232,64000,TSHIRT,T-SHIRTS,MSSTSH,MENS SHORT SLEEVE T-SHIRT,GILDAN,GILDAN,MS0092,80,Indigo Blue,13,2XL,Softstyle Adult T-Shirt,2.44,1,12,72,02-01-2026 8:57,C,https://myebrochure.co.uk/images/colours/gildan/gildan-80.jpg,https://myebrochure.co.uk/images/products/prod_15009_64000_184585.jpg,https://myebrochure.co.uk/images/products.small/prod_15009_64000_184585.jpg,https://myebrochure.co.uk/images/products.hires/prod_15009_64000_184585.jpg,https://myebrochure.co.uk/images/brands/gildan_25.png,https://myebrochure.co.uk/images/products.hires/prod_15009_64000_176872.jpg,,,,,,,,,,"<li>Made with our soft ring spun cotton and cotton blends -</li> <li>Softstyle features high stitch density fabric that offers a smooth printing surface, ideal for DTG</li> <li>Proud member of the US Cotton Trust Protocol (USCTP) and Better Cotton&#8482;</li> <li>Cotton products from Gildan support more sustainable + ethical cotton farming</li> <li>Soft ring spun fabric feels great against your skin</li> <li>Non-topstitched, narrow width, rib collar</li> <li>Taped neck and shoulders for comfort and durability</li> <li>Modern classic fit, tubular body</li> <li>High-performing black tear-away label</li> <li>Yarn Count 30/1</li> <li><b>Also available in ladies sizes code 64000L and childrens sizes 64000B</b></li>",1.87
136619,1365405,64000,TSHIRT,T-SHIRTS,MSSTSH,MENS SHORT SLEEVE T-SHIRT,GILDAN,GILDAN,MS0092,80,Indigo Blue,13,3XL,Softstyle Adult T-Shirt,3.28,1,12,36,02-01-2026 8:57,C,https://myebrochure.co.uk/images/colours/gildan/gildan-80.jpg,https://myebrochure.co.uk/images/products/prod_15009_64000_184585.jpg,https://myebrochure.co.uk/images/products.small/prod_15009_64000_184585.jpg,https://myebrochure.co.uk/images/products.hires/prod_15009_64000_184585.jpg,https://myebrochure.co.uk/images/brands/gildan_25.png,https://myebrochure.co.uk/images/products.hires/prod_15009_64000_176872.jpg,,,,,,,,,,"<li>Made with our soft ring spun cotton and cotton blends -</li> <li>Softstyle features high stitch density fabric that offers a smooth printing surface, ideal for DTG</li> <li>Proud member of the US Cotton Trust Protocol (USCTP) and Better Cotton&#8482;</li> <li>Cotton products from Gildan support more sustainable + ethical cotton farming</li> <li>Soft ring spun fabric feels great against your skin</li> <li>Non-topstitched, narrow width, rib collar</li> <li>Taped neck and shoulders for comfort and durability</li> <li>Modern classic fit, tubular body</li> <li>High-performing black tear-away label</li> <li>Yarn Count 30/1</li> <li><b>Also available in ladies sizes code 64000L and childrens sizes 64000B</b></li>",2.51
178311,1782189,64000,TSHIRT,T-SHIRTS,MSSTSH,MENS SHORT SLEEVE T-SHIRT,GILDAN,GILDAN,MS0092,80,Indigo Blue,13,4XL,Softstyle Adult T-Shirt,3.28,1,6,12,02-01-2026 8:57,C,https://myebrochure.co.uk/images/colours/gildan/gildan-80.jpg,https://myebrochure.co.uk/images/products/prod_15009_64000_184585.jpg,https://myebrochure.co.uk/images/products.small/prod_15009_64000_184585.jpg,https://myebrochure.co.uk/images/products.hires/prod_15009_64000_184585.jpg,https://myebrochure.co.uk/images/brands/gildan_25.png,https://myebrochure.co.uk/images/products.hires/prod_15009_64000_176872.jpg,,,,,,,,,,"<li>Made with our soft ring spun cotton and cotton blends -</li> <li>Softstyle features high stitch density fabric that offers a smooth printing surface, ideal for DTG</li> <li>Proud member of the US Cotton Trust Protocol (USCTP) and Better Cotton&#8482;</li> <li>Cotton products from Gildan support more sustainable + ethical cotton farming</li> <li>Soft ring spun fabric feels great against your skin</li> <li>Non-topstitched, narrow width, rib collar</li> <li>Taped neck and shoulders for comfort and durability</li> <li>Modern classic fit, tubular body</li> <li>High-performing black tear-away label</li> <li>Yarn Count 30/1</li> <li><b>Also available in ladies sizes code 64000L and childrens sizes 64000B</b></li>",2.51
54186,541749,64000,TSHIRT,T-SHIRTS,MSSTSH,MENS SHORT SLEEVE T-SHIRT,GILDAN,GILDAN,MS0092,167,Irish Green,13,S,Softstyle Adult T-Shirt,2.44,1,12,72,02-01-2026 8:57,C,https://myebrochure.co.uk/images/colours/gildan/gildan-167.jpg,https://myebrochure.co.uk/images/products/prod_15009_64000_184585.jpg,https://myebrochure.co.uk/images/products.small/prod_15009_64000_184585.jpg,https://myebrochure.co.uk/images/products.hires/prod_15009_64000_184585.jpg,https://myebrochure.co.uk/images/brands/gildan_25.png,https://myebrochure.co.uk/images/products.hires/prod_15009_64000_176861.jpg,,,,,,,,,,"<li>Made with our soft ring spun cotton and cotton blends -</li> <li>Softstyle features high stitch density fabric that offers a smooth printing surface, ideal for DTG</li> <li>Proud member of the US Cotton Trust Protocol (USCTP) and Better Cotton&#8482;</li> <li>Cotton products from Gildan support more sustainable + ethical cotton farming</li> <li>Soft ring spun fabric feels great against your skin</li> <li>Non-topstitched, narrow width, rib collar</li> <li>Taped neck and shoulders for comfort and durability</li> <li>Modern classic fit, tubular body</li> <li>High-performing black tear-away label</li> <li>Yarn Count 30/1</li> <li><b>Also available in ladies sizes code 64000L and childrens sizes 64000B</b></li>",1.87
54187,541756,64000,TSHIRT,T-SHIRTS,MSSTSH,MENS SHORT SLEEVE T-SHIRT,GILDAN,GILDAN,MS0092,167,Irish Green,13,M,Softstyle Adult T-Shirt,2.44,1,12,72,02-01-2026 8:57,C,https://myebrochure.co.uk/images/colours/gildan/gildan-167.jpg,https://myebrochure.co.uk/images/products/prod_15009_64000_184585.jpg,https://myebrochure.co.uk/images/products.small/prod_15009_64000_184585.jpg,https://myebrochure.co.uk/images/products.hires/prod_15009_64000_184585.jpg,https://myebrochure.co.uk/images/brands/gildan_25.png,https://myebrochure.co.uk/images/products.hires/prod_15009_64000_176861.jpg,,,,,,,,,,"<li>Made with our soft ring spun cotton and cotton blends -</li> <li>Softstyle features high stitch density fabric that offers a smooth printing surface, ideal for DTG</li> <li>Proud member of the US Cotton Trust Protocol (USCTP) and Better Cotton&#8482;</li> <li>Cotton products from Gildan support more sustainable + ethical cotton farming</li> <li>Soft ring spun fabric feels great against your skin</li> <li>Non-topstitched, narrow width, rib collar</li> <li>Taped neck and shoulders for comfort and durability</li> <li>Modern classic fit, tubular body</li> <li>High-performing black tear-away label</li> <li>Yarn Count 30/1</li> <li><b>Also available in ladies sizes code 64000L and childrens sizes 64000B</b></li>",1.87
54188,541763,64000,TSHIRT,T-SHIRTS,MSSTSH,MENS SHORT SLEEVE T-SHIRT,GILDAN,GILDAN,MS0092,167,Irish Green,13,L,Softstyle Adult T-Shirt,2.44,1,12,72,02-01-2026 8:57,C,https://myebrochure.co.uk/images/colours/gildan/gildan-167.jpg,https://myebrochure.co.uk/images/products/prod_15009_64000_184585.jpg,https://myebrochure.co.uk/images/products.small/prod_15009_64000_184585.jpg,https://myebrochure.co.uk/images/products.hires/prod_15009_64000_184585.jpg,https://myebrochure.co.uk/images/brands/gildan_25.png,https://myebrochure.co.uk/images/products.hires/prod_15009_64000_176861.jpg,,,,,,,,,,"<li>Made with our soft ring spun cotton and cotton blends -</li> <li>Softstyle features high stitch density fabric that offers a smooth printing surface, ideal for DTG</li> <li>Proud member of the US Cotton Trust Protocol (USCTP) and Better Cotton&#8482;</li> <li>Cotton products from Gildan support more sustainable + ethical cotton farming</li> <li>Soft ring spun fabric feels great against your skin</li> <li>Non-topstitched, narrow width, rib collar</li> <li>Taped neck and shoulders for comfort and durability</li> <li>Modern classic fit, tubular body</li> <li>High-performing black tear-away label</li> <li>Yarn Count 30/1</li> <li><b>Also available in ladies sizes code 64000L and childrens sizes 64000B</b></li>",1.87
54189,541770,64000,TSHIRT,T-SHIRTS,MSSTSH,MENS SHORT SLEEVE T-SHIRT,GILDAN,GILDAN,MS0092,167,Irish Green,13,XL,Softstyle Adult T-Shirt,2.44,1,12,72,02-01-2026 8:57,C,https://myebrochure.co.uk/images/colours/gildan/gildan-167.jpg,https://myebrochure.co.uk/images/products/prod_15009_64000_184585.jpg,https://myebrochure.co.uk/images/products.small/prod_15009_64000_184585.jpg,https://myebrochure.co.uk/images/products.hires/prod_15009_64000_184585.jpg,https://myebrochure.co.uk/images/brands/gildan_25.png,https://myebrochure.co.uk/images/products.hires/prod_15009_64000_176861.jpg,,,,,,,,,,"<li>Made with our soft ring spun cotton and cotton blends -</li> <li>Softstyle features high stitch density fabric that offers a smooth printing surface, ideal for DTG</li> <li>Proud member of the US Cotton Trust Protocol (USCTP) and Better Cotton&#8482;</li> <li>Cotton products from Gildan support more sustainable + ethical cotton farming</li> <li>Soft ring spun fabric feels great against your skin</li> <li>Non-topstitched, narrow width, rib collar</li> <li>Taped neck and shoulders for comfort and durability</li> <li>Modern classic fit, tubular body</li> <li>High-performing black tear-away label</li> <li>Yarn Count 30/1</li> <li><b>Also available in ladies sizes code 64000L and childrens sizes 64000B</b></li>",1.87
54190,541787,64000,TSHIRT,T-SHIRTS,MSSTSH,MENS SHORT SLEEVE T-SHIRT,GILDAN,GILDAN,MS0092,167,Irish Green,13,2XL,Softstyle Adult T-Shirt,2.44,1,12,72,02-01-2026 8:57,C,https://myebrochure.co.uk/images/colours/gildan/gildan-167.jpg,https://myebrochure.co.uk/images/products/prod_15009_64000_184585.jpg,https://myebrochure.co.uk/images/products.small/prod_15009_64000_184585.jpg,https://myebrochure.co.uk/images/products.hires/prod_15009_64000_184585.jpg,https://myebrochure.co.uk/images/brands/gildan_25.png,https://myebrochure.co.uk/images/products.hires/prod_15009_64000_176861.jpg,,,,,,,,,,"<li>Made with our soft ring spun cotton and cotton blends -</li> <li>Softstyle features high stitch density fabric that offers a smooth printing surface, ideal for DTG</li> <li>Proud member of the US Cotton Trust Protocol (USCTP) and Better Cotton&#8482;</li> <li>Cotton products from Gildan support more sustainable + ethical cotton farming</li> <li>Soft ring spun fabric feels great against your skin</li> <li>Non-topstitched, narrow width, rib collar</li> <li>Taped neck and shoulders for comfort and durability</li> <li>Modern classic fit, tubular body</li> <li>High-performing black tear-away label</li> <li>Yarn Count 30/1</li> <li><b>Also available in ladies sizes code 64000L and childrens sizes 64000B</b></li>",1.87
136602,1365238,64000,TSHIRT,T-SHIRTS,MSSTSH,MENS SHORT SLEEVE T-SHIRT,GILDAN,GILDAN,MS0092,167,Irish Green,13,3XL,Softstyle Adult T-Shirt,3.28,1,12,36,02-01-2026 8:57,C,https://myebrochure.co.uk/images/colours/gildan/gildan-167.jpg,https://myebrochure.co.uk/images/products/prod_15009_64000_184585.jpg,https://myebrochure.co.uk/images/products.small/prod_15009_64000_184585.jpg,https://myebrochure.co.uk/images/products.hires/prod_15009_64000_184585.jpg,https://myebrochure.co.uk/images/brands/gildan_25.png,https://myebrochure.co.uk/images/products.hires/prod_15009_64000_176861.jpg,,,,,,,,,,"<li>Made with our soft ring spun cotton and cotton blends -</li> <li>Softstyle features high stitch density fabric that offers a smooth printing surface, ideal for DTG</li> <li>Proud member of the US Cotton Trust Protocol (USCTP) and Better Cotton&#8482;</li> <li>Cotton products from Gildan support more sustainable + ethical cotton farming</li> <li>Soft ring spun fabric feels great against your skin</li> <li>Non-topstitched, narrow width, rib collar</li> <li>Taped neck and shoulders for comfort and durability</li> <li>Modern classic fit, tubular body</li> <li>High-performing black tear-away label</li> <li>Yarn Count 30/1</li> <li><b>Also available in ladies sizes code 64000L and childrens sizes 64000B</b></li>",2.51
178263,1781700,64000,TSHIRT,T-SHIRTS,MSSTSH,MENS SHORT SLEEVE T-SHIRT,GILDAN,GILDAN,MS0092,167,Irish Green,13,4XL,Softstyle Adult T-Shirt,3.28,1,6,12,02-01-2026 8:57,C,https://myebrochure.co.uk/images/colours/gildan/gildan-167.jpg,https://myebrochure.co.uk/images/products/prod_15009_64000_184585.jpg,https://myebrochure.co.uk/images/products.small/prod_15009_64000_184585.jpg,https://myebrochure.co.uk/images/products.hires/prod_15009_64000_184585.jpg,https://myebrochure.co.uk/images/brands/gildan_25.png,https://myebrochure.co.uk/images/products.hires/prod_15009_64000_176861.jpg,,,,,,,,,,"<li>Made with our soft ring spun cotton and cotton blends -</li> <li>Softstyle features high stitch density fabric that offers a smooth printing surface, ideal for DTG</li> <li>Proud member of the US Cotton Trust Protocol (USCTP) and Better Cotton&#8482;</li> <li>Cotton products from Gildan support more sustainable + ethical cotton farming</li> <li>Soft ring spun fabric feels great against your skin</li> <li>Non-topstitched, narrow width, rib collar</li> <li>Taped neck and shoulders for comfort and durability</li> <li>Modern classic fit, tubular body</li> <li>High-performing black tear-away label</li> <li>Yarn Count 30/1</li> <li><b>Also available in ladies sizes code 64000L and childrens sizes 64000B</b></li>",2.51
146208,1461121,64000,TSHIRT,T-SHIRTS,MSSTSH,MENS SHORT SLEEVE T-SHIRT,GILDAN,GILDAN,MS0092,29,Jade Dome,13,S,Softstyle Adult T-Shirt,2.44,1,12,72,02-01-2026 8:57,C,https://myebrochure.co.uk/images/colours/gildan/gildan-29.jpg,https://myebrochure.co.uk/images/products/prod_15009_64000_184585.jpg,https://myebrochure.co.uk/images/products.small/prod_15009_64000_184585.jpg,https://myebrochure.co.uk/images/products.hires/prod_15009_64000_184585.jpg,https://myebrochure.co.uk/images/brands/gildan_25.png,https://myebrochure.co.uk/images/products.hires/prod_15009_64000_176889.jpg,,,,,,,,,,"<li>Made with our soft ring spun cotton and cotton blends -</li> <li>Softstyle features high stitch density fabric that offers a smooth printing surface, ideal for DTG</li> <li>Proud member of the US Cotton Trust Protocol (USCTP) and Better Cotton&#8482;</li> <li>Cotton products from Gildan support more sustainable + ethical cotton farming</li> <li>Soft ring spun fabric feels great against your skin</li> <li>Non-topstitched, narrow width, rib collar</li> <li>Taped neck and shoulders for comfort and durability</li> <li>Modern classic fit, tubular body</li> <li>High-performing black tear-away label</li> <li>Yarn Count 30/1</li> <li><b>Also available in ladies sizes code 64000L and childrens sizes 64000B</b></li>",1.87
146209,1461138,64000,TSHIRT,T-SHIRTS,MSSTSH,MENS SHORT SLEEVE T-SHIRT,GILDAN,GILDAN,MS0092,29,Jade Dome,13,M,Softstyle Adult T-Shirt,2.44,1,12,72,02-01-2026 8:57,C,https://myebrochure.co.uk/images/colours/gildan/gildan-29.jpg,https://myebrochure.co.uk/images/products/prod_15009_64000_184585.jpg,https://myebrochure.co.uk/images/products.small/prod_15009_64000_184585.jpg,https://myebrochure.co.uk/images/products.hires/prod_15009_64000_184585.jpg,https://myebrochure.co.uk/images/brands/gildan_25.png,https://myebrochure.co.uk/images/products.hires/prod_15009_64000_176889.jpg,,,,,,,,,,"<li>Made with our soft ring spun cotton and cotton blends -</li> <li>Softstyle features high stitch density fabric that offers a smooth printing surface, ideal for DTG</li> <li>Proud member of the US Cotton Trust Protocol (USCTP) and Better Cotton&#8482;</li> <li>Cotton products from Gildan support more sustainable + ethical cotton farming</li> <li>Soft ring spun fabric feels great against your skin</li> <li>Non-topstitched, narrow width, rib collar</li> <li>Taped neck and shoulders for comfort and durability</li> <li>Modern classic fit, tubular body</li> <li>High-performing black tear-away label</li> <li>Yarn Count 30/1</li> <li><b>Also available in ladies sizes code 64000L and childrens sizes 64000B</b></li>",1.87
146210,1461145,64000,TSHIRT,T-SHIRTS,MSSTSH,MENS SHORT SLEEVE T-SHIRT,GILDAN,GILDAN,MS0092,29,Jade Dome,13,L,Softstyle Adult T-Shirt,2.44,1,12,72,02-01-2026 8:57,C,https://myebrochure.co.uk/images/colours/gildan/gildan-29.jpg,https://myebrochure.co.uk/images/products/prod_15009_64000_184585.jpg,https://myebrochure.co.uk/images/products.small/prod_15009_64000_184585.jpg,https://myebrochure.co.uk/images/products.hires/prod_15009_64000_184585.jpg,https://myebrochure.co.uk/images/brands/gildan_25.png,https://myebrochure.co.uk/images/products.hires/prod_15009_64000_176889.jpg,,,,,,,,,,"<li>Made with our soft ring spun cotton and cotton blends -</li> <li>Softstyle features high stitch density fabric that offers a smooth printing surface, ideal for DTG</li> <li>Proud member of the US Cotton Trust Protocol (USCTP) and Better Cotton&#8482;</li> <li>Cotton products from Gildan support more sustainable + ethical cotton farming</li> <li>Soft ring spun fabric feels great against your skin</li> <li>Non-topstitched, narrow width, rib collar</li> <li>Taped neck and shoulders for comfort and durability</li> <li>Modern classic fit, tubular body</li> <li>High-performing black tear-away label</li> <li>Yarn Count 30/1</li> <li><b>Also available in ladies sizes code 64000L and childrens sizes 64000B</b></li>",1.87
146211,1461152,64000,TSHIRT,T-SHIRTS,MSSTSH,MENS SHORT SLEEVE T-SHIRT,GILDAN,GILDAN,MS0092,29,Jade Dome,13,XL,Softstyle Adult T-Shirt,2.44,1,12,72,02-01-2026 8:57,C,https://myebrochure.co.uk/images/colours/gildan/gildan-29.jpg,https://myebrochure.co.uk/images/products/prod_15009_64000_184585.jpg,https://myebrochure.co.uk/images/products.small/prod_15009_64000_184585.jpg,https://myebrochure.co.uk/images/products.hires/prod_15009_64000_184585.jpg,https://myebrochure.co.uk/images/brands/gildan_25.png,https://myebrochure.co.uk/images/products.hires/prod_15009_64000_176889.jpg,,,,,,,,,,"<li>Made with our soft ring spun cotton and cotton blends -</li> <li>Softstyle features high stitch density fabric that offers a smooth printing surface, ideal for DTG</li> <li>Proud member of the US Cotton Trust Protocol (USCTP) and Better Cotton&#8482;</li> <li>Cotton products from Gildan support more sustainable + ethical cotton farming</li> <li>Soft ring spun fabric feels great against your skin</li> <li>Non-topstitched, narrow width, rib collar</li> <li>Taped neck and shoulders for comfort and durability</li> <li>Modern classic fit, tubular body</li> <li>High-performing black tear-away label</li> <li>Yarn Count 30/1</li> <li><b>Also available in ladies sizes code 64000L and childrens sizes 64000B</b></li>",1.87
146212,1461169,64000,TSHIRT,T-SHIRTS,MSSTSH,MENS SHORT SLEEVE T-SHIRT,GILDAN,GILDAN,MS0092,29,Jade Dome,13,2XL,Softstyle Adult T-Shirt,2.44,1,12,72,02-01-2026 8:57,C,https://myebrochure.co.uk/images/colours/gildan/gildan-29.jpg,https://myebrochure.co.uk/images/products/prod_15009_64000_184585.jpg,https://myebrochure.co.uk/images/products.small/prod_15009_64000_184585.jpg,https://myebrochure.co.uk/images/products.hires/prod_15009_64000_184585.jpg,https://myebrochure.co.uk/images/brands/gildan_25.png,https://myebrochure.co.uk/images/products.hires/prod_15009_64000_176889.jpg,,,,,,,,,,"<li>Made with our soft ring spun cotton and cotton blends -</li> <li>Softstyle features high stitch density fabric that offers a smooth printing surface, ideal for DTG</li> <li>Proud member of the US Cotton Trust Protocol (USCTP) and Better Cotton&#8482;</li> <li>Cotton products from Gildan support more sustainable + ethical cotton farming</li> <li>Soft ring spun fabric feels great against your skin</li> <li>Non-topstitched, narrow width, rib collar</li> <li>Taped neck and shoulders for comfort and durability</li> <li>Modern classic fit, tubular body</li> <li>High-performing black tear-away label</li> <li>Yarn Count 30/1</li> <li><b>Also available in ladies sizes code 64000L and childrens sizes 64000B</b></li>",1.87
146213,1461176,64000,TSHIRT,T-SHIRTS,MSSTSH,MENS SHORT SLEEVE T-SHIRT,GILDAN,GILDAN,MS0092,29,Jade Dome,13,3XL,Softstyle Adult T-Shirt,3.28,1,12,36,02-01-2026 8:57,C,https://myebrochure.co.uk/images/colours/gildan/gildan-29.jpg,https://myebrochure.co.uk/images/products/prod_15009_64000_184585.jpg,https://myebrochure.co.uk/images/products.small/prod_15009_64000_184585.jpg,https://myebrochure.co.uk/images/products.hires/prod_15009_64000_184585.jpg,https://myebrochure.co.uk/images/brands/gildan_25.png,https://myebrochure.co.uk/images/products.hires/prod_15009_64000_176889.jpg,,,,,,,,,,"<li>Made with our soft ring spun cotton and cotton blends -</li> <li>Softstyle features high stitch density fabric that offers a smooth printing surface, ideal for DTG</li> <li>Proud member of the US Cotton Trust Protocol (USCTP) and Better Cotton&#8482;</li> <li>Cotton products from Gildan support more sustainable + ethical cotton farming</li> <li>Soft ring spun fabric feels great against your skin</li> <li>Non-topstitched, narrow width, rib collar</li> <li>Taped neck and shoulders for comfort and durability</li> <li>Modern classic fit, tubular body</li> <li>High-performing black tear-away label</li> <li>Yarn Count 30/1</li> <li><b>Also available in ladies sizes code 64000L and childrens sizes 64000B</b></li>",2.51
235887,2358888,64000,TSHIRT,T-SHIRTS,MSSTSH,MENS SHORT SLEEVE T-SHIRT,GILDAN,GILDAN,MS0092,17,Kelly Green,13,S,Softstyle Adult T-Shirt,2.44,1,12,72,02-01-2026 8:57,C,https://myebrochure.co.uk/images/colours/gildan/gildan-17.jpg,https://myebrochure.co.uk/images/products/prod_15009_64000_184585.jpg,https://myebrochure.co.uk/images/products.small/prod_15009_64000_184585.jpg,https://myebrochure.co.uk/images/products.hires/prod_15009_64000_184585.jpg,https://myebrochure.co.uk/images/brands/gildan_25.png,https://myebrochure.co.uk/images/products.hires/prod_15009_64000_185007.jpg,,,,,,,,,,"<li>Made with our soft ring spun cotton and cotton blends -</li> <li>Softstyle features high stitch density fabric that offers a smooth printing surface, ideal for DTG</li> <li>Proud member of the US Cotton Trust Protocol (USCTP) and Better Cotton&#8482;</li> <li>Cotton products from Gildan support more sustainable + ethical cotton farming</li> <li>Soft ring spun fabric feels great against your skin</li> <li>Non-topstitched, narrow width, rib collar</li> <li>Taped neck and shoulders for comfort and durability</li> <li>Modern classic fit, tubular body</li> <li>High-performing black tear-away label</li> <li>Yarn Count 30/1</li> <li><b>Also available in ladies sizes code 64000L and childrens sizes 64000B</b></li>",1.87
235888,2358895,64000,TSHIRT,T-SHIRTS,MSSTSH,MENS SHORT SLEEVE T-SHIRT,GILDAN,GILDAN,MS0092,17,Kelly Green,13,M,Softstyle Adult T-Shirt,2.44,1,12,72,02-01-2026 8:57,C,https://myebrochure.co.uk/images/colours/gildan/gildan-17.jpg,https://myebrochure.co.uk/images/products/prod_15009_64000_184585.jpg,https://myebrochure.co.uk/images/products.small/prod_15009_64000_184585.jpg,https://myebrochure.co.uk/images/products.hires/prod_15009_64000_184585.jpg,https://myebrochure.co.uk/images/brands/gildan_25.png,https://myebrochure.co.uk/images/products.hires/prod_15009_64000_185007.jpg,,,,,,,,,,"<li>Made with our soft ring spun cotton and cotton blends -</li> <li>Softstyle features high stitch density fabric that offers a smooth printing surface, ideal for DTG</li> <li>Proud member of the US Cotton Trust Protocol (USCTP) and Better Cotton&#8482;</li> <li>Cotton products from Gildan support more sustainable + ethical cotton farming</li> <li>Soft ring spun fabric feels great against your skin</li> <li>Non-topstitched, narrow width, rib collar</li> <li>Taped neck and shoulders for comfort and durability</li> <li>Modern classic fit, tubular body</li> <li>High-performing black tear-away label</li> <li>Yarn Count 30/1</li> <li><b>Also available in ladies sizes code 64000L and childrens sizes 64000B</b></li>",1.87
235889,2358901,64000,TSHIRT,T-SHIRTS,MSSTSH,MENS SHORT SLEEVE T-SHIRT,GILDAN,GILDAN,MS0092,17,Kelly Green,13,L,Softstyle Adult T-Shirt,2.44,1,12,72,02-01-2026 8:57,C,https://myebrochure.co.uk/images/colours/gildan/gildan-17.jpg,https://myebrochure.co.uk/images/products/prod_15009_64000_184585.jpg,https://myebrochure.co.uk/images/products.small/prod_15009_64000_184585.jpg,https://myebrochure.co.uk/images/products.hires/prod_15009_64000_184585.jpg,https://myebrochure.co.uk/images/brands/gildan_25.png,https://myebrochure.co.uk/images/products.hires/prod_15009_64000_185007.jpg,,,,,,,,,,"<li>Made with our soft ring spun cotton and cotton blends -</li> <li>Softstyle features high stitch density fabric that offers a smooth printing surface, ideal for DTG</li> <li>Proud member of the US Cotton Trust Protocol (USCTP) and Better Cotton&#8482;</li> <li>Cotton products from Gildan support more sustainable + ethical cotton farming</li> <li>Soft ring spun fabric feels great against your skin</li> <li>Non-topstitched, narrow width, rib collar</li> <li>Taped neck and shoulders for comfort and durability</li> <li>Modern classic fit, tubular body</li> <li>High-performing black tear-away label</li> <li>Yarn Count 30/1</li> <li><b>Also available in ladies sizes code 64000L and childrens sizes 64000B</b></li>",1.87
235890,2358918,64000,TSHIRT,T-SHIRTS,MSSTSH,MENS SHORT SLEEVE T-SHIRT,GILDAN,GILDAN,MS0092,17,Kelly Green,13,XL,Softstyle Adult T-Shirt,2.44,1,12,72,02-01-2026 8:57,C,https://myebrochure.co.uk/images/colours/gildan/gildan-17.jpg,https://myebrochure.co.uk/images/products/prod_15009_64000_184585.jpg,https://myebrochure.co.uk/images/products.small/prod_15009_64000_184585.jpg,https://myebrochure.co.uk/images/products.hires/prod_15009_64000_184585.jpg,https://myebrochure.co.uk/images/brands/gildan_25.png,https://myebrochure.co.uk/images/products.hires/prod_15009_64000_185007.jpg,,,,,,,,,,"<li>Made with our soft ring spun cotton and cotton blends -</li> <li>Softstyle features high stitch density fabric that offers a smooth printing surface, ideal for DTG</li> <li>Proud member of the US Cotton Trust Protocol (USCTP) and Better Cotton&#8482;</li> <li>Cotton products from Gildan support more sustainable + ethical cotton farming</li> <li>Soft ring spun fabric feels great against your skin</li> <li>Non-topstitched, narrow width, rib collar</li> <li>Taped neck and shoulders for comfort and durability</li> <li>Modern classic fit, tubular body</li> <li>High-performing black tear-away label</li> <li>Yarn Count 30/1</li> <li><b>Also available in ladies sizes code 64000L and childrens sizes 64000B</b></li>",1.87
235891,2358925,64000,TSHIRT,T-SHIRTS,MSSTSH,MENS SHORT SLEEVE T-SHIRT,GILDAN,GILDAN,MS0092,17,Kelly Green,13,2XL,Softstyle Adult T-Shirt,2.44,1,12,72,02-01-2026 8:57,C,https://myebrochure.co.uk/images/colours/gildan/gildan-17.jpg,https://myebrochure.co.uk/images/products/prod_15009_64000_184585.jpg,https://myebrochure.co.uk/images/products.small/prod_15009_64000_184585.jpg,https://myebrochure.co.uk/images/products.hires/prod_15009_64000_184585.jpg,https://myebrochure.co.uk/images/brands/gildan_25.png,https://myebrochure.co.uk/images/products.hires/prod_15009_64000_185007.jpg,,,,,,,,,,"<li>Made with our soft ring spun cotton and cotton blends -</li> <li>Softstyle features high stitch density fabric that offers a smooth printing surface, ideal for DTG</li> <li>Proud member of the US Cotton Trust Protocol (USCTP) and Better Cotton&#8482;</li> <li>Cotton products from Gildan support more sustainable + ethical cotton farming</li> <li>Soft ring spun fabric feels great against your skin</li> <li>Non-topstitched, narrow width, rib collar</li> <li>Taped neck and shoulders for comfort and durability</li> <li>Modern classic fit, tubular body</li> <li>High-performing black tear-away label</li> <li>Yarn Count 30/1</li> <li><b>Also available in ladies sizes code 64000L and childrens sizes 64000B</b></li>",1.87
235892,2358932,64000,TSHIRT,T-SHIRTS,MSSTSH,MENS SHORT SLEEVE T-SHIRT,GILDAN,GILDAN,MS0092,17,Kelly Green,13,3XL,Softstyle Adult T-Shirt,3.26,1,6,36,02-01-2026 8:57,C,https://myebrochure.co.uk/images/colours/gildan/gildan-17.jpg,https://myebrochure.co.uk/images/products/prod_15009_64000_184585.jpg,https://myebrochure.co.uk/images/products.small/prod_15009_64000_184585.jpg,https://myebrochure.co.uk/images/products.hires/prod_15009_64000_184585.jpg,https://myebrochure.co.uk/images/brands/gildan_25.png,https://myebrochure.co.uk/images/products.hires/prod_15009_64000_185007.jpg,,,,,,,,,,"<li>Made with our soft ring spun cotton and cotton blends -</li> <li>Softstyle features high stitch density fabric that offers a smooth printing surface, ideal for DTG</li> <li>Proud member of the US Cotton Trust Protocol (USCTP) and Better Cotton&#8482;</li> <li>Cotton products from Gildan support more sustainable + ethical cotton farming</li> <li>Soft ring spun fabric feels great against your skin</li> <li>Non-topstitched, narrow width, rib collar</li> <li>Taped neck and shoulders for comfort and durability</li> <li>Modern classic fit, tubular body</li> <li>High-performing black tear-away label</li> <li>Yarn Count 30/1</li> <li><b>Also available in ladies sizes code 64000L and childrens sizes 64000B</b></li>",2.49
37761,377546,64000,TSHIRT,T-SHIRTS,MSSTSH,MENS SHORT SLEEVE T-SHIRT,GILDAN,GILDAN,MS0092,186,Kiwi,13,S,Softstyle Adult T-Shirt,2.44,1,12,72,02-01-2026 8:57,C,https://myebrochure.co.uk/images/colours/gildan/gildan-186.jpg,https://myebrochure.co.uk/images/products/prod_15009_64000_184585.jpg,https://myebrochure.co.uk/images/products.small/prod_15009_64000_184585.jpg,https://myebrochure.co.uk/images/products.hires/prod_15009_64000_184585.jpg,https://myebrochure.co.uk/images/brands/gildan_25.png,https://myebrochure.co.uk/images/products.hires/prod_15009_64000_176862.jpg,,,,,,,,,,"<li>Made with our soft ring spun cotton and cotton blends -</li> <li>Softstyle features high stitch density fabric that offers a smooth printing surface, ideal for DTG</li> <li>Proud member of the US Cotton Trust Protocol (USCTP) and Better Cotton&#8482;</li> <li>Cotton products from Gildan support more sustainable + ethical cotton farming</li> <li>Soft ring spun fabric feels great against your skin</li> <li>Non-topstitched, narrow width, rib collar</li> <li>Taped neck and shoulders for comfort and durability</li> <li>Modern classic fit, tubular body</li> <li>High-performing black tear-away label</li> <li>Yarn Count 30/1</li> <li><b>Also available in ladies sizes code 64000L and childrens sizes 64000B</b></li>",1.87
37762,377553,64000,TSHIRT,T-SHIRTS,MSSTSH,MENS SHORT SLEEVE T-SHIRT,GILDAN,GILDAN,MS0092,186,Kiwi,13,M,Softstyle Adult T-Shirt,2.44,1,12,72,02-01-2026 8:57,C,https://myebrochure.co.uk/images/colours/gildan/gildan-186.jpg,https://myebrochure.co.uk/images/products/prod_15009_64000_184585.jpg,https://myebrochure.co.uk/images/products.small/prod_15009_64000_184585.jpg,https://myebrochure.co.uk/images/products.hires/prod_15009_64000_184585.jpg,https://myebrochure.co.uk/images/brands/gildan_25.png,https://myebrochure.co.uk/images/products.hires/prod_15009_64000_176862.jpg,,,,,,,,,,"<li>Made with our soft ring spun cotton and cotton blends -</li> <li>Softstyle features high stitch density fabric that offers a smooth printing surface, ideal for DTG</li> <li>Proud member of the US Cotton Trust Protocol (USCTP) and Better Cotton&#8482;</li> <li>Cotton products from Gildan support more sustainable + ethical cotton farming</li> <li>Soft ring spun fabric feels great against your skin</li> <li>Non-topstitched, narrow width, rib collar</li> <li>Taped neck and shoulders for comfort and durability</li> <li>Modern classic fit, tubular body</li> <li>High-performing black tear-away label</li> <li>Yarn Count 30/1</li> <li><b>Also available in ladies sizes code 64000L and childrens sizes 64000B</b></li>",1.87
37763,377560,64000,TSHIRT,T-SHIRTS,MSSTSH,MENS SHORT SLEEVE T-SHIRT,GILDAN,GILDAN,MS0092,186,Kiwi,13,L,Softstyle Adult T-Shirt,2.44,1,12,72,02-01-2026 8:57,C,https://myebrochure.co.uk/images/colours/gildan/gildan-186.jpg,https://myebrochure.co.uk/images/products/prod_15009_64000_184585.jpg,https://myebrochure.co.uk/images/products.small/prod_15009_64000_184585.jpg,https://myebrochure.co.uk/images/products.hires/prod_15009_64000_184585.jpg,https://myebrochure.co.uk/images/brands/gildan_25.png,https://myebrochure.co.uk/images/products.hires/prod_15009_64000_176862.jpg,,,,,,,,,,"<li>Made with our soft ring spun cotton and cotton blends -</li> <li>Softstyle features high stitch density fabric that offers a smooth printing surface, ideal for DTG</li> <li>Proud member of the US Cotton Trust Protocol (USCTP) and Better Cotton&#8482;</li> <li>Cotton products from Gildan support more sustainable + ethical cotton farming</li> <li>Soft ring spun fabric feels great against your skin</li> <li>Non-topstitched, narrow width, rib collar</li> <li>Taped neck and shoulders for comfort and durability</li> <li>Modern classic fit, tubular body</li> <li>High-performing black tear-away label</li> <li>Yarn Count 30/1</li> <li><b>Also available in ladies sizes code 64000L and childrens sizes 64000B</b></li>",1.87
37764,377577,64000,TSHIRT,T-SHIRTS,MSSTSH,MENS SHORT SLEEVE T-SHIRT,GILDAN,GILDAN,MS0092,186,Kiwi,13,XL,Softstyle Adult T-Shirt,2.44,1,12,72,02-01-2026 8:57,C,https://myebrochure.co.uk/images/colours/gildan/gildan-186.jpg,https://myebrochure.co.uk/images/products/prod_15009_64000_184585.jpg,https://myebrochure.co.uk/images/products.small/prod_15009_64000_184585.jpg,https://myebrochure.co.uk/images/products.hires/prod_15009_64000_184585.jpg,https://myebrochure.co.uk/images/brands/gildan_25.png,https://myebrochure.co.uk/images/products.hires/prod_15009_64000_176862.jpg,,,,,,,,,,"<li>Made with our soft ring spun cotton and cotton blends -</li> <li>Softstyle features high stitch density fabric that offers a smooth printing surface, ideal for DTG</li> <li>Proud member of the US Cotton Trust Protocol (USCTP) and Better Cotton&#8482;</li> <li>Cotton products from Gildan support more sustainable + ethical cotton farming</li> <li>Soft ring spun fabric feels great against your skin</li> <li>Non-topstitched, narrow width, rib collar</li> <li>Taped neck and shoulders for comfort and durability</li> <li>Modern classic fit, tubular body</li> <li>High-performing black tear-away label</li> <li>Yarn Count 30/1</li> <li><b>Also available in ladies sizes code 64000L and childrens sizes 64000B</b></li>",1.87
37765,377584,64000,TSHIRT,T-SHIRTS,MSSTSH,MENS SHORT SLEEVE T-SHIRT,GILDAN,GILDAN,MS0092,186,Kiwi,13,2XL,Softstyle Adult T-Shirt,2.44,1,12,72,02-01-2026 8:57,C,https://myebrochure.co.uk/images/colours/gildan/gildan-186.jpg,https://myebrochure.co.uk/images/products/prod_15009_64000_184585.jpg,https://myebrochure.co.uk/images/products.small/prod_15009_64000_184585.jpg,https://myebrochure.co.uk/images/products.hires/prod_15009_64000_184585.jpg,https://myebrochure.co.uk/images/brands/gildan_25.png,https://myebrochure.co.uk/images/products.hires/prod_15009_64000_176862.jpg,,,,,,,,,,"<li>Made with our soft ring spun cotton and cotton blends -</li> <li>Softstyle features high stitch density fabric that offers a smooth printing surface, ideal for DTG</li> <li>Proud member of the US Cotton Trust Protocol (USCTP) and Better Cotton&#8482;</li> <li>Cotton products from Gildan support more sustainable + ethical cotton farming</li> <li>Soft ring spun fabric feels great against your skin</li> <li>Non-topstitched, narrow width, rib collar</li> <li>Taped neck and shoulders for comfort and durability</li> <li>Modern classic fit, tubular body</li> <li>High-performing black tear-away label</li> <li>Yarn Count 30/1</li> <li><b>Also available in ladies sizes code 64000L and childrens sizes 64000B</b></li>",1.87
136603,1365245,64000,TSHIRT,T-SHIRTS,MSSTSH,MENS SHORT SLEEVE T-SHIRT,GILDAN,GILDAN,MS0092,186,Kiwi,13,3XL,Softstyle Adult T-Shirt,3.28,1,12,36,02-01-2026 8:57,C,https://myebrochure.co.uk/images/colours/gildan/gildan-186.jpg,https://myebrochure.co.uk/images/products/prod_15009_64000_184585.jpg,https://myebrochure.co.uk/images/products.small/prod_15009_64000_184585.jpg,https://myebrochure.co.uk/images/products.hires/prod_15009_64000_184585.jpg,https://myebrochure.co.uk/images/brands/gildan_25.png,https://myebrochure.co.uk/images/products.hires/prod_15009_64000_176862.jpg,,,,,,,,,,"<li>Made with our soft ring spun cotton and cotton blends -</li> <li>Softstyle features high stitch density fabric that offers a smooth printing surface, ideal for DTG</li> <li>Proud member of the US Cotton Trust Protocol (USCTP) and Better Cotton&#8482;</li> <li>Cotton products from Gildan support more sustainable + ethical cotton farming</li> <li>Soft ring spun fabric feels great against your skin</li> <li>Non-topstitched, narrow width, rib collar</li> <li>Taped neck and shoulders for comfort and durability</li> <li>Modern classic fit, tubular body</li> <li>High-performing black tear-away label</li> <li>Yarn Count 30/1</li> <li><b>Also available in ladies sizes code 64000L and childrens sizes 64000B</b></li>",2.51
37721,377140,64000,TSHIRT,T-SHIRTS,MSSTSH,MENS SHORT SLEEVE T-SHIRT,GILDAN,GILDAN,MS0092,69,Light Blue,13,S,Softstyle Adult T-Shirt,2.44,1,12,72,02-01-2026 8:57,C,https://myebrochure.co.uk/images/colours/gildan/gildan-69.jpg,https://myebrochure.co.uk/images/products/prod_15009_64000_184585.jpg,https://myebrochure.co.uk/images/products.small/prod_15009_64000_184585.jpg,https://myebrochure.co.uk/images/products.hires/prod_15009_64000_184585.jpg,https://myebrochure.co.uk/images/brands/gildan_25.png,https://myebrochure.co.uk/images/products.hires/prod_15009_64000_176873.jpg,,,,,,,,,,"<li>Made with our soft ring spun cotton and cotton blends -</li> <li>Softstyle features high stitch density fabric that offers a smooth printing surface, ideal for DTG</li> <li>Proud member of the US Cotton Trust Protocol (USCTP) and Better Cotton&#8482;</li> <li>Cotton products from Gildan support more sustainable + ethical cotton farming</li> <li>Soft ring spun fabric feels great against your skin</li> <li>Non-topstitched, narrow width, rib collar</li> <li>Taped neck and shoulders for comfort and durability</li> <li>Modern classic fit, tubular body</li> <li>High-performing black tear-away label</li> <li>Yarn Count 30/1</li> <li><b>Also available in ladies sizes code 64000L and childrens sizes 64000B</b></li>",1.87
37722,377157,64000,TSHIRT,T-SHIRTS,MSSTSH,MENS SHORT SLEEVE T-SHIRT,GILDAN,GILDAN,MS0092,69,Light Blue,13,M,Softstyle Adult T-Shirt,2.44,1,12,72,02-01-2026 8:57,C,https://myebrochure.co.uk/images/colours/gildan/gildan-69.jpg,https://myebrochure.co.uk/images/products/prod_15009_64000_184585.jpg,https://myebrochure.co.uk/images/products.small/prod_15009_64000_184585.jpg,https://myebrochure.co.uk/images/products.hires/prod_15009_64000_184585.jpg,https://myebrochure.co.uk/images/brands/gildan_25.png,https://myebrochure.co.uk/images/products.hires/prod_15009_64000_176873.jpg,,,,,,,,,,"<li>Made with our soft ring spun cotton and cotton blends -</li> <li>Softstyle features high stitch density fabric that offers a smooth printing surface, ideal for DTG</li> <li>Proud member of the US Cotton Trust Protocol (USCTP) and Better Cotton&#8482;</li> <li>Cotton products from Gildan support more sustainable + ethical cotton farming</li> <li>Soft ring spun fabric feels great against your skin</li> <li>Non-topstitched, narrow width, rib collar</li> <li>Taped neck and shoulders for comfort and durability</li> <li>Modern classic fit, tubular body</li> <li>High-performing black tear-away label</li> <li>Yarn Count 30/1</li> <li><b>Also available in ladies sizes code 64000L and childrens sizes 64000B</b></li>",1.87
37723,377164,64000,TSHIRT,T-SHIRTS,MSSTSH,MENS SHORT SLEEVE T-SHIRT,GILDAN,GILDAN,MS0092,69,Light Blue,13,L,Softstyle Adult T-Shirt,2.44,1,12,72,02-01-2026 8:57,C,https://myebrochure.co.uk/images/colours/gildan/gildan-69.jpg,https://myebrochure.co.uk/images/products/prod_15009_64000_184585.jpg,https://myebrochure.co.uk/images/products.small/prod_15009_64000_184585.jpg,https://myebrochure.co.uk/images/products.hires/prod_15009_64000_184585.jpg,https://myebrochure.co.uk/images/brands/gildan_25.png,https://myebrochure.co.uk/images/products.hires/prod_15009_64000_176873.jpg,,,,,,,,,,"<li>Made with our soft ring spun cotton and cotton blends -</li> <li>Softstyle features high stitch density fabric that offers a smooth printing surface, ideal for DTG</li> <li>Proud member of the US Cotton Trust Protocol (USCTP) and Better Cotton&#8482;</li> <li>Cotton products from Gildan support more sustainable + ethical cotton farming</li> <li>Soft ring spun fabric feels great against your skin</li> <li>Non-topstitched, narrow width, rib collar</li> <li>Taped neck and shoulders for comfort and durability</li> <li>Modern classic fit, tubular body</li> <li>High-performing black tear-away label</li> <li>Yarn Count 30/1</li> <li><b>Also available in ladies sizes code 64000L and childrens sizes 64000B</b></li>",1.87
37724,377171,64000,TSHIRT,T-SHIRTS,MSSTSH,MENS SHORT SLEEVE T-SHIRT,GILDAN,GILDAN,MS0092,69,Light Blue,13,XL,Softstyle Adult T-Shirt,2.44,1,12,72,02-01-2026 8:57,C,https://myebrochure.co.uk/images/colours/gildan/gildan-69.jpg,https://myebrochure.co.uk/images/products/prod_15009_64000_184585.jpg,https://myebrochure.co.uk/images/products.small/prod_15009_64000_184585.jpg,https://myebrochure.co.uk/images/products.hires/prod_15009_64000_184585.jpg,https://myebrochure.co.uk/images/brands/gildan_25.png,https://myebrochure.co.uk/images/products.hires/prod_15009_64000_176873.jpg,,,,,,,,,,"<li>Made with our soft ring spun cotton and cotton blends -</li> <li>Softstyle features high stitch density fabric that offers a smooth printing surface, ideal for DTG</li> <li>Proud member of the US Cotton Trust Protocol (USCTP) and Better Cotton&#8482;</li> <li>Cotton products from Gildan support more sustainable + ethical cotton farming</li> <li>Soft ring spun fabric feels great against your skin</li> <li>Non-topstitched, narrow width, rib collar</li> <li>Taped neck and shoulders for comfort and durability</li> <li>Modern classic fit, tubular body</li> <li>High-performing black tear-away label</li> <li>Yarn Count 30/1</li> <li><b>Also available in ladies sizes code 64000L and childrens sizes 64000B</b></li>",1.87
37725,377188,64000,TSHIRT,T-SHIRTS,MSSTSH,MENS SHORT SLEEVE T-SHIRT,GILDAN,GILDAN,MS0092,69,Light Blue,13,2XL,Softstyle Adult T-Shirt,2.44,1,12,72,02-01-2026 8:57,C,https://myebrochure.co.uk/images/colours/gildan/gildan-69.jpg,https://myebrochure.co.uk/images/products/prod_15009_64000_184585.jpg,https://myebrochure.co.uk/images/products.small/prod_15009_64000_184585.jpg,https://myebrochure.co.uk/images/products.hires/prod_15009_64000_184585.jpg,https://myebrochure.co.uk/images/brands/gildan_25.png,https://myebrochure.co.uk/images/products.hires/prod_15009_64000_176873.jpg,,,,,,,,,,"<li>Made with our soft ring spun cotton and cotton blends -</li> <li>Softstyle features high stitch density fabric that offers a smooth printing surface, ideal for DTG</li> <li>Proud member of the US Cotton Trust Protocol (USCTP) and Better Cotton&#8482;</li> <li>Cotton products from Gildan support more sustainable + ethical cotton farming</li> <li>Soft ring spun fabric feels great against your skin</li> <li>Non-topstitched, narrow width, rib collar</li> <li>Taped neck and shoulders for comfort and durability</li> <li>Modern classic fit, tubular body</li> <li>High-performing black tear-away label</li> <li>Yarn Count 30/1</li> <li><b>Also available in ladies sizes code 64000L and childrens sizes 64000B</b></li>",1.87
136618,1365399,64000,TSHIRT,T-SHIRTS,MSSTSH,MENS SHORT SLEEVE T-SHIRT,GILDAN,GILDAN,MS0092,69,Light Blue,13,3XL,Softstyle Adult T-Shirt,3.28,1,12,36,02-01-2026 8:57,C,https://myebrochure.co.uk/images/colours/gildan/gildan-69.jpg,https://myebrochure.co.uk/images/products/prod_15009_64000_184585.jpg,https://myebrochure.co.uk/images/products.small/prod_15009_64000_184585.jpg,https://myebrochure.co.uk/images/products.hires/prod_15009_64000_184585.jpg,https://myebrochure.co.uk/images/brands/gildan_25.png,https://myebrochure.co.uk/images/products.hires/prod_15009_64000_176873.jpg,,,,,,,,,,"<li>Made with our soft ring spun cotton and cotton blends -</li> <li>Softstyle features high stitch density fabric that offers a smooth printing surface, ideal for DTG</li> <li>Proud member of the US Cotton Trust Protocol (USCTP) and Better Cotton&#8482;</li> <li>Cotton products from Gildan support more sustainable + ethical cotton farming</li> <li>Soft ring spun fabric feels great against your skin</li> <li>Non-topstitched, narrow width, rib collar</li> <li>Taped neck and shoulders for comfort and durability</li> <li>Modern classic fit, tubular body</li> <li>High-performing black tear-away label</li> <li>Yarn Count 30/1</li> <li><b>Also available in ladies sizes code 64000L and childrens sizes 64000B</b></li>",2.51
178307,1782141,64000,TSHIRT,T-SHIRTS,MSSTSH,MENS SHORT SLEEVE T-SHIRT,GILDAN,GILDAN,MS0092,69,Light Blue,13,4XL,Softstyle Adult T-Shirt,3.28,1,6,12,02-01-2026 8:57,C,https://myebrochure.co.uk/images/colours/gildan/gildan-69.jpg,https://myebrochure.co.uk/images/products/prod_15009_64000_184585.jpg,https://myebrochure.co.uk/images/products.small/prod_15009_64000_184585.jpg,https://myebrochure.co.uk/images/products.hires/prod_15009_64000_184585.jpg,https://myebrochure.co.uk/images/brands/gildan_25.png,https://myebrochure.co.uk/images/products.hires/prod_15009_64000_176873.jpg,,,,,,,,,,"<li>Made with our soft ring spun cotton and cotton blends -</li> <li>Softstyle features high stitch density fabric that offers a smooth printing surface, ideal for DTG</li> <li>Proud member of the US Cotton Trust Protocol (USCTP) and Better Cotton&#8482;</li> <li>Cotton products from Gildan support more sustainable + ethical cotton farming</li> <li>Soft ring spun fabric feels great against your skin</li> <li>Non-topstitched, narrow width, rib collar</li> <li>Taped neck and shoulders for comfort and durability</li> <li>Modern classic fit, tubular body</li> <li>High-performing black tear-away label</li> <li>Yarn Count 30/1</li> <li><b>Also available in ladies sizes code 64000L and childrens sizes 64000B</b></li>",2.51
235903,2359045,64000,TSHIRT,T-SHIRTS,MSSTSH,MENS SHORT SLEEVE T-SHIRT,GILDAN,GILDAN,MS0092,20,Light Pink,13,XS,Softstyle Adult T-Shirt,2.44,1,12,72,02-01-2026 8:57,C,https://myebrochure.co.uk/images/colours/gildan/gildan-20.jpg,https://myebrochure.co.uk/images/products/prod_15009_64000_184585.jpg,https://myebrochure.co.uk/images/products.small/prod_15009_64000_184585.jpg,https://myebrochure.co.uk/images/products.hires/prod_15009_64000_184585.jpg,https://myebrochure.co.uk/images/brands/gildan_25.png,https://myebrochure.co.uk/images/products.hires/prod_15009_64000_176341.jpg,https://myebrochure.co.uk/images/products.hires/prod_15009_64000_176879.jpg,,,,,,,,,"<li>Made with our soft ring spun cotton and cotton blends -</li> <li>Softstyle features high stitch density fabric that offers a smooth printing surface, ideal for DTG</li> <li>Proud member of the US Cotton Trust Protocol (USCTP) and Better Cotton&#8482;</li> <li>Cotton products from Gildan support more sustainable + ethical cotton farming</li> <li>Soft ring spun fabric feels great against your skin</li> <li>Non-topstitched, narrow width, rib collar</li> <li>Taped neck and shoulders for comfort and durability</li> <li>Modern classic fit, tubular body</li> <li>High-performing black tear-away label</li> <li>Yarn Count 30/1</li> <li><b>Also available in ladies sizes code 64000L and childrens sizes 64000B</b></li>",1.87
220278,2202723,64000,TSHIRT,T-SHIRTS,MSSTSH,MENS SHORT SLEEVE T-SHIRT,GILDAN,GILDAN,MS0092,20,Light Pink,13,S,Softstyle Adult T-Shirt,2.44,1,12,72,02-01-2026 8:57,C,https://myebrochure.co.uk/images/colours/gildan/gildan-20.jpg,https://myebrochure.co.uk/images/products/prod_15009_64000_184585.jpg,https://myebrochure.co.uk/images/products.small/prod_15009_64000_184585.jpg,https://myebrochure.co.uk/images/products.hires/prod_15009_64000_184585.jpg,https://myebrochure.co.uk/images/brands/gildan_25.png,https://myebrochure.co.uk/images/products.hires/prod_15009_64000_176341.jpg,https://myebrochure.co.uk/images/products.hires/prod_15009_64000_176879.jpg,,,,,,,,,"<li>Made with our soft ring spun cotton and cotton blends -</li> <li>Softstyle features high stitch density fabric that offers a smooth printing surface, ideal for DTG</li> <li>Proud member of the US Cotton Trust Protocol (USCTP) and Better Cotton&#8482;</li> <li>Cotton products from Gildan support more sustainable + ethical cotton farming</li> <li>Soft ring spun fabric feels great against your skin</li> <li>Non-topstitched, narrow width, rib collar</li> <li>Taped neck and shoulders for comfort and durability</li> <li>Modern classic fit, tubular body</li> <li>High-performing black tear-away label</li> <li>Yarn Count 30/1</li> <li><b>Also available in ladies sizes code 64000L and childrens sizes 64000B</b></li>",1.87
220279,2202730,64000,TSHIRT,T-SHIRTS,MSSTSH,MENS SHORT SLEEVE T-SHIRT,GILDAN,GILDAN,MS0092,20,Light Pink,13,M,Softstyle Adult T-Shirt,2.44,1,12,72,02-01-2026 8:57,C,https://myebrochure.co.uk/images/colours/gildan/gildan-20.jpg,https://myebrochure.co.uk/images/products/prod_15009_64000_184585.jpg,https://myebrochure.co.uk/images/products.small/prod_15009_64000_184585.jpg,https://myebrochure.co.uk/images/products.hires/prod_15009_64000_184585.jpg,https://myebrochure.co.uk/images/brands/gildan_25.png,https://myebrochure.co.uk/images/products.hires/prod_15009_64000_176341.jpg,https://myebrochure.co.uk/images/products.hires/prod_15009_64000_176879.jpg,,,,,,,,,"<li>Made with our soft ring spun cotton and cotton blends -</li> <li>Softstyle features high stitch density fabric that offers a smooth printing surface, ideal for DTG</li> <li>Proud member of the US Cotton Trust Protocol (USCTP) and Better Cotton&#8482;</li> <li>Cotton products from Gildan support more sustainable + ethical cotton farming</li> <li>Soft ring spun fabric feels great against your skin</li> <li>Non-topstitched, narrow width, rib collar</li> <li>Taped neck and shoulders for comfort and durability</li> <li>Modern classic fit, tubular body</li> <li>High-performing black tear-away label</li> <li>Yarn Count 30/1</li> <li><b>Also available in ladies sizes code 64000L and childrens sizes 64000B</b></li>",1.87
220280,2202747,64000,TSHIRT,T-SHIRTS,MSSTSH,MENS SHORT SLEEVE T-SHIRT,GILDAN,GILDAN,MS0092,20,Light Pink,13,L,Softstyle Adult T-Shirt,2.44,1,12,72,02-01-2026 8:57,C,https://myebrochure.co.uk/images/colours/gildan/gildan-20.jpg,https://myebrochure.co.uk/images/products/prod_15009_64000_184585.jpg,https://myebrochure.co.uk/images/products.small/prod_15009_64000_184585.jpg,https://myebrochure.co.uk/images/products.hires/prod_15009_64000_184585.jpg,https://myebrochure.co.uk/images/brands/gildan_25.png,https://myebrochure.co.uk/images/products.hires/prod_15009_64000_176341.jpg,https://myebrochure.co.uk/images/products.hires/prod_15009_64000_176879.jpg,,,,,,,,,"<li>Made with our soft ring spun cotton and cotton blends -</li> <li>Softstyle features high stitch density fabric that offers a smooth printing surface, ideal for DTG</li> <li>Proud member of the US Cotton Trust Protocol (USCTP) and Better Cotton&#8482;</li> <li>Cotton products from Gildan support more sustainable + ethical cotton farming</li> <li>Soft ring spun fabric feels great against your skin</li> <li>Non-topstitched, narrow width, rib collar</li> <li>Taped neck and shoulders for comfort and durability</li> <li>Modern classic fit, tubular body</li> <li>High-performing black tear-away label</li> <li>Yarn Count 30/1</li> <li><b>Also available in ladies sizes code 64000L and childrens sizes 64000B</b></li>",1.87
220281,2202754,64000,TSHIRT,T-SHIRTS,MSSTSH,MENS SHORT SLEEVE T-SHIRT,GILDAN,GILDAN,MS0092,20,Light Pink,13,XL,Softstyle Adult T-Shirt,2.44,1,12,72,02-01-2026 8:57,C,https://myebrochure.co.uk/images/colours/gildan/gildan-20.jpg,https://myebrochure.co.uk/images/products/prod_15009_64000_184585.jpg,https://myebrochure.co.uk/images/products.small/prod_15009_64000_184585.jpg,https://myebrochure.co.uk/images/products.hires/prod_15009_64000_184585.jpg,https://myebrochure.co.uk/images/brands/gildan_25.png,https://myebrochure.co.uk/images/products.hires/prod_15009_64000_176341.jpg,https://myebrochure.co.uk/images/products.hires/prod_15009_64000_176879.jpg,,,,,,,,,"<li>Made with our soft ring spun cotton and cotton blends -</li> <li>Softstyle features high stitch density fabric that offers a smooth printing surface, ideal for DTG</li> <li>Proud member of the US Cotton Trust Protocol (USCTP) and Better Cotton&#8482;</li> <li>Cotton products from Gildan support more sustainable + ethical cotton farming</li> <li>Soft ring spun fabric feels great against your skin</li> <li>Non-topstitched, narrow width, rib collar</li> <li>Taped neck and shoulders for comfort and durability</li> <li>Modern classic fit, tubular body</li> <li>High-performing black tear-away label</li> <li>Yarn Count 30/1</li> <li><b>Also available in ladies sizes code 64000L and childrens sizes 64000B</b></li>",1.87
220282,2202761,64000,TSHIRT,T-SHIRTS,MSSTSH,MENS SHORT SLEEVE T-SHIRT,GILDAN,GILDAN,MS0092,20,Light Pink,13,2XL,Softstyle Adult T-Shirt,2.44,1,12,72,02-01-2026 8:57,C,https://myebrochure.co.uk/images/colours/gildan/gildan-20.jpg,https://myebrochure.co.uk/images/products/prod_15009_64000_184585.jpg,https://myebrochure.co.uk/images/products.small/prod_15009_64000_184585.jpg,https://myebrochure.co.uk/images/products.hires/prod_15009_64000_184585.jpg,https://myebrochure.co.uk/images/brands/gildan_25.png,https://myebrochure.co.uk/images/products.hires/prod_15009_64000_176341.jpg,https://myebrochure.co.uk/images/products.hires/prod_15009_64000_176879.jpg,,,,,,,,,"<li>Made with our soft ring spun cotton and cotton blends -</li> <li>Softstyle features high stitch density fabric that offers a smooth printing surface, ideal for DTG</li> <li>Proud member of the US Cotton Trust Protocol (USCTP) and Better Cotton&#8482;</li> <li>Cotton products from Gildan support more sustainable + ethical cotton farming</li> <li>Soft ring spun fabric feels great against your skin</li> <li>Non-topstitched, narrow width, rib collar</li> <li>Taped neck and shoulders for comfort and durability</li> <li>Modern classic fit, tubular body</li> <li>High-performing black tear-away label</li> <li>Yarn Count 30/1</li> <li><b>Also available in ladies sizes code 64000L and childrens sizes 64000B</b></li>",1.87
220283,2202778,64000,TSHIRT,T-SHIRTS,MSSTSH,MENS SHORT SLEEVE T-SHIRT,GILDAN,GILDAN,MS0092,20,Light Pink,13,3XL,Softstyle Adult T-Shirt,3.28,1,12,36,02-01-2026 8:57,C,https://myebrochure.co.uk/images/colours/gildan/gildan-20.jpg,https://myebrochure.co.uk/images/products/prod_15009_64000_184585.jpg,https://myebrochure.co.uk/images/products.small/prod_15009_64000_184585.jpg,https://myebrochure.co.uk/images/products.hires/prod_15009_64000_184585.jpg,https://myebrochure.co.uk/images/brands/gildan_25.png,https://myebrochure.co.uk/images/products.hires/prod_15009_64000_176341.jpg,https://myebrochure.co.uk/images/products.hires/prod_15009_64000_176879.jpg,,,,,,,,,"<li>Made with our soft ring spun cotton and cotton blends -</li> <li>Softstyle features high stitch density fabric that offers a smooth printing surface, ideal for DTG</li> <li>Proud member of the US Cotton Trust Protocol (USCTP) and Better Cotton&#8482;</li> <li>Cotton products from Gildan support more sustainable + ethical cotton farming</li> <li>Soft ring spun fabric feels great against your skin</li> <li>Non-topstitched, narrow width, rib collar</li> <li>Taped neck and shoulders for comfort and durability</li> <li>Modern classic fit, tubular body</li> <li>High-performing black tear-away label</li> <li>Yarn Count 30/1</li> <li><b>Also available in ladies sizes code 64000L and childrens sizes 64000B</b></li>",2.51
146214,1461183,64000,TSHIRT,T-SHIRTS,MSSTSH,MENS SHORT SLEEVE T-SHIRT,GILDAN,GILDAN,MS0092,12,Lime,13,S,Softstyle Adult T-Shirt,2.44,1,12,72,02-01-2026 8:57,C,https://myebrochure.co.uk/images/colours/gildan/gildan-12.jpg,https://myebrochure.co.uk/images/products/prod_15009_64000_184585.jpg,https://myebrochure.co.uk/images/products.small/prod_15009_64000_184585.jpg,https://myebrochure.co.uk/images/products.hires/prod_15009_64000_184585.jpg,https://myebrochure.co.uk/images/brands/gildan_25.png,https://myebrochure.co.uk/images/products.hires/prod_15009_64000_176881.jpg,,,,,,,,,,"<li>Made with our soft ring spun cotton and cotton blends -</li> <li>Softstyle features high stitch density fabric that offers a smooth printing surface, ideal for DTG</li> <li>Proud member of the US Cotton Trust Protocol (USCTP) and Better Cotton&#8482;</li> <li>Cotton products from Gildan support more sustainable + ethical cotton farming</li> <li>Soft ring spun fabric feels great against your skin</li> <li>Non-topstitched, narrow width, rib collar</li> <li>Taped neck and shoulders for comfort and durability</li> <li>Modern classic fit, tubular body</li> <li>High-performing black tear-away label</li> <li>Yarn Count 30/1</li> <li><b>Also available in ladies sizes code 64000L and childrens sizes 64000B</b></li>",1.87
146215,1461190,64000,TSHIRT,T-SHIRTS,MSSTSH,MENS SHORT SLEEVE T-SHIRT,GILDAN,GILDAN,MS0092,12,Lime,13,M,Softstyle Adult T-Shirt,2.44,1,12,72,02-01-2026 8:57,C,https://myebrochure.co.uk/images/colours/gildan/gildan-12.jpg,https://myebrochure.co.uk/images/products/prod_15009_64000_184585.jpg,https://myebrochure.co.uk/images/products.small/prod_15009_64000_184585.jpg,https://myebrochure.co.uk/images/products.hires/prod_15009_64000_184585.jpg,https://myebrochure.co.uk/images/brands/gildan_25.png,https://myebrochure.co.uk/images/products.hires/prod_15009_64000_176881.jpg,,,,,,,,,,"<li>Made with our soft ring spun cotton and cotton blends -</li> <li>Softstyle features high stitch density fabric that offers a smooth printing surface, ideal for DTG</li> <li>Proud member of the US Cotton Trust Protocol (USCTP) and Better Cotton&#8482;</li> <li>Cotton products from Gildan support more sustainable + ethical cotton farming</li> <li>Soft ring spun fabric feels great against your skin</li> <li>Non-topstitched, narrow width, rib collar</li> <li>Taped neck and shoulders for comfort and durability</li> <li>Modern classic fit, tubular body</li> <li>High-performing black tear-away label</li> <li>Yarn Count 30/1</li> <li><b>Also available in ladies sizes code 64000L and childrens sizes 64000B</b></li>",1.87
146216,1461206,64000,TSHIRT,T-SHIRTS,MSSTSH,MENS SHORT SLEEVE T-SHIRT,GILDAN,GILDAN,MS0092,12,Lime,13,L,Softstyle Adult T-Shirt,2.44,1,12,72,02-01-2026 8:57,C,https://myebrochure.co.uk/images/colours/gildan/gildan-12.jpg,https://myebrochure.co.uk/images/products/prod_15009_64000_184585.jpg,https://myebrochure.co.uk/images/products.small/prod_15009_64000_184585.jpg,https://myebrochure.co.uk/images/products.hires/prod_15009_64000_184585.jpg,https://myebrochure.co.uk/images/brands/gildan_25.png,https://myebrochure.co.uk/images/products.hires/prod_15009_64000_176881.jpg,,,,,,,,,,"<li>Made with our soft ring spun cotton and cotton blends -</li> <li>Softstyle features high stitch density fabric that offers a smooth printing surface, ideal for DTG</li> <li>Proud member of the US Cotton Trust Protocol (USCTP) and Better Cotton&#8482;</li> <li>Cotton products from Gildan support more sustainable + ethical cotton farming</li> <li>Soft ring spun fabric feels great against your skin</li> <li>Non-topstitched, narrow width, rib collar</li> <li>Taped neck and shoulders for comfort and durability</li> <li>Modern classic fit, tubular body</li> <li>High-performing black tear-away label</li> <li>Yarn Count 30/1</li> <li><b>Also available in ladies sizes code 64000L and childrens sizes 64000B</b></li>",1.87
146217,1461213,64000,TSHIRT,T-SHIRTS,MSSTSH,MENS SHORT SLEEVE T-SHIRT,GILDAN,GILDAN,MS0092,12,Lime,13,XL,Softstyle Adult T-Shirt,2.44,1,12,72,02-01-2026 8:57,C,https://myebrochure.co.uk/images/colours/gildan/gildan-12.jpg,https://myebrochure.co.uk/images/products/prod_15009_64000_184585.jpg,https://myebrochure.co.uk/images/products.small/prod_15009_64000_184585.jpg,https://myebrochure.co.uk/images/products.hires/prod_15009_64000_184585.jpg,https://myebrochure.co.uk/images/brands/gildan_25.png,https://myebrochure.co.uk/images/products.hires/prod_15009_64000_176881.jpg,,,,,,,,,,"<li>Made with our soft ring spun cotton and cotton blends -</li> <li>Softstyle features high stitch density fabric that offers a smooth printing surface, ideal for DTG</li> <li>Proud member of the US Cotton Trust Protocol (USCTP) and Better Cotton&#8482;</li> <li>Cotton products from Gildan support more sustainable + ethical cotton farming</li> <li>Soft ring spun fabric feels great against your skin</li> <li>Non-topstitched, narrow width, rib collar</li> <li>Taped neck and shoulders for comfort and durability</li> <li>Modern classic fit, tubular body</li> <li>High-performing black tear-away label</li> <li>Yarn Count 30/1</li> <li><b>Also available in ladies sizes code 64000L and childrens sizes 64000B</b></li>",1.87
146218,1461220,64000,TSHIRT,T-SHIRTS,MSSTSH,MENS SHORT SLEEVE T-SHIRT,GILDAN,GILDAN,MS0092,12,Lime,13,2XL,Softstyle Adult T-Shirt,2.44,1,12,72,02-01-2026 8:57,C,https://myebrochure.co.uk/images/colours/gildan/gildan-12.jpg,https://myebrochure.co.uk/images/products/prod_15009_64000_184585.jpg,https://myebrochure.co.uk/images/products.small/prod_15009_64000_184585.jpg,https://myebrochure.co.uk/images/products.hires/prod_15009_64000_184585.jpg,https://myebrochure.co.uk/images/brands/gildan_25.png,https://myebrochure.co.uk/images/products.hires/prod_15009_64000_176881.jpg,,,,,,,,,,"<li>Made with our soft ring spun cotton and cotton blends -</li> <li>Softstyle features high stitch density fabric that offers a smooth printing surface, ideal for DTG</li> <li>Proud member of the US Cotton Trust Protocol (USCTP) and Better Cotton&#8482;</li> <li>Cotton products from Gildan support more sustainable + ethical cotton farming</li> <li>Soft ring spun fabric feels great against your skin</li> <li>Non-topstitched, narrow width, rib collar</li> <li>Taped neck and shoulders for comfort and durability</li> <li>Modern classic fit, tubular body</li> <li>High-performing black tear-away label</li> <li>Yarn Count 30/1</li> <li><b>Also available in ladies sizes code 64000L and childrens sizes 64000B</b></li>",1.87
146219,1461237,64000,TSHIRT,T-SHIRTS,MSSTSH,MENS SHORT SLEEVE T-SHIRT,GILDAN,GILDAN,MS0092,12,Lime,13,3XL,Softstyle Adult T-Shirt,3.28,1,12,36,02-01-2026 8:57,C,https://myebrochure.co.uk/images/colours/gildan/gildan-12.jpg,https://myebrochure.co.uk/images/products/prod_15009_64000_184585.jpg,https://myebrochure.co.uk/images/products.small/prod_15009_64000_184585.jpg,https://myebrochure.co.uk/images/products.hires/prod_15009_64000_184585.jpg,https://myebrochure.co.uk/images/brands/gildan_25.png,https://myebrochure.co.uk/images/products.hires/prod_15009_64000_176881.jpg,,,,,,,,,,"<li>Made with our soft ring spun cotton and cotton blends -</li> <li>Softstyle features high stitch density fabric that offers a smooth printing surface, ideal for DTG</li> <li>Proud member of the US Cotton Trust Protocol (USCTP) and Better Cotton&#8482;</li> <li>Cotton products from Gildan support more sustainable + ethical cotton farming</li> <li>Soft ring spun fabric feels great against your skin</li> <li>Non-topstitched, narrow width, rib collar</li> <li>Taped neck and shoulders for comfort and durability</li> <li>Modern classic fit, tubular body</li> <li>High-performing black tear-away label</li> <li>Yarn Count 30/1</li> <li><b>Also available in ladies sizes code 64000L and childrens sizes 64000B</b></li>",2.51
146220,1461244,64000,TSHIRT,T-SHIRTS,MSSTSH,MENS SHORT SLEEVE T-SHIRT,GILDAN,GILDAN,MS0092,83,Maroon,13,S,Softstyle Adult T-Shirt,2.44,1,12,72,02-01-2026 8:57,C,https://myebrochure.co.uk/images/colours/gildan/gildan-83.jpg,https://myebrochure.co.uk/images/products/prod_15009_64000_184585.jpg,https://myebrochure.co.uk/images/products.small/prod_15009_64000_184585.jpg,https://myebrochure.co.uk/images/products.hires/prod_15009_64000_184585.jpg,https://myebrochure.co.uk/images/brands/gildan_25.png,https://myebrochure.co.uk/images/products.hires/prod_15009_64000_176884.jpg,,,,,,,,,,"<li>Made with our soft ring spun cotton and cotton blends -</li> <li>Softstyle features high stitch density fabric that offers a smooth printing surface, ideal for DTG</li> <li>Proud member of the US Cotton Trust Protocol (USCTP) and Better Cotton&#8482;</li> <li>Cotton products from Gildan support more sustainable + ethical cotton farming</li> <li>Soft ring spun fabric feels great against your skin</li> <li>Non-topstitched, narrow width, rib collar</li> <li>Taped neck and shoulders for comfort and durability</li> <li>Modern classic fit, tubular body</li> <li>High-performing black tear-away label</li> <li>Yarn Count 30/1</li> <li><b>Also available in ladies sizes code 64000L and childrens sizes 64000B</b></li>",1.87
146221,1461251,64000,TSHIRT,T-SHIRTS,MSSTSH,MENS SHORT SLEEVE T-SHIRT,GILDAN,GILDAN,MS0092,83,Maroon,13,M,Softstyle Adult T-Shirt,2.44,1,12,72,02-01-2026 8:57,C,https://myebrochure.co.uk/images/colours/gildan/gildan-83.jpg,https://myebrochure.co.uk/images/products/prod_15009_64000_184585.jpg,https://myebrochure.co.uk/images/products.small/prod_15009_64000_184585.jpg,https://myebrochure.co.uk/images/products.hires/prod_15009_64000_184585.jpg,https://myebrochure.co.uk/images/brands/gildan_25.png,https://myebrochure.co.uk/images/products.hires/prod_15009_64000_176884.jpg,,,,,,,,,,"<li>Made with our soft ring spun cotton and cotton blends -</li> <li>Softstyle features high stitch density fabric that offers a smooth printing surface, ideal for DTG</li> <li>Proud member of the US Cotton Trust Protocol (USCTP) and Better Cotton&#8482;</li> <li>Cotton products from Gildan support more sustainable + ethical cotton farming</li> <li>Soft ring spun fabric feels great against your skin</li> <li>Non-topstitched, narrow width, rib collar</li> <li>Taped neck and shoulders for comfort and durability</li> <li>Modern classic fit, tubular body</li> <li>High-performing black tear-away label</li> <li>Yarn Count 30/1</li> <li><b>Also available in ladies sizes code 64000L and childrens sizes 64000B</b></li>",1.87
146222,1461268,64000,TSHIRT,T-SHIRTS,MSSTSH,MENS SHORT SLEEVE T-SHIRT,GILDAN,GILDAN,MS0092,83,Maroon,13,L,Softstyle Adult T-Shirt,2.44,1,12,72,02-01-2026 8:57,C,https://myebrochure.co.uk/images/colours/gildan/gildan-83.jpg,https://myebrochure.co.uk/images/products/prod_15009_64000_184585.jpg,https://myebrochure.co.uk/images/products.small/prod_15009_64000_184585.jpg,https://myebrochure.co.uk/images/products.hires/prod_15009_64000_184585.jpg,https://myebrochure.co.uk/images/brands/gildan_25.png,https://myebrochure.co.uk/images/products.hires/prod_15009_64000_176884.jpg,,,,,,,,,,"<li>Made with our soft ring spun cotton and cotton blends -</li> <li>Softstyle features high stitch density fabric that offers a smooth printing surface, ideal for DTG</li> <li>Proud member of the US Cotton Trust Protocol (USCTP) and Better Cotton&#8482;</li> <li>Cotton products from Gildan support more sustainable + ethical cotton farming</li> <li>Soft ring spun fabric feels great against your skin</li> <li>Non-topstitched, narrow width, rib collar</li> <li>Taped neck and shoulders for comfort and durability</li> <li>Modern classic fit, tubular body</li> <li>High-performing black tear-away label</li> <li>Yarn Count 30/1</li> <li><b>Also available in ladies sizes code 64000L and childrens sizes 64000B</b></li>",1.87
146223,1461275,64000,TSHIRT,T-SHIRTS,MSSTSH,MENS SHORT SLEEVE T-SHIRT,GILDAN,GILDAN,MS0092,83,Maroon,13,XL,Softstyle Adult T-Shirt,2.44,1,12,72,02-01-2026 8:57,C,https://myebrochure.co.uk/images/colours/gildan/gildan-83.jpg,https://myebrochure.co.uk/images/products/prod_15009_64000_184585.jpg,https://myebrochure.co.uk/images/products.small/prod_15009_64000_184585.jpg,https://myebrochure.co.uk/images/products.hires/prod_15009_64000_184585.jpg,https://myebrochure.co.uk/images/brands/gildan_25.png,https://myebrochure.co.uk/images/products.hires/prod_15009_64000_176884.jpg,,,,,,,,,,"<li>Made with our soft ring spun cotton and cotton blends -</li> <li>Softstyle features high stitch density fabric that offers a smooth printing surface, ideal for DTG</li> <li>Proud member of the US Cotton Trust Protocol (USCTP) and Better Cotton&#8482;</li> <li>Cotton products from Gildan support more sustainable + ethical cotton farming</li> <li>Soft ring spun fabric feels great against your skin</li> <li>Non-topstitched, narrow width, rib collar</li> <li>Taped neck and shoulders for comfort and durability</li> <li>Modern classic fit, tubular body</li> <li>High-performing black tear-away label</li> <li>Yarn Count 30/1</li> <li><b>Also available in ladies sizes code 64000L and childrens sizes 64000B</b></li>",1.87
146224,1461282,64000,TSHIRT,T-SHIRTS,MSSTSH,MENS SHORT SLEEVE T-SHIRT,GILDAN,GILDAN,MS0092,83,Maroon,13,2XL,Softstyle Adult T-Shirt,2.44,1,12,72,02-01-2026 8:57,C,https://myebrochure.co.uk/images/colours/gildan/gildan-83.jpg,https://myebrochure.co.uk/images/products/prod_15009_64000_184585.jpg,https://myebrochure.co.uk/images/products.small/prod_15009_64000_184585.jpg,https://myebrochure.co.uk/images/products.hires/prod_15009_64000_184585.jpg,https://myebrochure.co.uk/images/brands/gildan_25.png,https://myebrochure.co.uk/images/products.hires/prod_15009_64000_176884.jpg,,,,,,,,,,"<li>Made with our soft ring spun cotton and cotton blends -</li> <li>Softstyle features high stitch density fabric that offers a smooth printing surface, ideal for DTG</li> <li>Proud member of the US Cotton Trust Protocol (USCTP) and Better Cotton&#8482;</li> <li>Cotton products from Gildan support more sustainable + ethical cotton farming</li> <li>Soft ring spun fabric feels great against your skin</li> <li>Non-topstitched, narrow width, rib collar</li> <li>Taped neck and shoulders for comfort and durability</li> <li>Modern classic fit, tubular body</li> <li>High-performing black tear-away label</li> <li>Yarn Count 30/1</li> <li><b>Also available in ladies sizes code 64000L and childrens sizes 64000B</b></li>",1.87
146225,1461299,64000,TSHIRT,T-SHIRTS,MSSTSH,MENS SHORT SLEEVE T-SHIRT,GILDAN,GILDAN,MS0092,83,Maroon,13,3XL,Softstyle Adult T-Shirt,3.28,1,12,36,02-01-2026 8:57,C,https://myebrochure.co.uk/images/colours/gildan/gildan-83.jpg,https://myebrochure.co.uk/images/products/prod_15009_64000_184585.jpg,https://myebrochure.co.uk/images/products.small/prod_15009_64000_184585.jpg,https://myebrochure.co.uk/images/products.hires/prod_15009_64000_184585.jpg,https://myebrochure.co.uk/images/brands/gildan_25.png,https://myebrochure.co.uk/images/products.hires/prod_15009_64000_176884.jpg,,,,,,,,,,"<li>Made with our soft ring spun cotton and cotton blends -</li> <li>Softstyle features high stitch density fabric that offers a smooth printing surface, ideal for DTG</li> <li>Proud member of the US Cotton Trust Protocol (USCTP) and Better Cotton&#8482;</li> <li>Cotton products from Gildan support more sustainable + ethical cotton farming</li> <li>Soft ring spun fabric feels great against your skin</li> <li>Non-topstitched, narrow width, rib collar</li> <li>Taped neck and shoulders for comfort and durability</li> <li>Modern classic fit, tubular body</li> <li>High-performing black tear-away label</li> <li>Yarn Count 30/1</li> <li><b>Also available in ladies sizes code 64000L and childrens sizes 64000B</b></li>",2.51
178313,1782202,64000,TSHIRT,T-SHIRTS,MSSTSH,MENS SHORT SLEEVE T-SHIRT,GILDAN,GILDAN,MS0092,83,Maroon,13,4XL,Softstyle Adult T-Shirt,3.28,1,6,12,02-01-2026 8:57,C,https://myebrochure.co.uk/images/colours/gildan/gildan-83.jpg,https://myebrochure.co.uk/images/products/prod_15009_64000_184585.jpg,https://myebrochure.co.uk/images/products.small/prod_15009_64000_184585.jpg,https://myebrochure.co.uk/images/products.hires/prod_15009_64000_184585.jpg,https://myebrochure.co.uk/images/brands/gildan_25.png,https://myebrochure.co.uk/images/products.hires/prod_15009_64000_176884.jpg,,,,,,,,,,"<li>Made with our soft ring spun cotton and cotton blends -</li> <li>Softstyle features high stitch density fabric that offers a smooth printing surface, ideal for DTG</li> <li>Proud member of the US Cotton Trust Protocol (USCTP) and Better Cotton&#8482;</li> <li>Cotton products from Gildan support more sustainable + ethical cotton farming</li> <li>Soft ring spun fabric feels great against your skin</li> <li>Non-topstitched, narrow width, rib collar</li> <li>Taped neck and shoulders for comfort and durability</li> <li>Modern classic fit, tubular body</li> <li>High-performing black tear-away label</li> <li>Yarn Count 30/1</li> <li><b>Also available in ladies sizes code 64000L and childrens sizes 64000B</b></li>",2.51
235905,2359069,64000,TSHIRT,T-SHIRTS,MSSTSH,MENS SHORT SLEEVE T-SHIRT,GILDAN,GILDAN,MS0092,106,Military Green,13,XS,Softstyle Adult T-Shirt,2.42,1,12,72,02-01-2026 8:57,C,https://myebrochure.co.uk/images/colours/gildan/gildan-106.jpg,https://myebrochure.co.uk/images/products/prod_15009_64000_184585.jpg,https://myebrochure.co.uk/images/products.small/prod_15009_64000_184585.jpg,https://myebrochure.co.uk/images/products.hires/prod_15009_64000_184585.jpg,https://myebrochure.co.uk/images/brands/gildan_25.png,https://myebrochure.co.uk/images/products.hires/prod_15009_64000_176875.jpg,,,,,,,,,,"<li>Made with our soft ring spun cotton and cotton blends -</li> <li>Softstyle features high stitch density fabric that offers a smooth printing surface, ideal for DTG</li> <li>Proud member of the US Cotton Trust Protocol (USCTP) and Better Cotton&#8482;</li> <li>Cotton products from Gildan support more sustainable + ethical cotton farming</li> <li>Soft ring spun fabric feels great against your skin</li> <li>Non-topstitched, narrow width, rib collar</li> <li>Taped neck and shoulders for comfort and durability</li> <li>Modern classic fit, tubular body</li> <li>High-performing black tear-away label</li> <li>Yarn Count 30/1</li> <li><b>Also available in ladies sizes code 64000L and childrens sizes 64000B</b></li>",1.85
37746,377393,64000,TSHIRT,T-SHIRTS,MSSTSH,MENS SHORT SLEEVE T-SHIRT,GILDAN,GILDAN,MS0092,106,Military Green,13,S,Softstyle Adult T-Shirt,2.44,1,12,72,02-01-2026 8:57,C,https://myebrochure.co.uk/images/colours/gildan/gildan-106.jpg,https://myebrochure.co.uk/images/products/prod_15009_64000_184585.jpg,https://myebrochure.co.uk/images/products.small/prod_15009_64000_184585.jpg,https://myebrochure.co.uk/images/products.hires/prod_15009_64000_184585.jpg,https://myebrochure.co.uk/images/brands/gildan_25.png,https://myebrochure.co.uk/images/products.hires/prod_15009_64000_176875.jpg,,,,,,,,,,"<li>Made with our soft ring spun cotton and cotton blends -</li> <li>Softstyle features high stitch density fabric that offers a smooth printing surface, ideal for DTG</li> <li>Proud member of the US Cotton Trust Protocol (USCTP) and Better Cotton&#8482;</li> <li>Cotton products from Gildan support more sustainable + ethical cotton farming</li> <li>Soft ring spun fabric feels great against your skin</li> <li>Non-topstitched, narrow width, rib collar</li> <li>Taped neck and shoulders for comfort and durability</li> <li>Modern classic fit, tubular body</li> <li>High-performing black tear-away label</li> <li>Yarn Count 30/1</li> <li><b>Also available in ladies sizes code 64000L and childrens sizes 64000B</b></li>",1.87
37747,377409,64000,TSHIRT,T-SHIRTS,MSSTSH,MENS SHORT SLEEVE T-SHIRT,GILDAN,GILDAN,MS0092,106,Military Green,13,M,Softstyle Adult T-Shirt,2.44,1,12,72,02-01-2026 8:57,C,https://myebrochure.co.uk/images/colours/gildan/gildan-106.jpg,https://myebrochure.co.uk/images/products/prod_15009_64000_184585.jpg,https://myebrochure.co.uk/images/products.small/prod_15009_64000_184585.jpg,https://myebrochure.co.uk/images/products.hires/prod_15009_64000_184585.jpg,https://myebrochure.co.uk/images/brands/gildan_25.png,https://myebrochure.co.uk/images/products.hires/prod_15009_64000_176875.jpg,,,,,,,,,,"<li>Made with our soft ring spun cotton and cotton blends -</li> <li>Softstyle features high stitch density fabric that offers a smooth printing surface, ideal for DTG</li> <li>Proud member of the US Cotton Trust Protocol (USCTP) and Better Cotton&#8482;</li> <li>Cotton products from Gildan support more sustainable + ethical cotton farming</li> <li>Soft ring spun fabric feels great against your skin</li> <li>Non-topstitched, narrow width, rib collar</li> <li>Taped neck and shoulders for comfort and durability</li> <li>Modern classic fit, tubular body</li> <li>High-performing black tear-away label</li> <li>Yarn Count 30/1</li> <li><b>Also available in ladies sizes code 64000L and childrens sizes 64000B</b></li>",1.87
37748,377416,64000,TSHIRT,T-SHIRTS,MSSTSH,MENS SHORT SLEEVE T-SHIRT,GILDAN,GILDAN,MS0092,106,Military Green,13,L,Softstyle Adult T-Shirt,2.44,1,12,72,02-01-2026 8:57,C,https://myebrochure.co.uk/images/colours/gildan/gildan-106.jpg,https://myebrochure.co.uk/images/products/prod_15009_64000_184585.jpg,https://myebrochure.co.uk/images/products.small/prod_15009_64000_184585.jpg,https://myebrochure.co.uk/images/products.hires/prod_15009_64000_184585.jpg,https://myebrochure.co.uk/images/brands/gildan_25.png,https://myebrochure.co.uk/images/products.hires/prod_15009_64000_176875.jpg,,,,,,,,,,"<li>Made with our soft ring spun cotton and cotton blends -</li> <li>Softstyle features high stitch density fabric that offers a smooth printing surface, ideal for DTG</li> <li>Proud member of the US Cotton Trust Protocol (USCTP) and Better Cotton&#8482;</li> <li>Cotton products from Gildan support more sustainable + ethical cotton farming</li> <li>Soft ring spun fabric feels great against your skin</li> <li>Non-topstitched, narrow width, rib collar</li> <li>Taped neck and shoulders for comfort and durability</li> <li>Modern classic fit, tubular body</li> <li>High-performing black tear-away label</li> <li>Yarn Count 30/1</li> <li><b>Also available in ladies sizes code 64000L and childrens sizes 64000B</b></li>",1.87
37749,377423,64000,TSHIRT,T-SHIRTS,MSSTSH,MENS SHORT SLEEVE T-SHIRT,GILDAN,GILDAN,MS0092,106,Military Green,13,XL,Softstyle Adult T-Shirt,2.44,1,12,72,02-01-2026 8:57,C,https://myebrochure.co.uk/images/colours/gildan/gildan-106.jpg,https://myebrochure.co.uk/images/products/prod_15009_64000_184585.jpg,https://myebrochure.co.uk/images/products.small/prod_15009_64000_184585.jpg,https://myebrochure.co.uk/images/products.hires/prod_15009_64000_184585.jpg,https://myebrochure.co.uk/images/brands/gildan_25.png,https://myebrochure.co.uk/images/products.hires/prod_15009_64000_176875.jpg,,,,,,,,,,"<li>Made with our soft ring spun cotton and cotton blends -</li> <li>Softstyle features high stitch density fabric that offers a smooth printing surface, ideal for DTG</li> <li>Proud member of the US Cotton Trust Protocol (USCTP) and Better Cotton&#8482;</li> <li>Cotton products from Gildan support more sustainable + ethical cotton farming</li> <li>Soft ring spun fabric feels great against your skin</li> <li>Non-topstitched, narrow width, rib collar</li> <li>Taped neck and shoulders for comfort and durability</li> <li>Modern classic fit, tubular body</li> <li>High-performing black tear-away label</li> <li>Yarn Count 30/1</li> <li><b>Also available in ladies sizes code 64000L and childrens sizes 64000B</b></li>",1.87
37750,377430,64000,TSHIRT,T-SHIRTS,MSSTSH,MENS SHORT SLEEVE T-SHIRT,GILDAN,GILDAN,MS0092,106,Military Green,13,2XL,Softstyle Adult T-Shirt,2.44,1,12,72,02-01-2026 8:57,C,https://myebrochure.co.uk/images/colours/gildan/gildan-106.jpg,https://myebrochure.co.uk/images/products/prod_15009_64000_184585.jpg,https://myebrochure.co.uk/images/products.small/prod_15009_64000_184585.jpg,https://myebrochure.co.uk/images/products.hires/prod_15009_64000_184585.jpg,https://myebrochure.co.uk/images/brands/gildan_25.png,https://myebrochure.co.uk/images/products.hires/prod_15009_64000_176875.jpg,,,,,,,,,,"<li>Made with our soft ring spun cotton and cotton blends -</li> <li>Softstyle features high stitch density fabric that offers a smooth printing surface, ideal for DTG</li> <li>Proud member of the US Cotton Trust Protocol (USCTP) and Better Cotton&#8482;</li> <li>Cotton products from Gildan support more sustainable + ethical cotton farming</li> <li>Soft ring spun fabric feels great against your skin</li> <li>Non-topstitched, narrow width, rib collar</li> <li>Taped neck and shoulders for comfort and durability</li> <li>Modern classic fit, tubular body</li> <li>High-performing black tear-away label</li> <li>Yarn Count 30/1</li> <li><b>Also available in ladies sizes code 64000L and childrens sizes 64000B</b></li>",1.87
136595,1365160,64000,TSHIRT,T-SHIRTS,MSSTSH,MENS SHORT SLEEVE T-SHIRT,GILDAN,GILDAN,MS0092,106,Military Green,13,3XL,Softstyle Adult T-Shirt,3.28,1,12,36,02-01-2026 8:57,C,https://myebrochure.co.uk/images/colours/gildan/gildan-106.jpg,https://myebrochure.co.uk/images/products/prod_15009_64000_184585.jpg,https://myebrochure.co.uk/images/products.small/prod_15009_64000_184585.jpg,https://myebrochure.co.uk/images/products.hires/prod_15009_64000_184585.jpg,https://myebrochure.co.uk/images/brands/gildan_25.png,https://myebrochure.co.uk/images/products.hires/prod_15009_64000_176875.jpg,,,,,,,,,,"<li>Made with our soft ring spun cotton and cotton blends -</li> <li>Softstyle features high stitch density fabric that offers a smooth printing surface, ideal for DTG</li> <li>Proud member of the US Cotton Trust Protocol (USCTP) and Better Cotton&#8482;</li> <li>Cotton products from Gildan support more sustainable + ethical cotton farming</li> <li>Soft ring spun fabric feels great against your skin</li> <li>Non-topstitched, narrow width, rib collar</li> <li>Taped neck and shoulders for comfort and durability</li> <li>Modern classic fit, tubular body</li> <li>High-performing black tear-away label</li> <li>Yarn Count 30/1</li> <li><b>Also available in ladies sizes code 64000L and childrens sizes 64000B</b></li>",2.51
178258,1781656,64000,TSHIRT,T-SHIRTS,MSSTSH,MENS SHORT SLEEVE T-SHIRT,GILDAN,GILDAN,MS0092,106,Military Green,13,4XL,Softstyle Adult T-Shirt,3.28,1,6,12,02-01-2026 8:57,C,https://myebrochure.co.uk/images/colours/gildan/gildan-106.jpg,https://myebrochure.co.uk/images/products/prod_15009_64000_184585.jpg,https://myebrochure.co.uk/images/products.small/prod_15009_64000_184585.jpg,https://myebrochure.co.uk/images/products.hires/prod_15009_64000_184585.jpg,https://myebrochure.co.uk/images/brands/gildan_25.png,https://myebrochure.co.uk/images/products.hires/prod_15009_64000_176875.jpg,,,,,,,,,,"<li>Made with our soft ring spun cotton and cotton blends -</li> <li>Softstyle features high stitch density fabric that offers a smooth printing surface, ideal for DTG</li> <li>Proud member of the US Cotton Trust Protocol (USCTP) and Better Cotton&#8482;</li> <li>Cotton products from Gildan support more sustainable + ethical cotton farming</li> <li>Soft ring spun fabric feels great against your skin</li> <li>Non-topstitched, narrow width, rib collar</li> <li>Taped neck and shoulders for comfort and durability</li> <li>Modern classic fit, tubular body</li> <li>High-performing black tear-away label</li> <li>Yarn Count 30/1</li> <li><b>Also available in ladies sizes code 64000L and childrens sizes 64000B</b></li>",2.51
103123,1030822,64000,TSHIRT,T-SHIRTS,MSSTSH,MENS SHORT SLEEVE T-SHIRT,GILDAN,GILDAN,MS0092,455,Mint Green,13,S,Softstyle Adult T-Shirt,2.44,1,12,72,02-01-2026 8:57,C,https://myebrochure.co.uk/images/colours/gildan/gildan-455.jpg,https://myebrochure.co.uk/images/products/prod_15009_64000_184585.jpg,https://myebrochure.co.uk/images/products.small/prod_15009_64000_184585.jpg,https://myebrochure.co.uk/images/products.hires/prod_15009_64000_184585.jpg,https://myebrochure.co.uk/images/brands/gildan_25.png,https://myebrochure.co.uk/images/products.hires/prod_15009_64000_176866.jpg,,,,,,,,,,"<li>Made with our soft ring spun cotton and cotton blends -</li> <li>Softstyle features high stitch density fabric that offers a smooth printing surface, ideal for DTG</li> <li>Proud member of the US Cotton Trust Protocol (USCTP) and Better Cotton&#8482;</li> <li>Cotton products from Gildan support more sustainable + ethical cotton farming</li> <li>Soft ring spun fabric feels great against your skin</li> <li>Non-topstitched, narrow width, rib collar</li> <li>Taped neck and shoulders for comfort and durability</li> <li>Modern classic fit, tubular body</li> <li>High-performing black tear-away label</li> <li>Yarn Count 30/1</li> <li><b>Also available in ladies sizes code 64000L and childrens sizes 64000B</b></li>",1.87
103124,1030839,64000,TSHIRT,T-SHIRTS,MSSTSH,MENS SHORT SLEEVE T-SHIRT,GILDAN,GILDAN,MS0092,455,Mint Green,13,M,Softstyle Adult T-Shirt,2.44,1,12,72,02-01-2026 8:57,C,https://myebrochure.co.uk/images/colours/gildan/gildan-455.jpg,https://myebrochure.co.uk/images/products/prod_15009_64000_184585.jpg,https://myebrochure.co.uk/images/products.small/prod_15009_64000_184585.jpg,https://myebrochure.co.uk/images/products.hires/prod_15009_64000_184585.jpg,https://myebrochure.co.uk/images/brands/gildan_25.png,https://myebrochure.co.uk/images/products.hires/prod_15009_64000_176866.jpg,,,,,,,,,,"<li>Made with our soft ring spun cotton and cotton blends -</li> <li>Softstyle features high stitch density fabric that offers a smooth printing surface, ideal for DTG</li> <li>Proud member of the US Cotton Trust Protocol (USCTP) and Better Cotton&#8482;</li> <li>Cotton products from Gildan support more sustainable + ethical cotton farming</li> <li>Soft ring spun fabric feels great against your skin</li> <li>Non-topstitched, narrow width, rib collar</li> <li>Taped neck and shoulders for comfort and durability</li> <li>Modern classic fit, tubular body</li> <li>High-performing black tear-away label</li> <li>Yarn Count 30/1</li> <li><b>Also available in ladies sizes code 64000L and childrens sizes 64000B</b></li>",1.87
103125,1030846,64000,TSHIRT,T-SHIRTS,MSSTSH,MENS SHORT SLEEVE T-SHIRT,GILDAN,GILDAN,MS0092,455,Mint Green,13,L,Softstyle Adult T-Shirt,2.44,1,12,72,02-01-2026 8:57,C,https://myebrochure.co.uk/images/colours/gildan/gildan-455.jpg,https://myebrochure.co.uk/images/products/prod_15009_64000_184585.jpg,https://myebrochure.co.uk/images/products.small/prod_15009_64000_184585.jpg,https://myebrochure.co.uk/images/products.hires/prod_15009_64000_184585.jpg,https://myebrochure.co.uk/images/brands/gildan_25.png,https://myebrochure.co.uk/images/products.hires/prod_15009_64000_176866.jpg,,,,,,,,,,"<li>Made with our soft ring spun cotton and cotton blends -</li> <li>Softstyle features high stitch density fabric that offers a smooth printing surface, ideal for DTG</li> <li>Proud member of the US Cotton Trust Protocol (USCTP) and Better Cotton&#8482;</li> <li>Cotton products from Gildan support more sustainable + ethical cotton farming</li> <li>Soft ring spun fabric feels great against your skin</li> <li>Non-topstitched, narrow width, rib collar</li> <li>Taped neck and shoulders for comfort and durability</li> <li>Modern classic fit, tubular body</li> <li>High-performing black tear-away label</li> <li>Yarn Count 30/1</li> <li><b>Also available in ladies sizes code 64000L and childrens sizes 64000B</b></li>",1.87
103126,1030853,64000,TSHIRT,T-SHIRTS,MSSTSH,MENS SHORT SLEEVE T-SHIRT,GILDAN,GILDAN,MS0092,455,Mint Green,13,XL,Softstyle Adult T-Shirt,2.44,1,12,72,02-01-2026 8:57,C,https://myebrochure.co.uk/images/colours/gildan/gildan-455.jpg,https://myebrochure.co.uk/images/products/prod_15009_64000_184585.jpg,https://myebrochure.co.uk/images/products.small/prod_15009_64000_184585.jpg,https://myebrochure.co.uk/images/products.hires/prod_15009_64000_184585.jpg,https://myebrochure.co.uk/images/brands/gildan_25.png,https://myebrochure.co.uk/images/products.hires/prod_15009_64000_176866.jpg,,,,,,,,,,"<li>Made with our soft ring spun cotton and cotton blends -</li> <li>Softstyle features high stitch density fabric that offers a smooth printing surface, ideal for DTG</li> <li>Proud member of the US Cotton Trust Protocol (USCTP) and Better Cotton&#8482;</li> <li>Cotton products from Gildan support more sustainable + ethical cotton farming</li> <li>Soft ring spun fabric feels great against your skin</li> <li>Non-topstitched, narrow width, rib collar</li> <li>Taped neck and shoulders for comfort and durability</li> <li>Modern classic fit, tubular body</li> <li>High-performing black tear-away label</li> <li>Yarn Count 30/1</li> <li><b>Also available in ladies sizes code 64000L and childrens sizes 64000B</b></li>",1.87
103127,1030860,64000,TSHIRT,T-SHIRTS,MSSTSH,MENS SHORT SLEEVE T-SHIRT,GILDAN,GILDAN,MS0092,455,Mint Green,13,2XL,Softstyle Adult T-Shirt,2.44,1,12,72,02-01-2026 8:57,C,https://myebrochure.co.uk/images/colours/gildan/gildan-455.jpg,https://myebrochure.co.uk/images/products/prod_15009_64000_184585.jpg,https://myebrochure.co.uk/images/products.small/prod_15009_64000_184585.jpg,https://myebrochure.co.uk/images/products.hires/prod_15009_64000_184585.jpg,https://myebrochure.co.uk/images/brands/gildan_25.png,https://myebrochure.co.uk/images/products.hires/prod_15009_64000_176866.jpg,,,,,,,,,,"<li>Made with our soft ring spun cotton and cotton blends -</li> <li>Softstyle features high stitch density fabric that offers a smooth printing surface, ideal for DTG</li> <li>Proud member of the US Cotton Trust Protocol (USCTP) and Better Cotton&#8482;</li> <li>Cotton products from Gildan support more sustainable + ethical cotton farming</li> <li>Soft ring spun fabric feels great against your skin</li> <li>Non-topstitched, narrow width, rib collar</li> <li>Taped neck and shoulders for comfort and durability</li> <li>Modern classic fit, tubular body</li> <li>High-performing black tear-away label</li> <li>Yarn Count 30/1</li> <li><b>Also available in ladies sizes code 64000L and childrens sizes 64000B</b></li>",1.87
136617,1365382,64000,TSHIRT,T-SHIRTS,MSSTSH,MENS SHORT SLEEVE T-SHIRT,GILDAN,GILDAN,MS0092,455,Mint Green,13,3XL,Softstyle Adult T-Shirt,3.28,1,12,36,02-01-2026 8:57,C,https://myebrochure.co.uk/images/colours/gildan/gildan-455.jpg,https://myebrochure.co.uk/images/products/prod_15009_64000_184585.jpg,https://myebrochure.co.uk/images/products.small/prod_15009_64000_184585.jpg,https://myebrochure.co.uk/images/products.hires/prod_15009_64000_184585.jpg,https://myebrochure.co.uk/images/brands/gildan_25.png,https://myebrochure.co.uk/images/products.hires/prod_15009_64000_176866.jpg,,,,,,,,,,"<li>Made with our soft ring spun cotton and cotton blends -</li> <li>Softstyle features high stitch density fabric that offers a smooth printing surface, ideal for DTG</li> <li>Proud member of the US Cotton Trust Protocol (USCTP) and Better Cotton&#8482;</li> <li>Cotton products from Gildan support more sustainable + ethical cotton farming</li> <li>Soft ring spun fabric feels great against your skin</li> <li>Non-topstitched, narrow width, rib collar</li> <li>Taped neck and shoulders for comfort and durability</li> <li>Modern classic fit, tubular body</li> <li>High-performing black tear-away label</li> <li>Yarn Count 30/1</li> <li><b>Also available in ladies sizes code 64000L and childrens sizes 64000B</b></li>",2.51
146232,1461367,64000,TSHIRT,T-SHIRTS,MSSTSH,MENS SHORT SLEEVE T-SHIRT,GILDAN,GILDAN,MS0092,31,Natural,13,S,Softstyle Adult T-Shirt,1.93,1,12,72,02-01-2026 8:57,C,https://myebrochure.co.uk/images/colours/gildan/gildan-31.jpg,https://myebrochure.co.uk/images/products/prod_15009_64000_184585.jpg,https://myebrochure.co.uk/images/products.small/prod_15009_64000_184585.jpg,https://myebrochure.co.uk/images/products.hires/prod_15009_64000_184585.jpg,https://myebrochure.co.uk/images/brands/gildan_25.png,https://myebrochure.co.uk/images/products.hires/prod_15009_64000_176863.jpg,,,,,,,,,,"<li>Made with our soft ring spun cotton and cotton blends -</li> <li>Softstyle features high stitch density fabric that offers a smooth printing surface, ideal for DTG</li> <li>Proud member of the US Cotton Trust Protocol (USCTP) and Better Cotton&#8482;</li> <li>Cotton products from Gildan support more sustainable + ethical cotton farming</li> <li>Soft ring spun fabric feels great against your skin</li> <li>Non-topstitched, narrow width, rib collar</li> <li>Taped neck and shoulders for comfort and durability</li> <li>Modern classic fit, tubular body</li> <li>High-performing black tear-away label</li> <li>Yarn Count 30/1</li> <li><b>Also available in ladies sizes code 64000L and childrens sizes 64000B</b></li>",1.48
146233,1461374,64000,TSHIRT,T-SHIRTS,MSSTSH,MENS SHORT SLEEVE T-SHIRT,GILDAN,GILDAN,MS0092,31,Natural,13,M,Softstyle Adult T-Shirt,1.93,1,12,72,02-01-2026 8:57,C,https://myebrochure.co.uk/images/colours/gildan/gildan-31.jpg,https://myebrochure.co.uk/images/products/prod_15009_64000_184585.jpg,https://myebrochure.co.uk/images/products.small/prod_15009_64000_184585.jpg,https://myebrochure.co.uk/images/products.hires/prod_15009_64000_184585.jpg,https://myebrochure.co.uk/images/brands/gildan_25.png,https://myebrochure.co.uk/images/products.hires/prod_15009_64000_176863.jpg,,,,,,,,,,"<li>Made with our soft ring spun cotton and cotton blends -</li> <li>Softstyle features high stitch density fabric that offers a smooth printing surface, ideal for DTG</li> <li>Proud member of the US Cotton Trust Protocol (USCTP) and Better Cotton&#8482;</li> <li>Cotton products from Gildan support more sustainable + ethical cotton farming</li> <li>Soft ring spun fabric feels great against your skin</li> <li>Non-topstitched, narrow width, rib collar</li> <li>Taped neck and shoulders for comfort and durability</li> <li>Modern classic fit, tubular body</li> <li>High-performing black tear-away label</li> <li>Yarn Count 30/1</li> <li><b>Also available in ladies sizes code 64000L and childrens sizes 64000B</b></li>",1.48
146234,1461381,64000,TSHIRT,T-SHIRTS,MSSTSH,MENS SHORT SLEEVE T-SHIRT,GILDAN,GILDAN,MS0092,31,Natural,13,L,Softstyle Adult T-Shirt,1.93,1,12,72,02-01-2026 8:57,C,https://myebrochure.co.uk/images/colours/gildan/gildan-31.jpg,https://myebrochure.co.uk/images/products/prod_15009_64000_184585.jpg,https://myebrochure.co.uk/images/products.small/prod_15009_64000_184585.jpg,https://myebrochure.co.uk/images/products.hires/prod_15009_64000_184585.jpg,https://myebrochure.co.uk/images/brands/gildan_25.png,https://myebrochure.co.uk/images/products.hires/prod_15009_64000_176863.jpg,,,,,,,,,,"<li>Made with our soft ring spun cotton and cotton blends -</li> <li>Softstyle features high stitch density fabric that offers a smooth printing surface, ideal for DTG</li> <li>Proud member of the US Cotton Trust Protocol (USCTP) and Better Cotton&#8482;</li> <li>Cotton products from Gildan support more sustainable + ethical cotton farming</li> <li>Soft ring spun fabric feels great against your skin</li> <li>Non-topstitched, narrow width, rib collar</li> <li>Taped neck and shoulders for comfort and durability</li> <li>Modern classic fit, tubular body</li> <li>High-performing black tear-away label</li> <li>Yarn Count 30/1</li> <li><b>Also available in ladies sizes code 64000L and childrens sizes 64000B</b></li>",1.48
146235,1461398,64000,TSHIRT,T-SHIRTS,MSSTSH,MENS SHORT SLEEVE T-SHIRT,GILDAN,GILDAN,MS0092,31,Natural,13,XL,Softstyle Adult T-Shirt,1.93,1,12,72,02-01-2026 8:57,C,https://myebrochure.co.uk/images/colours/gildan/gildan-31.jpg,https://myebrochure.co.uk/images/products/prod_15009_64000_184585.jpg,https://myebrochure.co.uk/images/products.small/prod_15009_64000_184585.jpg,https://myebrochure.co.uk/images/products.hires/prod_15009_64000_184585.jpg,https://myebrochure.co.uk/images/brands/gildan_25.png,https://myebrochure.co.uk/images/products.hires/prod_15009_64000_176863.jpg,,,,,,,,,,"<li>Made with our soft ring spun cotton and cotton blends -</li> <li>Softstyle features high stitch density fabric that offers a smooth printing surface, ideal for DTG</li> <li>Proud member of the US Cotton Trust Protocol (USCTP) and Better Cotton&#8482;</li> <li>Cotton products from Gildan support more sustainable + ethical cotton farming</li> <li>Soft ring spun fabric feels great against your skin</li> <li>Non-topstitched, narrow width, rib collar</li> <li>Taped neck and shoulders for comfort and durability</li> <li>Modern classic fit, tubular body</li> <li>High-performing black tear-away label</li> <li>Yarn Count 30/1</li> <li><b>Also available in ladies sizes code 64000L and childrens sizes 64000B</b></li>",1.48
146236,1461404,64000,TSHIRT,T-SHIRTS,MSSTSH,MENS SHORT SLEEVE T-SHIRT,GILDAN,GILDAN,MS0092,31,Natural,13,2XL,Softstyle Adult T-Shirt,1.93,1,12,72,02-01-2026 8:57,C,https://myebrochure.co.uk/images/colours/gildan/gildan-31.jpg,https://myebrochure.co.uk/images/products/prod_15009_64000_184585.jpg,https://myebrochure.co.uk/images/products.small/prod_15009_64000_184585.jpg,https://myebrochure.co.uk/images/products.hires/prod_15009_64000_184585.jpg,https://myebrochure.co.uk/images/brands/gildan_25.png,https://myebrochure.co.uk/images/products.hires/prod_15009_64000_176863.jpg,,,,,,,,,,"<li>Made with our soft ring spun cotton and cotton blends -</li> <li>Softstyle features high stitch density fabric that offers a smooth printing surface, ideal for DTG</li> <li>Proud member of the US Cotton Trust Protocol (USCTP) and Better Cotton&#8482;</li> <li>Cotton products from Gildan support more sustainable + ethical cotton farming</li> <li>Soft ring spun fabric feels great against your skin</li> <li>Non-topstitched, narrow width, rib collar</li> <li>Taped neck and shoulders for comfort and durability</li> <li>Modern classic fit, tubular body</li> <li>High-performing black tear-away label</li> <li>Yarn Count 30/1</li> <li><b>Also available in ladies sizes code 64000L and childrens sizes 64000B</b></li>",1.48
146237,1461411,64000,TSHIRT,T-SHIRTS,MSSTSH,MENS SHORT SLEEVE T-SHIRT,GILDAN,GILDAN,MS0092,31,Natural,13,3XL,Softstyle Adult T-Shirt,2.5,1,12,36,02-01-2026 8:57,C,https://myebrochure.co.uk/images/colours/gildan/gildan-31.jpg,https://myebrochure.co.uk/images/products/prod_15009_64000_184585.jpg,https://myebrochure.co.uk/images/products.small/prod_15009_64000_184585.jpg,https://myebrochure.co.uk/images/products.hires/prod_15009_64000_184585.jpg,https://myebrochure.co.uk/images/brands/gildan_25.png,https://myebrochure.co.uk/images/products.hires/prod_15009_64000_176863.jpg,,,,,,,,,,"<li>Made with our soft ring spun cotton and cotton blends -</li> <li>Softstyle features high stitch density fabric that offers a smooth printing surface, ideal for DTG</li> <li>Proud member of the US Cotton Trust Protocol (USCTP) and Better Cotton&#8482;</li> <li>Cotton products from Gildan support more sustainable + ethical cotton farming</li> <li>Soft ring spun fabric feels great against your skin</li> <li>Non-topstitched, narrow width, rib collar</li> <li>Taped neck and shoulders for comfort and durability</li> <li>Modern classic fit, tubular body</li> <li>High-performing black tear-away label</li> <li>Yarn Count 30/1</li> <li><b>Also available in ladies sizes code 64000L and childrens sizes 64000B</b></li>",1.91
235910,2359113,64000,TSHIRT,T-SHIRTS,MSSTSH,MENS SHORT SLEEVE T-SHIRT,GILDAN,GILDAN,MS0092,32,Navy Blue,13,XS,Softstyle Adult T-Shirt,2.42,1,12,72,02-01-2026 8:57,C,https://myebrochure.co.uk/images/colours/gildan/gildan-32.jpg,https://myebrochure.co.uk/images/products/prod_15009_64000_184585.jpg,https://myebrochure.co.uk/images/products.small/prod_15009_64000_184585.jpg,https://myebrochure.co.uk/images/products.hires/prod_15009_64000_184585.jpg,https://myebrochure.co.uk/images/brands/gildan_25.png,https://myebrochure.co.uk/images/products.hires/prod_15009_64000_176871.jpg,,,,,,,,,,"<li>Made with our soft ring spun cotton and cotton blends -</li> <li>Softstyle features high stitch density fabric that offers a smooth printing surface, ideal for DTG</li> <li>Proud member of the US Cotton Trust Protocol (USCTP) and Better Cotton&#8482;</li> <li>Cotton products from Gildan support more sustainable + ethical cotton farming</li> <li>Soft ring spun fabric feels great against your skin</li> <li>Non-topstitched, narrow width, rib collar</li> <li>Taped neck and shoulders for comfort and durability</li> <li>Modern classic fit, tubular body</li> <li>High-performing black tear-away label</li> <li>Yarn Count 30/1</li> <li><b>Also available in ladies sizes code 64000L and childrens sizes 64000B</b></li>",1.85
37676,376693,64000,TSHIRT,T-SHIRTS,MSSTSH,MENS SHORT SLEEVE T-SHIRT,GILDAN,GILDAN,MS0092,32,Navy Blue,13,S,Softstyle Adult T-Shirt,2.44,1,12,72,02-01-2026 8:57,C,https://myebrochure.co.uk/images/colours/gildan/gildan-32.jpg,https://myebrochure.co.uk/images/products/prod_15009_64000_184585.jpg,https://myebrochure.co.uk/images/products.small/prod_15009_64000_184585.jpg,https://myebrochure.co.uk/images/products.hires/prod_15009_64000_184585.jpg,https://myebrochure.co.uk/images/brands/gildan_25.png,https://myebrochure.co.uk/images/products.hires/prod_15009_64000_176871.jpg,,,,,,,,,,"<li>Made with our soft ring spun cotton and cotton blends -</li> <li>Softstyle features high stitch density fabric that offers a smooth printing surface, ideal for DTG</li> <li>Proud member of the US Cotton Trust Protocol (USCTP) and Better Cotton&#8482;</li> <li>Cotton products from Gildan support more sustainable + ethical cotton farming</li> <li>Soft ring spun fabric feels great against your skin</li> <li>Non-topstitched, narrow width, rib collar</li> <li>Taped neck and shoulders for comfort and durability</li> <li>Modern classic fit, tubular body</li> <li>High-performing black tear-away label</li> <li>Yarn Count 30/1</li> <li><b>Also available in ladies sizes code 64000L and childrens sizes 64000B</b></li>",1.87
37677,376709,64000,TSHIRT,T-SHIRTS,MSSTSH,MENS SHORT SLEEVE T-SHIRT,GILDAN,GILDAN,MS0092,32,Navy Blue,13,M,Softstyle Adult T-Shirt,2.44,1,12,72,02-01-2026 8:57,C,https://myebrochure.co.uk/images/colours/gildan/gildan-32.jpg,https://myebrochure.co.uk/images/products/prod_15009_64000_184585.jpg,https://myebrochure.co.uk/images/products.small/prod_15009_64000_184585.jpg,https://myebrochure.co.uk/images/products.hires/prod_15009_64000_184585.jpg,https://myebrochure.co.uk/images/brands/gildan_25.png,https://myebrochure.co.uk/images/products.hires/prod_15009_64000_176871.jpg,,,,,,,,,,"<li>Made with our soft ring spun cotton and cotton blends -</li> <li>Softstyle features high stitch density fabric that offers a smooth printing surface, ideal for DTG</li> <li>Proud member of the US Cotton Trust Protocol (USCTP) and Better Cotton&#8482;</li> <li>Cotton products from Gildan support more sustainable + ethical cotton farming</li> <li>Soft ring spun fabric feels great against your skin</li> <li>Non-topstitched, narrow width, rib collar</li> <li>Taped neck and shoulders for comfort and durability</li> <li>Modern classic fit, tubular body</li> <li>High-performing black tear-away label</li> <li>Yarn Count 30/1</li> <li><b>Also available in ladies sizes code 64000L and childrens sizes 64000B</b></li>",1.87
37678,376716,64000,TSHIRT,T-SHIRTS,MSSTSH,MENS SHORT SLEEVE T-SHIRT,GILDAN,GILDAN,MS0092,32,Navy Blue,13,L,Softstyle Adult T-Shirt,2.44,1,12,72,02-01-2026 8:57,C,https://myebrochure.co.uk/images/colours/gildan/gildan-32.jpg,https://myebrochure.co.uk/images/products/prod_15009_64000_184585.jpg,https://myebrochure.co.uk/images/products.small/prod_15009_64000_184585.jpg,https://myebrochure.co.uk/images/products.hires/prod_15009_64000_184585.jpg,https://myebrochure.co.uk/images/brands/gildan_25.png,https://myebrochure.co.uk/images/products.hires/prod_15009_64000_176871.jpg,,,,,,,,,,"<li>Made with our soft ring spun cotton and cotton blends -</li> <li>Softstyle features high stitch density fabric that offers a smooth printing surface, ideal for DTG</li> <li>Proud member of the US Cotton Trust Protocol (USCTP) and Better Cotton&#8482;</li> <li>Cotton products from Gildan support more sustainable + ethical cotton farming</li> <li>Soft ring spun fabric feels great against your skin</li> <li>Non-topstitched, narrow width, rib collar</li> <li>Taped neck and shoulders for comfort and durability</li> <li>Modern classic fit, tubular body</li> <li>High-performing black tear-away label</li> <li>Yarn Count 30/1</li> <li><b>Also available in ladies sizes code 64000L and childrens sizes 64000B</b></li>",1.87
37679,376723,64000,TSHIRT,T-SHIRTS,MSSTSH,MENS SHORT SLEEVE T-SHIRT,GILDAN,GILDAN,MS0092,32,Navy Blue,13,XL,Softstyle Adult T-Shirt,2.44,1,12,72,02-01-2026 8:57,C,https://myebrochure.co.uk/images/colours/gildan/gildan-32.jpg,https://myebrochure.co.uk/images/products/prod_15009_64000_184585.jpg,https://myebrochure.co.uk/images/products.small/prod_15009_64000_184585.jpg,https://myebrochure.co.uk/images/products.hires/prod_15009_64000_184585.jpg,https://myebrochure.co.uk/images/brands/gildan_25.png,https://myebrochure.co.uk/images/products.hires/prod_15009_64000_176871.jpg,,,,,,,,,,"<li>Made with our soft ring spun cotton and cotton blends -</li> <li>Softstyle features high stitch density fabric that offers a smooth printing surface, ideal for DTG</li> <li>Proud member of the US Cotton Trust Protocol (USCTP) and Better Cotton&#8482;</li> <li>Cotton products from Gildan support more sustainable + ethical cotton farming</li> <li>Soft ring spun fabric feels great against your skin</li> <li>Non-topstitched, narrow width, rib collar</li> <li>Taped neck and shoulders for comfort and durability</li> <li>Modern classic fit, tubular body</li> <li>High-performing black tear-away label</li> <li>Yarn Count 30/1</li> <li><b>Also available in ladies sizes code 64000L and childrens sizes 64000B</b></li>",1.87
37680,376730,64000,TSHIRT,T-SHIRTS,MSSTSH,MENS SHORT SLEEVE T-SHIRT,GILDAN,GILDAN,MS0092,32,Navy Blue,13,2XL,Softstyle Adult T-Shirt,2.44,1,12,72,02-01-2026 8:57,C,https://myebrochure.co.uk/images/colours/gildan/gildan-32.jpg,https://myebrochure.co.uk/images/products/prod_15009_64000_184585.jpg,https://myebrochure.co.uk/images/products.small/prod_15009_64000_184585.jpg,https://myebrochure.co.uk/images/products.hires/prod_15009_64000_184585.jpg,https://myebrochure.co.uk/images/brands/gildan_25.png,https://myebrochure.co.uk/images/products.hires/prod_15009_64000_176871.jpg,,,,,,,,,,"<li>Made with our soft ring spun cotton and cotton blends -</li> <li>Softstyle features high stitch density fabric that offers a smooth printing surface, ideal for DTG</li> <li>Proud member of the US Cotton Trust Protocol (USCTP) and Better Cotton&#8482;</li> <li>Cotton products from Gildan support more sustainable + ethical cotton farming</li> <li>Soft ring spun fabric feels great against your skin</li> <li>Non-topstitched, narrow width, rib collar</li> <li>Taped neck and shoulders for comfort and durability</li> <li>Modern classic fit, tubular body</li> <li>High-performing black tear-away label</li> <li>Yarn Count 30/1</li> <li><b>Also available in ladies sizes code 64000L and childrens sizes 64000B</b></li>",1.87
131340,1313116,64000,TSHIRT,T-SHIRTS,MSSTSH,MENS SHORT SLEEVE T-SHIRT,GILDAN,GILDAN,MS0092,32,Navy Blue,13,3XL,Softstyle Adult T-Shirt,3.28,1,12,36,02-01-2026 8:57,C,https://myebrochure.co.uk/images/colours/gildan/gildan-32.jpg,https://myebrochure.co.uk/images/products/prod_15009_64000_184585.jpg,https://myebrochure.co.uk/images/products.small/prod_15009_64000_184585.jpg,https://myebrochure.co.uk/images/products.hires/prod_15009_64000_184585.jpg,https://myebrochure.co.uk/images/brands/gildan_25.png,https://myebrochure.co.uk/images/products.hires/prod_15009_64000_176871.jpg,,,,,,,,,,"<li>Made with our soft ring spun cotton and cotton blends -</li> <li>Softstyle features high stitch density fabric that offers a smooth printing surface, ideal for DTG</li> <li>Proud member of the US Cotton Trust Protocol (USCTP) and Better Cotton&#8482;</li> <li>Cotton products from Gildan support more sustainable + ethical cotton farming</li> <li>Soft ring spun fabric feels great against your skin</li> <li>Non-topstitched, narrow width, rib collar</li> <li>Taped neck and shoulders for comfort and durability</li> <li>Modern classic fit, tubular body</li> <li>High-performing black tear-away label</li> <li>Yarn Count 30/1</li> <li><b>Also available in ladies sizes code 64000L and childrens sizes 64000B</b></li>",2.51
178294,1782011,64000,TSHIRT,T-SHIRTS,MSSTSH,MENS SHORT SLEEVE T-SHIRT,GILDAN,GILDAN,MS0092,32,Navy Blue,13,4XL,Softstyle Adult T-Shirt,3.28,1,6,12,02-01-2026 8:57,C,https://myebrochure.co.uk/images/colours/gildan/gildan-32.jpg,https://myebrochure.co.uk/images/products/prod_15009_64000_184585.jpg,https://myebrochure.co.uk/images/products.small/prod_15009_64000_184585.jpg,https://myebrochure.co.uk/images/products.hires/prod_15009_64000_184585.jpg,https://myebrochure.co.uk/images/brands/gildan_25.png,https://myebrochure.co.uk/images/products.hires/prod_15009_64000_176871.jpg,,,,,,,,,,"<li>Made with our soft ring spun cotton and cotton blends -</li> <li>Softstyle features high stitch density fabric that offers a smooth printing surface, ideal for DTG</li> <li>Proud member of the US Cotton Trust Protocol (USCTP) and Better Cotton&#8482;</li> <li>Cotton products from Gildan support more sustainable + ethical cotton farming</li> <li>Soft ring spun fabric feels great against your skin</li> <li>Non-topstitched, narrow width, rib collar</li> <li>Taped neck and shoulders for comfort and durability</li> <li>Modern classic fit, tubular body</li> <li>High-performing black tear-away label</li> <li>Yarn Count 30/1</li> <li><b>Also available in ladies sizes code 64000L and childrens sizes 64000B</b></li>",2.51
197000,1969825,64000,TSHIRT,T-SHIRTS,MSSTSH,MENS SHORT SLEEVE T-SHIRT,GILDAN,GILDAN,MS0092,32,Navy Blue,13,5XL,Softstyle Adult T-Shirt,3.28,1,6,12,02-01-2026 8:57,C,https://myebrochure.co.uk/images/colours/gildan/gildan-32.jpg,https://myebrochure.co.uk/images/products/prod_15009_64000_184585.jpg,https://myebrochure.co.uk/images/products.small/prod_15009_64000_184585.jpg,https://myebrochure.co.uk/images/products.hires/prod_15009_64000_184585.jpg,https://myebrochure.co.uk/images/brands/gildan_25.png,https://myebrochure.co.uk/images/products.hires/prod_15009_64000_176871.jpg,,,,,,,,,,"<li>Made with our soft ring spun cotton and cotton blends -</li> <li>Softstyle features high stitch density fabric that offers a smooth printing surface, ideal for DTG</li> <li>Proud member of the US Cotton Trust Protocol (USCTP) and Better Cotton&#8482;</li> <li>Cotton products from Gildan support more sustainable + ethical cotton farming</li> <li>Soft ring spun fabric feels great against your skin</li> <li>Non-topstitched, narrow width, rib collar</li> <li>Taped neck and shoulders for comfort and durability</li> <li>Modern classic fit, tubular body</li> <li>High-performing black tear-away label</li> <li>Yarn Count 30/1</li> <li><b>Also available in ladies sizes code 64000L and childrens sizes 64000B</b></li>",2.51
220270,2202648,64000,TSHIRT,T-SHIRTS,MSSTSH,MENS SHORT SLEEVE T-SHIRT,GILDAN,GILDAN,MS0092,4DG,Off White,13,S,Softstyle Adult T-Shirt,2.44,1,12,72,02-01-2026 8:57,C,https://myebrochure.co.uk/images/colours/gildan/gildan-4dg.jpg,https://myebrochure.co.uk/images/products/prod_15009_64000_184585.jpg,https://myebrochure.co.uk/images/products.small/prod_15009_64000_184585.jpg,https://myebrochure.co.uk/images/products.hires/prod_15009_64000_184585.jpg,https://myebrochure.co.uk/images/brands/gildan_25.png,https://myebrochure.co.uk/images/products.hires/prod_15009_64000_176340.jpg,,,,,,,,,,"<li>Made with our soft ring spun cotton and cotton blends -</li> <li>Softstyle features high stitch density fabric that offers a smooth printing surface, ideal for DTG</li> <li>Proud member of the US Cotton Trust Protocol (USCTP) and Better Cotton&#8482;</li> <li>Cotton products from Gildan support more sustainable + ethical cotton farming</li> <li>Soft ring spun fabric feels great against your skin</li> <li>Non-topstitched, narrow width, rib collar</li> <li>Taped neck and shoulders for comfort and durability</li> <li>Modern classic fit, tubular body</li> <li>High-performing black tear-away label</li> <li>Yarn Count 30/1</li> <li><b>Also available in ladies sizes code 64000L and childrens sizes 64000B</b></li>",1.87
220271,2202655,64000,TSHIRT,T-SHIRTS,MSSTSH,MENS SHORT SLEEVE T-SHIRT,GILDAN,GILDAN,MS0092,4DG,Off White,13,M,Softstyle Adult T-Shirt,2.44,1,12,72,02-01-2026 8:57,C,https://myebrochure.co.uk/images/colours/gildan/gildan-4dg.jpg,https://myebrochure.co.uk/images/products/prod_15009_64000_184585.jpg,https://myebrochure.co.uk/images/products.small/prod_15009_64000_184585.jpg,https://myebrochure.co.uk/images/products.hires/prod_15009_64000_184585.jpg,https://myebrochure.co.uk/images/brands/gildan_25.png,https://myebrochure.co.uk/images/products.hires/prod_15009_64000_176340.jpg,,,,,,,,,,"<li>Made with our soft ring spun cotton and cotton blends -</li> <li>Softstyle features high stitch density fabric that offers a smooth printing surface, ideal for DTG</li> <li>Proud member of the US Cotton Trust Protocol (USCTP) and Better Cotton&#8482;</li> <li>Cotton products from Gildan support more sustainable + ethical cotton farming</li> <li>Soft ring spun fabric feels great against your skin</li> <li>Non-topstitched, narrow width, rib collar</li> <li>Taped neck and shoulders for comfort and durability</li> <li>Modern classic fit, tubular body</li> <li>High-performing black tear-away label</li> <li>Yarn Count 30/1</li> <li><b>Also available in ladies sizes code 64000L and childrens sizes 64000B</b></li>",1.87
220272,2202662,64000,TSHIRT,T-SHIRTS,MSSTSH,MENS SHORT SLEEVE T-SHIRT,GILDAN,GILDAN,MS0092,4DG,Off White,13,L,Softstyle Adult T-Shirt,2.44,1,12,72,02-01-2026 8:57,C,https://myebrochure.co.uk/images/colours/gildan/gildan-4dg.jpg,https://myebrochure.co.uk/images/products/prod_15009_64000_184585.jpg,https://myebrochure.co.uk/images/products.small/prod_15009_64000_184585.jpg,https://myebrochure.co.uk/images/products.hires/prod_15009_64000_184585.jpg,https://myebrochure.co.uk/images/brands/gildan_25.png,https://myebrochure.co.uk/images/products.hires/prod_15009_64000_176340.jpg,,,,,,,,,,"<li>Made with our soft ring spun cotton and cotton blends -</li> <li>Softstyle features high stitch density fabric that offers a smooth printing surface, ideal for DTG</li> <li>Proud member of the US Cotton Trust Protocol (USCTP) and Better Cotton&#8482;</li> <li>Cotton products from Gildan support more sustainable + ethical cotton farming</li> <li>Soft ring spun fabric feels great against your skin</li> <li>Non-topstitched, narrow width, rib collar</li> <li>Taped neck and shoulders for comfort and durability</li> <li>Modern classic fit, tubular body</li> <li>High-performing black tear-away label</li> <li>Yarn Count 30/1</li> <li><b>Also available in ladies sizes code 64000L and childrens sizes 64000B</b></li>",1.87
220273,2202679,64000,TSHIRT,T-SHIRTS,MSSTSH,MENS SHORT SLEEVE T-SHIRT,GILDAN,GILDAN,MS0092,4DG,Off White,13,XL,Softstyle Adult T-Shirt,2.44,1,12,72,02-01-2026 8:57,C,https://myebrochure.co.uk/images/colours/gildan/gildan-4dg.jpg,https://myebrochure.co.uk/images/products/prod_15009_64000_184585.jpg,https://myebrochure.co.uk/images/products.small/prod_15009_64000_184585.jpg,https://myebrochure.co.uk/images/products.hires/prod_15009_64000_184585.jpg,https://myebrochure.co.uk/images/brands/gildan_25.png,https://myebrochure.co.uk/images/products.hires/prod_15009_64000_176340.jpg,,,,,,,,,,"<li>Made with our soft ring spun cotton and cotton blends -</li> <li>Softstyle features high stitch density fabric that offers a smooth printing surface, ideal for DTG</li> <li>Proud member of the US Cotton Trust Protocol (USCTP) and Better Cotton&#8482;</li> <li>Cotton products from Gildan support more sustainable + ethical cotton farming</li> <li>Soft ring spun fabric feels great against your skin</li> <li>Non-topstitched, narrow width, rib collar</li> <li>Taped neck and shoulders for comfort and durability</li> <li>Modern classic fit, tubular body</li> <li>High-performing black tear-away label</li> <li>Yarn Count 30/1</li> <li><b>Also available in ladies sizes code 64000L and childrens sizes 64000B</b></li>",1.87
220274,2202686,64000,TSHIRT,T-SHIRTS,MSSTSH,MENS SHORT SLEEVE T-SHIRT,GILDAN,GILDAN,MS0092,4DG,Off White,13,2XL,Softstyle Adult T-Shirt,2.44,1,12,72,02-01-2026 8:57,C,https://myebrochure.co.uk/images/colours/gildan/gildan-4dg.jpg,https://myebrochure.co.uk/images/products/prod_15009_64000_184585.jpg,https://myebrochure.co.uk/images/products.small/prod_15009_64000_184585.jpg,https://myebrochure.co.uk/images/products.hires/prod_15009_64000_184585.jpg,https://myebrochure.co.uk/images/brands/gildan_25.png,https://myebrochure.co.uk/images/products.hires/prod_15009_64000_176340.jpg,,,,,,,,,,"<li>Made with our soft ring spun cotton and cotton blends -</li> <li>Softstyle features high stitch density fabric that offers a smooth printing surface, ideal for DTG</li> <li>Proud member of the US Cotton Trust Protocol (USCTP) and Better Cotton&#8482;</li> <li>Cotton products from Gildan support more sustainable + ethical cotton farming</li> <li>Soft ring spun fabric feels great against your skin</li> <li>Non-topstitched, narrow width, rib collar</li> <li>Taped neck and shoulders for comfort and durability</li> <li>Modern classic fit, tubular body</li> <li>High-performing black tear-away label</li> <li>Yarn Count 30/1</li> <li><b>Also available in ladies sizes code 64000L and childrens sizes 64000B</b></li>",1.87
220275,2202693,64000,TSHIRT,T-SHIRTS,MSSTSH,MENS SHORT SLEEVE T-SHIRT,GILDAN,GILDAN,MS0092,4DG,Off White,13,3XL,Softstyle Adult T-Shirt,3.28,1,12,72,02-01-2026 8:57,C,https://myebrochure.co.uk/images/colours/gildan/gildan-4dg.jpg,https://myebrochure.co.uk/images/products/prod_15009_64000_184585.jpg,https://myebrochure.co.uk/images/products.small/prod_15009_64000_184585.jpg,https://myebrochure.co.uk/images/products.hires/prod_15009_64000_184585.jpg,https://myebrochure.co.uk/images/brands/gildan_25.png,https://myebrochure.co.uk/images/products.hires/prod_15009_64000_176340.jpg,,,,,,,,,,"<li>Made with our soft ring spun cotton and cotton blends -</li> <li>Softstyle features high stitch density fabric that offers a smooth printing surface, ideal for DTG</li> <li>Proud member of the US Cotton Trust Protocol (USCTP) and Better Cotton&#8482;</li> <li>Cotton products from Gildan support more sustainable + ethical cotton farming</li> <li>Soft ring spun fabric feels great against your skin</li> <li>Non-topstitched, narrow width, rib collar</li> <li>Taped neck and shoulders for comfort and durability</li> <li>Modern classic fit, tubular body</li> <li>High-performing black tear-away label</li> <li>Yarn Count 30/1</li> <li><b>Also available in ladies sizes code 64000L and childrens sizes 64000B</b></li>",2.51
220276,2202709,64000,TSHIRT,T-SHIRTS,MSSTSH,MENS SHORT SLEEVE T-SHIRT,GILDAN,GILDAN,MS0092,4DG,Off White,13,4XL,Softstyle Adult T-Shirt,3.28,1,6,12,02-01-2026 8:57,C,https://myebrochure.co.uk/images/colours/gildan/gildan-4dg.jpg,https://myebrochure.co.uk/images/products/prod_15009_64000_184585.jpg,https://myebrochure.co.uk/images/products.small/prod_15009_64000_184585.jpg,https://myebrochure.co.uk/images/products.hires/prod_15009_64000_184585.jpg,https://myebrochure.co.uk/images/brands/gildan_25.png,https://myebrochure.co.uk/images/products.hires/prod_15009_64000_176340.jpg,,,,,,,,,,"<li>Made with our soft ring spun cotton and cotton blends -</li> <li>Softstyle features high stitch density fabric that offers a smooth printing surface, ideal for DTG</li> <li>Proud member of the US Cotton Trust Protocol (USCTP) and Better Cotton&#8482;</li> <li>Cotton products from Gildan support more sustainable + ethical cotton farming</li> <li>Soft ring spun fabric feels great against your skin</li> <li>Non-topstitched, narrow width, rib collar</li> <li>Taped neck and shoulders for comfort and durability</li> <li>Modern classic fit, tubular body</li> <li>High-performing black tear-away label</li> <li>Yarn Count 30/1</li> <li><b>Also available in ladies sizes code 64000L and childrens sizes 64000B</b></li>",2.51
220277,2202716,64000,TSHIRT,T-SHIRTS,MSSTSH,MENS SHORT SLEEVE T-SHIRT,GILDAN,GILDAN,MS0092,4DG,Off White,13,5XL,Softstyle Adult T-Shirt,3.28,1,6,12,02-01-2026 8:57,C,https://myebrochure.co.uk/images/colours/gildan/gildan-4dg.jpg,https://myebrochure.co.uk/images/products/prod_15009_64000_184585.jpg,https://myebrochure.co.uk/images/products.small/prod_15009_64000_184585.jpg,https://myebrochure.co.uk/images/products.hires/prod_15009_64000_184585.jpg,https://myebrochure.co.uk/images/brands/gildan_25.png,https://myebrochure.co.uk/images/products.hires/prod_15009_64000_176340.jpg,,,,,,,,,,"<li>Made with our soft ring spun cotton and cotton blends -</li> <li>Softstyle features high stitch density fabric that offers a smooth printing surface, ideal for DTG</li> <li>Proud member of the US Cotton Trust Protocol (USCTP) and Better Cotton&#8482;</li> <li>Cotton products from Gildan support more sustainable + ethical cotton farming</li> <li>Soft ring spun fabric feels great against your skin</li> <li>Non-topstitched, narrow width, rib collar</li> <li>Taped neck and shoulders for comfort and durability</li> <li>Modern classic fit, tubular body</li> <li>High-performing black tear-away label</li> <li>Yarn Count 30/1</li> <li><b>Also available in ladies sizes code 64000L and childrens sizes 64000B</b></li>",2.51
37691,376846,64000,TSHIRT,T-SHIRTS,MSSTSH,MENS SHORT SLEEVE T-SHIRT,GILDAN,GILDAN,MS0092,37,Orange,13,S,Softstyle Adult T-Shirt,2.44,1,12,72,02-01-2026 8:57,C,https://myebrochure.co.uk/images/colours/gildan/gildan-37.jpg,https://myebrochure.co.uk/images/products/prod_15009_64000_184585.jpg,https://myebrochure.co.uk/images/products.small/prod_15009_64000_184585.jpg,https://myebrochure.co.uk/images/products.hires/prod_15009_64000_184585.jpg,https://myebrochure.co.uk/images/brands/gildan_25.png,https://myebrochure.co.uk/images/products.hires/prod_15009_64000_176856.jpg,,,,,,,,,,"<li>Made with our soft ring spun cotton and cotton blends -</li> <li>Softstyle features high stitch density fabric that offers a smooth printing surface, ideal for DTG</li> <li>Proud member of the US Cotton Trust Protocol (USCTP) and Better Cotton&#8482;</li> <li>Cotton products from Gildan support more sustainable + ethical cotton farming</li> <li>Soft ring spun fabric feels great against your skin</li> <li>Non-topstitched, narrow width, rib collar</li> <li>Taped neck and shoulders for comfort and durability</li> <li>Modern classic fit, tubular body</li> <li>High-performing black tear-away label</li> <li>Yarn Count 30/1</li> <li><b>Also available in ladies sizes code 64000L and childrens sizes 64000B</b></li>",1.87
37692,376853,64000,TSHIRT,T-SHIRTS,MSSTSH,MENS SHORT SLEEVE T-SHIRT,GILDAN,GILDAN,MS0092,37,Orange,13,M,Softstyle Adult T-Shirt,2.44,1,12,72,02-01-2026 8:57,C,https://myebrochure.co.uk/images/colours/gildan/gildan-37.jpg,https://myebrochure.co.uk/images/products/prod_15009_64000_184585.jpg,https://myebrochure.co.uk/images/products.small/prod_15009_64000_184585.jpg,https://myebrochure.co.uk/images/products.hires/prod_15009_64000_184585.jpg,https://myebrochure.co.uk/images/brands/gildan_25.png,https://myebrochure.co.uk/images/products.hires/prod_15009_64000_176856.jpg,,,,,,,,,,"<li>Made with our soft ring spun cotton and cotton blends -</li> <li>Softstyle features high stitch density fabric that offers a smooth printing surface, ideal for DTG</li> <li>Proud member of the US Cotton Trust Protocol (USCTP) and Better Cotton&#8482;</li> <li>Cotton products from Gildan support more sustainable + ethical cotton farming</li> <li>Soft ring spun fabric feels great against your skin</li> <li>Non-topstitched, narrow width, rib collar</li> <li>Taped neck and shoulders for comfort and durability</li> <li>Modern classic fit, tubular body</li> <li>High-performing black tear-away label</li> <li>Yarn Count 30/1</li> <li><b>Also available in ladies sizes code 64000L and childrens sizes 64000B</b></li>",1.87
37693,376860,64000,TSHIRT,T-SHIRTS,MSSTSH,MENS SHORT SLEEVE T-SHIRT,GILDAN,GILDAN,MS0092,37,Orange,13,L,Softstyle Adult T-Shirt,2.44,1,12,72,02-01-2026 8:57,C,https://myebrochure.co.uk/images/colours/gildan/gildan-37.jpg,https://myebrochure.co.uk/images/products/prod_15009_64000_184585.jpg,https://myebrochure.co.uk/images/products.small/prod_15009_64000_184585.jpg,https://myebrochure.co.uk/images/products.hires/prod_15009_64000_184585.jpg,https://myebrochure.co.uk/images/brands/gildan_25.png,https://myebrochure.co.uk/images/products.hires/prod_15009_64000_176856.jpg,,,,,,,,,,"<li>Made with our soft ring spun cotton and cotton blends -</li> <li>Softstyle features high stitch density fabric that offers a smooth printing surface, ideal for DTG</li> <li>Proud member of the US Cotton Trust Protocol (USCTP) and Better Cotton&#8482;</li> <li>Cotton products from Gildan support more sustainable + ethical cotton farming</li> <li>Soft ring spun fabric feels great against your skin</li> <li>Non-topstitched, narrow width, rib collar</li> <li>Taped neck and shoulders for comfort and durability</li> <li>Modern classic fit, tubular body</li> <li>High-performing black tear-away label</li> <li>Yarn Count 30/1</li> <li><b>Also available in ladies sizes code 64000L and childrens sizes 64000B</b></li>",1.87
37694,376877,64000,TSHIRT,T-SHIRTS,MSSTSH,MENS SHORT SLEEVE T-SHIRT,GILDAN,GILDAN,MS0092,37,Orange,13,XL,Softstyle Adult T-Shirt,2.44,1,12,72,02-01-2026 8:57,C,https://myebrochure.co.uk/images/colours/gildan/gildan-37.jpg,https://myebrochure.co.uk/images/products/prod_15009_64000_184585.jpg,https://myebrochure.co.uk/images/products.small/prod_15009_64000_184585.jpg,https://myebrochure.co.uk/images/products.hires/prod_15009_64000_184585.jpg,https://myebrochure.co.uk/images/brands/gildan_25.png,https://myebrochure.co.uk/images/products.hires/prod_15009_64000_176856.jpg,,,,,,,,,,"<li>Made with our soft ring spun cotton and cotton blends -</li> <li>Softstyle features high stitch density fabric that offers a smooth printing surface, ideal for DTG</li> <li>Proud member of the US Cotton Trust Protocol (USCTP) and Better Cotton&#8482;</li> <li>Cotton products from Gildan support more sustainable + ethical cotton farming</li> <li>Soft ring spun fabric feels great against your skin</li> <li>Non-topstitched, narrow width, rib collar</li> <li>Taped neck and shoulders for comfort and durability</li> <li>Modern classic fit, tubular body</li> <li>High-performing black tear-away label</li> <li>Yarn Count 30/1</li> <li><b>Also available in ladies sizes code 64000L and childrens sizes 64000B</b></li>",1.87
37695,376884,64000,TSHIRT,T-SHIRTS,MSSTSH,MENS SHORT SLEEVE T-SHIRT,GILDAN,GILDAN,MS0092,37,Orange,13,2XL,Softstyle Adult T-Shirt,2.44,1,12,72,02-01-2026 8:57,C,https://myebrochure.co.uk/images/colours/gildan/gildan-37.jpg,https://myebrochure.co.uk/images/products/prod_15009_64000_184585.jpg,https://myebrochure.co.uk/images/products.small/prod_15009_64000_184585.jpg,https://myebrochure.co.uk/images/products.hires/prod_15009_64000_184585.jpg,https://myebrochure.co.uk/images/brands/gildan_25.png,https://myebrochure.co.uk/images/products.hires/prod_15009_64000_176856.jpg,,,,,,,,,,"<li>Made with our soft ring spun cotton and cotton blends -</li> <li>Softstyle features high stitch density fabric that offers a smooth printing surface, ideal for DTG</li> <li>Proud member of the US Cotton Trust Protocol (USCTP) and Better Cotton&#8482;</li> <li>Cotton products from Gildan support more sustainable + ethical cotton farming</li> <li>Soft ring spun fabric feels great against your skin</li> <li>Non-topstitched, narrow width, rib collar</li> <li>Taped neck and shoulders for comfort and durability</li> <li>Modern classic fit, tubular body</li> <li>High-performing black tear-away label</li> <li>Yarn Count 30/1</li> <li><b>Also available in ladies sizes code 64000L and childrens sizes 64000B</b></li>",1.87
136614,1365351,64000,TSHIRT,T-SHIRTS,MSSTSH,MENS SHORT SLEEVE T-SHIRT,GILDAN,GILDAN,MS0092,37,Orange,13,3XL,Softstyle Adult T-Shirt,3.28,1,12,36,02-01-2026 8:57,C,https://myebrochure.co.uk/images/colours/gildan/gildan-37.jpg,https://myebrochure.co.uk/images/products/prod_15009_64000_184585.jpg,https://myebrochure.co.uk/images/products.small/prod_15009_64000_184585.jpg,https://myebrochure.co.uk/images/products.hires/prod_15009_64000_184585.jpg,https://myebrochure.co.uk/images/brands/gildan_25.png,https://myebrochure.co.uk/images/products.hires/prod_15009_64000_176856.jpg,,,,,,,,,,"<li>Made with our soft ring spun cotton and cotton blends -</li> <li>Softstyle features high stitch density fabric that offers a smooth printing surface, ideal for DTG</li> <li>Proud member of the US Cotton Trust Protocol (USCTP) and Better Cotton&#8482;</li> <li>Cotton products from Gildan support more sustainable + ethical cotton farming</li> <li>Soft ring spun fabric feels great against your skin</li> <li>Non-topstitched, narrow width, rib collar</li> <li>Taped neck and shoulders for comfort and durability</li> <li>Modern classic fit, tubular body</li> <li>High-performing black tear-away label</li> <li>Yarn Count 30/1</li> <li><b>Also available in ladies sizes code 64000L and childrens sizes 64000B</b></li>",2.51
178297,1782042,64000,TSHIRT,T-SHIRTS,MSSTSH,MENS SHORT SLEEVE T-SHIRT,GILDAN,GILDAN,MS0092,37,Orange,13,4XL,Softstyle Adult T-Shirt,3.28,1,6,12,02-01-2026 8:57,C,https://myebrochure.co.uk/images/colours/gildan/gildan-37.jpg,https://myebrochure.co.uk/images/products/prod_15009_64000_184585.jpg,https://myebrochure.co.uk/images/products.small/prod_15009_64000_184585.jpg,https://myebrochure.co.uk/images/products.hires/prod_15009_64000_184585.jpg,https://myebrochure.co.uk/images/brands/gildan_25.png,https://myebrochure.co.uk/images/products.hires/prod_15009_64000_176856.jpg,,,,,,,,,,"<li>Made with our soft ring spun cotton and cotton blends -</li> <li>Softstyle features high stitch density fabric that offers a smooth printing surface, ideal for DTG</li> <li>Proud member of the US Cotton Trust Protocol (USCTP) and Better Cotton&#8482;</li> <li>Cotton products from Gildan support more sustainable + ethical cotton farming</li> <li>Soft ring spun fabric feels great against your skin</li> <li>Non-topstitched, narrow width, rib collar</li> <li>Taped neck and shoulders for comfort and durability</li> <li>Modern classic fit, tubular body</li> <li>High-performing black tear-away label</li> <li>Yarn Count 30/1</li> <li><b>Also available in ladies sizes code 64000L and childrens sizes 64000B</b></li>",2.51
207949,2079394,64000,TSHIRT,T-SHIRTS,MSSTSH,MENS SHORT SLEEVE T-SHIRT,GILDAN,GILDAN,MS0092,41G,Paragon,13,S,Softstyle Adult T-Shirt,2.44,1,12,72,02-01-2026 8:57,C,https://myebrochure.co.uk/images/colours/gildan/gildan-41g.jpg,https://myebrochure.co.uk/images/products/prod_15009_64000_184585.jpg,https://myebrochure.co.uk/images/products.small/prod_15009_64000_184585.jpg,https://myebrochure.co.uk/images/products.hires/prod_15009_64000_184585.jpg,https://myebrochure.co.uk/images/brands/gildan_25.png,https://myebrochure.co.uk/images/products.hires/prod_15009_64000_176885.jpg,,,,,,,,,,"<li>Made with our soft ring spun cotton and cotton blends -</li> <li>Softstyle features high stitch density fabric that offers a smooth printing surface, ideal for DTG</li> <li>Proud member of the US Cotton Trust Protocol (USCTP) and Better Cotton&#8482;</li> <li>Cotton products from Gildan support more sustainable + ethical cotton farming</li> <li>Soft ring spun fabric feels great against your skin</li> <li>Non-topstitched, narrow width, rib collar</li> <li>Taped neck and shoulders for comfort and durability</li> <li>Modern classic fit, tubular body</li> <li>High-performing black tear-away label</li> <li>Yarn Count 30/1</li> <li><b>Also available in ladies sizes code 64000L and childrens sizes 64000B</b></li>",1.87
207950,2079400,64000,TSHIRT,T-SHIRTS,MSSTSH,MENS SHORT SLEEVE T-SHIRT,GILDAN,GILDAN,MS0092,41G,Paragon,13,M,Softstyle Adult T-Shirt,2.44,1,12,72,02-01-2026 8:57,C,https://myebrochure.co.uk/images/colours/gildan/gildan-41g.jpg,https://myebrochure.co.uk/images/products/prod_15009_64000_184585.jpg,https://myebrochure.co.uk/images/products.small/prod_15009_64000_184585.jpg,https://myebrochure.co.uk/images/products.hires/prod_15009_64000_184585.jpg,https://myebrochure.co.uk/images/brands/gildan_25.png,https://myebrochure.co.uk/images/products.hires/prod_15009_64000_176885.jpg,,,,,,,,,,"<li>Made with our soft ring spun cotton and cotton blends -</li> <li>Softstyle features high stitch density fabric that offers a smooth printing surface, ideal for DTG</li> <li>Proud member of the US Cotton Trust Protocol (USCTP) and Better Cotton&#8482;</li> <li>Cotton products from Gildan support more sustainable + ethical cotton farming</li> <li>Soft ring spun fabric feels great against your skin</li> <li>Non-topstitched, narrow width, rib collar</li> <li>Taped neck and shoulders for comfort and durability</li> <li>Modern classic fit, tubular body</li> <li>High-performing black tear-away label</li> <li>Yarn Count 30/1</li> <li><b>Also available in ladies sizes code 64000L and childrens sizes 64000B</b></li>",1.87
207951,2079417,64000,TSHIRT,T-SHIRTS,MSSTSH,MENS SHORT SLEEVE T-SHIRT,GILDAN,GILDAN,MS0092,41G,Paragon,13,L,Softstyle Adult T-Shirt,2.44,1,12,72,02-01-2026 8:57,C,https://myebrochure.co.uk/images/colours/gildan/gildan-41g.jpg,https://myebrochure.co.uk/images/products/prod_15009_64000_184585.jpg,https://myebrochure.co.uk/images/products.small/prod_15009_64000_184585.jpg,https://myebrochure.co.uk/images/products.hires/prod_15009_64000_184585.jpg,https://myebrochure.co.uk/images/brands/gildan_25.png,https://myebrochure.co.uk/images/products.hires/prod_15009_64000_176885.jpg,,,,,,,,,,"<li>Made with our soft ring spun cotton and cotton blends -</li> <li>Softstyle features high stitch density fabric that offers a smooth printing surface, ideal for DTG</li> <li>Proud member of the US Cotton Trust Protocol (USCTP) and Better Cotton&#8482;</li> <li>Cotton products from Gildan support more sustainable + ethical cotton farming</li> <li>Soft ring spun fabric feels great against your skin</li> <li>Non-topstitched, narrow width, rib collar</li> <li>Taped neck and shoulders for comfort and durability</li> <li>Modern classic fit, tubular body</li> <li>High-performing black tear-away label</li> <li>Yarn Count 30/1</li> <li><b>Also available in ladies sizes code 64000L and childrens sizes 64000B</b></li>",1.87
207952,2079424,64000,TSHIRT,T-SHIRTS,MSSTSH,MENS SHORT SLEEVE T-SHIRT,GILDAN,GILDAN,MS0092,41G,Paragon,13,XL,Softstyle Adult T-Shirt,2.44,1,12,72,02-01-2026 8:57,C,https://myebrochure.co.uk/images/colours/gildan/gildan-41g.jpg,https://myebrochure.co.uk/images/products/prod_15009_64000_184585.jpg,https://myebrochure.co.uk/images/products.small/prod_15009_64000_184585.jpg,https://myebrochure.co.uk/images/products.hires/prod_15009_64000_184585.jpg,https://myebrochure.co.uk/images/brands/gildan_25.png,https://myebrochure.co.uk/images/products.hires/prod_15009_64000_176885.jpg,,,,,,,,,,"<li>Made with our soft ring spun cotton and cotton blends -</li> <li>Softstyle features high stitch density fabric that offers a smooth printing surface, ideal for DTG</li> <li>Proud member of the US Cotton Trust Protocol (USCTP) and Better Cotton&#8482;</li> <li>Cotton products from Gildan support more sustainable + ethical cotton farming</li> <li>Soft ring spun fabric feels great against your skin</li> <li>Non-topstitched, narrow width, rib collar</li> <li>Taped neck and shoulders for comfort and durability</li> <li>Modern classic fit, tubular body</li> <li>High-performing black tear-away label</li> <li>Yarn Count 30/1</li> <li><b>Also available in ladies sizes code 64000L and childrens sizes 64000B</b></li>",1.87
207953,2079431,64000,TSHIRT,T-SHIRTS,MSSTSH,MENS SHORT SLEEVE T-SHIRT,GILDAN,GILDAN,MS0092,41G,Paragon,13,2XL,Softstyle Adult T-Shirt,2.44,1,12,72,02-01-2026 8:57,C,https://myebrochure.co.uk/images/colours/gildan/gildan-41g.jpg,https://myebrochure.co.uk/images/products/prod_15009_64000_184585.jpg,https://myebrochure.co.uk/images/products.small/prod_15009_64000_184585.jpg,https://myebrochure.co.uk/images/products.hires/prod_15009_64000_184585.jpg,https://myebrochure.co.uk/images/brands/gildan_25.png,https://myebrochure.co.uk/images/products.hires/prod_15009_64000_176885.jpg,,,,,,,,,,"<li>Made with our soft ring spun cotton and cotton blends -</li> <li>Softstyle features high stitch density fabric that offers a smooth printing surface, ideal for DTG</li> <li>Proud member of the US Cotton Trust Protocol (USCTP) and Better Cotton&#8482;</li> <li>Cotton products from Gildan support more sustainable + ethical cotton farming</li> <li>Soft ring spun fabric feels great against your skin</li> <li>Non-topstitched, narrow width, rib collar</li> <li>Taped neck and shoulders for comfort and durability</li> <li>Modern classic fit, tubular body</li> <li>High-performing black tear-away label</li> <li>Yarn Count 30/1</li> <li><b>Also available in ladies sizes code 64000L and childrens sizes 64000B</b></li>",1.87
207954,2079448,64000,TSHIRT,T-SHIRTS,MSSTSH,MENS SHORT SLEEVE T-SHIRT,GILDAN,GILDAN,MS0092,41G,Paragon,13,3XL,Softstyle Adult T-Shirt,3.28,1,12,36,02-01-2026 8:57,C,https://myebrochure.co.uk/images/colours/gildan/gildan-41g.jpg,https://myebrochure.co.uk/images/products/prod_15009_64000_184585.jpg,https://myebrochure.co.uk/images/products.small/prod_15009_64000_184585.jpg,https://myebrochure.co.uk/images/products.hires/prod_15009_64000_184585.jpg,https://myebrochure.co.uk/images/brands/gildan_25.png,https://myebrochure.co.uk/images/products.hires/prod_15009_64000_176885.jpg,,,,,,,,,,"<li>Made with our soft ring spun cotton and cotton blends -</li> <li>Softstyle features high stitch density fabric that offers a smooth printing surface, ideal for DTG</li> <li>Proud member of the US Cotton Trust Protocol (USCTP) and Better Cotton&#8482;</li> <li>Cotton products from Gildan support more sustainable + ethical cotton farming</li> <li>Soft ring spun fabric feels great against your skin</li> <li>Non-topstitched, narrow width, rib collar</li> <li>Taped neck and shoulders for comfort and durability</li> <li>Modern classic fit, tubular body</li> <li>High-performing black tear-away label</li> <li>Yarn Count 30/1</li> <li><b>Also available in ladies sizes code 64000L and childrens sizes 64000B</b></li>",2.51
207957,2079479,64000,TSHIRT,T-SHIRTS,MSSTSH,MENS SHORT SLEEVE T-SHIRT,GILDAN,GILDAN,MS0092,168,Pistachio,13,S,Softstyle Adult T-Shirt,2.44,1,12,72,02-01-2026 8:57,C,https://myebrochure.co.uk/images/colours/gildan/gildan-168.jpg,https://myebrochure.co.uk/images/products/prod_15009_64000_184585.jpg,https://myebrochure.co.uk/images/products.small/prod_15009_64000_184585.jpg,https://myebrochure.co.uk/images/products.hires/prod_15009_64000_184585.jpg,https://myebrochure.co.uk/images/brands/gildan_25.png,https://myebrochure.co.uk/images/products.hires/prod_15009_64000_176876.jpg,,,,,,,,,,"<li>Made with our soft ring spun cotton and cotton blends -</li> <li>Softstyle features high stitch density fabric that offers a smooth printing surface, ideal for DTG</li> <li>Proud member of the US Cotton Trust Protocol (USCTP) and Better Cotton&#8482;</li> <li>Cotton products from Gildan support more sustainable + ethical cotton farming</li> <li>Soft ring spun fabric feels great against your skin</li> <li>Non-topstitched, narrow width, rib collar</li> <li>Taped neck and shoulders for comfort and durability</li> <li>Modern classic fit, tubular body</li> <li>High-performing black tear-away label</li> <li>Yarn Count 30/1</li> <li><b>Also available in ladies sizes code 64000L and childrens sizes 64000B</b></li>",1.87
207958,2079486,64000,TSHIRT,T-SHIRTS,MSSTSH,MENS SHORT SLEEVE T-SHIRT,GILDAN,GILDAN,MS0092,168,Pistachio,13,M,Softstyle Adult T-Shirt,2.44,1,12,72,02-01-2026 8:57,C,https://myebrochure.co.uk/images/colours/gildan/gildan-168.jpg,https://myebrochure.co.uk/images/products/prod_15009_64000_184585.jpg,https://myebrochure.co.uk/images/products.small/prod_15009_64000_184585.jpg,https://myebrochure.co.uk/images/products.hires/prod_15009_64000_184585.jpg,https://myebrochure.co.uk/images/brands/gildan_25.png,https://myebrochure.co.uk/images/products.hires/prod_15009_64000_176876.jpg,,,,,,,,,,"<li>Made with our soft ring spun cotton and cotton blends -</li> <li>Softstyle features high stitch density fabric that offers a smooth printing surface, ideal for DTG</li> <li>Proud member of the US Cotton Trust Protocol (USCTP) and Better Cotton&#8482;</li> <li>Cotton products from Gildan support more sustainable + ethical cotton farming</li> <li>Soft ring spun fabric feels great against your skin</li> <li>Non-topstitched, narrow width, rib collar</li> <li>Taped neck and shoulders for comfort and durability</li> <li>Modern classic fit, tubular body</li> <li>High-performing black tear-away label</li> <li>Yarn Count 30/1</li> <li><b>Also available in ladies sizes code 64000L and childrens sizes 64000B</b></li>",1.87
207959,2079493,64000,TSHIRT,T-SHIRTS,MSSTSH,MENS SHORT SLEEVE T-SHIRT,GILDAN,GILDAN,MS0092,168,Pistachio,13,L,Softstyle Adult T-Shirt,2.44,1,12,72,02-01-2026 8:57,C,https://myebrochure.co.uk/images/colours/gildan/gildan-168.jpg,https://myebrochure.co.uk/images/products/prod_15009_64000_184585.jpg,https://myebrochure.co.uk/images/products.small/prod_15009_64000_184585.jpg,https://myebrochure.co.uk/images/products.hires/prod_15009_64000_184585.jpg,https://myebrochure.co.uk/images/brands/gildan_25.png,https://myebrochure.co.uk/images/products.hires/prod_15009_64000_176876.jpg,,,,,,,,,,"<li>Made with our soft ring spun cotton and cotton blends -</li> <li>Softstyle features high stitch density fabric that offers a smooth printing surface, ideal for DTG</li> <li>Proud member of the US Cotton Trust Protocol (USCTP) and Better Cotton&#8482;</li> <li>Cotton products from Gildan support more sustainable + ethical cotton farming</li> <li>Soft ring spun fabric feels great against your skin</li> <li>Non-topstitched, narrow width, rib collar</li> <li>Taped neck and shoulders for comfort and durability</li> <li>Modern classic fit, tubular body</li> <li>High-performing black tear-away label</li> <li>Yarn Count 30/1</li> <li><b>Also available in ladies sizes code 64000L and childrens sizes 64000B</b></li>",1.87
207960,2079509,64000,TSHIRT,T-SHIRTS,MSSTSH,MENS SHORT SLEEVE T-SHIRT,GILDAN,GILDAN,MS0092,168,Pistachio,13,XL,Softstyle Adult T-Shirt,2.44,1,12,72,02-01-2026 8:57,C,https://myebrochure.co.uk/images/colours/gildan/gildan-168.jpg,https://myebrochure.co.uk/images/products/prod_15009_64000_184585.jpg,https://myebrochure.co.uk/images/products.small/prod_15009_64000_184585.jpg,https://myebrochure.co.uk/images/products.hires/prod_15009_64000_184585.jpg,https://myebrochure.co.uk/images/brands/gildan_25.png,https://myebrochure.co.uk/images/products.hires/prod_15009_64000_176876.jpg,,,,,,,,,,"<li>Made with our soft ring spun cotton and cotton blends -</li> <li>Softstyle features high stitch density fabric that offers a smooth printing surface, ideal for DTG</li> <li>Proud member of the US Cotton Trust Protocol (USCTP) and Better Cotton&#8482;</li> <li>Cotton products from Gildan support more sustainable + ethical cotton farming</li> <li>Soft ring spun fabric feels great against your skin</li> <li>Non-topstitched, narrow width, rib collar</li> <li>Taped neck and shoulders for comfort and durability</li> <li>Modern classic fit, tubular body</li> <li>High-performing black tear-away label</li> <li>Yarn Count 30/1</li> <li><b>Also available in ladies sizes code 64000L and childrens sizes 64000B</b></li>",1.87
207961,2079516,64000,TSHIRT,T-SHIRTS,MSSTSH,MENS SHORT SLEEVE T-SHIRT,GILDAN,GILDAN,MS0092,168,Pistachio,13,2XL,Softstyle Adult T-Shirt,2.44,1,12,72,02-01-2026 8:57,C,https://myebrochure.co.uk/images/colours/gildan/gildan-168.jpg,https://myebrochure.co.uk/images/products/prod_15009_64000_184585.jpg,https://myebrochure.co.uk/images/products.small/prod_15009_64000_184585.jpg,https://myebrochure.co.uk/images/products.hires/prod_15009_64000_184585.jpg,https://myebrochure.co.uk/images/brands/gildan_25.png,https://myebrochure.co.uk/images/products.hires/prod_15009_64000_176876.jpg,,,,,,,,,,"<li>Made with our soft ring spun cotton and cotton blends -</li> <li>Softstyle features high stitch density fabric that offers a smooth printing surface, ideal for DTG</li> <li>Proud member of the US Cotton Trust Protocol (USCTP) and Better Cotton&#8482;</li> <li>Cotton products from Gildan support more sustainable + ethical cotton farming</li> <li>Soft ring spun fabric feels great against your skin</li> <li>Non-topstitched, narrow width, rib collar</li> <li>Taped neck and shoulders for comfort and durability</li> <li>Modern classic fit, tubular body</li> <li>High-performing black tear-away label</li> <li>Yarn Count 30/1</li> <li><b>Also available in ladies sizes code 64000L and childrens sizes 64000B</b></li>",1.87
207962,2079523,64000,TSHIRT,T-SHIRTS,MSSTSH,MENS SHORT SLEEVE T-SHIRT,GILDAN,GILDAN,MS0092,168,Pistachio,13,3XL,Softstyle Adult T-Shirt,3.28,1,12,36,02-01-2026 8:57,C,https://myebrochure.co.uk/images/colours/gildan/gildan-168.jpg,https://myebrochure.co.uk/images/products/prod_15009_64000_184585.jpg,https://myebrochure.co.uk/images/products.small/prod_15009_64000_184585.jpg,https://myebrochure.co.uk/images/products.hires/prod_15009_64000_184585.jpg,https://myebrochure.co.uk/images/brands/gildan_25.png,https://myebrochure.co.uk/images/products.hires/prod_15009_64000_176876.jpg,,,,,,,,,,"<li>Made with our soft ring spun cotton and cotton blends -</li> <li>Softstyle features high stitch density fabric that offers a smooth printing surface, ideal for DTG</li> <li>Proud member of the US Cotton Trust Protocol (USCTP) and Better Cotton&#8482;</li> <li>Cotton products from Gildan support more sustainable + ethical cotton farming</li> <li>Soft ring spun fabric feels great against your skin</li> <li>Non-topstitched, narrow width, rib collar</li> <li>Taped neck and shoulders for comfort and durability</li> <li>Modern classic fit, tubular body</li> <li>High-performing black tear-away label</li> <li>Yarn Count 30/1</li> <li><b>Also available in ladies sizes code 64000L and childrens sizes 64000B</b></li>",2.51
67386,673167,64000,TSHIRT,T-SHIRTS,MSSTSH,MENS SHORT SLEEVE T-SHIRT,GILDAN,GILDAN,MS0092,81,Purple,13,S,Softstyle Adult T-Shirt,2.44,1,12,72,02-01-2026 8:57,C,https://myebrochure.co.uk/images/colours/gildan/gildan-81.jpg,https://myebrochure.co.uk/images/products/prod_15009_64000_184585.jpg,https://myebrochure.co.uk/images/products.small/prod_15009_64000_184585.jpg,https://myebrochure.co.uk/images/products.hires/prod_15009_64000_184585.jpg,https://myebrochure.co.uk/images/brands/gildan_25.png,https://myebrochure.co.uk/images/products.hires/prod_15009_64000_176858.jpg,,,,,,,,,,"<li>Made with our soft ring spun cotton and cotton blends -</li> <li>Softstyle features high stitch density fabric that offers a smooth printing surface, ideal for DTG</li> <li>Proud member of the US Cotton Trust Protocol (USCTP) and Better Cotton&#8482;</li> <li>Cotton products from Gildan support more sustainable + ethical cotton farming</li> <li>Soft ring spun fabric feels great against your skin</li> <li>Non-topstitched, narrow width, rib collar</li> <li>Taped neck and shoulders for comfort and durability</li> <li>Modern classic fit, tubular body</li> <li>High-performing black tear-away label</li> <li>Yarn Count 30/1</li> <li><b>Also available in ladies sizes code 64000L and childrens sizes 64000B</b></li>",1.87
67387,673174,64000,TSHIRT,T-SHIRTS,MSSTSH,MENS SHORT SLEEVE T-SHIRT,GILDAN,GILDAN,MS0092,81,Purple,13,M,Softstyle Adult T-Shirt,2.44,1,12,72,02-01-2026 8:57,C,https://myebrochure.co.uk/images/colours/gildan/gildan-81.jpg,https://myebrochure.co.uk/images/products/prod_15009_64000_184585.jpg,https://myebrochure.co.uk/images/products.small/prod_15009_64000_184585.jpg,https://myebrochure.co.uk/images/products.hires/prod_15009_64000_184585.jpg,https://myebrochure.co.uk/images/brands/gildan_25.png,https://myebrochure.co.uk/images/products.hires/prod_15009_64000_176858.jpg,,,,,,,,,,"<li>Made with our soft ring spun cotton and cotton blends -</li> <li>Softstyle features high stitch density fabric that offers a smooth printing surface, ideal for DTG</li> <li>Proud member of the US Cotton Trust Protocol (USCTP) and Better Cotton&#8482;</li> <li>Cotton products from Gildan support more sustainable + ethical cotton farming</li> <li>Soft ring spun fabric feels great against your skin</li> <li>Non-topstitched, narrow width, rib collar</li> <li>Taped neck and shoulders for comfort and durability</li> <li>Modern classic fit, tubular body</li> <li>High-performing black tear-away label</li> <li>Yarn Count 30/1</li> <li><b>Also available in ladies sizes code 64000L and childrens sizes 64000B</b></li>",1.87
67388,673181,64000,TSHIRT,T-SHIRTS,MSSTSH,MENS SHORT SLEEVE T-SHIRT,GILDAN,GILDAN,MS0092,81,Purple,13,L,Softstyle Adult T-Shirt,2.44,1,12,72,02-01-2026 8:57,C,https://myebrochure.co.uk/images/colours/gildan/gildan-81.jpg,https://myebrochure.co.uk/images/products/prod_15009_64000_184585.jpg,https://myebrochure.co.uk/images/products.small/prod_15009_64000_184585.jpg,https://myebrochure.co.uk/images/products.hires/prod_15009_64000_184585.jpg,https://myebrochure.co.uk/images/brands/gildan_25.png,https://myebrochure.co.uk/images/products.hires/prod_15009_64000_176858.jpg,,,,,,,,,,"<li>Made with our soft ring spun cotton and cotton blends -</li> <li>Softstyle features high stitch density fabric that offers a smooth printing surface, ideal for DTG</li> <li>Proud member of the US Cotton Trust Protocol (USCTP) and Better Cotton&#8482;</li> <li>Cotton products from Gildan support more sustainable + ethical cotton farming</li> <li>Soft ring spun fabric feels great against your skin</li> <li>Non-topstitched, narrow width, rib collar</li> <li>Taped neck and shoulders for comfort and durability</li> <li>Modern classic fit, tubular body</li> <li>High-performing black tear-away label</li> <li>Yarn Count 30/1</li> <li><b>Also available in ladies sizes code 64000L and childrens sizes 64000B</b></li>",1.87
67389,673198,64000,TSHIRT,T-SHIRTS,MSSTSH,MENS SHORT SLEEVE T-SHIRT,GILDAN,GILDAN,MS0092,81,Purple,13,XL,Softstyle Adult T-Shirt,2.44,1,12,72,02-01-2026 8:57,C,https://myebrochure.co.uk/images/colours/gildan/gildan-81.jpg,https://myebrochure.co.uk/images/products/prod_15009_64000_184585.jpg,https://myebrochure.co.uk/images/products.small/prod_15009_64000_184585.jpg,https://myebrochure.co.uk/images/products.hires/prod_15009_64000_184585.jpg,https://myebrochure.co.uk/images/brands/gildan_25.png,https://myebrochure.co.uk/images/products.hires/prod_15009_64000_176858.jpg,,,,,,,,,,"<li>Made with our soft ring spun cotton and cotton blends -</li> <li>Softstyle features high stitch density fabric that offers a smooth printing surface, ideal for DTG</li> <li>Proud member of the US Cotton Trust Protocol (USCTP) and Better Cotton&#8482;</li> <li>Cotton products from Gildan support more sustainable + ethical cotton farming</li> <li>Soft ring spun fabric feels great against your skin</li> <li>Non-topstitched, narrow width, rib collar</li> <li>Taped neck and shoulders for comfort and durability</li> <li>Modern classic fit, tubular body</li> <li>High-performing black tear-away label</li> <li>Yarn Count 30/1</li> <li><b>Also available in ladies sizes code 64000L and childrens sizes 64000B</b></li>",1.87
67390,673204,64000,TSHIRT,T-SHIRTS,MSSTSH,MENS SHORT SLEEVE T-SHIRT,GILDAN,GILDAN,MS0092,81,Purple,13,2XL,Softstyle Adult T-Shirt,2.44,1,12,72,02-01-2026 8:57,C,https://myebrochure.co.uk/images/colours/gildan/gildan-81.jpg,https://myebrochure.co.uk/images/products/prod_15009_64000_184585.jpg,https://myebrochure.co.uk/images/products.small/prod_15009_64000_184585.jpg,https://myebrochure.co.uk/images/products.hires/prod_15009_64000_184585.jpg,https://myebrochure.co.uk/images/brands/gildan_25.png,https://myebrochure.co.uk/images/products.hires/prod_15009_64000_176858.jpg,,,,,,,,,,"<li>Made with our soft ring spun cotton and cotton blends -</li> <li>Softstyle features high stitch density fabric that offers a smooth printing surface, ideal for DTG</li> <li>Proud member of the US Cotton Trust Protocol (USCTP) and Better Cotton&#8482;</li> <li>Cotton products from Gildan support more sustainable + ethical cotton farming</li> <li>Soft ring spun fabric feels great against your skin</li> <li>Non-topstitched, narrow width, rib collar</li> <li>Taped neck and shoulders for comfort and durability</li> <li>Modern classic fit, tubular body</li> <li>High-performing black tear-away label</li> <li>Yarn Count 30/1</li> <li><b>Also available in ladies sizes code 64000L and childrens sizes 64000B</b></li>",1.87
136620,1365412,64000,TSHIRT,T-SHIRTS,MSSTSH,MENS SHORT SLEEVE T-SHIRT,GILDAN,GILDAN,MS0092,81,Purple,13,3XL,Softstyle Adult T-Shirt,3.28,1,12,36,02-01-2026 8:57,C,https://myebrochure.co.uk/images/colours/gildan/gildan-81.jpg,https://myebrochure.co.uk/images/products/prod_15009_64000_184585.jpg,https://myebrochure.co.uk/images/products.small/prod_15009_64000_184585.jpg,https://myebrochure.co.uk/images/products.hires/prod_15009_64000_184585.jpg,https://myebrochure.co.uk/images/brands/gildan_25.png,https://myebrochure.co.uk/images/products.hires/prod_15009_64000_176858.jpg,,,,,,,,,,"<li>Made with our soft ring spun cotton and cotton blends -</li> <li>Softstyle features high stitch density fabric that offers a smooth printing surface, ideal for DTG</li> <li>Proud member of the US Cotton Trust Protocol (USCTP) and Better Cotton&#8482;</li> <li>Cotton products from Gildan support more sustainable + ethical cotton farming</li> <li>Soft ring spun fabric feels great against your skin</li> <li>Non-topstitched, narrow width, rib collar</li> <li>Taped neck and shoulders for comfort and durability</li> <li>Modern classic fit, tubular body</li> <li>High-performing black tear-away label</li> <li>Yarn Count 30/1</li> <li><b>Also available in ladies sizes code 64000L and childrens sizes 64000B</b></li>",2.51
178312,1782196,64000,TSHIRT,T-SHIRTS,MSSTSH,MENS SHORT SLEEVE T-SHIRT,GILDAN,GILDAN,MS0092,81,Purple,13,4XL,Softstyle Adult T-Shirt,3.28,1,6,12,02-01-2026 8:57,C,https://myebrochure.co.uk/images/colours/gildan/gildan-81.jpg,https://myebrochure.co.uk/images/products/prod_15009_64000_184585.jpg,https://myebrochure.co.uk/images/products.small/prod_15009_64000_184585.jpg,https://myebrochure.co.uk/images/products.hires/prod_15009_64000_184585.jpg,https://myebrochure.co.uk/images/brands/gildan_25.png,https://myebrochure.co.uk/images/products.hires/prod_15009_64000_176858.jpg,,,,,,,,,,"<li>Made with our soft ring spun cotton and cotton blends -</li> <li>Softstyle features high stitch density fabric that offers a smooth printing surface, ideal for DTG</li> <li>Proud member of the US Cotton Trust Protocol (USCTP) and Better Cotton&#8482;</li> <li>Cotton products from Gildan support more sustainable + ethical cotton farming</li> <li>Soft ring spun fabric feels great against your skin</li> <li>Non-topstitched, narrow width, rib collar</li> <li>Taped neck and shoulders for comfort and durability</li> <li>Modern classic fit, tubular body</li> <li>High-performing black tear-away label</li> <li>Yarn Count 30/1</li> <li><b>Also available in ladies sizes code 64000L and childrens sizes 64000B</b></li>",2.51
235911,2359120,64000,TSHIRT,T-SHIRTS,MSSTSH,MENS SHORT SLEEVE T-SHIRT,GILDAN,GILDAN,MS0092,40,Red,13,XS,Softstyle Adult T-Shirt,2.42,1,12,72,02-01-2026 8:57,C,https://myebrochure.co.uk/images/colours/gildan/gildan-40.jpg,https://myebrochure.co.uk/images/products/prod_15009_64000_184585.jpg,https://myebrochure.co.uk/images/products.small/prod_15009_64000_184585.jpg,https://myebrochure.co.uk/images/products.hires/prod_15009_64000_184585.jpg,https://myebrochure.co.uk/images/brands/gildan_25.png,https://myebrochure.co.uk/images/products.hires/prod_15009_64000_176855.jpg,,,,,,,,,,"<li>Made with our soft ring spun cotton and cotton blends -</li> <li>Softstyle features high stitch density fabric that offers a smooth printing surface, ideal for DTG</li> <li>Proud member of the US Cotton Trust Protocol (USCTP) and Better Cotton&#8482;</li> <li>Cotton products from Gildan support more sustainable + ethical cotton farming</li> <li>Soft ring spun fabric feels great against your skin</li> <li>Non-topstitched, narrow width, rib collar</li> <li>Taped neck and shoulders for comfort and durability</li> <li>Modern classic fit, tubular body</li> <li>High-performing black tear-away label</li> <li>Yarn Count 30/1</li> <li><b>Also available in ladies sizes code 64000L and childrens sizes 64000B</b></li>",1.85
54191,541794,64000,TSHIRT,T-SHIRTS,MSSTSH,MENS SHORT SLEEVE T-SHIRT,GILDAN,GILDAN,MS0092,40,Red,13,S,Softstyle Adult T-Shirt,2.44,1,12,72,02-01-2026 8:57,C,https://myebrochure.co.uk/images/colours/gildan/gildan-40.jpg,https://myebrochure.co.uk/images/products/prod_15009_64000_184585.jpg,https://myebrochure.co.uk/images/products.small/prod_15009_64000_184585.jpg,https://myebrochure.co.uk/images/products.hires/prod_15009_64000_184585.jpg,https://myebrochure.co.uk/images/brands/gildan_25.png,https://myebrochure.co.uk/images/products.hires/prod_15009_64000_176855.jpg,,,,,,,,,,"<li>Made with our soft ring spun cotton and cotton blends -</li> <li>Softstyle features high stitch density fabric that offers a smooth printing surface, ideal for DTG</li> <li>Proud member of the US Cotton Trust Protocol (USCTP) and Better Cotton&#8482;</li> <li>Cotton products from Gildan support more sustainable + ethical cotton farming</li> <li>Soft ring spun fabric feels great against your skin</li> <li>Non-topstitched, narrow width, rib collar</li> <li>Taped neck and shoulders for comfort and durability</li> <li>Modern classic fit, tubular body</li> <li>High-performing black tear-away label</li> <li>Yarn Count 30/1</li> <li><b>Also available in ladies sizes code 64000L and childrens sizes 64000B</b></li>",1.87
54192,541800,64000,TSHIRT,T-SHIRTS,MSSTSH,MENS SHORT SLEEVE T-SHIRT,GILDAN,GILDAN,MS0092,40,Red,13,M,Softstyle Adult T-Shirt,2.44,1,12,72,02-01-2026 8:57,C,https://myebrochure.co.uk/images/colours/gildan/gildan-40.jpg,https://myebrochure.co.uk/images/products/prod_15009_64000_184585.jpg,https://myebrochure.co.uk/images/products.small/prod_15009_64000_184585.jpg,https://myebrochure.co.uk/images/products.hires/prod_15009_64000_184585.jpg,https://myebrochure.co.uk/images/brands/gildan_25.png,https://myebrochure.co.uk/images/products.hires/prod_15009_64000_176855.jpg,,,,,,,,,,"<li>Made with our soft ring spun cotton and cotton blends -</li> <li>Softstyle features high stitch density fabric that offers a smooth printing surface, ideal for DTG</li> <li>Proud member of the US Cotton Trust Protocol (USCTP) and Better Cotton&#8482;</li> <li>Cotton products from Gildan support more sustainable + ethical cotton farming</li> <li>Soft ring spun fabric feels great against your skin</li> <li>Non-topstitched, narrow width, rib collar</li> <li>Taped neck and shoulders for comfort and durability</li> <li>Modern classic fit, tubular body</li> <li>High-performing black tear-away label</li> <li>Yarn Count 30/1</li> <li><b>Also available in ladies sizes code 64000L and childrens sizes 64000B</b></li>",1.87
54193,541817,64000,TSHIRT,T-SHIRTS,MSSTSH,MENS SHORT SLEEVE T-SHIRT,GILDAN,GILDAN,MS0092,40,Red,13,L,Softstyle Adult T-Shirt,2.44,1,12,72,02-01-2026 8:57,C,https://myebrochure.co.uk/images/colours/gildan/gildan-40.jpg,https://myebrochure.co.uk/images/products/prod_15009_64000_184585.jpg,https://myebrochure.co.uk/images/products.small/prod_15009_64000_184585.jpg,https://myebrochure.co.uk/images/products.hires/prod_15009_64000_184585.jpg,https://myebrochure.co.uk/images/brands/gildan_25.png,https://myebrochure.co.uk/images/products.hires/prod_15009_64000_176855.jpg,,,,,,,,,,"<li>Made with our soft ring spun cotton and cotton blends -</li> <li>Softstyle features high stitch density fabric that offers a smooth printing surface, ideal for DTG</li> <li>Proud member of the US Cotton Trust Protocol (USCTP) and Better Cotton&#8482;</li> <li>Cotton products from Gildan support more sustainable + ethical cotton farming</li> <li>Soft ring spun fabric feels great against your skin</li> <li>Non-topstitched, narrow width, rib collar</li> <li>Taped neck and shoulders for comfort and durability</li> <li>Modern classic fit, tubular body</li> <li>High-performing black tear-away label</li> <li>Yarn Count 30/1</li> <li><b>Also available in ladies sizes code 64000L and childrens sizes 64000B</b></li>",1.87
54194,541824,64000,TSHIRT,T-SHIRTS,MSSTSH,MENS SHORT SLEEVE T-SHIRT,GILDAN,GILDAN,MS0092,40,Red,13,XL,Softstyle Adult T-Shirt,2.44,1,12,72,02-01-2026 8:57,C,https://myebrochure.co.uk/images/colours/gildan/gildan-40.jpg,https://myebrochure.co.uk/images/products/prod_15009_64000_184585.jpg,https://myebrochure.co.uk/images/products.small/prod_15009_64000_184585.jpg,https://myebrochure.co.uk/images/products.hires/prod_15009_64000_184585.jpg,https://myebrochure.co.uk/images/brands/gildan_25.png,https://myebrochure.co.uk/images/products.hires/prod_15009_64000_176855.jpg,,,,,,,,,,"<li>Made with our soft ring spun cotton and cotton blends -</li> <li>Softstyle features high stitch density fabric that offers a smooth printing surface, ideal for DTG</li> <li>Proud member of the US Cotton Trust Protocol (USCTP) and Better Cotton&#8482;</li> <li>Cotton products from Gildan support more sustainable + ethical cotton farming</li> <li>Soft ring spun fabric feels great against your skin</li> <li>Non-topstitched, narrow width, rib collar</li> <li>Taped neck and shoulders for comfort and durability</li> <li>Modern classic fit, tubular body</li> <li>High-performing black tear-away label</li> <li>Yarn Count 30/1</li> <li><b>Also available in ladies sizes code 64000L and childrens sizes 64000B</b></li>",1.87
54195,541831,64000,TSHIRT,T-SHIRTS,MSSTSH,MENS SHORT SLEEVE T-SHIRT,GILDAN,GILDAN,MS0092,40,Red,13,2XL,Softstyle Adult T-Shirt,2.44,1,12,72,02-01-2026 8:57,C,https://myebrochure.co.uk/images/colours/gildan/gildan-40.jpg,https://myebrochure.co.uk/images/products/prod_15009_64000_184585.jpg,https://myebrochure.co.uk/images/products.small/prod_15009_64000_184585.jpg,https://myebrochure.co.uk/images/products.hires/prod_15009_64000_184585.jpg,https://myebrochure.co.uk/images/brands/gildan_25.png,https://myebrochure.co.uk/images/products.hires/prod_15009_64000_176855.jpg,,,,,,,,,,"<li>Made with our soft ring spun cotton and cotton blends -</li> <li>Softstyle features high stitch density fabric that offers a smooth printing surface, ideal for DTG</li> <li>Proud member of the US Cotton Trust Protocol (USCTP) and Better Cotton&#8482;</li> <li>Cotton products from Gildan support more sustainable + ethical cotton farming</li> <li>Soft ring spun fabric feels great against your skin</li> <li>Non-topstitched, narrow width, rib collar</li> <li>Taped neck and shoulders for comfort and durability</li> <li>Modern classic fit, tubular body</li> <li>High-performing black tear-away label</li> <li>Yarn Count 30/1</li> <li><b>Also available in ladies sizes code 64000L and childrens sizes 64000B</b></li>",1.87
109900,1098594,64000,TSHIRT,T-SHIRTS,MSSTSH,MENS SHORT SLEEVE T-SHIRT,GILDAN,GILDAN,MS0092,40,Red,13,3XL,Softstyle Adult T-Shirt,3.28,1,12,36,02-01-2026 8:57,C,https://myebrochure.co.uk/images/colours/gildan/gildan-40.jpg,https://myebrochure.co.uk/images/products/prod_15009_64000_184585.jpg,https://myebrochure.co.uk/images/products.small/prod_15009_64000_184585.jpg,https://myebrochure.co.uk/images/products.hires/prod_15009_64000_184585.jpg,https://myebrochure.co.uk/images/brands/gildan_25.png,https://myebrochure.co.uk/images/products.hires/prod_15009_64000_176855.jpg,,,,,,,,,,"<li>Made with our soft ring spun cotton and cotton blends -</li> <li>Softstyle features high stitch density fabric that offers a smooth printing surface, ideal for DTG</li> <li>Proud member of the US Cotton Trust Protocol (USCTP) and Better Cotton&#8482;</li> <li>Cotton products from Gildan support more sustainable + ethical cotton farming</li> <li>Soft ring spun fabric feels great against your skin</li> <li>Non-topstitched, narrow width, rib collar</li> <li>Taped neck and shoulders for comfort and durability</li> <li>Modern classic fit, tubular body</li> <li>High-performing black tear-away label</li> <li>Yarn Count 30/1</li> <li><b>Also available in ladies sizes code 64000L and childrens sizes 64000B</b></li>",2.51
178299,1782066,64000,TSHIRT,T-SHIRTS,MSSTSH,MENS SHORT SLEEVE T-SHIRT,GILDAN,GILDAN,MS0092,40,Red,13,4XL,Softstyle Adult T-Shirt,3.28,1,6,12,02-01-2026 8:57,C,https://myebrochure.co.uk/images/colours/gildan/gildan-40.jpg,https://myebrochure.co.uk/images/products/prod_15009_64000_184585.jpg,https://myebrochure.co.uk/images/products.small/prod_15009_64000_184585.jpg,https://myebrochure.co.uk/images/products.hires/prod_15009_64000_184585.jpg,https://myebrochure.co.uk/images/brands/gildan_25.png,https://myebrochure.co.uk/images/products.hires/prod_15009_64000_176855.jpg,,,,,,,,,,"<li>Made with our soft ring spun cotton and cotton blends -</li> <li>Softstyle features high stitch density fabric that offers a smooth printing surface, ideal for DTG</li> <li>Proud member of the US Cotton Trust Protocol (USCTP) and Better Cotton&#8482;</li> <li>Cotton products from Gildan support more sustainable + ethical cotton farming</li> <li>Soft ring spun fabric feels great against your skin</li> <li>Non-topstitched, narrow width, rib collar</li> <li>Taped neck and shoulders for comfort and durability</li> <li>Modern classic fit, tubular body</li> <li>High-performing black tear-away label</li> <li>Yarn Count 30/1</li> <li><b>Also available in ladies sizes code 64000L and childrens sizes 64000B</b></li>",2.51
197005,1969870,64000,TSHIRT,T-SHIRTS,MSSTSH,MENS SHORT SLEEVE T-SHIRT,GILDAN,GILDAN,MS0092,40,Red,13,5XL,Softstyle Adult T-Shirt,3.28,1,6,12,02-01-2026 8:57,C,https://myebrochure.co.uk/images/colours/gildan/gildan-40.jpg,https://myebrochure.co.uk/images/products/prod_15009_64000_184585.jpg,https://myebrochure.co.uk/images/products.small/prod_15009_64000_184585.jpg,https://myebrochure.co.uk/images/products.hires/prod_15009_64000_184585.jpg,https://myebrochure.co.uk/images/brands/gildan_25.png,https://myebrochure.co.uk/images/products.hires/prod_15009_64000_176855.jpg,,,,,,,,,,"<li>Made with our soft ring spun cotton and cotton blends -</li> <li>Softstyle features high stitch density fabric that offers a smooth printing surface, ideal for DTG</li> <li>Proud member of the US Cotton Trust Protocol (USCTP) and Better Cotton&#8482;</li> <li>Cotton products from Gildan support more sustainable + ethical cotton farming</li> <li>Soft ring spun fabric feels great against your skin</li> <li>Non-topstitched, narrow width, rib collar</li> <li>Taped neck and shoulders for comfort and durability</li> <li>Modern classic fit, tubular body</li> <li>High-performing black tear-away label</li> <li>Yarn Count 30/1</li> <li><b>Also available in ladies sizes code 64000L and childrens sizes 64000B</b></li>",2.51
235913,2359144,64000,TSHIRT,T-SHIRTS,MSSTSH,MENS SHORT SLEEVE T-SHIRT,GILDAN,GILDAN,MS0092,51,Royal,13,XS,Softstyle Adult T-Shirt,2.42,1,12,72,02-01-2026 8:57,C,https://myebrochure.co.uk/images/colours/gildan/gildan-51.jpg,https://myebrochure.co.uk/images/products/prod_15009_64000_184585.jpg,https://myebrochure.co.uk/images/products.small/prod_15009_64000_184585.jpg,https://myebrochure.co.uk/images/products.hires/prod_15009_64000_184585.jpg,https://myebrochure.co.uk/images/brands/gildan_25.png,https://myebrochure.co.uk/images/products.hires/prod_15009_64000_176886.jpg,,,,,,,,,,"<li>Made with our soft ring spun cotton and cotton blends -</li> <li>Softstyle features high stitch density fabric that offers a smooth printing surface, ideal for DTG</li> <li>Proud member of the US Cotton Trust Protocol (USCTP) and Better Cotton&#8482;</li> <li>Cotton products from Gildan support more sustainable + ethical cotton farming</li> <li>Soft ring spun fabric feels great against your skin</li> <li>Non-topstitched, narrow width, rib collar</li> <li>Taped neck and shoulders for comfort and durability</li> <li>Modern classic fit, tubular body</li> <li>High-performing black tear-away label</li> <li>Yarn Count 30/1</li> <li><b>Also available in ladies sizes code 64000L and childrens sizes 64000B</b></li>",1.85
37706,376990,64000,TSHIRT,T-SHIRTS,MSSTSH,MENS SHORT SLEEVE T-SHIRT,GILDAN,GILDAN,MS0092,51,Royal,13,S,Softstyle Adult T-Shirt,2.44,1,12,72,02-01-2026 8:57,C,https://myebrochure.co.uk/images/colours/gildan/gildan-51.jpg,https://myebrochure.co.uk/images/products/prod_15009_64000_184585.jpg,https://myebrochure.co.uk/images/products.small/prod_15009_64000_184585.jpg,https://myebrochure.co.uk/images/products.hires/prod_15009_64000_184585.jpg,https://myebrochure.co.uk/images/brands/gildan_25.png,https://myebrochure.co.uk/images/products.hires/prod_15009_64000_176886.jpg,,,,,,,,,,"<li>Made with our soft ring spun cotton and cotton blends -</li> <li>Softstyle features high stitch density fabric that offers a smooth printing surface, ideal for DTG</li> <li>Proud member of the US Cotton Trust Protocol (USCTP) and Better Cotton&#8482;</li> <li>Cotton products from Gildan support more sustainable + ethical cotton farming</li> <li>Soft ring spun fabric feels great against your skin</li> <li>Non-topstitched, narrow width, rib collar</li> <li>Taped neck and shoulders for comfort and durability</li> <li>Modern classic fit, tubular body</li> <li>High-performing black tear-away label</li> <li>Yarn Count 30/1</li> <li><b>Also available in ladies sizes code 64000L and childrens sizes 64000B</b></li>",1.87
37707,377003,64000,TSHIRT,T-SHIRTS,MSSTSH,MENS SHORT SLEEVE T-SHIRT,GILDAN,GILDAN,MS0092,51,Royal,13,M,Softstyle Adult T-Shirt,2.44,1,12,72,02-01-2026 8:57,C,https://myebrochure.co.uk/images/colours/gildan/gildan-51.jpg,https://myebrochure.co.uk/images/products/prod_15009_64000_184585.jpg,https://myebrochure.co.uk/images/products.small/prod_15009_64000_184585.jpg,https://myebrochure.co.uk/images/products.hires/prod_15009_64000_184585.jpg,https://myebrochure.co.uk/images/brands/gildan_25.png,https://myebrochure.co.uk/images/products.hires/prod_15009_64000_176886.jpg,,,,,,,,,,"<li>Made with our soft ring spun cotton and cotton blends -</li> <li>Softstyle features high stitch density fabric that offers a smooth printing surface, ideal for DTG</li> <li>Proud member of the US Cotton Trust Protocol (USCTP) and Better Cotton&#8482;</li> <li>Cotton products from Gildan support more sustainable + ethical cotton farming</li> <li>Soft ring spun fabric feels great against your skin</li> <li>Non-topstitched, narrow width, rib collar</li> <li>Taped neck and shoulders for comfort and durability</li> <li>Modern classic fit, tubular body</li> <li>High-performing black tear-away label</li> <li>Yarn Count 30/1</li> <li><b>Also available in ladies sizes code 64000L and childrens sizes 64000B</b></li>",1.87
37708,377010,64000,TSHIRT,T-SHIRTS,MSSTSH,MENS SHORT SLEEVE T-SHIRT,GILDAN,GILDAN,MS0092,51,Royal,13,L,Softstyle Adult T-Shirt,2.44,1,12,72,02-01-2026 8:57,C,https://myebrochure.co.uk/images/colours/gildan/gildan-51.jpg,https://myebrochure.co.uk/images/products/prod_15009_64000_184585.jpg,https://myebrochure.co.uk/images/products.small/prod_15009_64000_184585.jpg,https://myebrochure.co.uk/images/products.hires/prod_15009_64000_184585.jpg,https://myebrochure.co.uk/images/brands/gildan_25.png,https://myebrochure.co.uk/images/products.hires/prod_15009_64000_176886.jpg,,,,,,,,,,"<li>Made with our soft ring spun cotton and cotton blends -</li> <li>Softstyle features high stitch density fabric that offers a smooth printing surface, ideal for DTG</li> <li>Proud member of the US Cotton Trust Protocol (USCTP) and Better Cotton&#8482;</li> <li>Cotton products from Gildan support more sustainable + ethical cotton farming</li> <li>Soft ring spun fabric feels great against your skin</li> <li>Non-topstitched, narrow width, rib collar</li> <li>Taped neck and shoulders for comfort and durability</li> <li>Modern classic fit, tubular body</li> <li>High-performing black tear-away label</li> <li>Yarn Count 30/1</li> <li><b>Also available in ladies sizes code 64000L and childrens sizes 64000B</b></li>",1.87
37709,377027,64000,TSHIRT,T-SHIRTS,MSSTSH,MENS SHORT SLEEVE T-SHIRT,GILDAN,GILDAN,MS0092,51,Royal,13,XL,Softstyle Adult T-Shirt,2.44,1,12,72,02-01-2026 8:57,C,https://myebrochure.co.uk/images/colours/gildan/gildan-51.jpg,https://myebrochure.co.uk/images/products/prod_15009_64000_184585.jpg,https://myebrochure.co.uk/images/products.small/prod_15009_64000_184585.jpg,https://myebrochure.co.uk/images/products.hires/prod_15009_64000_184585.jpg,https://myebrochure.co.uk/images/brands/gildan_25.png,https://myebrochure.co.uk/images/products.hires/prod_15009_64000_176886.jpg,,,,,,,,,,"<li>Made with our soft ring spun cotton and cotton blends -</li> <li>Softstyle features high stitch density fabric that offers a smooth printing surface, ideal for DTG</li> <li>Proud member of the US Cotton Trust Protocol (USCTP) and Better Cotton&#8482;</li> <li>Cotton products from Gildan support more sustainable + ethical cotton farming</li> <li>Soft ring spun fabric feels great against your skin</li> <li>Non-topstitched, narrow width, rib collar</li> <li>Taped neck and shoulders for comfort and durability</li> <li>Modern classic fit, tubular body</li> <li>High-performing black tear-away label</li> <li>Yarn Count 30/1</li> <li><b>Also available in ladies sizes code 64000L and childrens sizes 64000B</b></li>",1.87
37710,377034,64000,TSHIRT,T-SHIRTS,MSSTSH,MENS SHORT SLEEVE T-SHIRT,GILDAN,GILDAN,MS0092,51,Royal,13,2XL,Softstyle Adult T-Shirt,2.44,1,12,72,02-01-2026 8:57,C,https://myebrochure.co.uk/images/colours/gildan/gildan-51.jpg,https://myebrochure.co.uk/images/products/prod_15009_64000_184585.jpg,https://myebrochure.co.uk/images/products.small/prod_15009_64000_184585.jpg,https://myebrochure.co.uk/images/products.hires/prod_15009_64000_184585.jpg,https://myebrochure.co.uk/images/brands/gildan_25.png,https://myebrochure.co.uk/images/products.hires/prod_15009_64000_176886.jpg,,,,,,,,,,"<li>Made with our soft ring spun cotton and cotton blends -</li> <li>Softstyle features high stitch density fabric that offers a smooth printing surface, ideal for DTG</li> <li>Proud member of the US Cotton Trust Protocol (USCTP) and Better Cotton&#8482;</li> <li>Cotton products from Gildan support more sustainable + ethical cotton farming</li> <li>Soft ring spun fabric feels great against your skin</li> <li>Non-topstitched, narrow width, rib collar</li> <li>Taped neck and shoulders for comfort and durability</li> <li>Modern classic fit, tubular body</li> <li>High-performing black tear-away label</li> <li>Yarn Count 30/1</li> <li><b>Also available in ladies sizes code 64000L and childrens sizes 64000B</b></li>",1.87
109903,1098624,64000,TSHIRT,T-SHIRTS,MSSTSH,MENS SHORT SLEEVE T-SHIRT,GILDAN,GILDAN,MS0092,51,Royal,13,3XL,Softstyle Adult T-Shirt,3.28,1,12,36,02-01-2026 8:57,C,https://myebrochure.co.uk/images/colours/gildan/gildan-51.jpg,https://myebrochure.co.uk/images/products/prod_15009_64000_184585.jpg,https://myebrochure.co.uk/images/products.small/prod_15009_64000_184585.jpg,https://myebrochure.co.uk/images/products.hires/prod_15009_64000_184585.jpg,https://myebrochure.co.uk/images/brands/gildan_25.png,https://myebrochure.co.uk/images/products.hires/prod_15009_64000_176886.jpg,,,,,,,,,,"<li>Made with our soft ring spun cotton and cotton blends -</li> <li>Softstyle features high stitch density fabric that offers a smooth printing surface, ideal for DTG</li> <li>Proud member of the US Cotton Trust Protocol (USCTP) and Better Cotton&#8482;</li> <li>Cotton products from Gildan support more sustainable + ethical cotton farming</li> <li>Soft ring spun fabric feels great against your skin</li> <li>Non-topstitched, narrow width, rib collar</li> <li>Taped neck and shoulders for comfort and durability</li> <li>Modern classic fit, tubular body</li> <li>High-performing black tear-away label</li> <li>Yarn Count 30/1</li> <li><b>Also available in ladies sizes code 64000L and childrens sizes 64000B</b></li>",2.51
178305,1782127,64000,TSHIRT,T-SHIRTS,MSSTSH,MENS SHORT SLEEVE T-SHIRT,GILDAN,GILDAN,MS0092,51,Royal,13,4XL,Softstyle Adult T-Shirt,3.28,1,6,12,02-01-2026 8:57,C,https://myebrochure.co.uk/images/colours/gildan/gildan-51.jpg,https://myebrochure.co.uk/images/products/prod_15009_64000_184585.jpg,https://myebrochure.co.uk/images/products.small/prod_15009_64000_184585.jpg,https://myebrochure.co.uk/images/products.hires/prod_15009_64000_184585.jpg,https://myebrochure.co.uk/images/brands/gildan_25.png,https://myebrochure.co.uk/images/products.hires/prod_15009_64000_176886.jpg,,,,,,,,,,"<li>Made with our soft ring spun cotton and cotton blends -</li> <li>Softstyle features high stitch density fabric that offers a smooth printing surface, ideal for DTG</li> <li>Proud member of the US Cotton Trust Protocol (USCTP) and Better Cotton&#8482;</li> <li>Cotton products from Gildan support more sustainable + ethical cotton farming</li> <li>Soft ring spun fabric feels great against your skin</li> <li>Non-topstitched, narrow width, rib collar</li> <li>Taped neck and shoulders for comfort and durability</li> <li>Modern classic fit, tubular body</li> <li>High-performing black tear-away label</li> <li>Yarn Count 30/1</li> <li><b>Also available in ladies sizes code 64000L and childrens sizes 64000B</b></li>",2.51
197011,1969931,64000,TSHIRT,T-SHIRTS,MSSTSH,MENS SHORT SLEEVE T-SHIRT,GILDAN,GILDAN,MS0092,51,Royal,13,5XL,Softstyle Adult T-Shirt,3.28,1,6,12,02-01-2026 8:57,C,https://myebrochure.co.uk/images/colours/gildan/gildan-51.jpg,https://myebrochure.co.uk/images/products/prod_15009_64000_184585.jpg,https://myebrochure.co.uk/images/products.small/prod_15009_64000_184585.jpg,https://myebrochure.co.uk/images/products.hires/prod_15009_64000_184585.jpg,https://myebrochure.co.uk/images/brands/gildan_25.png,https://myebrochure.co.uk/images/products.hires/prod_15009_64000_176886.jpg,,,,,,,,,,"<li>Made with our soft ring spun cotton and cotton blends -</li> <li>Softstyle features high stitch density fabric that offers a smooth printing surface, ideal for DTG</li> <li>Proud member of the US Cotton Trust Protocol (USCTP) and Better Cotton&#8482;</li> <li>Cotton products from Gildan support more sustainable + ethical cotton farming</li> <li>Soft ring spun fabric feels great against your skin</li> <li>Non-topstitched, narrow width, rib collar</li> <li>Taped neck and shoulders for comfort and durability</li> <li>Modern classic fit, tubular body</li> <li>High-performing black tear-away label</li> <li>Yarn Count 30/1</li> <li><b>Also available in ladies sizes code 64000L and childrens sizes 64000B</b></li>",2.51
235895,2358963,64000,TSHIRT,T-SHIRTS,MSSTSH,MENS SHORT SLEEVE T-SHIRT,GILDAN,GILDAN,MS0092,5GG,Sage,13,S,Softstyle Adult T-Shirt,2.44,1,12,72,02-01-2026 8:57,C,https://myebrochure.co.uk/images/colours/gildan/gildan-5gg.jpg,https://myebrochure.co.uk/images/products/prod_15009_64000_184585.jpg,https://myebrochure.co.uk/images/products.small/prod_15009_64000_184585.jpg,https://myebrochure.co.uk/images/products.hires/prod_15009_64000_184585.jpg,https://myebrochure.co.uk/images/brands/gildan_25.png,https://myebrochure.co.uk/images/products.hires/prod_15009_64000_185006.jpg,,,,,,,,,,"<li>Made with our soft ring spun cotton and cotton blends -</li> <li>Softstyle features high stitch density fabric that offers a smooth printing surface, ideal for DTG</li> <li>Proud member of the US Cotton Trust Protocol (USCTP) and Better Cotton&#8482;</li> <li>Cotton products from Gildan support more sustainable + ethical cotton farming</li> <li>Soft ring spun fabric feels great against your skin</li> <li>Non-topstitched, narrow width, rib collar</li> <li>Taped neck and shoulders for comfort and durability</li> <li>Modern classic fit, tubular body</li> <li>High-performing black tear-away label</li> <li>Yarn Count 30/1</li> <li><b>Also available in ladies sizes code 64000L and childrens sizes 64000B</b></li>",1.87
235896,2358970,64000,TSHIRT,T-SHIRTS,MSSTSH,MENS SHORT SLEEVE T-SHIRT,GILDAN,GILDAN,MS0092,5GG,Sage,13,M,Softstyle Adult T-Shirt,2.44,1,12,72,02-01-2026 8:57,C,https://myebrochure.co.uk/images/colours/gildan/gildan-5gg.jpg,https://myebrochure.co.uk/images/products/prod_15009_64000_184585.jpg,https://myebrochure.co.uk/images/products.small/prod_15009_64000_184585.jpg,https://myebrochure.co.uk/images/products.hires/prod_15009_64000_184585.jpg,https://myebrochure.co.uk/images/brands/gildan_25.png,https://myebrochure.co.uk/images/products.hires/prod_15009_64000_185006.jpg,,,,,,,,,,"<li>Made with our soft ring spun cotton and cotton blends -</li> <li>Softstyle features high stitch density fabric that offers a smooth printing surface, ideal for DTG</li> <li>Proud member of the US Cotton Trust Protocol (USCTP) and Better Cotton&#8482;</li> <li>Cotton products from Gildan support more sustainable + ethical cotton farming</li> <li>Soft ring spun fabric feels great against your skin</li> <li>Non-topstitched, narrow width, rib collar</li> <li>Taped neck and shoulders for comfort and durability</li> <li>Modern classic fit, tubular body</li> <li>High-performing black tear-away label</li> <li>Yarn Count 30/1</li> <li><b>Also available in ladies sizes code 64000L and childrens sizes 64000B</b></li>",1.87
235897,2358987,64000,TSHIRT,T-SHIRTS,MSSTSH,MENS SHORT SLEEVE T-SHIRT,GILDAN,GILDAN,MS0092,5GG,Sage,13,L,Softstyle Adult T-Shirt,2.44,1,12,72,02-01-2026 8:57,C,https://myebrochure.co.uk/images/colours/gildan/gildan-5gg.jpg,https://myebrochure.co.uk/images/products/prod_15009_64000_184585.jpg,https://myebrochure.co.uk/images/products.small/prod_15009_64000_184585.jpg,https://myebrochure.co.uk/images/products.hires/prod_15009_64000_184585.jpg,https://myebrochure.co.uk/images/brands/gildan_25.png,https://myebrochure.co.uk/images/products.hires/prod_15009_64000_185006.jpg,,,,,,,,,,"<li>Made with our soft ring spun cotton and cotton blends -</li> <li>Softstyle features high stitch density fabric that offers a smooth printing surface, ideal for DTG</li> <li>Proud member of the US Cotton Trust Protocol (USCTP) and Better Cotton&#8482;</li> <li>Cotton products from Gildan support more sustainable + ethical cotton farming</li> <li>Soft ring spun fabric feels great against your skin</li> <li>Non-topstitched, narrow width, rib collar</li> <li>Taped neck and shoulders for comfort and durability</li> <li>Modern classic fit, tubular body</li> <li>High-performing black tear-away label</li> <li>Yarn Count 30/1</li> <li><b>Also available in ladies sizes code 64000L and childrens sizes 64000B</b></li>",1.87
235898,2358994,64000,TSHIRT,T-SHIRTS,MSSTSH,MENS SHORT SLEEVE T-SHIRT,GILDAN,GILDAN,MS0092,5GG,Sage,13,XL,Softstyle Adult T-Shirt,2.44,1,12,72,02-01-2026 8:57,C,https://myebrochure.co.uk/images/colours/gildan/gildan-5gg.jpg,https://myebrochure.co.uk/images/products/prod_15009_64000_184585.jpg,https://myebrochure.co.uk/images/products.small/prod_15009_64000_184585.jpg,https://myebrochure.co.uk/images/products.hires/prod_15009_64000_184585.jpg,https://myebrochure.co.uk/images/brands/gildan_25.png,https://myebrochure.co.uk/images/products.hires/prod_15009_64000_185006.jpg,,,,,,,,,,"<li>Made with our soft ring spun cotton and cotton blends -</li> <li>Softstyle features high stitch density fabric that offers a smooth printing surface, ideal for DTG</li> <li>Proud member of the US Cotton Trust Protocol (USCTP) and Better Cotton&#8482;</li> <li>Cotton products from Gildan support more sustainable + ethical cotton farming</li> <li>Soft ring spun fabric feels great against your skin</li> <li>Non-topstitched, narrow width, rib collar</li> <li>Taped neck and shoulders for comfort and durability</li> <li>Modern classic fit, tubular body</li> <li>High-performing black tear-away label</li> <li>Yarn Count 30/1</li> <li><b>Also available in ladies sizes code 64000L and childrens sizes 64000B</b></li>",1.87
235899,2359007,64000,TSHIRT,T-SHIRTS,MSSTSH,MENS SHORT SLEEVE T-SHIRT,GILDAN,GILDAN,MS0092,5GG,Sage,13,2XL,Softstyle Adult T-Shirt,2.44,1,12,72,02-01-2026 8:57,C,https://myebrochure.co.uk/images/colours/gildan/gildan-5gg.jpg,https://myebrochure.co.uk/images/products/prod_15009_64000_184585.jpg,https://myebrochure.co.uk/images/products.small/prod_15009_64000_184585.jpg,https://myebrochure.co.uk/images/products.hires/prod_15009_64000_184585.jpg,https://myebrochure.co.uk/images/brands/gildan_25.png,https://myebrochure.co.uk/images/products.hires/prod_15009_64000_185006.jpg,,,,,,,,,,"<li>Made with our soft ring spun cotton and cotton blends -</li> <li>Softstyle features high stitch density fabric that offers a smooth printing surface, ideal for DTG</li> <li>Proud member of the US Cotton Trust Protocol (USCTP) and Better Cotton&#8482;</li> <li>Cotton products from Gildan support more sustainable + ethical cotton farming</li> <li>Soft ring spun fabric feels great against your skin</li> <li>Non-topstitched, narrow width, rib collar</li> <li>Taped neck and shoulders for comfort and durability</li> <li>Modern classic fit, tubular body</li> <li>High-performing black tear-away label</li> <li>Yarn Count 30/1</li> <li><b>Also available in ladies sizes code 64000L and childrens sizes 64000B</b></li>",1.87
235900,2359014,64000,TSHIRT,T-SHIRTS,MSSTSH,MENS SHORT SLEEVE T-SHIRT,GILDAN,GILDAN,MS0092,5GG,Sage,13,3XL,Softstyle Adult T-Shirt,3.26,1,6,36,02-01-2026 8:57,C,https://myebrochure.co.uk/images/colours/gildan/gildan-5gg.jpg,https://myebrochure.co.uk/images/products/prod_15009_64000_184585.jpg,https://myebrochure.co.uk/images/products.small/prod_15009_64000_184585.jpg,https://myebrochure.co.uk/images/products.hires/prod_15009_64000_184585.jpg,https://myebrochure.co.uk/images/brands/gildan_25.png,https://myebrochure.co.uk/images/products.hires/prod_15009_64000_185006.jpg,,,,,,,,,,"<li>Made with our soft ring spun cotton and cotton blends -</li> <li>Softstyle features high stitch density fabric that offers a smooth printing surface, ideal for DTG</li> <li>Proud member of the US Cotton Trust Protocol (USCTP) and Better Cotton&#8482;</li> <li>Cotton products from Gildan support more sustainable + ethical cotton farming</li> <li>Soft ring spun fabric feels great against your skin</li> <li>Non-topstitched, narrow width, rib collar</li> <li>Taped neck and shoulders for comfort and durability</li> <li>Modern classic fit, tubular body</li> <li>High-performing black tear-away label</li> <li>Yarn Count 30/1</li> <li><b>Also available in ladies sizes code 64000L and childrens sizes 64000B</b></li>",2.49
235906,2359076,64000,TSHIRT,T-SHIRTS,MSSTSH,MENS SHORT SLEEVE T-SHIRT,GILDAN,GILDAN,MS0092,38,Sand,13,XS,Softstyle Adult T-Shirt,2.42,1,12,72,02-01-2026 8:57,C,https://myebrochure.co.uk/images/colours/gildan/gildan-38.jpg,https://myebrochure.co.uk/images/products/prod_15009_64000_184585.jpg,https://myebrochure.co.uk/images/products.small/prod_15009_64000_184585.jpg,https://myebrochure.co.uk/images/products.hires/prod_15009_64000_184585.jpg,https://myebrochure.co.uk/images/brands/gildan_25.png,https://myebrochure.co.uk/images/products.hires/prod_15009_64000_176882.jpg,,,,,,,,,,"<li>Made with our soft ring spun cotton and cotton blends -</li> <li>Softstyle features high stitch density fabric that offers a smooth printing surface, ideal for DTG</li> <li>Proud member of the US Cotton Trust Protocol (USCTP) and Better Cotton&#8482;</li> <li>Cotton products from Gildan support more sustainable + ethical cotton farming</li> <li>Soft ring spun fabric feels great against your skin</li> <li>Non-topstitched, narrow width, rib collar</li> <li>Taped neck and shoulders for comfort and durability</li> <li>Modern classic fit, tubular body</li> <li>High-performing black tear-away label</li> <li>Yarn Count 30/1</li> <li><b>Also available in ladies sizes code 64000L and childrens sizes 64000B</b></li>",1.85
37696,376891,64000,TSHIRT,T-SHIRTS,MSSTSH,MENS SHORT SLEEVE T-SHIRT,GILDAN,GILDAN,MS0092,38,Sand,13,S,Softstyle Adult T-Shirt,2.44,1,12,72,02-01-2026 8:57,C,https://myebrochure.co.uk/images/colours/gildan/gildan-38.jpg,https://myebrochure.co.uk/images/products/prod_15009_64000_184585.jpg,https://myebrochure.co.uk/images/products.small/prod_15009_64000_184585.jpg,https://myebrochure.co.uk/images/products.hires/prod_15009_64000_184585.jpg,https://myebrochure.co.uk/images/brands/gildan_25.png,https://myebrochure.co.uk/images/products.hires/prod_15009_64000_176882.jpg,,,,,,,,,,"<li>Made with our soft ring spun cotton and cotton blends -</li> <li>Softstyle features high stitch density fabric that offers a smooth printing surface, ideal for DTG</li> <li>Proud member of the US Cotton Trust Protocol (USCTP) and Better Cotton&#8482;</li> <li>Cotton products from Gildan support more sustainable + ethical cotton farming</li> <li>Soft ring spun fabric feels great against your skin</li> <li>Non-topstitched, narrow width, rib collar</li> <li>Taped neck and shoulders for comfort and durability</li> <li>Modern classic fit, tubular body</li> <li>High-performing black tear-away label</li> <li>Yarn Count 30/1</li> <li><b>Also available in ladies sizes code 64000L and childrens sizes 64000B</b></li>",1.87
37697,376907,64000,TSHIRT,T-SHIRTS,MSSTSH,MENS SHORT SLEEVE T-SHIRT,GILDAN,GILDAN,MS0092,38,Sand,13,M,Softstyle Adult T-Shirt,2.44,1,12,72,02-01-2026 8:57,C,https://myebrochure.co.uk/images/colours/gildan/gildan-38.jpg,https://myebrochure.co.uk/images/products/prod_15009_64000_184585.jpg,https://myebrochure.co.uk/images/products.small/prod_15009_64000_184585.jpg,https://myebrochure.co.uk/images/products.hires/prod_15009_64000_184585.jpg,https://myebrochure.co.uk/images/brands/gildan_25.png,https://myebrochure.co.uk/images/products.hires/prod_15009_64000_176882.jpg,,,,,,,,,,"<li>Made with our soft ring spun cotton and cotton blends -</li> <li>Softstyle features high stitch density fabric that offers a smooth printing surface, ideal for DTG</li> <li>Proud member of the US Cotton Trust Protocol (USCTP) and Better Cotton&#8482;</li> <li>Cotton products from Gildan support more sustainable + ethical cotton farming</li> <li>Soft ring spun fabric feels great against your skin</li> <li>Non-topstitched, narrow width, rib collar</li> <li>Taped neck and shoulders for comfort and durability</li> <li>Modern classic fit, tubular body</li> <li>High-performing black tear-away label</li> <li>Yarn Count 30/1</li> <li><b>Also available in ladies sizes code 64000L and childrens sizes 64000B</b></li>",1.87
37698,376914,64000,TSHIRT,T-SHIRTS,MSSTSH,MENS SHORT SLEEVE T-SHIRT,GILDAN,GILDAN,MS0092,38,Sand,13,L,Softstyle Adult T-Shirt,2.44,1,12,72,02-01-2026 8:57,C,https://myebrochure.co.uk/images/colours/gildan/gildan-38.jpg,https://myebrochure.co.uk/images/products/prod_15009_64000_184585.jpg,https://myebrochure.co.uk/images/products.small/prod_15009_64000_184585.jpg,https://myebrochure.co.uk/images/products.hires/prod_15009_64000_184585.jpg,https://myebrochure.co.uk/images/brands/gildan_25.png,https://myebrochure.co.uk/images/products.hires/prod_15009_64000_176882.jpg,,,,,,,,,,"<li>Made with our soft ring spun cotton and cotton blends -</li> <li>Softstyle features high stitch density fabric that offers a smooth printing surface, ideal for DTG</li> <li>Proud member of the US Cotton Trust Protocol (USCTP) and Better Cotton&#8482;</li> <li>Cotton products from Gildan support more sustainable + ethical cotton farming</li> <li>Soft ring spun fabric feels great against your skin</li> <li>Non-topstitched, narrow width, rib collar</li> <li>Taped neck and shoulders for comfort and durability</li> <li>Modern classic fit, tubular body</li> <li>High-performing black tear-away label</li> <li>Yarn Count 30/1</li> <li><b>Also available in ladies sizes code 64000L and childrens sizes 64000B</b></li>",1.87
37699,376921,64000,TSHIRT,T-SHIRTS,MSSTSH,MENS SHORT SLEEVE T-SHIRT,GILDAN,GILDAN,MS0092,38,Sand,13,XL,Softstyle Adult T-Shirt,2.44,1,12,72,02-01-2026 8:57,C,https://myebrochure.co.uk/images/colours/gildan/gildan-38.jpg,https://myebrochure.co.uk/images/products/prod_15009_64000_184585.jpg,https://myebrochure.co.uk/images/products.small/prod_15009_64000_184585.jpg,https://myebrochure.co.uk/images/products.hires/prod_15009_64000_184585.jpg,https://myebrochure.co.uk/images/brands/gildan_25.png,https://myebrochure.co.uk/images/products.hires/prod_15009_64000_176882.jpg,,,,,,,,,,"<li>Made with our soft ring spun cotton and cotton blends -</li> <li>Softstyle features high stitch density fabric that offers a smooth printing surface, ideal for DTG</li> <li>Proud member of the US Cotton Trust Protocol (USCTP) and Better Cotton&#8482;</li> <li>Cotton products from Gildan support more sustainable + ethical cotton farming</li> <li>Soft ring spun fabric feels great against your skin</li> <li>Non-topstitched, narrow width, rib collar</li> <li>Taped neck and shoulders for comfort and durability</li> <li>Modern classic fit, tubular body</li> <li>High-performing black tear-away label</li> <li>Yarn Count 30/1</li> <li><b>Also available in ladies sizes code 64000L and childrens sizes 64000B</b></li>",1.87
37700,376938,64000,TSHIRT,T-SHIRTS,MSSTSH,MENS SHORT SLEEVE T-SHIRT,GILDAN,GILDAN,MS0092,38,Sand,13,2XL,Softstyle Adult T-Shirt,2.44,1,12,72,02-01-2026 8:57,C,https://myebrochure.co.uk/images/colours/gildan/gildan-38.jpg,https://myebrochure.co.uk/images/products/prod_15009_64000_184585.jpg,https://myebrochure.co.uk/images/products.small/prod_15009_64000_184585.jpg,https://myebrochure.co.uk/images/products.hires/prod_15009_64000_184585.jpg,https://myebrochure.co.uk/images/brands/gildan_25.png,https://myebrochure.co.uk/images/products.hires/prod_15009_64000_176882.jpg,,,,,,,,,,"<li>Made with our soft ring spun cotton and cotton blends -</li> <li>Softstyle features high stitch density fabric that offers a smooth printing surface, ideal for DTG</li> <li>Proud member of the US Cotton Trust Protocol (USCTP) and Better Cotton&#8482;</li> <li>Cotton products from Gildan support more sustainable + ethical cotton farming</li> <li>Soft ring spun fabric feels great against your skin</li> <li>Non-topstitched, narrow width, rib collar</li> <li>Taped neck and shoulders for comfort and durability</li> <li>Modern classic fit, tubular body</li> <li>High-performing black tear-away label</li> <li>Yarn Count 30/1</li> <li><b>Also available in ladies sizes code 64000L and childrens sizes 64000B</b></li>",1.87
136615,1365368,64000,TSHIRT,T-SHIRTS,MSSTSH,MENS SHORT SLEEVE T-SHIRT,GILDAN,GILDAN,MS0092,38,Sand,13,3XL,Softstyle Adult T-Shirt,3.28,1,12,36,02-01-2026 8:57,C,https://myebrochure.co.uk/images/colours/gildan/gildan-38.jpg,https://myebrochure.co.uk/images/products/prod_15009_64000_184585.jpg,https://myebrochure.co.uk/images/products.small/prod_15009_64000_184585.jpg,https://myebrochure.co.uk/images/products.hires/prod_15009_64000_184585.jpg,https://myebrochure.co.uk/images/brands/gildan_25.png,https://myebrochure.co.uk/images/products.hires/prod_15009_64000_176882.jpg,,,,,,,,,,"<li>Made with our soft ring spun cotton and cotton blends -</li> <li>Softstyle features high stitch density fabric that offers a smooth printing surface, ideal for DTG</li> <li>Proud member of the US Cotton Trust Protocol (USCTP) and Better Cotton&#8482;</li> <li>Cotton products from Gildan support more sustainable + ethical cotton farming</li> <li>Soft ring spun fabric feels great against your skin</li> <li>Non-topstitched, narrow width, rib collar</li> <li>Taped neck and shoulders for comfort and durability</li> <li>Modern classic fit, tubular body</li> <li>High-performing black tear-away label</li> <li>Yarn Count 30/1</li> <li><b>Also available in ladies sizes code 64000L and childrens sizes 64000B</b></li>",2.51
178298,1782059,64000,TSHIRT,T-SHIRTS,MSSTSH,MENS SHORT SLEEVE T-SHIRT,GILDAN,GILDAN,MS0092,38,Sand,13,4XL,Softstyle Adult T-Shirt,3.28,1,6,12,02-01-2026 8:57,C,https://myebrochure.co.uk/images/colours/gildan/gildan-38.jpg,https://myebrochure.co.uk/images/products/prod_15009_64000_184585.jpg,https://myebrochure.co.uk/images/products.small/prod_15009_64000_184585.jpg,https://myebrochure.co.uk/images/products.hires/prod_15009_64000_184585.jpg,https://myebrochure.co.uk/images/brands/gildan_25.png,https://myebrochure.co.uk/images/products.hires/prod_15009_64000_176882.jpg,,,,,,,,,,"<li>Made with our soft ring spun cotton and cotton blends -</li> <li>Softstyle features high stitch density fabric that offers a smooth printing surface, ideal for DTG</li> <li>Proud member of the US Cotton Trust Protocol (USCTP) and Better Cotton&#8482;</li> <li>Cotton products from Gildan support more sustainable + ethical cotton farming</li> <li>Soft ring spun fabric feels great against your skin</li> <li>Non-topstitched, narrow width, rib collar</li> <li>Taped neck and shoulders for comfort and durability</li> <li>Modern classic fit, tubular body</li> <li>High-performing black tear-away label</li> <li>Yarn Count 30/1</li> <li><b>Also available in ladies sizes code 64000L and childrens sizes 64000B</b></li>",2.51
103128,1030877,64000,TSHIRT,T-SHIRTS,MSSTSH,MENS SHORT SLEEVE T-SHIRT,GILDAN,GILDAN,MS0092,26,Sapphire,13,S,Softstyle Adult T-Shirt,2.44,1,12,72,02-01-2026 8:57,C,https://myebrochure.co.uk/images/colours/gildan/gildan-26.jpg,https://myebrochure.co.uk/images/products/prod_15009_64000_184585.jpg,https://myebrochure.co.uk/images/products.small/prod_15009_64000_184585.jpg,https://myebrochure.co.uk/images/products.hires/prod_15009_64000_184585.jpg,https://myebrochure.co.uk/images/brands/gildan_25.png,https://myebrochure.co.uk/images/products.hires/prod_15009_64000_176877.jpg,,,,,,,,,,"<li>Made with our soft ring spun cotton and cotton blends -</li> <li>Softstyle features high stitch density fabric that offers a smooth printing surface, ideal for DTG</li> <li>Proud member of the US Cotton Trust Protocol (USCTP) and Better Cotton&#8482;</li> <li>Cotton products from Gildan support more sustainable + ethical cotton farming</li> <li>Soft ring spun fabric feels great against your skin</li> <li>Non-topstitched, narrow width, rib collar</li> <li>Taped neck and shoulders for comfort and durability</li> <li>Modern classic fit, tubular body</li> <li>High-performing black tear-away label</li> <li>Yarn Count 30/1</li> <li><b>Also available in ladies sizes code 64000L and childrens sizes 64000B</b></li>",1.87
103129,1030884,64000,TSHIRT,T-SHIRTS,MSSTSH,MENS SHORT SLEEVE T-SHIRT,GILDAN,GILDAN,MS0092,26,Sapphire,13,M,Softstyle Adult T-Shirt,2.44,1,12,72,02-01-2026 8:57,C,https://myebrochure.co.uk/images/colours/gildan/gildan-26.jpg,https://myebrochure.co.uk/images/products/prod_15009_64000_184585.jpg,https://myebrochure.co.uk/images/products.small/prod_15009_64000_184585.jpg,https://myebrochure.co.uk/images/products.hires/prod_15009_64000_184585.jpg,https://myebrochure.co.uk/images/brands/gildan_25.png,https://myebrochure.co.uk/images/products.hires/prod_15009_64000_176877.jpg,,,,,,,,,,"<li>Made with our soft ring spun cotton and cotton blends -</li> <li>Softstyle features high stitch density fabric that offers a smooth printing surface, ideal for DTG</li> <li>Proud member of the US Cotton Trust Protocol (USCTP) and Better Cotton&#8482;</li> <li>Cotton products from Gildan support more sustainable + ethical cotton farming</li> <li>Soft ring spun fabric feels great against your skin</li> <li>Non-topstitched, narrow width, rib collar</li> <li>Taped neck and shoulders for comfort and durability</li> <li>Modern classic fit, tubular body</li> <li>High-performing black tear-away label</li> <li>Yarn Count 30/1</li> <li><b>Also available in ladies sizes code 64000L and childrens sizes 64000B</b></li>",1.87
103130,1030891,64000,TSHIRT,T-SHIRTS,MSSTSH,MENS SHORT SLEEVE T-SHIRT,GILDAN,GILDAN,MS0092,26,Sapphire,13,L,Softstyle Adult T-Shirt,2.44,1,12,72,02-01-2026 8:57,C,https://myebrochure.co.uk/images/colours/gildan/gildan-26.jpg,https://myebrochure.co.uk/images/products/prod_15009_64000_184585.jpg,https://myebrochure.co.uk/images/products.small/prod_15009_64000_184585.jpg,https://myebrochure.co.uk/images/products.hires/prod_15009_64000_184585.jpg,https://myebrochure.co.uk/images/brands/gildan_25.png,https://myebrochure.co.uk/images/products.hires/prod_15009_64000_176877.jpg,,,,,,,,,,"<li>Made with our soft ring spun cotton and cotton blends -</li> <li>Softstyle features high stitch density fabric that offers a smooth printing surface, ideal for DTG</li> <li>Proud member of the US Cotton Trust Protocol (USCTP) and Better Cotton&#8482;</li> <li>Cotton products from Gildan support more sustainable + ethical cotton farming</li> <li>Soft ring spun fabric feels great against your skin</li> <li>Non-topstitched, narrow width, rib collar</li> <li>Taped neck and shoulders for comfort and durability</li> <li>Modern classic fit, tubular body</li> <li>High-performing black tear-away label</li> <li>Yarn Count 30/1</li> <li><b>Also available in ladies sizes code 64000L and childrens sizes 64000B</b></li>",1.87
103131,1030907,64000,TSHIRT,T-SHIRTS,MSSTSH,MENS SHORT SLEEVE T-SHIRT,GILDAN,GILDAN,MS0092,26,Sapphire,13,XL,Softstyle Adult T-Shirt,2.44,1,12,72,02-01-2026 8:57,C,https://myebrochure.co.uk/images/colours/gildan/gildan-26.jpg,https://myebrochure.co.uk/images/products/prod_15009_64000_184585.jpg,https://myebrochure.co.uk/images/products.small/prod_15009_64000_184585.jpg,https://myebrochure.co.uk/images/products.hires/prod_15009_64000_184585.jpg,https://myebrochure.co.uk/images/brands/gildan_25.png,https://myebrochure.co.uk/images/products.hires/prod_15009_64000_176877.jpg,,,,,,,,,,"<li>Made with our soft ring spun cotton and cotton blends -</li> <li>Softstyle features high stitch density fabric that offers a smooth printing surface, ideal for DTG</li> <li>Proud member of the US Cotton Trust Protocol (USCTP) and Better Cotton&#8482;</li> <li>Cotton products from Gildan support more sustainable + ethical cotton farming</li> <li>Soft ring spun fabric feels great against your skin</li> <li>Non-topstitched, narrow width, rib collar</li> <li>Taped neck and shoulders for comfort and durability</li> <li>Modern classic fit, tubular body</li> <li>High-performing black tear-away label</li> <li>Yarn Count 30/1</li> <li><b>Also available in ladies sizes code 64000L and childrens sizes 64000B</b></li>",1.87
103132,1030914,64000,TSHIRT,T-SHIRTS,MSSTSH,MENS SHORT SLEEVE T-SHIRT,GILDAN,GILDAN,MS0092,26,Sapphire,13,2XL,Softstyle Adult T-Shirt,2.44,1,12,72,02-01-2026 8:57,C,https://myebrochure.co.uk/images/colours/gildan/gildan-26.jpg,https://myebrochure.co.uk/images/products/prod_15009_64000_184585.jpg,https://myebrochure.co.uk/images/products.small/prod_15009_64000_184585.jpg,https://myebrochure.co.uk/images/products.hires/prod_15009_64000_184585.jpg,https://myebrochure.co.uk/images/brands/gildan_25.png,https://myebrochure.co.uk/images/products.hires/prod_15009_64000_176877.jpg,,,,,,,,,,"<li>Made with our soft ring spun cotton and cotton blends -</li> <li>Softstyle features high stitch density fabric that offers a smooth printing surface, ideal for DTG</li> <li>Proud member of the US Cotton Trust Protocol (USCTP) and Better Cotton&#8482;</li> <li>Cotton products from Gildan support more sustainable + ethical cotton farming</li> <li>Soft ring spun fabric feels great against your skin</li> <li>Non-topstitched, narrow width, rib collar</li> <li>Taped neck and shoulders for comfort and durability</li> <li>Modern classic fit, tubular body</li> <li>High-performing black tear-away label</li> <li>Yarn Count 30/1</li> <li><b>Also available in ladies sizes code 64000L and childrens sizes 64000B</b></li>",1.87
136612,1365337,64000,TSHIRT,T-SHIRTS,MSSTSH,MENS SHORT SLEEVE T-SHIRT,GILDAN,GILDAN,MS0092,26,Sapphire,13,3XL,Softstyle Adult T-Shirt,3.28,1,12,36,02-01-2026 8:57,C,https://myebrochure.co.uk/images/colours/gildan/gildan-26.jpg,https://myebrochure.co.uk/images/products/prod_15009_64000_184585.jpg,https://myebrochure.co.uk/images/products.small/prod_15009_64000_184585.jpg,https://myebrochure.co.uk/images/products.hires/prod_15009_64000_184585.jpg,https://myebrochure.co.uk/images/brands/gildan_25.png,https://myebrochure.co.uk/images/products.hires/prod_15009_64000_176877.jpg,,,,,,,,,,"<li>Made with our soft ring spun cotton and cotton blends -</li> <li>Softstyle features high stitch density fabric that offers a smooth printing surface, ideal for DTG</li> <li>Proud member of the US Cotton Trust Protocol (USCTP) and Better Cotton&#8482;</li> <li>Cotton products from Gildan support more sustainable + ethical cotton farming</li> <li>Soft ring spun fabric feels great against your skin</li> <li>Non-topstitched, narrow width, rib collar</li> <li>Taped neck and shoulders for comfort and durability</li> <li>Modern classic fit, tubular body</li> <li>High-performing black tear-away label</li> <li>Yarn Count 30/1</li> <li><b>Also available in ladies sizes code 64000L and childrens sizes 64000B</b></li>",2.51
178285,1781922,64000,TSHIRT,T-SHIRTS,MSSTSH,MENS SHORT SLEEVE T-SHIRT,GILDAN,GILDAN,MS0092,26,Sapphire,13,4XL,Softstyle Adult T-Shirt,3.28,1,6,12,02-01-2026 8:57,C,https://myebrochure.co.uk/images/colours/gildan/gildan-26.jpg,https://myebrochure.co.uk/images/products/prod_15009_64000_184585.jpg,https://myebrochure.co.uk/images/products.small/prod_15009_64000_184585.jpg,https://myebrochure.co.uk/images/products.hires/prod_15009_64000_184585.jpg,https://myebrochure.co.uk/images/brands/gildan_25.png,https://myebrochure.co.uk/images/products.hires/prod_15009_64000_176877.jpg,,,,,,,,,,"<li>Made with our soft ring spun cotton and cotton blends -</li> <li>Softstyle features high stitch density fabric that offers a smooth printing surface, ideal for DTG</li> <li>Proud member of the US Cotton Trust Protocol (USCTP) and Better Cotton&#8482;</li> <li>Cotton products from Gildan support more sustainable + ethical cotton farming</li> <li>Soft ring spun fabric feels great against your skin</li> <li>Non-topstitched, narrow width, rib collar</li> <li>Taped neck and shoulders for comfort and durability</li> <li>Modern classic fit, tubular body</li> <li>High-performing black tear-away label</li> <li>Yarn Count 30/1</li> <li><b>Also available in ladies sizes code 64000L and childrens sizes 64000B</b></li>",2.51
207965,2079554,64000,TSHIRT,T-SHIRTS,MSSTSH,MENS SHORT SLEEVE T-SHIRT,GILDAN,GILDAN,MS0092,187,Sky Blue,13,S,Softstyle Adult T-Shirt,2.44,1,12,72,02-01-2026 8:57,C,https://myebrochure.co.uk/images/colours/gildan/gildan-187.jpg,https://myebrochure.co.uk/images/products/prod_15009_64000_184585.jpg,https://myebrochure.co.uk/images/products.small/prod_15009_64000_184585.jpg,https://myebrochure.co.uk/images/products.hires/prod_15009_64000_184585.jpg,https://myebrochure.co.uk/images/brands/gildan_25.png,https://myebrochure.co.uk/images/products.hires/prod_15009_64000_176894.jpg,,,,,,,,,,"<li>Made with our soft ring spun cotton and cotton blends -</li> <li>Softstyle features high stitch density fabric that offers a smooth printing surface, ideal for DTG</li> <li>Proud member of the US Cotton Trust Protocol (USCTP) and Better Cotton&#8482;</li> <li>Cotton products from Gildan support more sustainable + ethical cotton farming</li> <li>Soft ring spun fabric feels great against your skin</li> <li>Non-topstitched, narrow width, rib collar</li> <li>Taped neck and shoulders for comfort and durability</li> <li>Modern classic fit, tubular body</li> <li>High-performing black tear-away label</li> <li>Yarn Count 30/1</li> <li><b>Also available in ladies sizes code 64000L and childrens sizes 64000B</b></li>",1.87
207966,2079561,64000,TSHIRT,T-SHIRTS,MSSTSH,MENS SHORT SLEEVE T-SHIRT,GILDAN,GILDAN,MS0092,187,Sky Blue,13,M,Softstyle Adult T-Shirt,2.44,1,12,72,02-01-2026 8:57,C,https://myebrochure.co.uk/images/colours/gildan/gildan-187.jpg,https://myebrochure.co.uk/images/products/prod_15009_64000_184585.jpg,https://myebrochure.co.uk/images/products.small/prod_15009_64000_184585.jpg,https://myebrochure.co.uk/images/products.hires/prod_15009_64000_184585.jpg,https://myebrochure.co.uk/images/brands/gildan_25.png,https://myebrochure.co.uk/images/products.hires/prod_15009_64000_176894.jpg,,,,,,,,,,"<li>Made with our soft ring spun cotton and cotton blends -</li> <li>Softstyle features high stitch density fabric that offers a smooth printing surface, ideal for DTG</li> <li>Proud member of the US Cotton Trust Protocol (USCTP) and Better Cotton&#8482;</li> <li>Cotton products from Gildan support more sustainable + ethical cotton farming</li> <li>Soft ring spun fabric feels great against your skin</li> <li>Non-topstitched, narrow width, rib collar</li> <li>Taped neck and shoulders for comfort and durability</li> <li>Modern classic fit, tubular body</li> <li>High-performing black tear-away label</li> <li>Yarn Count 30/1</li> <li><b>Also available in ladies sizes code 64000L and childrens sizes 64000B</b></li>",1.87
207967,2079578,64000,TSHIRT,T-SHIRTS,MSSTSH,MENS SHORT SLEEVE T-SHIRT,GILDAN,GILDAN,MS0092,187,Sky Blue,13,L,Softstyle Adult T-Shirt,2.44,1,12,72,02-01-2026 8:57,C,https://myebrochure.co.uk/images/colours/gildan/gildan-187.jpg,https://myebrochure.co.uk/images/products/prod_15009_64000_184585.jpg,https://myebrochure.co.uk/images/products.small/prod_15009_64000_184585.jpg,https://myebrochure.co.uk/images/products.hires/prod_15009_64000_184585.jpg,https://myebrochure.co.uk/images/brands/gildan_25.png,https://myebrochure.co.uk/images/products.hires/prod_15009_64000_176894.jpg,,,,,,,,,,"<li>Made with our soft ring spun cotton and cotton blends -</li> <li>Softstyle features high stitch density fabric that offers a smooth printing surface, ideal for DTG</li> <li>Proud member of the US Cotton Trust Protocol (USCTP) and Better Cotton&#8482;</li> <li>Cotton products from Gildan support more sustainable + ethical cotton farming</li> <li>Soft ring spun fabric feels great against your skin</li> <li>Non-topstitched, narrow width, rib collar</li> <li>Taped neck and shoulders for comfort and durability</li> <li>Modern classic fit, tubular body</li> <li>High-performing black tear-away label</li> <li>Yarn Count 30/1</li> <li><b>Also available in ladies sizes code 64000L and childrens sizes 64000B</b></li>",1.87
207968,2079585,64000,TSHIRT,T-SHIRTS,MSSTSH,MENS SHORT SLEEVE T-SHIRT,GILDAN,GILDAN,MS0092,187,Sky Blue,13,XL,Softstyle Adult T-Shirt,2.44,1,12,72,02-01-2026 8:57,C,https://myebrochure.co.uk/images/colours/gildan/gildan-187.jpg,https://myebrochure.co.uk/images/products/prod_15009_64000_184585.jpg,https://myebrochure.co.uk/images/products.small/prod_15009_64000_184585.jpg,https://myebrochure.co.uk/images/products.hires/prod_15009_64000_184585.jpg,https://myebrochure.co.uk/images/brands/gildan_25.png,https://myebrochure.co.uk/images/products.hires/prod_15009_64000_176894.jpg,,,,,,,,,,"<li>Made with our soft ring spun cotton and cotton blends -</li> <li>Softstyle features high stitch density fabric that offers a smooth printing surface, ideal for DTG</li> <li>Proud member of the US Cotton Trust Protocol (USCTP) and Better Cotton&#8482;</li> <li>Cotton products from Gildan support more sustainable + ethical cotton farming</li> <li>Soft ring spun fabric feels great against your skin</li> <li>Non-topstitched, narrow width, rib collar</li> <li>Taped neck and shoulders for comfort and durability</li> <li>Modern classic fit, tubular body</li> <li>High-performing black tear-away label</li> <li>Yarn Count 30/1</li> <li><b>Also available in ladies sizes code 64000L and childrens sizes 64000B</b></li>",1.87
207969,2079592,64000,TSHIRT,T-SHIRTS,MSSTSH,MENS SHORT SLEEVE T-SHIRT,GILDAN,GILDAN,MS0092,187,Sky Blue,13,2XL,Softstyle Adult T-Shirt,2.44,1,12,72,02-01-2026 8:57,C,https://myebrochure.co.uk/images/colours/gildan/gildan-187.jpg,https://myebrochure.co.uk/images/products/prod_15009_64000_184585.jpg,https://myebrochure.co.uk/images/products.small/prod_15009_64000_184585.jpg,https://myebrochure.co.uk/images/products.hires/prod_15009_64000_184585.jpg,https://myebrochure.co.uk/images/brands/gildan_25.png,https://myebrochure.co.uk/images/products.hires/prod_15009_64000_176894.jpg,,,,,,,,,,"<li>Made with our soft ring spun cotton and cotton blends -</li> <li>Softstyle features high stitch density fabric that offers a smooth printing surface, ideal for DTG</li> <li>Proud member of the US Cotton Trust Protocol (USCTP) and Better Cotton&#8482;</li> <li>Cotton products from Gildan support more sustainable + ethical cotton farming</li> <li>Soft ring spun fabric feels great against your skin</li> <li>Non-topstitched, narrow width, rib collar</li> <li>Taped neck and shoulders for comfort and durability</li> <li>Modern classic fit, tubular body</li> <li>High-performing black tear-away label</li> <li>Yarn Count 30/1</li> <li><b>Also available in ladies sizes code 64000L and childrens sizes 64000B</b></li>",1.87
207970,2079608,64000,TSHIRT,T-SHIRTS,MSSTSH,MENS SHORT SLEEVE T-SHIRT,GILDAN,GILDAN,MS0092,187,Sky Blue,13,3XL,Softstyle Adult T-Shirt,3.28,1,12,36,02-01-2026 8:57,C,https://myebrochure.co.uk/images/colours/gildan/gildan-187.jpg,https://myebrochure.co.uk/images/products/prod_15009_64000_184585.jpg,https://myebrochure.co.uk/images/products.small/prod_15009_64000_184585.jpg,https://myebrochure.co.uk/images/products.hires/prod_15009_64000_184585.jpg,https://myebrochure.co.uk/images/brands/gildan_25.png,https://myebrochure.co.uk/images/products.hires/prod_15009_64000_176894.jpg,,,,,,,,,,"<li>Made with our soft ring spun cotton and cotton blends -</li> <li>Softstyle features high stitch density fabric that offers a smooth printing surface, ideal for DTG</li> <li>Proud member of the US Cotton Trust Protocol (USCTP) and Better Cotton&#8482;</li> <li>Cotton products from Gildan support more sustainable + ethical cotton farming</li> <li>Soft ring spun fabric feels great against your skin</li> <li>Non-topstitched, narrow width, rib collar</li> <li>Taped neck and shoulders for comfort and durability</li> <li>Modern classic fit, tubular body</li> <li>High-performing black tear-away label</li> <li>Yarn Count 30/1</li> <li><b>Also available in ladies sizes code 64000L and childrens sizes 64000B</b></li>",2.51
235912,2359137,64000,TSHIRT,T-SHIRTS,MSSTSH,MENS SHORT SLEEVE T-SHIRT,GILDAN,GILDAN,MS0092,295,Sport Grey (RS),13,XS,Softstyle Adult T-Shirt,2.42,1,12,72,02-01-2026 8:57,C,https://myebrochure.co.uk/images/colours/gildan/gildan-295.jpg,https://myebrochure.co.uk/images/products/prod_15009_64000_184585.jpg,https://myebrochure.co.uk/images/products.small/prod_15009_64000_184585.jpg,https://myebrochure.co.uk/images/products.hires/prod_15009_64000_184585.jpg,https://myebrochure.co.uk/images/brands/gildan_25.png,https://myebrochure.co.uk/images/products.hires/prod_15009_64000_176892.jpg,,,,,,,,,,"<li>Made with our soft ring spun cotton and cotton blends -</li> <li>Softstyle features high stitch density fabric that offers a smooth printing surface, ideal for DTG</li> <li>Proud member of the US Cotton Trust Protocol (USCTP) and Better Cotton&#8482;</li> <li>Cotton products from Gildan support more sustainable + ethical cotton farming</li> <li>Soft ring spun fabric feels great against your skin</li> <li>Non-topstitched, narrow width, rib collar</li> <li>Taped neck and shoulders for comfort and durability</li> <li>Modern classic fit, tubular body</li> <li>High-performing black tear-away label</li> <li>Yarn Count 30/1</li> <li><b>Also available in ladies sizes code 64000L and childrens sizes 64000B</b></li>",1.85
48405,483735,64000,TSHIRT,T-SHIRTS,MSSTSH,MENS SHORT SLEEVE T-SHIRT,GILDAN,GILDAN,MS0092,295,Sport Grey (RS),13,S,Softstyle Adult T-Shirt,2.44,1,12,72,02-01-2026 8:57,C,https://myebrochure.co.uk/images/colours/gildan/gildan-295.jpg,https://myebrochure.co.uk/images/products/prod_15009_64000_184585.jpg,https://myebrochure.co.uk/images/products.small/prod_15009_64000_184585.jpg,https://myebrochure.co.uk/images/products.hires/prod_15009_64000_184585.jpg,https://myebrochure.co.uk/images/brands/gildan_25.png,https://myebrochure.co.uk/images/products.hires/prod_15009_64000_176892.jpg,,,,,,,,,,"<li>Made with our soft ring spun cotton and cotton blends -</li> <li>Softstyle features high stitch density fabric that offers a smooth printing surface, ideal for DTG</li> <li>Proud member of the US Cotton Trust Protocol (USCTP) and Better Cotton&#8482;</li> <li>Cotton products from Gildan support more sustainable + ethical cotton farming</li> <li>Soft ring spun fabric feels great against your skin</li> <li>Non-topstitched, narrow width, rib collar</li> <li>Taped neck and shoulders for comfort and durability</li> <li>Modern classic fit, tubular body</li> <li>High-performing black tear-away label</li> <li>Yarn Count 30/1</li> <li><b>Also available in ladies sizes code 64000L and childrens sizes 64000B</b></li>",1.87
48406,483742,64000,TSHIRT,T-SHIRTS,MSSTSH,MENS SHORT SLEEVE T-SHIRT,GILDAN,GILDAN,MS0092,295,Sport Grey (RS),13,M,Softstyle Adult T-Shirt,2.44,1,12,72,02-01-2026 8:57,C,https://myebrochure.co.uk/images/colours/gildan/gildan-295.jpg,https://myebrochure.co.uk/images/products/prod_15009_64000_184585.jpg,https://myebrochure.co.uk/images/products.small/prod_15009_64000_184585.jpg,https://myebrochure.co.uk/images/products.hires/prod_15009_64000_184585.jpg,https://myebrochure.co.uk/images/brands/gildan_25.png,https://myebrochure.co.uk/images/products.hires/prod_15009_64000_176892.jpg,,,,,,,,,,"<li>Made with our soft ring spun cotton and cotton blends -</li> <li>Softstyle features high stitch density fabric that offers a smooth printing surface, ideal for DTG</li> <li>Proud member of the US Cotton Trust Protocol (USCTP) and Better Cotton&#8482;</li> <li>Cotton products from Gildan support more sustainable + ethical cotton farming</li> <li>Soft ring spun fabric feels great against your skin</li> <li>Non-topstitched, narrow width, rib collar</li> <li>Taped neck and shoulders for comfort and durability</li> <li>Modern classic fit, tubular body</li> <li>High-performing black tear-away label</li> <li>Yarn Count 30/1</li> <li><b>Also available in ladies sizes code 64000L and childrens sizes 64000B</b></li>",1.87
48407,483759,64000,TSHIRT,T-SHIRTS,MSSTSH,MENS SHORT SLEEVE T-SHIRT,GILDAN,GILDAN,MS0092,295,Sport Grey (RS),13,L,Softstyle Adult T-Shirt,2.44,1,12,72,02-01-2026 8:57,C,https://myebrochure.co.uk/images/colours/gildan/gildan-295.jpg,https://myebrochure.co.uk/images/products/prod_15009_64000_184585.jpg,https://myebrochure.co.uk/images/products.small/prod_15009_64000_184585.jpg,https://myebrochure.co.uk/images/products.hires/prod_15009_64000_184585.jpg,https://myebrochure.co.uk/images/brands/gildan_25.png,https://myebrochure.co.uk/images/products.hires/prod_15009_64000_176892.jpg,,,,,,,,,,"<li>Made with our soft ring spun cotton and cotton blends -</li> <li>Softstyle features high stitch density fabric that offers a smooth printing surface, ideal for DTG</li> <li>Proud member of the US Cotton Trust Protocol (USCTP) and Better Cotton&#8482;</li> <li>Cotton products from Gildan support more sustainable + ethical cotton farming</li> <li>Soft ring spun fabric feels great against your skin</li> <li>Non-topstitched, narrow width, rib collar</li> <li>Taped neck and shoulders for comfort and durability</li> <li>Modern classic fit, tubular body</li> <li>High-performing black tear-away label</li> <li>Yarn Count 30/1</li> <li><b>Also available in ladies sizes code 64000L and childrens sizes 64000B</b></li>",1.87
48408,483766,64000,TSHIRT,T-SHIRTS,MSSTSH,MENS SHORT SLEEVE T-SHIRT,GILDAN,GILDAN,MS0092,295,Sport Grey (RS),13,XL,Softstyle Adult T-Shirt,2.44,1,12,72,02-01-2026 8:57,C,https://myebrochure.co.uk/images/colours/gildan/gildan-295.jpg,https://myebrochure.co.uk/images/products/prod_15009_64000_184585.jpg,https://myebrochure.co.uk/images/products.small/prod_15009_64000_184585.jpg,https://myebrochure.co.uk/images/products.hires/prod_15009_64000_184585.jpg,https://myebrochure.co.uk/images/brands/gildan_25.png,https://myebrochure.co.uk/images/products.hires/prod_15009_64000_176892.jpg,,,,,,,,,,"<li>Made with our soft ring spun cotton and cotton blends -</li> <li>Softstyle features high stitch density fabric that offers a smooth printing surface, ideal for DTG</li> <li>Proud member of the US Cotton Trust Protocol (USCTP) and Better Cotton&#8482;</li> <li>Cotton products from Gildan support more sustainable + ethical cotton farming</li> <li>Soft ring spun fabric feels great against your skin</li> <li>Non-topstitched, narrow width, rib collar</li> <li>Taped neck and shoulders for comfort and durability</li> <li>Modern classic fit, tubular body</li> <li>High-performing black tear-away label</li> <li>Yarn Count 30/1</li> <li><b>Also available in ladies sizes code 64000L and childrens sizes 64000B</b></li>",1.87
48409,483773,64000,TSHIRT,T-SHIRTS,MSSTSH,MENS SHORT SLEEVE T-SHIRT,GILDAN,GILDAN,MS0092,295,Sport Grey (RS),13,2XL,Softstyle Adult T-Shirt,2.44,1,12,72,02-01-2026 8:57,C,https://myebrochure.co.uk/images/colours/gildan/gildan-295.jpg,https://myebrochure.co.uk/images/products/prod_15009_64000_184585.jpg,https://myebrochure.co.uk/images/products.small/prod_15009_64000_184585.jpg,https://myebrochure.co.uk/images/products.hires/prod_15009_64000_184585.jpg,https://myebrochure.co.uk/images/brands/gildan_25.png,https://myebrochure.co.uk/images/products.hires/prod_15009_64000_176892.jpg,,,,,,,,,,"<li>Made with our soft ring spun cotton and cotton blends -</li> <li>Softstyle features high stitch density fabric that offers a smooth printing surface, ideal for DTG</li> <li>Proud member of the US Cotton Trust Protocol (USCTP) and Better Cotton&#8482;</li> <li>Cotton products from Gildan support more sustainable + ethical cotton farming</li> <li>Soft ring spun fabric feels great against your skin</li> <li>Non-topstitched, narrow width, rib collar</li> <li>Taped neck and shoulders for comfort and durability</li> <li>Modern classic fit, tubular body</li> <li>High-performing black tear-away label</li> <li>Yarn Count 30/1</li> <li><b>Also available in ladies sizes code 64000L and childrens sizes 64000B</b></li>",1.87
131343,1313147,64000,TSHIRT,T-SHIRTS,MSSTSH,MENS SHORT SLEEVE T-SHIRT,GILDAN,GILDAN,MS0092,295,Sport Grey (RS),13,3XL,Softstyle Adult T-Shirt,3.28,1,12,36,02-01-2026 8:57,C,https://myebrochure.co.uk/images/colours/gildan/gildan-295.jpg,https://myebrochure.co.uk/images/products/prod_15009_64000_184585.jpg,https://myebrochure.co.uk/images/products.small/prod_15009_64000_184585.jpg,https://myebrochure.co.uk/images/products.hires/prod_15009_64000_184585.jpg,https://myebrochure.co.uk/images/brands/gildan_25.png,https://myebrochure.co.uk/images/products.hires/prod_15009_64000_176892.jpg,,,,,,,,,,"<li>Made with our soft ring spun cotton and cotton blends -</li> <li>Softstyle features high stitch density fabric that offers a smooth printing surface, ideal for DTG</li> <li>Proud member of the US Cotton Trust Protocol (USCTP) and Better Cotton&#8482;</li> <li>Cotton products from Gildan support more sustainable + ethical cotton farming</li> <li>Soft ring spun fabric feels great against your skin</li> <li>Non-topstitched, narrow width, rib collar</li> <li>Taped neck and shoulders for comfort and durability</li> <li>Modern classic fit, tubular body</li> <li>High-performing black tear-away label</li> <li>Yarn Count 30/1</li> <li><b>Also available in ladies sizes code 64000L and childrens sizes 64000B</b></li>",2.51
178291,1781984,64000,TSHIRT,T-SHIRTS,MSSTSH,MENS SHORT SLEEVE T-SHIRT,GILDAN,GILDAN,MS0092,295,Sport Grey (RS),13,4XL,Softstyle Adult T-Shirt,3.28,1,6,12,02-01-2026 8:57,C,https://myebrochure.co.uk/images/colours/gildan/gildan-295.jpg,https://myebrochure.co.uk/images/products/prod_15009_64000_184585.jpg,https://myebrochure.co.uk/images/products.small/prod_15009_64000_184585.jpg,https://myebrochure.co.uk/images/products.hires/prod_15009_64000_184585.jpg,https://myebrochure.co.uk/images/brands/gildan_25.png,https://myebrochure.co.uk/images/products.hires/prod_15009_64000_176892.jpg,,,,,,,,,,"<li>Made with our soft ring spun cotton and cotton blends -</li> <li>Softstyle features high stitch density fabric that offers a smooth printing surface, ideal for DTG</li> <li>Proud member of the US Cotton Trust Protocol (USCTP) and Better Cotton&#8482;</li> <li>Cotton products from Gildan support more sustainable + ethical cotton farming</li> <li>Soft ring spun fabric feels great against your skin</li> <li>Non-topstitched, narrow width, rib collar</li> <li>Taped neck and shoulders for comfort and durability</li> <li>Modern classic fit, tubular body</li> <li>High-performing black tear-away label</li> <li>Yarn Count 30/1</li> <li><b>Also available in ladies sizes code 64000L and childrens sizes 64000B</b></li>",2.51
196997,1969795,64000,TSHIRT,T-SHIRTS,MSSTSH,MENS SHORT SLEEVE T-SHIRT,GILDAN,GILDAN,MS0092,295,Sport Grey (RS),13,5XL,Softstyle Adult T-Shirt,3.28,1,6,12,02-01-2026 8:57,C,https://myebrochure.co.uk/images/colours/gildan/gildan-295.jpg,https://myebrochure.co.uk/images/products/prod_15009_64000_184585.jpg,https://myebrochure.co.uk/images/products.small/prod_15009_64000_184585.jpg,https://myebrochure.co.uk/images/products.hires/prod_15009_64000_184585.jpg,https://myebrochure.co.uk/images/brands/gildan_25.png,https://myebrochure.co.uk/images/products.hires/prod_15009_64000_176892.jpg,,,,,,,,,,"<li>Made with our soft ring spun cotton and cotton blends -</li> <li>Softstyle features high stitch density fabric that offers a smooth printing surface, ideal for DTG</li> <li>Proud member of the US Cotton Trust Protocol (USCTP) and Better Cotton&#8482;</li> <li>Cotton products from Gildan support more sustainable + ethical cotton farming</li> <li>Soft ring spun fabric feels great against your skin</li> <li>Non-topstitched, narrow width, rib collar</li> <li>Taped neck and shoulders for comfort and durability</li> <li>Modern classic fit, tubular body</li> <li>High-performing black tear-away label</li> <li>Yarn Count 30/1</li> <li><b>Also available in ladies sizes code 64000L and childrens sizes 64000B</b></li>",2.51
207973,2079639,64000,TSHIRT,T-SHIRTS,MSSTSH,MENS SHORT SLEEVE T-SHIRT,GILDAN,GILDAN,MS0092,9,Stone Blue,13,S,Softstyle Adult T-Shirt,2.44,1,12,72,02-01-2026 8:57,C,https://myebrochure.co.uk/images/colours/gildan/gildan-09.jpg,https://myebrochure.co.uk/images/products/prod_15009_64000_184585.jpg,https://myebrochure.co.uk/images/products.small/prod_15009_64000_184585.jpg,https://myebrochure.co.uk/images/products.hires/prod_15009_64000_184585.jpg,https://myebrochure.co.uk/images/brands/gildan_25.png,https://myebrochure.co.uk/images/products.hires/prod_15009_64000_176860.jpg,,,,,,,,,,"<li>Made with our soft ring spun cotton and cotton blends -</li> <li>Softstyle features high stitch density fabric that offers a smooth printing surface, ideal for DTG</li> <li>Proud member of the US Cotton Trust Protocol (USCTP) and Better Cotton&#8482;</li> <li>Cotton products from Gildan support more sustainable + ethical cotton farming</li> <li>Soft ring spun fabric feels great against your skin</li> <li>Non-topstitched, narrow width, rib collar</li> <li>Taped neck and shoulders for comfort and durability</li> <li>Modern classic fit, tubular body</li> <li>High-performing black tear-away label</li> <li>Yarn Count 30/1</li> <li><b>Also available in ladies sizes code 64000L and childrens sizes 64000B</b></li>",1.87
207974,2079646,64000,TSHIRT,T-SHIRTS,MSSTSH,MENS SHORT SLEEVE T-SHIRT,GILDAN,GILDAN,MS0092,9,Stone Blue,13,M,Softstyle Adult T-Shirt,2.44,1,12,72,02-01-2026 8:57,C,https://myebrochure.co.uk/images/colours/gildan/gildan-09.jpg,https://myebrochure.co.uk/images/products/prod_15009_64000_184585.jpg,https://myebrochure.co.uk/images/products.small/prod_15009_64000_184585.jpg,https://myebrochure.co.uk/images/products.hires/prod_15009_64000_184585.jpg,https://myebrochure.co.uk/images/brands/gildan_25.png,https://myebrochure.co.uk/images/products.hires/prod_15009_64000_176860.jpg,,,,,,,,,,"<li>Made with our soft ring spun cotton and cotton blends -</li> <li>Softstyle features high stitch density fabric that offers a smooth printing surface, ideal for DTG</li> <li>Proud member of the US Cotton Trust Protocol (USCTP) and Better Cotton&#8482;</li> <li>Cotton products from Gildan support more sustainable + ethical cotton farming</li> <li>Soft ring spun fabric feels great against your skin</li> <li>Non-topstitched, narrow width, rib collar</li> <li>Taped neck and shoulders for comfort and durability</li> <li>Modern classic fit, tubular body</li> <li>High-performing black tear-away label</li> <li>Yarn Count 30/1</li> <li><b>Also available in ladies sizes code 64000L and childrens sizes 64000B</b></li>",1.87
207975,2079653,64000,TSHIRT,T-SHIRTS,MSSTSH,MENS SHORT SLEEVE T-SHIRT,GILDAN,GILDAN,MS0092,9,Stone Blue,13,L,Softstyle Adult T-Shirt,2.44,1,12,72,02-01-2026 8:57,C,https://myebrochure.co.uk/images/colours/gildan/gildan-09.jpg,https://myebrochure.co.uk/images/products/prod_15009_64000_184585.jpg,https://myebrochure.co.uk/images/products.small/prod_15009_64000_184585.jpg,https://myebrochure.co.uk/images/products.hires/prod_15009_64000_184585.jpg,https://myebrochure.co.uk/images/brands/gildan_25.png,https://myebrochure.co.uk/images/products.hires/prod_15009_64000_176860.jpg,,,,,,,,,,"<li>Made with our soft ring spun cotton and cotton blends -</li> <li>Softstyle features high stitch density fabric that offers a smooth printing surface, ideal for DTG</li> <li>Proud member of the US Cotton Trust Protocol (USCTP) and Better Cotton&#8482;</li> <li>Cotton products from Gildan support more sustainable + ethical cotton farming</li> <li>Soft ring spun fabric feels great against your skin</li> <li>Non-topstitched, narrow width, rib collar</li> <li>Taped neck and shoulders for comfort and durability</li> <li>Modern classic fit, tubular body</li> <li>High-performing black tear-away label</li> <li>Yarn Count 30/1</li> <li><b>Also available in ladies sizes code 64000L and childrens sizes 64000B</b></li>",1.87
207976,2079660,64000,TSHIRT,T-SHIRTS,MSSTSH,MENS SHORT SLEEVE T-SHIRT,GILDAN,GILDAN,MS0092,9,Stone Blue,13,XL,Softstyle Adult T-Shirt,2.44,1,12,72,02-01-2026 8:57,C,https://myebrochure.co.uk/images/colours/gildan/gildan-09.jpg,https://myebrochure.co.uk/images/products/prod_15009_64000_184585.jpg,https://myebrochure.co.uk/images/products.small/prod_15009_64000_184585.jpg,https://myebrochure.co.uk/images/products.hires/prod_15009_64000_184585.jpg,https://myebrochure.co.uk/images/brands/gildan_25.png,https://myebrochure.co.uk/images/products.hires/prod_15009_64000_176860.jpg,,,,,,,,,,"<li>Made with our soft ring spun cotton and cotton blends -</li> <li>Softstyle features high stitch density fabric that offers a smooth printing surface, ideal for DTG</li> <li>Proud member of the US Cotton Trust Protocol (USCTP) and Better Cotton&#8482;</li> <li>Cotton products from Gildan support more sustainable + ethical cotton farming</li> <li>Soft ring spun fabric feels great against your skin</li> <li>Non-topstitched, narrow width, rib collar</li> <li>Taped neck and shoulders for comfort and durability</li> <li>Modern classic fit, tubular body</li> <li>High-performing black tear-away label</li> <li>Yarn Count 30/1</li> <li><b>Also available in ladies sizes code 64000L and childrens sizes 64000B</b></li>",1.87
207977,2079677,64000,TSHIRT,T-SHIRTS,MSSTSH,MENS SHORT SLEEVE T-SHIRT,GILDAN,GILDAN,MS0092,9,Stone Blue,13,2XL,Softstyle Adult T-Shirt,2.44,1,12,72,02-01-2026 8:57,C,https://myebrochure.co.uk/images/colours/gildan/gildan-09.jpg,https://myebrochure.co.uk/images/products/prod_15009_64000_184585.jpg,https://myebrochure.co.uk/images/products.small/prod_15009_64000_184585.jpg,https://myebrochure.co.uk/images/products.hires/prod_15009_64000_184585.jpg,https://myebrochure.co.uk/images/brands/gildan_25.png,https://myebrochure.co.uk/images/products.hires/prod_15009_64000_176860.jpg,,,,,,,,,,"<li>Made with our soft ring spun cotton and cotton blends -</li> <li>Softstyle features high stitch density fabric that offers a smooth printing surface, ideal for DTG</li> <li>Proud member of the US Cotton Trust Protocol (USCTP) and Better Cotton&#8482;</li> <li>Cotton products from Gildan support more sustainable + ethical cotton farming</li> <li>Soft ring spun fabric feels great against your skin</li> <li>Non-topstitched, narrow width, rib collar</li> <li>Taped neck and shoulders for comfort and durability</li> <li>Modern classic fit, tubular body</li> <li>High-performing black tear-away label</li> <li>Yarn Count 30/1</li> <li><b>Also available in ladies sizes code 64000L and childrens sizes 64000B</b></li>",1.87
207978,2079684,64000,TSHIRT,T-SHIRTS,MSSTSH,MENS SHORT SLEEVE T-SHIRT,GILDAN,GILDAN,MS0092,9,Stone Blue,13,3XL,Softstyle Adult T-Shirt,3.28,1,12,36,02-01-2026 8:57,C,https://myebrochure.co.uk/images/colours/gildan/gildan-09.jpg,https://myebrochure.co.uk/images/products/prod_15009_64000_184585.jpg,https://myebrochure.co.uk/images/products.small/prod_15009_64000_184585.jpg,https://myebrochure.co.uk/images/products.hires/prod_15009_64000_184585.jpg,https://myebrochure.co.uk/images/brands/gildan_25.png,https://myebrochure.co.uk/images/products.hires/prod_15009_64000_176860.jpg,,,,,,,,,,"<li>Made with our soft ring spun cotton and cotton blends -</li> <li>Softstyle features high stitch density fabric that offers a smooth printing surface, ideal for DTG</li> <li>Proud member of the US Cotton Trust Protocol (USCTP) and Better Cotton&#8482;</li> <li>Cotton products from Gildan support more sustainable + ethical cotton farming</li> <li>Soft ring spun fabric feels great against your skin</li> <li>Non-topstitched, narrow width, rib collar</li> <li>Taped neck and shoulders for comfort and durability</li> <li>Modern classic fit, tubular body</li> <li>High-performing black tear-away label</li> <li>Yarn Count 30/1</li> <li><b>Also available in ladies sizes code 64000L and childrens sizes 64000B</b></li>",2.51
146238,1461428,64000,TSHIRT,T-SHIRTS,MSSTSH,MENS SHORT SLEEVE T-SHIRT,GILDAN,GILDAN,MS0092,280,Tropical Blue,13,S,Softstyle Adult T-Shirt,2.44,1,12,72,02-01-2026 8:57,C,https://myebrochure.co.uk/images/colours/gildan/gildan-280.jpg,https://myebrochure.co.uk/images/products/prod_15009_64000_184585.jpg,https://myebrochure.co.uk/images/products.small/prod_15009_64000_184585.jpg,https://myebrochure.co.uk/images/products.hires/prod_15009_64000_184585.jpg,https://myebrochure.co.uk/images/brands/gildan_25.png,https://myebrochure.co.uk/images/products.hires/prod_15009_64000_176888.jpg,,,,,,,,,,"<li>Made with our soft ring spun cotton and cotton blends -</li> <li>Softstyle features high stitch density fabric that offers a smooth printing surface, ideal for DTG</li> <li>Proud member of the US Cotton Trust Protocol (USCTP) and Better Cotton&#8482;</li> <li>Cotton products from Gildan support more sustainable + ethical cotton farming</li> <li>Soft ring spun fabric feels great against your skin</li> <li>Non-topstitched, narrow width, rib collar</li> <li>Taped neck and shoulders for comfort and durability</li> <li>Modern classic fit, tubular body</li> <li>High-performing black tear-away label</li> <li>Yarn Count 30/1</li> <li><b>Also available in ladies sizes code 64000L and childrens sizes 64000B</b></li>",1.87
146239,1461435,64000,TSHIRT,T-SHIRTS,MSSTSH,MENS SHORT SLEEVE T-SHIRT,GILDAN,GILDAN,MS0092,280,Tropical Blue,13,M,Softstyle Adult T-Shirt,2.44,1,12,72,02-01-2026 8:57,C,https://myebrochure.co.uk/images/colours/gildan/gildan-280.jpg,https://myebrochure.co.uk/images/products/prod_15009_64000_184585.jpg,https://myebrochure.co.uk/images/products.small/prod_15009_64000_184585.jpg,https://myebrochure.co.uk/images/products.hires/prod_15009_64000_184585.jpg,https://myebrochure.co.uk/images/brands/gildan_25.png,https://myebrochure.co.uk/images/products.hires/prod_15009_64000_176888.jpg,,,,,,,,,,"<li>Made with our soft ring spun cotton and cotton blends -</li> <li>Softstyle features high stitch density fabric that offers a smooth printing surface, ideal for DTG</li> <li>Proud member of the US Cotton Trust Protocol (USCTP) and Better Cotton&#8482;</li> <li>Cotton products from Gildan support more sustainable + ethical cotton farming</li> <li>Soft ring spun fabric feels great against your skin</li> <li>Non-topstitched, narrow width, rib collar</li> <li>Taped neck and shoulders for comfort and durability</li> <li>Modern classic fit, tubular body</li> <li>High-performing black tear-away label</li> <li>Yarn Count 30/1</li> <li><b>Also available in ladies sizes code 64000L and childrens sizes 64000B</b></li>",1.87
146240,1461442,64000,TSHIRT,T-SHIRTS,MSSTSH,MENS SHORT SLEEVE T-SHIRT,GILDAN,GILDAN,MS0092,280,Tropical Blue,13,L,Softstyle Adult T-Shirt,2.44,1,12,72,02-01-2026 8:57,C,https://myebrochure.co.uk/images/colours/gildan/gildan-280.jpg,https://myebrochure.co.uk/images/products/prod_15009_64000_184585.jpg,https://myebrochure.co.uk/images/products.small/prod_15009_64000_184585.jpg,https://myebrochure.co.uk/images/products.hires/prod_15009_64000_184585.jpg,https://myebrochure.co.uk/images/brands/gildan_25.png,https://myebrochure.co.uk/images/products.hires/prod_15009_64000_176888.jpg,,,,,,,,,,"<li>Made with our soft ring spun cotton and cotton blends -</li> <li>Softstyle features high stitch density fabric that offers a smooth printing surface, ideal for DTG</li> <li>Proud member of the US Cotton Trust Protocol (USCTP) and Better Cotton&#8482;</li> <li>Cotton products from Gildan support more sustainable + ethical cotton farming</li> <li>Soft ring spun fabric feels great against your skin</li> <li>Non-topstitched, narrow width, rib collar</li> <li>Taped neck and shoulders for comfort and durability</li> <li>Modern classic fit, tubular body</li> <li>High-performing black tear-away label</li> <li>Yarn Count 30/1</li> <li><b>Also available in ladies sizes code 64000L and childrens sizes 64000B</b></li>",1.87
146241,1461459,64000,TSHIRT,T-SHIRTS,MSSTSH,MENS SHORT SLEEVE T-SHIRT,GILDAN,GILDAN,MS0092,280,Tropical Blue,13,XL,Softstyle Adult T-Shirt,2.44,1,12,72,02-01-2026 8:57,C,https://myebrochure.co.uk/images/colours/gildan/gildan-280.jpg,https://myebrochure.co.uk/images/products/prod_15009_64000_184585.jpg,https://myebrochure.co.uk/images/products.small/prod_15009_64000_184585.jpg,https://myebrochure.co.uk/images/products.hires/prod_15009_64000_184585.jpg,https://myebrochure.co.uk/images/brands/gildan_25.png,https://myebrochure.co.uk/images/products.hires/prod_15009_64000_176888.jpg,,,,,,,,,,"<li>Made with our soft ring spun cotton and cotton blends -</li> <li>Softstyle features high stitch density fabric that offers a smooth printing surface, ideal for DTG</li> <li>Proud member of the US Cotton Trust Protocol (USCTP) and Better Cotton&#8482;</li> <li>Cotton products from Gildan support more sustainable + ethical cotton farming</li> <li>Soft ring spun fabric feels great against your skin</li> <li>Non-topstitched, narrow width, rib collar</li> <li>Taped neck and shoulders for comfort and durability</li> <li>Modern classic fit, tubular body</li> <li>High-performing black tear-away label</li> <li>Yarn Count 30/1</li> <li><b>Also available in ladies sizes code 64000L and childrens sizes 64000B</b></li>",1.87
146242,1461466,64000,TSHIRT,T-SHIRTS,MSSTSH,MENS SHORT SLEEVE T-SHIRT,GILDAN,GILDAN,MS0092,280,Tropical Blue,13,2XL,Softstyle Adult T-Shirt,2.44,1,12,72,02-01-2026 8:57,C,https://myebrochure.co.uk/images/colours/gildan/gildan-280.jpg,https://myebrochure.co.uk/images/products/prod_15009_64000_184585.jpg,https://myebrochure.co.uk/images/products.small/prod_15009_64000_184585.jpg,https://myebrochure.co.uk/images/products.hires/prod_15009_64000_184585.jpg,https://myebrochure.co.uk/images/brands/gildan_25.png,https://myebrochure.co.uk/images/products.hires/prod_15009_64000_176888.jpg,,,,,,,,,,"<li>Made with our soft ring spun cotton and cotton blends -</li> <li>Softstyle features high stitch density fabric that offers a smooth printing surface, ideal for DTG</li> <li>Proud member of the US Cotton Trust Protocol (USCTP) and Better Cotton&#8482;</li> <li>Cotton products from Gildan support more sustainable + ethical cotton farming</li> <li>Soft ring spun fabric feels great against your skin</li> <li>Non-topstitched, narrow width, rib collar</li> <li>Taped neck and shoulders for comfort and durability</li> <li>Modern classic fit, tubular body</li> <li>High-performing black tear-away label</li> <li>Yarn Count 30/1</li> <li><b>Also available in ladies sizes code 64000L and childrens sizes 64000B</b></li>",1.87
146243,1461473,64000,TSHIRT,T-SHIRTS,MSSTSH,MENS SHORT SLEEVE T-SHIRT,GILDAN,GILDAN,MS0092,280,Tropical Blue,13,3XL,Softstyle Adult T-Shirt,3.28,1,12,36,02-01-2026 8:57,C,https://myebrochure.co.uk/images/colours/gildan/gildan-280.jpg,https://myebrochure.co.uk/images/products/prod_15009_64000_184585.jpg,https://myebrochure.co.uk/images/products.small/prod_15009_64000_184585.jpg,https://myebrochure.co.uk/images/products.hires/prod_15009_64000_184585.jpg,https://myebrochure.co.uk/images/brands/gildan_25.png,https://myebrochure.co.uk/images/products.hires/prod_15009_64000_176888.jpg,,,,,,,,,,"<li>Made with our soft ring spun cotton and cotton blends -</li> <li>Softstyle features high stitch density fabric that offers a smooth printing surface, ideal for DTG</li> <li>Proud member of the US Cotton Trust Protocol (USCTP) and Better Cotton&#8482;</li> <li>Cotton products from Gildan support more sustainable + ethical cotton farming</li> <li>Soft ring spun fabric feels great against your skin</li> <li>Non-topstitched, narrow width, rib collar</li> <li>Taped neck and shoulders for comfort and durability</li> <li>Modern classic fit, tubular body</li> <li>High-performing black tear-away label</li> <li>Yarn Count 30/1</li> <li><b>Also available in ladies sizes code 64000L and childrens sizes 64000B</b></li>",2.51
235914,2359151,64000,TSHIRT,T-SHIRTS,MSSTSH,MENS SHORT SLEEVE T-SHIRT,GILDAN,GILDAN,MS0092,30,White,13,XS,Softstyle Adult T-Shirt,1.91,1,12,72,02-01-2026 8:57,C,https://myebrochure.co.uk/images/colours/gildan/gildan-30.jpg,https://myebrochure.co.uk/images/products/prod_15009_64000_184585.jpg,https://myebrochure.co.uk/images/products.small/prod_15009_64000_184585.jpg,https://myebrochure.co.uk/images/products.hires/prod_15009_64000_184585.jpg,https://myebrochure.co.uk/images/brands/gildan_25.png,https://myebrochure.co.uk/images/products.hires/prod_15009_64000_176851.jpg,,,,,,,,,,"<li>Made with our soft ring spun cotton and cotton blends -</li> <li>Softstyle features high stitch density fabric that offers a smooth printing surface, ideal for DTG</li> <li>Proud member of the US Cotton Trust Protocol (USCTP) and Better Cotton&#8482;</li> <li>Cotton products from Gildan support more sustainable + ethical cotton farming</li> <li>Soft ring spun fabric feels great against your skin</li> <li>Non-topstitched, narrow width, rib collar</li> <li>Taped neck and shoulders for comfort and durability</li> <li>Modern classic fit, tubular body</li> <li>High-performing black tear-away label</li> <li>Yarn Count 30/1</li> <li><b>Also available in ladies sizes code 64000L and childrens sizes 64000B</b></li>",1.46
37667,376600,64000,TSHIRT,T-SHIRTS,MSSTSH,MENS SHORT SLEEVE T-SHIRT,GILDAN,GILDAN,MS0092,30,White,13,S,Softstyle Adult T-Shirt,1.93,1,12,72,02-01-2026 8:57,C,https://myebrochure.co.uk/images/colours/gildan/gildan-30.jpg,https://myebrochure.co.uk/images/products/prod_15009_64000_184585.jpg,https://myebrochure.co.uk/images/products.small/prod_15009_64000_184585.jpg,https://myebrochure.co.uk/images/products.hires/prod_15009_64000_184585.jpg,https://myebrochure.co.uk/images/brands/gildan_25.png,https://myebrochure.co.uk/images/products.hires/prod_15009_64000_176851.jpg,,,,,,,,,,"<li>Made with our soft ring spun cotton and cotton blends -</li> <li>Softstyle features high stitch density fabric that offers a smooth printing surface, ideal for DTG</li> <li>Proud member of the US Cotton Trust Protocol (USCTP) and Better Cotton&#8482;</li> <li>Cotton products from Gildan support more sustainable + ethical cotton farming</li> <li>Soft ring spun fabric feels great against your skin</li> <li>Non-topstitched, narrow width, rib collar</li> <li>Taped neck and shoulders for comfort and durability</li> <li>Modern classic fit, tubular body</li> <li>High-performing black tear-away label</li> <li>Yarn Count 30/1</li> <li><b>Also available in ladies sizes code 64000L and childrens sizes 64000B</b></li>",1.48
37668,376617,64000,TSHIRT,T-SHIRTS,MSSTSH,MENS SHORT SLEEVE T-SHIRT,GILDAN,GILDAN,MS0092,30,White,13,M,Softstyle Adult T-Shirt,1.93,1,12,72,02-01-2026 8:57,C,https://myebrochure.co.uk/images/colours/gildan/gildan-30.jpg,https://myebrochure.co.uk/images/products/prod_15009_64000_184585.jpg,https://myebrochure.co.uk/images/products.small/prod_15009_64000_184585.jpg,https://myebrochure.co.uk/images/products.hires/prod_15009_64000_184585.jpg,https://myebrochure.co.uk/images/brands/gildan_25.png,https://myebrochure.co.uk/images/products.hires/prod_15009_64000_176851.jpg,,,,,,,,,,"<li>Made with our soft ring spun cotton and cotton blends -</li> <li>Softstyle features high stitch density fabric that offers a smooth printing surface, ideal for DTG</li> <li>Proud member of the US Cotton Trust Protocol (USCTP) and Better Cotton&#8482;</li> <li>Cotton products from Gildan support more sustainable + ethical cotton farming</li> <li>Soft ring spun fabric feels great against your skin</li> <li>Non-topstitched, narrow width, rib collar</li> <li>Taped neck and shoulders for comfort and durability</li> <li>Modern classic fit, tubular body</li> <li>High-performing black tear-away label</li> <li>Yarn Count 30/1</li> <li><b>Also available in ladies sizes code 64000L and childrens sizes 64000B</b></li>",1.48
37669,376624,64000,TSHIRT,T-SHIRTS,MSSTSH,MENS SHORT SLEEVE T-SHIRT,GILDAN,GILDAN,MS0092,30,White,13,L,Softstyle Adult T-Shirt,1.93,1,12,72,02-01-2026 8:57,C,https://myebrochure.co.uk/images/colours/gildan/gildan-30.jpg,https://myebrochure.co.uk/images/products/prod_15009_64000_184585.jpg,https://myebrochure.co.uk/images/products.small/prod_15009_64000_184585.jpg,https://myebrochure.co.uk/images/products.hires/prod_15009_64000_184585.jpg,https://myebrochure.co.uk/images/brands/gildan_25.png,https://myebrochure.co.uk/images/products.hires/prod_15009_64000_176851.jpg,,,,,,,,,,"<li>Made with our soft ring spun cotton and cotton blends -</li> <li>Softstyle features high stitch density fabric that offers a smooth printing surface, ideal for DTG</li> <li>Proud member of the US Cotton Trust Protocol (USCTP) and Better Cotton&#8482;</li> <li>Cotton products from Gildan support more sustainable + ethical cotton farming</li> <li>Soft ring spun fabric feels great against your skin</li> <li>Non-topstitched, narrow width, rib collar</li> <li>Taped neck and shoulders for comfort and durability</li> <li>Modern classic fit, tubular body</li> <li>High-performing black tear-away label</li> <li>Yarn Count 30/1</li> <li><b>Also available in ladies sizes code 64000L and childrens sizes 64000B</b></li>",1.48
37670,376631,64000,TSHIRT,T-SHIRTS,MSSTSH,MENS SHORT SLEEVE T-SHIRT,GILDAN,GILDAN,MS0092,30,White,13,XL,Softstyle Adult T-Shirt,1.93,1,12,72,02-01-2026 8:57,C,https://myebrochure.co.uk/images/colours/gildan/gildan-30.jpg,https://myebrochure.co.uk/images/products/prod_15009_64000_184585.jpg,https://myebrochure.co.uk/images/products.small/prod_15009_64000_184585.jpg,https://myebrochure.co.uk/images/products.hires/prod_15009_64000_184585.jpg,https://myebrochure.co.uk/images/brands/gildan_25.png,https://myebrochure.co.uk/images/products.hires/prod_15009_64000_176851.jpg,,,,,,,,,,"<li>Made with our soft ring spun cotton and cotton blends -</li> <li>Softstyle features high stitch density fabric that offers a smooth printing surface, ideal for DTG</li> <li>Proud member of the US Cotton Trust Protocol (USCTP) and Better Cotton&#8482;</li> <li>Cotton products from Gildan support more sustainable + ethical cotton farming</li> <li>Soft ring spun fabric feels great against your skin</li> <li>Non-topstitched, narrow width, rib collar</li> <li>Taped neck and shoulders for comfort and durability</li> <li>Modern classic fit, tubular body</li> <li>High-performing black tear-away label</li> <li>Yarn Count 30/1</li> <li><b>Also available in ladies sizes code 64000L and childrens sizes 64000B</b></li>",1.48
37671,376648,64000,TSHIRT,T-SHIRTS,MSSTSH,MENS SHORT SLEEVE T-SHIRT,GILDAN,GILDAN,MS0092,30,White,13,2XL,Softstyle Adult T-Shirt,1.93,1,12,72,02-01-2026 8:57,C,https://myebrochure.co.uk/images/colours/gildan/gildan-30.jpg,https://myebrochure.co.uk/images/products/prod_15009_64000_184585.jpg,https://myebrochure.co.uk/images/products.small/prod_15009_64000_184585.jpg,https://myebrochure.co.uk/images/products.hires/prod_15009_64000_184585.jpg,https://myebrochure.co.uk/images/brands/gildan_25.png,https://myebrochure.co.uk/images/products.hires/prod_15009_64000_176851.jpg,,,,,,,,,,"<li>Made with our soft ring spun cotton and cotton blends -</li> <li>Softstyle features high stitch density fabric that offers a smooth printing surface, ideal for DTG</li> <li>Proud member of the US Cotton Trust Protocol (USCTP) and Better Cotton&#8482;</li> <li>Cotton products from Gildan support more sustainable + ethical cotton farming</li> <li>Soft ring spun fabric feels great against your skin</li> <li>Non-topstitched, narrow width, rib collar</li> <li>Taped neck and shoulders for comfort and durability</li> <li>Modern classic fit, tubular body</li> <li>High-performing black tear-away label</li> <li>Yarn Count 30/1</li> <li><b>Also available in ladies sizes code 64000L and childrens sizes 64000B</b></li>",1.48
131341,1313123,64000,TSHIRT,T-SHIRTS,MSSTSH,MENS SHORT SLEEVE T-SHIRT,GILDAN,GILDAN,MS0092,30,White,13,3XL,Softstyle Adult T-Shirt,2.5,1,12,36,02-01-2026 8:57,C,https://myebrochure.co.uk/images/colours/gildan/gildan-30.jpg,https://myebrochure.co.uk/images/products/prod_15009_64000_184585.jpg,https://myebrochure.co.uk/images/products.small/prod_15009_64000_184585.jpg,https://myebrochure.co.uk/images/products.hires/prod_15009_64000_184585.jpg,https://myebrochure.co.uk/images/brands/gildan_25.png,https://myebrochure.co.uk/images/products.hires/prod_15009_64000_176851.jpg,,,,,,,,,,"<li>Made with our soft ring spun cotton and cotton blends -</li> <li>Softstyle features high stitch density fabric that offers a smooth printing surface, ideal for DTG</li> <li>Proud member of the US Cotton Trust Protocol (USCTP) and Better Cotton&#8482;</li> <li>Cotton products from Gildan support more sustainable + ethical cotton farming</li> <li>Soft ring spun fabric feels great against your skin</li> <li>Non-topstitched, narrow width, rib collar</li> <li>Taped neck and shoulders for comfort and durability</li> <li>Modern classic fit, tubular body</li> <li>High-performing black tear-away label</li> <li>Yarn Count 30/1</li> <li><b>Also available in ladies sizes code 64000L and childrens sizes 64000B</b></li>",1.91
178292,1781991,64000,TSHIRT,T-SHIRTS,MSSTSH,MENS SHORT SLEEVE T-SHIRT,GILDAN,GILDAN,MS0092,30,White,13,4XL,Softstyle Adult T-Shirt,2.5,1,6,12,02-01-2026 8:57,C,https://myebrochure.co.uk/images/colours/gildan/gildan-30.jpg,https://myebrochure.co.uk/images/products/prod_15009_64000_184585.jpg,https://myebrochure.co.uk/images/products.small/prod_15009_64000_184585.jpg,https://myebrochure.co.uk/images/products.hires/prod_15009_64000_184585.jpg,https://myebrochure.co.uk/images/brands/gildan_25.png,https://myebrochure.co.uk/images/products.hires/prod_15009_64000_176851.jpg,,,,,,,,,,"<li>Made with our soft ring spun cotton and cotton blends -</li> <li>Softstyle features high stitch density fabric that offers a smooth printing surface, ideal for DTG</li> <li>Proud member of the US Cotton Trust Protocol (USCTP) and Better Cotton&#8482;</li> <li>Cotton products from Gildan support more sustainable + ethical cotton farming</li> <li>Soft ring spun fabric feels great against your skin</li> <li>Non-topstitched, narrow width, rib collar</li> <li>Taped neck and shoulders for comfort and durability</li> <li>Modern classic fit, tubular body</li> <li>High-performing black tear-away label</li> <li>Yarn Count 30/1</li> <li><b>Also available in ladies sizes code 64000L and childrens sizes 64000B</b></li>",1.91
196998,1969801,64000,TSHIRT,T-SHIRTS,MSSTSH,MENS SHORT SLEEVE T-SHIRT,GILDAN,GILDAN,MS0092,30,White,13,5XL,Softstyle Adult T-Shirt,2.5,1,6,12,02-01-2026 8:57,C,https://myebrochure.co.uk/images/colours/gildan/gildan-30.jpg,https://myebrochure.co.uk/images/products/prod_15009_64000_184585.jpg,https://myebrochure.co.uk/images/products.small/prod_15009_64000_184585.jpg,https://myebrochure.co.uk/images/products.hires/prod_15009_64000_184585.jpg,https://myebrochure.co.uk/images/brands/gildan_25.png,https://myebrochure.co.uk/images/products.hires/prod_15009_64000_176851.jpg,,,,,,,,,,"<li>Made with our soft ring spun cotton and cotton blends -</li> <li>Softstyle features high stitch density fabric that offers a smooth printing surface, ideal for DTG</li> <li>Proud member of the US Cotton Trust Protocol (USCTP) and Better Cotton&#8482;</li> <li>Cotton products from Gildan support more sustainable + ethical cotton farming</li> <li>Soft ring spun fabric feels great against your skin</li> <li>Non-topstitched, narrow width, rib collar</li> <li>Taped neck and shoulders for comfort and durability</li> <li>Modern classic fit, tubular body</li> <li>High-performing black tear-away label</li> <li>Yarn Count 30/1</li> <li><b>Also available in ladies sizes code 64000L and childrens sizes 64000B</b></li>",1.91
