UID,Barcode,SPC,Department Code,Department,Sub-department Code,Sub Department,Brand Code,Brand,Style Code,Colour Code,Colour Name,Size Scale,Size,Description,BTC Price,VAT Code,Pack Quantity,Carton Quantity,Last Changed Date,Stock Status,colour_code_url,image_url_medium_res,image_url_low_res,image_url_high_res,brand image,colour image 01,colour image 02,colour image 03,colour image 04,colour image 05,colour image 06,colour image 07,colour image 08,colour image 09,colour image 10,bullet points,Commodity Code,Origin
92060,0000000920193,61372,TSHIRT,T-SHIRTS,LSSTSH,Ladies Short Sleeve T-Shirts,FOTL,Fruit Of The Loom,BA0032,ZU,Azure Blue,0008  ,2XL,Ladies' Valueweight T,2.23,1,12,72,08/04/2026 09:01:09,C,https://myebrochure.co.uk/images/colours/fotl/fotl-zu.jpg,https://myebrochure.co.uk/images/products/prod_13601_61372_166586.jpg,https://myebrochure.co.uk/images/products.small/prod_13601_61372_166586.jpg,https://myebrochure.co.uk/images/products.hires/prod_13601_61372_166586.jpg,https://myebrochure.co.uk/images/brands/fotl_23.png,https://myebrochure.co.uk/images/products.hires/prod_61372_142026.jpg,https://myebrochure.co.uk/images/products.hires/prod_61372_142025.jpg,https://myebrochure.co.uk/images/products.hires/prod_61372_142027.jpg,,,,,,,,<li>Crew neck with Cotton/ LYCRA&reg; rib</li> <li>Self&#45;fabric back neck tape</li> <li>Shaped side seams for a feminine fit</li> <li>Fine knit gauge for enhanced printability</li> <li><b>Also available in men&#39;s sizes code 61036 and  children&#39;s sizes code 61033 and code 61005</b></li>,61091000,MA
91994,0000000919531,61372,TSHIRT,T-SHIRTS,LSSTSH,Ladies Short Sleeve T-Shirts,FOTL,Fruit Of The Loom,BA0032,36,Black,0008  ,2XL,Ladies' Valueweight T,2.23,1,12,72,08/04/2026 09:01:09,C,https://myebrochure.co.uk/images/colours/fotl/fotl-36.jpg,https://myebrochure.co.uk/images/products/prod_13601_61372_166586.jpg,https://myebrochure.co.uk/images/products.small/prod_13601_61372_166586.jpg,https://myebrochure.co.uk/images/products.hires/prod_13601_61372_166586.jpg,https://myebrochure.co.uk/images/brands/fotl_23.png,https://myebrochure.co.uk/images/products.hires/prod_61372_141954.jpg,https://myebrochure.co.uk/images/products.hires/prod_61372_141953.jpg,https://myebrochure.co.uk/images/products.hires/prod_61372_141955.jpg,https://myebrochure.co.uk/images/products.hires/prod_13601_61372_166587.jpg,,,,,,,<li>Crew neck with Cotton/ LYCRA&reg; rib</li> <li>Self&#45;fabric back neck tape</li> <li>Shaped side seams for a feminine fit</li> <li>Fine knit gauge for enhanced printability</li> <li><b>Also available in men&#39;s sizes code 61036 and  children&#39;s sizes code 61033 and code 61005</b></li>,61091000,MA
95292,0000000952477,61372,TSHIRT,T-SHIRTS,LSSTSH,Ladies Short Sleeve T-Shirts,FOTL,Fruit Of The Loom,BA0032,BGR,Bottle Green,0008  ,2XL,Ladies' Valueweight T,2.23,1,12,72,08/04/2026 09:01:09,C,https://myebrochure.co.uk/images/colours/fotl/fotl-bgr.jpg,https://myebrochure.co.uk/images/products/prod_13601_61372_166586.jpg,https://myebrochure.co.uk/images/products.small/prod_13601_61372_166586.jpg,https://myebrochure.co.uk/images/products.hires/prod_13601_61372_166586.jpg,https://myebrochure.co.uk/images/brands/fotl_23.png,https://myebrochure.co.uk/images/products.hires/prod_61372_141957.jpg,https://myebrochure.co.uk/images/products.hires/prod_61372_141956.jpg,https://myebrochure.co.uk/images/products.hires/prod_61372_141958.jpg,https://myebrochure.co.uk/images/products.hires/prod_13601_61372_166588.jpg,,,,,,,<li>Crew neck with Cotton/ LYCRA&reg; rib</li> <li>Self&#45;fabric back neck tape</li> <li>Shaped side seams for a feminine fit</li> <li>Fine knit gauge for enhanced printability</li> <li><b>Also available in men&#39;s sizes code 61036 and  children&#39;s sizes code 61033 and code 61005</b></li>,61091000,MA
137992,0000001378993,61372,TSHIRT,T-SHIRTS,LSSTSH,Ladies Short Sleeve T-Shirts,FOTL,Fruit Of The Loom,BA0032,41,Burgundy,0008  ,2XL,Ladies' Valueweight T,2.23,1,12,72,08/04/2026 09:01:09,C,https://myebrochure.co.uk/images/colours/fotl/fotl-41.jpg,https://myebrochure.co.uk/images/products/prod_13601_61372_166586.jpg,https://myebrochure.co.uk/images/products.small/prod_13601_61372_166586.jpg,https://myebrochure.co.uk/images/products.hires/prod_13601_61372_166586.jpg,https://myebrochure.co.uk/images/brands/fotl_23.png,https://myebrochure.co.uk/images/products.hires/prod_61372_141963.jpg,https://myebrochure.co.uk/images/products.hires/prod_61372_141962.jpg,https://myebrochure.co.uk/images/products.hires/prod_61372_141964.jpg,https://myebrochure.co.uk/images/products.hires/prod_13601_61372_166590.jpg,,,,,,,<li>Crew neck with Cotton/ LYCRA&reg; rib</li> <li>Self&#45;fabric back neck tape</li> <li>Shaped side seams for a feminine fit</li> <li>Fine knit gauge for enhanced printability</li> <li><b>Also available in men&#39;s sizes code 61036 and  children&#39;s sizes code 61033 and code 61005</b></li>,61091000,MA
158526,0000001584318,61372,TSHIRT,T-SHIRTS,LSSTSH,Ladies Short Sleeve T-Shirts,FOTL,Fruit Of The Loom,BA0032,HD,Dark Heather,0008  ,2XL,Ladies' Valueweight T,2.23,1,12,72,08/04/2026 09:01:09,C,https://myebrochure.co.uk/images/colours/fotl/fotl-hd.jpg,https://myebrochure.co.uk/images/products/prod_13601_61372_166586.jpg,https://myebrochure.co.uk/images/products.small/prod_13601_61372_166586.jpg,https://myebrochure.co.uk/images/products.hires/prod_13601_61372_166586.jpg,https://myebrochure.co.uk/images/brands/fotl_23.png,https://myebrochure.co.uk/images/products.hires/prod_61372_142029.jpg,https://myebrochure.co.uk/images/products.hires/prod_61372_142028.jpg,https://myebrochure.co.uk/images/products.hires/prod_61372_142030.jpg,,,,,,,,<li>Crew neck with Cotton/ LYCRA&reg; rib</li> <li>Self&#45;fabric back neck tape</li> <li>Shaped side seams for a feminine fit</li> <li>Fine knit gauge for enhanced printability</li> <li><b>Also available in men&#39;s sizes code 61036 and  children&#39;s sizes code 61033 and code 61005</b></li>,61091000,MA
92054,0000000920131,61372,TSHIRT,T-SHIRTS,LSSTSH,Ladies Short Sleeve T-Shirts,FOTL,Fruit Of The Loom,BA0032,AZ,Deep Navy,0008  ,2XL,Ladies' Valueweight T,2.23,1,12,72,08/04/2026 09:01:09,C,https://myebrochure.co.uk/images/colours/fotl/fotl-az.jpg,https://myebrochure.co.uk/images/products/prod_13601_61372_166586.jpg,https://myebrochure.co.uk/images/products.small/prod_13601_61372_166586.jpg,https://myebrochure.co.uk/images/products.hires/prod_13601_61372_166586.jpg,https://myebrochure.co.uk/images/brands/fotl_23.png,https://myebrochure.co.uk/images/products.hires/prod_61372_141984.jpg,https://myebrochure.co.uk/images/products.hires/prod_61372_141983.jpg,https://myebrochure.co.uk/images/products.hires/prod_61372_141985.jpg,,,,,,,,<li>Crew neck with Cotton/ LYCRA&reg; rib</li> <li>Self&#45;fabric back neck tape</li> <li>Shaped side seams for a feminine fit</li> <li>Fine knit gauge for enhanced printability</li> <li><b>Also available in men&#39;s sizes code 61036 and  children&#39;s sizes code 61033 and code 61005</b></li>,61091000,MA
92036,0000000919951,61372,TSHIRT,T-SHIRTS,LSSTSH,Ladies Short Sleeve T-Shirts,FOTL,Fruit Of The Loom,BA0032,57,Fuchsia,0008  ,2XL,Ladies' Valueweight T,2.23,1,12,72,08/04/2026 09:01:09,C,https://myebrochure.co.uk/images/colours/fotl/fotl-57.jpg,https://myebrochure.co.uk/images/products/prod_13601_61372_166586.jpg,https://myebrochure.co.uk/images/products.small/prod_13601_61372_166586.jpg,https://myebrochure.co.uk/images/products.hires/prod_13601_61372_166586.jpg,https://myebrochure.co.uk/images/brands/fotl_23.png,https://myebrochure.co.uk/images/products.hires/prod_61372_141978.jpg,https://myebrochure.co.uk/images/products.hires/prod_61372_141977.jpg,https://myebrochure.co.uk/images/products.hires/prod_61372_141979.jpg,https://myebrochure.co.uk/images/products.hires/prod_13601_61372_166595.jpg,,,,,,,<li>Crew neck with Cotton/ LYCRA&reg; rib</li> <li>Self&#45;fabric back neck tape</li> <li>Shaped side seams for a feminine fit</li> <li>Fine knit gauge for enhanced printability</li> <li><b>Also available in men&#39;s sizes code 61036 and  children&#39;s sizes code 61033 and code 61005</b></li>,61091000,MA
92048,0000000920070,61372,TSHIRT,T-SHIRTS,LSSTSH,Ladies Short Sleeve T-Shirts,FOTL,Fruit Of The Loom,BA0032,94,Heather Grey,0008  ,2XL,Ladies' Valueweight T,2.23,1,12,72,08/04/2026 09:01:09,C,https://myebrochure.co.uk/images/colours/fotl/fotl-94.jpg,https://myebrochure.co.uk/images/products/prod_13601_61372_166586.jpg,https://myebrochure.co.uk/images/products.small/prod_13601_61372_166586.jpg,https://myebrochure.co.uk/images/products.hires/prod_13601_61372_166586.jpg,https://myebrochure.co.uk/images/brands/fotl_23.png,https://myebrochure.co.uk/images/products.hires/prod_61372_141981.jpg,https://myebrochure.co.uk/images/products.hires/prod_61372_141980.jpg,https://myebrochure.co.uk/images/products.hires/prod_61372_141982.jpg,https://myebrochure.co.uk/images/products.hires/prod_13601_61372_166596.jpg,,,,,,,<li>Crew neck with Cotton/ LYCRA&reg; rib</li> <li>Self&#45;fabric back neck tape</li> <li>Shaped side seams for a feminine fit</li> <li>Fine knit gauge for enhanced printability</li> <li><b>Also available in men&#39;s sizes code 61036 and  children&#39;s sizes code 61033 and code 61005</b></li>,61091000,MA
171882,0000001717907,61372,TSHIRT,T-SHIRTS,LSSTSH,Ladies Short Sleeve T-Shirts,FOTL,Fruit Of The Loom,BA0032,HP,Heather Purple,0008  ,2XL,Ladies' Valueweight T,2.23,1,12,72,08/04/2026 09:01:09,C,https://myebrochure.co.uk/images/colours/fotl/fotl-hp.jpg,https://myebrochure.co.uk/images/products/prod_13601_61372_166586.jpg,https://myebrochure.co.uk/images/products.small/prod_13601_61372_166586.jpg,https://myebrochure.co.uk/images/products.hires/prod_13601_61372_166586.jpg,https://myebrochure.co.uk/images/brands/fotl_23.png,https://myebrochure.co.uk/images/products.hires/prod_61372_141993.jpg,https://myebrochure.co.uk/images/products.hires/prod_61372_141992.jpg,https://myebrochure.co.uk/images/products.hires/prod_61372_141994.jpg,,,,,,,,<li>Crew neck with Cotton/ LYCRA&reg; rib</li> <li>Self&#45;fabric back neck tape</li> <li>Shaped side seams for a feminine fit</li> <li>Fine knit gauge for enhanced printability</li> <li><b>Also available in men&#39;s sizes code 61036 and  children&#39;s sizes code 61033 and code 61005</b></li>,61091000,MA
92018,0000000919777,61372,TSHIRT,T-SHIRTS,LSSTSH,Ladies Short Sleeve T-Shirts,FOTL,Fruit Of The Loom,BA0032,47,Kelly Green,0008  ,2XL,Ladies' Valueweight T,2.23,1,12,72,08/04/2026 09:01:09,C,https://myebrochure.co.uk/images/colours/fotl/fotl-47.jpg,https://myebrochure.co.uk/images/products/prod_13601_61372_166586.jpg,https://myebrochure.co.uk/images/products.small/prod_13601_61372_166586.jpg,https://myebrochure.co.uk/images/products.hires/prod_13601_61372_166586.jpg,https://myebrochure.co.uk/images/brands/fotl_23.png,https://myebrochure.co.uk/images/products.hires/prod_61372_141969.jpg,https://myebrochure.co.uk/images/products.hires/prod_61372_141968.jpg,https://myebrochure.co.uk/images/products.hires/prod_61372_141970.jpg,https://myebrochure.co.uk/images/products.hires/prod_13601_61372_166592.jpg,,,,,,,<li>Crew neck with Cotton/ LYCRA&reg; rib</li> <li>Self&#45;fabric back neck tape</li> <li>Shaped side seams for a feminine fit</li> <li>Fine knit gauge for enhanced printability</li> <li><b>Also available in men&#39;s sizes code 61036 and  children&#39;s sizes code 61033 and code 61005</b></li>,61091000,MA
137998,0000001379051,61372,TSHIRT,T-SHIRTS,LSSTSH,Ladies Short Sleeve T-Shirts,FOTL,Fruit Of The Loom,BA0032,GL,Light Graphite,0008  ,2XL,Ladies' Valueweight T,2.23,1,12,72,08/04/2026 09:01:09,C,https://myebrochure.co.uk/images/colours/fotl/fotl-gl.jpg,https://myebrochure.co.uk/images/products/prod_13601_61372_166586.jpg,https://myebrochure.co.uk/images/products.small/prod_13601_61372_166586.jpg,https://myebrochure.co.uk/images/products.hires/prod_13601_61372_166586.jpg,https://myebrochure.co.uk/images/brands/fotl_23.png,https://myebrochure.co.uk/images/products.hires/prod_61372_141987.jpg,https://myebrochure.co.uk/images/products.hires/prod_61372_141986.jpg,https://myebrochure.co.uk/images/products.hires/prod_61372_141988.jpg,,,,,,,,<li>Crew neck with Cotton/ LYCRA&reg; rib</li> <li>Self&#45;fabric back neck tape</li> <li>Shaped side seams for a feminine fit</li> <li>Fine knit gauge for enhanced printability</li> <li><b>Also available in men&#39;s sizes code 61036 and  children&#39;s sizes code 61033 and code 61005</b></li>,61091000,MA
92030,0000000919890,61372,TSHIRT,T-SHIRTS,LSSTSH,Ladies Short Sleeve T-Shirts,FOTL,Fruit Of The Loom,BA0032,LPI,Light Pink,0008  ,2XL,Ladies' Valueweight T,2.23,1,12,72,08/04/2026 09:01:09,C,https://myebrochure.co.uk/images/colours/fotl/fotl-lpi.jpg,https://myebrochure.co.uk/images/products/prod_13601_61372_166586.jpg,https://myebrochure.co.uk/images/products.small/prod_13601_61372_166586.jpg,https://myebrochure.co.uk/images/products.hires/prod_13601_61372_166586.jpg,https://myebrochure.co.uk/images/brands/fotl_23.png,https://myebrochure.co.uk/images/products.hires/prod_61372_141975.jpg,https://myebrochure.co.uk/images/products.hires/prod_61372_141974.jpg,https://myebrochure.co.uk/images/products.hires/prod_61372_141976.jpg,https://myebrochure.co.uk/images/products.hires/prod_13601_61372_166594.jpg,,,,,,,<li>Crew neck with Cotton/ LYCRA&reg; rib</li> <li>Self&#45;fabric back neck tape</li> <li>Shaped side seams for a feminine fit</li> <li>Fine knit gauge for enhanced printability</li> <li><b>Also available in men&#39;s sizes code 61036 and  children&#39;s sizes code 61033 and code 61005</b></li>,61091000,MA
158556,0000001584615,61372,TSHIRT,T-SHIRTS,LSSTSH,Ladies Short Sleeve T-Shirts,FOTL,Fruit Of The Loom,BA0032,LM,Lime,0008  ,2XL,Ladies' Valueweight T,2.23,1,12,72,08/04/2026 09:01:09,C,https://myebrochure.co.uk/images/colours/fotl/fotl-lm.jpg,https://myebrochure.co.uk/images/products/prod_13601_61372_166586.jpg,https://myebrochure.co.uk/images/products.small/prod_13601_61372_166586.jpg,https://myebrochure.co.uk/images/products.hires/prod_13601_61372_166586.jpg,https://myebrochure.co.uk/images/brands/fotl_23.png,https://myebrochure.co.uk/images/products.hires/prod_61372_141999.jpg,https://myebrochure.co.uk/images/products.hires/prod_61372_141998.jpg,https://myebrochure.co.uk/images/products.hires/prod_61372_142000.jpg,,,,,,,,<li>Crew neck with Cotton/ LYCRA&reg; rib</li> <li>Self&#45;fabric back neck tape</li> <li>Shaped side seams for a feminine fit</li> <li>Fine knit gauge for enhanced printability</li> <li><b>Also available in men&#39;s sizes code 61036 and  children&#39;s sizes code 61033 and code 61005</b></li>,61091000,MA
128931,0000001288933,61372,TSHIRT,T-SHIRTS,LSSTSH,Ladies Short Sleeve T-Shirts,FOTL,Fruit Of The Loom,BA0032,32,Navy Blue,0008  ,2XL,Ladies' Valueweight T,2.23,1,12,72,08/04/2026 09:01:09,C,https://myebrochure.co.uk/images/colours/fotl/fotl-32.jpg,https://myebrochure.co.uk/images/products/prod_13601_61372_166586.jpg,https://myebrochure.co.uk/images/products.small/prod_13601_61372_166586.jpg,https://myebrochure.co.uk/images/products.hires/prod_13601_61372_166586.jpg,https://myebrochure.co.uk/images/brands/fotl_23.png,https://myebrochure.co.uk/images/products.hires/prod_61372_141951.jpg,https://myebrochure.co.uk/images/products.hires/prod_61372_141950.jpg,https://myebrochure.co.uk/images/products.hires/prod_61372_141952.jpg,https://myebrochure.co.uk/images/products.hires/prod_61372_142002.jpg,https://myebrochure.co.uk/images/products.hires/prod_61372_142001.jpg,https://myebrochure.co.uk/images/products.hires/prod_61372_142003.jpg,,,,,<li>Crew neck with Cotton/ LYCRA&reg; rib</li> <li>Self&#45;fabric back neck tape</li> <li>Shaped side seams for a feminine fit</li> <li>Fine knit gauge for enhanced printability</li> <li><b>Also available in men&#39;s sizes code 61036 and  children&#39;s sizes code 61033 and code 61005</b></li>,61091000,MA
92012,0000000919715,61372,TSHIRT,T-SHIRTS,LSSTSH,Ladies Short Sleeve T-Shirts,FOTL,Fruit Of The Loom,BA0032,44,Orange,0008  ,2XL,Ladies' Valueweight T,2.23,1,12,72,08/04/2026 09:01:09,C,https://myebrochure.co.uk/images/colours/fotl/fotl-44.jpg,https://myebrochure.co.uk/images/products/prod_13601_61372_166586.jpg,https://myebrochure.co.uk/images/products.small/prod_13601_61372_166586.jpg,https://myebrochure.co.uk/images/products.hires/prod_13601_61372_166586.jpg,https://myebrochure.co.uk/images/brands/fotl_23.png,https://myebrochure.co.uk/images/products.hires/prod_61372_141966.jpg,https://myebrochure.co.uk/images/products.hires/prod_61372_141965.jpg,https://myebrochure.co.uk/images/products.hires/prod_61372_141967.jpg,https://myebrochure.co.uk/images/products.hires/prod_13601_61372_166591.jpg,,,,,,,<li>Crew neck with Cotton/ LYCRA&reg; rib</li> <li>Self&#45;fabric back neck tape</li> <li>Shaped side seams for a feminine fit</li> <li>Fine knit gauge for enhanced printability</li> <li><b>Also available in men&#39;s sizes code 61036 and  children&#39;s sizes code 61033 and code 61005</b></li>,61091000,MA
92072,0000000920315,61372,TSHIRT,T-SHIRTS,LSSTSH,Ladies Short Sleeve T-Shirts,FOTL,Fruit Of The Loom,BA0032,PE,Purple,0008  ,2XL,Ladies' Valueweight T,2.23,1,12,72,08/04/2026 09:01:09,C,https://myebrochure.co.uk/images/colours/fotl/fotl-pe.jpg,https://myebrochure.co.uk/images/products/prod_13601_61372_166586.jpg,https://myebrochure.co.uk/images/products.small/prod_13601_61372_166586.jpg,https://myebrochure.co.uk/images/products.hires/prod_13601_61372_166586.jpg,https://myebrochure.co.uk/images/brands/fotl_23.png,https://myebrochure.co.uk/images/products.hires/prod_61372_142008.jpg,https://myebrochure.co.uk/images/products.hires/prod_61372_142007.jpg,https://myebrochure.co.uk/images/products.hires/prod_61372_142009.jpg,,,,,,,,<li>Crew neck with Cotton/ LYCRA&reg; rib</li> <li>Self&#45;fabric back neck tape</li> <li>Shaped side seams for a feminine fit</li> <li>Fine knit gauge for enhanced printability</li> <li><b>Also available in men&#39;s sizes code 61036 and  children&#39;s sizes code 61033 and code 61005</b></li>,61091000,MA
92006,0000000919654,61372,TSHIRT,T-SHIRTS,LSSTSH,Ladies Short Sleeve T-Shirts,FOTL,Fruit Of The Loom,BA0032,40,Red,0008  ,2XL,Ladies' Valueweight T,2.23,1,12,72,08/04/2026 09:01:09,C,https://myebrochure.co.uk/images/colours/fotl/fotl-40.jpg,https://myebrochure.co.uk/images/products/prod_13601_61372_166586.jpg,https://myebrochure.co.uk/images/products.small/prod_13601_61372_166586.jpg,https://myebrochure.co.uk/images/products.hires/prod_13601_61372_166586.jpg,https://myebrochure.co.uk/images/brands/fotl_23.png,https://myebrochure.co.uk/images/products.hires/prod_61372_141960.jpg,https://myebrochure.co.uk/images/products.hires/prod_61372_141959.jpg,https://myebrochure.co.uk/images/products.hires/prod_61372_141961.jpg,https://myebrochure.co.uk/images/products.hires/prod_13601_61372_166589.jpg,,,,,,,<li>Crew neck with Cotton/ LYCRA&reg; rib</li> <li>Self&#45;fabric back neck tape</li> <li>Shaped side seams for a feminine fit</li> <li>Fine knit gauge for enhanced printability</li> <li><b>Also available in men&#39;s sizes code 61036 and  children&#39;s sizes code 61033 and code 61005</b></li>,61091000,MA
158544,0000001584493,61372,TSHIRT,T-SHIRTS,LSSTSH,Ladies Short Sleeve T-Shirts,FOTL,Fruit Of The Loom,BA0032,RX,Retro Heather Green,0008  ,2XL,Ladies' Valueweight T,2.23,1,12,72,08/04/2026 09:01:09,C,https://myebrochure.co.uk/images/colours/fotl/fotl-rx.jpg,https://myebrochure.co.uk/images/products/prod_13601_61372_166586.jpg,https://myebrochure.co.uk/images/products.small/prod_13601_61372_166586.jpg,https://myebrochure.co.uk/images/products.hires/prod_13601_61372_166586.jpg,https://myebrochure.co.uk/images/brands/fotl_23.png,https://myebrochure.co.uk/images/products.hires/prod_61372_142014.jpg,https://myebrochure.co.uk/images/products.hires/prod_61372_142013.jpg,https://myebrochure.co.uk/images/products.hires/prod_61372_142015.jpg,,,,,,,,<li>Crew neck with Cotton/ LYCRA&reg; rib</li> <li>Self&#45;fabric back neck tape</li> <li>Shaped side seams for a feminine fit</li> <li>Fine knit gauge for enhanced printability</li> <li><b>Also available in men&#39;s sizes code 61036 and  children&#39;s sizes code 61033 and code 61005</b></li>,61091000,MA
158538,0000001584431,61372,TSHIRT,T-SHIRTS,LSSTSH,Ladies Short Sleeve T-Shirts,FOTL,Fruit Of The Loom,BA0032,R6,Retro Heather Royal,0008  ,2XL,Ladies' Valueweight T,2.23,1,12,72,08/04/2026 09:01:09,C,https://myebrochure.co.uk/images/colours/fotl/fotl-r6.jpg,https://myebrochure.co.uk/images/products/prod_13601_61372_166586.jpg,https://myebrochure.co.uk/images/products.small/prod_13601_61372_166586.jpg,https://myebrochure.co.uk/images/products.hires/prod_13601_61372_166586.jpg,https://myebrochure.co.uk/images/brands/fotl_23.png,https://myebrochure.co.uk/images/products.hires/prod_61372_142011.jpg,https://myebrochure.co.uk/images/products.hires/prod_61372_142010.jpg,https://myebrochure.co.uk/images/products.hires/prod_61372_142012.jpg,,,,,,,,<li>Crew neck with Cotton/ LYCRA&reg; rib</li> <li>Self&#45;fabric back neck tape</li> <li>Shaped side seams for a feminine fit</li> <li>Fine knit gauge for enhanced printability</li> <li><b>Also available in men&#39;s sizes code 61036 and  children&#39;s sizes code 61033 and code 61005</b></li>,61091000,MA
92024,0000000919838,61372,TSHIRT,T-SHIRTS,LSSTSH,Ladies Short Sleeve T-Shirts,FOTL,Fruit Of The Loom,BA0032,51,Royal,0008  ,2XL,Ladies' Valueweight T,2.23,1,12,72,08/04/2026 09:01:09,C,https://myebrochure.co.uk/images/colours/fotl/fotl-51.jpg,https://myebrochure.co.uk/images/products/prod_13601_61372_166586.jpg,https://myebrochure.co.uk/images/products.small/prod_13601_61372_166586.jpg,https://myebrochure.co.uk/images/products.hires/prod_13601_61372_166586.jpg,https://myebrochure.co.uk/images/brands/fotl_23.png,https://myebrochure.co.uk/images/products.hires/prod_61372_141972.jpg,https://myebrochure.co.uk/images/products.hires/prod_61372_141971.jpg,https://myebrochure.co.uk/images/products.hires/prod_61372_141973.jpg,https://myebrochure.co.uk/images/products.hires/prod_13601_61372_166593.jpg,,,,,,,<li>Crew neck with Cotton/ LYCRA&reg; rib</li> <li>Self&#45;fabric back neck tape</li> <li>Shaped side seams for a feminine fit</li> <li>Fine knit gauge for enhanced printability</li> <li><b>Also available in men&#39;s sizes code 61036 and  children&#39;s sizes code 61033 and code 61005</b></li>,61091000,MA
92066,0000000920254,61372,TSHIRT,T-SHIRTS,LSSTSH,Ladies Short Sleeve T-Shirts,FOTL,Fruit Of The Loom,BA0032,YT,Sky Blue,0008  ,2XL,Ladies' Valueweight T,2.23,1,12,72,08/04/2026 09:01:09,C,https://myebrochure.co.uk/images/colours/fotl/fotl-yt.jpg,https://myebrochure.co.uk/images/products/prod_13601_61372_166586.jpg,https://myebrochure.co.uk/images/products.small/prod_13601_61372_166586.jpg,https://myebrochure.co.uk/images/products.hires/prod_13601_61372_166586.jpg,https://myebrochure.co.uk/images/brands/fotl_23.png,https://myebrochure.co.uk/images/products.hires/prod_61372_142023.jpg,https://myebrochure.co.uk/images/products.hires/prod_61372_142022.jpg,https://myebrochure.co.uk/images/products.hires/prod_61372_142024.jpg,,,,,,,,<li>Crew neck with Cotton/ LYCRA&reg; rib</li> <li>Self&#45;fabric back neck tape</li> <li>Shaped side seams for a feminine fit</li> <li>Fine knit gauge for enhanced printability</li> <li><b>Also available in men&#39;s sizes code 61036 and  children&#39;s sizes code 61033 and code 61005</b></li>,61091000,MA
91988,0000000919470,61372,TSHIRT,T-SHIRTS,LSSTSH,Ladies Short Sleeve T-Shirts,FOTL,Fruit Of The Loom,BA0032,SUN,Sunflower,0008  ,2XL,Ladies' Valueweight T,2.23,1,12,72,08/04/2026 09:01:09,C,https://myebrochure.co.uk/images/colours/fotl/fotl-sun.jpg,https://myebrochure.co.uk/images/products/prod_13601_61372_166586.jpg,https://myebrochure.co.uk/images/products.small/prod_13601_61372_166586.jpg,https://myebrochure.co.uk/images/products.hires/prod_13601_61372_166586.jpg,https://myebrochure.co.uk/images/brands/fotl_23.png,https://myebrochure.co.uk/images/products.hires/prod_61372_142005.jpg,https://myebrochure.co.uk/images/products.hires/prod_61372_142004.jpg,https://myebrochure.co.uk/images/products.hires/prod_61372_142006.jpg,,,,,,,,<li>Crew neck with Cotton/ LYCRA&reg; rib</li> <li>Self&#45;fabric back neck tape</li> <li>Shaped side seams for a feminine fit</li> <li>Fine knit gauge for enhanced printability</li> <li><b>Also available in men&#39;s sizes code 61036 and  children&#39;s sizes code 61033 and code 61005</b></li>,61091000,MA
158532,0000001584370,61372,TSHIRT,T-SHIRTS,LSSTSH,Ladies Short Sleeve T-Shirts,FOTL,Fruit Of The Loom,BA0032,VF,Vintage Heather Navy,0008  ,2XL,Ladies' Valueweight T,2.23,1,12,72,08/04/2026 09:01:09,C,https://myebrochure.co.uk/images/colours/fotl/fotl-vf.jpg,https://myebrochure.co.uk/images/products/prod_13601_61372_166586.jpg,https://myebrochure.co.uk/images/products.small/prod_13601_61372_166586.jpg,https://myebrochure.co.uk/images/products.hires/prod_13601_61372_166586.jpg,https://myebrochure.co.uk/images/brands/fotl_23.png,https://myebrochure.co.uk/images/products.hires/prod_61372_142017.jpg,https://myebrochure.co.uk/images/products.hires/prod_61372_142016.jpg,https://myebrochure.co.uk/images/products.hires/prod_61372_142018.jpg,,,,,,,,<li>Crew neck with Cotton/ LYCRA&reg; rib</li> <li>Self&#45;fabric back neck tape</li> <li>Shaped side seams for a feminine fit</li> <li>Fine knit gauge for enhanced printability</li> <li><b>Also available in men&#39;s sizes code 61036 and  children&#39;s sizes code 61033 and code 61005</b></li>,61091000,MA
158550,0000001584554,61372,TSHIRT,T-SHIRTS,LSSTSH,Ladies Short Sleeve T-Shirts,FOTL,Fruit Of The Loom,BA0032,VH,Vintage Heather Red,0008  ,2XL,Ladies' Valueweight T,2.23,1,12,72,08/04/2026 09:01:09,C,https://myebrochure.co.uk/images/colours/fotl/fotl-vh.jpg,https://myebrochure.co.uk/images/products/prod_13601_61372_166586.jpg,https://myebrochure.co.uk/images/products.small/prod_13601_61372_166586.jpg,https://myebrochure.co.uk/images/products.hires/prod_13601_61372_166586.jpg,https://myebrochure.co.uk/images/brands/fotl_23.png,https://myebrochure.co.uk/images/products.hires/prod_61372_142020.jpg,https://myebrochure.co.uk/images/products.hires/prod_61372_142019.jpg,https://myebrochure.co.uk/images/products.hires/prod_61372_142021.jpg,,,,,,,,<li>Crew neck with Cotton/ LYCRA&reg; rib</li> <li>Self&#45;fabric back neck tape</li> <li>Shaped side seams for a feminine fit</li> <li>Fine knit gauge for enhanced printability</li> <li><b>Also available in men&#39;s sizes code 61036 and  children&#39;s sizes code 61033 and code 61005</b></li>,61091000,MA
91982,0000000919418,61372,TSHIRT,T-SHIRTS,LSSTSH,Ladies Short Sleeve T-Shirts,FOTL,Fruit Of The Loom,BA0032,30,White,0008  ,2XL,Ladies' Valueweight T,1.78,1,12,72,08/04/2026 09:01:09,C,https://myebrochure.co.uk/images/colours/fotl/fotl-30.jpg,https://myebrochure.co.uk/images/products/prod_13601_61372_166586.jpg,https://myebrochure.co.uk/images/products.small/prod_13601_61372_166586.jpg,https://myebrochure.co.uk/images/products.hires/prod_13601_61372_166586.jpg,https://myebrochure.co.uk/images/brands/fotl_23.png,https://myebrochure.co.uk/images/products.hires/prod_61372_141948.jpg,https://myebrochure.co.uk/images/products.hires/prod_61372_141947.jpg,https://myebrochure.co.uk/images/products.hires/prod_61372_141949.jpg,https://myebrochure.co.uk/images/products.hires/prod_13601_61372_166584.jpg,,,,,,,<li>Crew neck with Cotton/ LYCRA&reg; rib</li> <li>Self&#45;fabric back neck tape</li> <li>Shaped side seams for a feminine fit</li> <li>Fine knit gauge for enhanced printability</li> <li><b>Also available in men&#39;s sizes code 61036 and  children&#39;s sizes code 61033 and code 61005</b></li>,61091000,MA
138004,0000001379112,61372,TSHIRT,T-SHIRTS,LSSTSH,Ladies Short Sleeve T-Shirts,FOTL,Fruit Of The Loom,BA0032,K2,Yellow,0008  ,2XL,Ladies' Valueweight T,2.23,1,12,72,08/04/2026 09:01:09,C,https://myebrochure.co.uk/images/colours/fotl/fotl-k2.jpg,https://myebrochure.co.uk/images/products/prod_13601_61372_166586.jpg,https://myebrochure.co.uk/images/products.small/prod_13601_61372_166586.jpg,https://myebrochure.co.uk/images/products.hires/prod_13601_61372_166586.jpg,https://myebrochure.co.uk/images/brands/fotl_23.png,https://myebrochure.co.uk/images/products.hires/prod_61372_141996.jpg,https://myebrochure.co.uk/images/products.hires/prod_61372_141995.jpg,https://myebrochure.co.uk/images/products.hires/prod_61372_141997.jpg,,,,,,,,<li>Crew neck with Cotton/ LYCRA&reg; rib</li> <li>Self&#45;fabric back neck tape</li> <li>Shaped side seams for a feminine fit</li> <li>Fine knit gauge for enhanced printability</li> <li><b>Also available in men&#39;s sizes code 61036 and  children&#39;s sizes code 61033 and code 61005</b></li>,61091000,MA
138612,0000001385199,61420,TSHIRT,T-SHIRTS,MSSTSH,MENS SHORT SLEEVE T-SHIRT,FOTL,Fruit Of The Loom,MS0185,36,Black,0008  ,2XL,Ladies' Original T,2.00,1,12,72,08/04/2026 09:04:23,C,https://myebrochure.co.uk/images/colours/fotl/fotl-36.jpg,https://myebrochure.co.uk/images/products/prod_61420_142140.jpg,https://myebrochure.co.uk/images/products.small/prod_61420_142140.jpg,https://myebrochure.co.uk/images/products.hires/prod_61420_142140.jpg,https://myebrochure.co.uk/images/brands/fotl_23.png,https://myebrochure.co.uk/images/products.hires/prod_61420_142149.jpg,https://myebrochure.co.uk/images/products.hires/prod_61420_142148.jpg,https://myebrochure.co.uk/images/products.hires/prod_61420_142150.jpg,,,,,,,,<li>Rib crew neck with self-fabric back neck tape</li> <li>Shaped side seams for a feminine fit</li> <li>Fine knit gauge for enhanced printability</li> <li><b>Also available in men&#39;s sizes code 61082 and children&#39;s size code 61019</b></li>,61091000,MA
117387,0000001173512,61420,TSHIRT,T-SHIRTS,MSSTSH,MENS SHORT SLEEVE T-SHIRT,FOTL,Fruit Of The Loom,MS0185,57,Fuchsia,0008  ,2XL,Ladies' Original T,2.00,1,12,72,08/04/2026 09:04:23,C,https://myebrochure.co.uk/images/colours/fotl/fotl-57.jpg,https://myebrochure.co.uk/images/products/prod_61420_142140.jpg,https://myebrochure.co.uk/images/products.small/prod_61420_142140.jpg,https://myebrochure.co.uk/images/products.hires/prod_61420_142140.jpg,https://myebrochure.co.uk/images/brands/fotl_23.png,https://myebrochure.co.uk/images/products.hires/prod_61420_142170.jpg,https://myebrochure.co.uk/images/products.hires/prod_61420_142169.jpg,https://myebrochure.co.uk/images/products.hires/prod_61420_142171.jpg,,,,,,,,<li>Rib crew neck with self-fabric back neck tape</li> <li>Shaped side seams for a feminine fit</li> <li>Fine knit gauge for enhanced printability</li> <li><b>Also available in men&#39;s sizes code 61082 and children&#39;s size code 61019</b></li>,61091000,MA
117393,0000001173574,61420,TSHIRT,T-SHIRTS,MSSTSH,MENS SHORT SLEEVE T-SHIRT,FOTL,Fruit Of The Loom,MS0185,94,Heather Grey,0008  ,2XL,Ladies' Original T,2.00,1,12,72,08/04/2026 09:04:23,C,https://myebrochure.co.uk/images/colours/fotl/fotl-94.jpg,https://myebrochure.co.uk/images/products/prod_61420_142140.jpg,https://myebrochure.co.uk/images/products.small/prod_61420_142140.jpg,https://myebrochure.co.uk/images/products.hires/prod_61420_142140.jpg,https://myebrochure.co.uk/images/brands/fotl_23.png,https://myebrochure.co.uk/images/products.hires/prod_61420_142176.jpg,https://myebrochure.co.uk/images/products.hires/prod_61420_142175.jpg,https://myebrochure.co.uk/images/products.hires/prod_61420_142177.jpg,https://myebrochure.co.uk/images/products.hires/prod_12401_61420_166616.jpg,,,,,,,<li>Rib crew neck with self-fabric back neck tape</li> <li>Shaped side seams for a feminine fit</li> <li>Fine knit gauge for enhanced printability</li> <li><b>Also available in men&#39;s sizes code 61082 and children&#39;s size code 61019</b></li>,61091000,MA
117411,0000001173758,61420,TSHIRT,T-SHIRTS,MSSTSH,MENS SHORT SLEEVE T-SHIRT,FOTL,Fruit Of The Loom,MS0185,40,Red,0008  ,2XL,Ladies' Original T,2.00,1,12,72,08/04/2026 09:04:23,C,https://myebrochure.co.uk/images/colours/fotl/fotl-40.jpg,https://myebrochure.co.uk/images/products/prod_61420_142140.jpg,https://myebrochure.co.uk/images/products.small/prod_61420_142140.jpg,https://myebrochure.co.uk/images/products.hires/prod_61420_142140.jpg,https://myebrochure.co.uk/images/brands/fotl_23.png,https://myebrochure.co.uk/images/products.hires/prod_61420_142155.jpg,https://myebrochure.co.uk/images/products.hires/prod_61420_142154.jpg,https://myebrochure.co.uk/images/products.hires/prod_61420_142156.jpg,,,,,,,,<li>Rib crew neck with self-fabric back neck tape</li> <li>Shaped side seams for a feminine fit</li> <li>Fine knit gauge for enhanced printability</li> <li><b>Also available in men&#39;s sizes code 61082 and children&#39;s size code 61019</b></li>,61091000,MA
117417,0000001173819,61420,TSHIRT,T-SHIRTS,MSSTSH,MENS SHORT SLEEVE T-SHIRT,FOTL,Fruit Of The Loom,MS0185,51,Royal,0008  ,2XL,Ladies' Original T,2.00,1,12,72,08/04/2026 09:04:23,C,https://myebrochure.co.uk/images/colours/fotl/fotl-51.jpg,https://myebrochure.co.uk/images/products/prod_61420_142140.jpg,https://myebrochure.co.uk/images/products.small/prod_61420_142140.jpg,https://myebrochure.co.uk/images/products.hires/prod_61420_142140.jpg,https://myebrochure.co.uk/images/brands/fotl_23.png,https://myebrochure.co.uk/images/products.hires/prod_61420_142167.jpg,https://myebrochure.co.uk/images/products.hires/prod_61420_142166.jpg,https://myebrochure.co.uk/images/products.hires/prod_61420_142168.jpg,https://myebrochure.co.uk/images/products.hires/prod_12401_61420_166614.jpg,,,,,,,<li>Rib crew neck with self-fabric back neck tape</li> <li>Shaped side seams for a feminine fit</li> <li>Fine knit gauge for enhanced printability</li> <li><b>Also available in men&#39;s sizes code 61082 and children&#39;s size code 61019</b></li>,61091000,MA
117423,0000001173871,61420,TSHIRT,T-SHIRTS,MSSTSH,MENS SHORT SLEEVE T-SHIRT,FOTL,Fruit Of The Loom,MS0185,30,White,0008  ,2XL,Ladies' Original T,1.57,1,12,72,08/04/2026 09:04:23,C,https://myebrochure.co.uk/images/colours/fotl/fotl-30.jpg,https://myebrochure.co.uk/images/products/prod_61420_142140.jpg,https://myebrochure.co.uk/images/products.small/prod_61420_142140.jpg,https://myebrochure.co.uk/images/products.hires/prod_61420_142140.jpg,https://myebrochure.co.uk/images/brands/fotl_23.png,https://myebrochure.co.uk/images/products.hires/prod_61420_142139.jpg,https://myebrochure.co.uk/images/products.hires/prod_61420_142141.jpg,,,,,,,,,<li>Rib crew neck with self-fabric back neck tape</li> <li>Shaped side seams for a feminine fit</li> <li>Fine knit gauge for enhanced printability</li> <li><b>Also available in men&#39;s sizes code 61082 and children&#39;s size code 61019</b></li>,61091000,MA
197036,0000001970180,61432,TSHIRT,T-SHIRTS,MSSTSH,MENS SHORT SLEEVE T-SHIRT,FOTL,Fruit Of The Loom,ME0029,9K,Athletic Heather,0008  ,2XL,Ladies' Iconic 150 T,2.09,1,12,72,31/03/2026 23:45:05,C,https://myebrochure.co.uk/images/colours/fotl/fotl-9k.jpg,https://myebrochure.co.uk/images/products/prod_11201_61432_166623.jpg,https://myebrochure.co.uk/images/products.small/prod_11201_61432_166623.jpg,https://myebrochure.co.uk/images/products.hires/prod_11201_61432_166623.jpg,https://myebrochure.co.uk/images/brands/fotl_23.png,https://myebrochure.co.uk/images/products.hires/prod_11201_61432_153584.jpg,https://myebrochure.co.uk/images/products.hires/prod_11201_61432_153583.jpg,https://myebrochure.co.uk/images/products.hires/prod_11201_61432_153585.jpg,,,,,,,,"<li>100&#37; combed ringspun cotton</li> <li>Soft hand feel</li> <li>Shaped side seams for a feminine fit</li> <li>Narrow crew neck with 1x1 rib</li> <li>Self-fabric back neck tape</li> <li>New tear away back neck label</li> <li><b>Also available in men&#39;s sizes code 61430, kids sizes code 61023 and girl&#39;s sizes code 61025</b></li>",61091000,MA
200599,0000002005843,61432,TSHIRT,T-SHIRTS,MSSTSH,MENS SHORT SLEEVE T-SHIRT,FOTL,Fruit Of The Loom,ME0029,ZU,Azure Blue,0008  ,2XL,Ladies' Iconic 150 T,2.09,1,12,72,31/03/2026 23:45:05,C,https://myebrochure.co.uk/images/colours/fotl/fotl-zu.jpg,https://myebrochure.co.uk/images/products/prod_11201_61432_166623.jpg,https://myebrochure.co.uk/images/products.small/prod_11201_61432_166623.jpg,https://myebrochure.co.uk/images/products.hires/prod_11201_61432_166623.jpg,https://myebrochure.co.uk/images/brands/fotl_23.png,https://myebrochure.co.uk/images/products.hires/prod_11201_61432_157250.jpg,https://myebrochure.co.uk/images/products.hires/prod_11201_61432_157249.jpg,https://myebrochure.co.uk/images/products.hires/prod_11201_61432_157251.jpg,,,,,,,,"<li>100&#37; combed ringspun cotton</li> <li>Soft hand feel</li> <li>Shaped side seams for a feminine fit</li> <li>Narrow crew neck with 1x1 rib</li> <li>Self-fabric back neck tape</li> <li>New tear away back neck label</li> <li><b>Also available in men&#39;s sizes code 61430, kids sizes code 61023 and girl&#39;s sizes code 61025</b></li>",61091000,MA
172074,0000001719826,61432,TSHIRT,T-SHIRTS,MSSTSH,MENS SHORT SLEEVE T-SHIRT,FOTL,Fruit Of The Loom,ME0029,36,Black,0008  ,2XL,Ladies' Iconic 150 T,2.09,1,12,72,31/03/2026 23:45:05,C,https://myebrochure.co.uk/images/colours/fotl/fotl-36.jpg,https://myebrochure.co.uk/images/products/prod_11201_61432_166623.jpg,https://myebrochure.co.uk/images/products.small/prod_11201_61432_166623.jpg,https://myebrochure.co.uk/images/products.hires/prod_11201_61432_166623.jpg,https://myebrochure.co.uk/images/brands/fotl_23.png,https://myebrochure.co.uk/images/products.hires/prod_11201_61432_166624.jpg,https://myebrochure.co.uk/images/products.hires/prod_61432_131641.jpg,https://myebrochure.co.uk/images/products.hires/prod_61432_131639.jpg,https://myebrochure.co.uk/images/products.hires/prod_61432_131640.jpg,,,,,,,"<li>100&#37; combed ringspun cotton</li> <li>Soft hand feel</li> <li>Shaped side seams for a feminine fit</li> <li>Narrow crew neck with 1x1 rib</li> <li>Self-fabric back neck tape</li> <li>New tear away back neck label</li> <li><b>Also available in men&#39;s sizes code 61430, kids sizes code 61023 and girl&#39;s sizes code 61025</b></li>",61091000,MA
183677,0000001835984,61432,TSHIRT,T-SHIRTS,MSSTSH,MENS SHORT SLEEVE T-SHIRT,FOTL,Fruit Of The Loom,ME0029,41,Burgundy,0008  ,2XL,Ladies' Iconic 150 T,2.09,1,12,72,31/03/2026 23:45:05,C,https://myebrochure.co.uk/images/colours/fotl/fotl-41.jpg,https://myebrochure.co.uk/images/products/prod_11201_61432_166623.jpg,https://myebrochure.co.uk/images/products.small/prod_11201_61432_166623.jpg,https://myebrochure.co.uk/images/products.hires/prod_11201_61432_166623.jpg,https://myebrochure.co.uk/images/brands/fotl_23.png,https://myebrochure.co.uk/images/products.hires/prod_11201_61432_166625.jpg,https://myebrochure.co.uk/images/products.hires/prod_11201_61432_154269.jpg,https://myebrochure.co.uk/images/products.hires/prod_11201_61432_154270.jpg,https://myebrochure.co.uk/images/products.hires/prod_11201_61432_154271.jpg,,,,,,,"<li>100&#37; combed ringspun cotton</li> <li>Soft hand feel</li> <li>Shaped side seams for a feminine fit</li> <li>Narrow crew neck with 1x1 rib</li> <li>Self-fabric back neck tape</li> <li>New tear away back neck label</li> <li><b>Also available in men&#39;s sizes code 61430, kids sizes code 61023 and girl&#39;s sizes code 61025</b></li>",61091000,MA
172104,0000001720129,61432,TSHIRT,T-SHIRTS,MSSTSH,MENS SHORT SLEEVE T-SHIRT,FOTL,Fruit Of The Loom,ME0029,59,Classic Olive,0008  ,2XL,Ladies' Iconic 150 T,2.09,1,12,72,31/03/2026 23:45:05,C,https://myebrochure.co.uk/images/colours/fotl/fotl-59.jpg,https://myebrochure.co.uk/images/products/prod_11201_61432_166623.jpg,https://myebrochure.co.uk/images/products.small/prod_11201_61432_166623.jpg,https://myebrochure.co.uk/images/products.hires/prod_11201_61432_166623.jpg,https://myebrochure.co.uk/images/brands/fotl_23.png,https://myebrochure.co.uk/images/products.hires/prod_61432_131656.jpg,https://myebrochure.co.uk/images/products.hires/prod_61432_131654.jpg,https://myebrochure.co.uk/images/products.hires/prod_61432_131655.jpg,,,,,,,,"<li>100&#37; combed ringspun cotton</li> <li>Soft hand feel</li> <li>Shaped side seams for a feminine fit</li> <li>Narrow crew neck with 1x1 rib</li> <li>Self-fabric back neck tape</li> <li>New tear away back neck label</li> <li><b>Also available in men&#39;s sizes code 61430, kids sizes code 61023 and girl&#39;s sizes code 61025</b></li>",61091000,MA
172134,0000001720426,61432,TSHIRT,T-SHIRTS,MSSTSH,MENS SHORT SLEEVE T-SHIRT,FOTL,Fruit Of The Loom,ME0029,AZ,Deep Navy,0008  ,2XL,Ladies' Iconic 150 T,2.09,1,12,72,31/03/2026 23:45:05,C,https://myebrochure.co.uk/images/colours/fotl/fotl-az.jpg,https://myebrochure.co.uk/images/products/prod_11201_61432_166623.jpg,https://myebrochure.co.uk/images/products.small/prod_11201_61432_166623.jpg,https://myebrochure.co.uk/images/products.hires/prod_11201_61432_166623.jpg,https://myebrochure.co.uk/images/brands/fotl_23.png,https://myebrochure.co.uk/images/products.hires/prod_61432_131665.jpg,https://myebrochure.co.uk/images/products.hires/prod_61432_131663.jpg,https://myebrochure.co.uk/images/products.hires/prod_61432_131664.jpg,,,,,,,,"<li>100&#37; combed ringspun cotton</li> <li>Soft hand feel</li> <li>Shaped side seams for a feminine fit</li> <li>Narrow crew neck with 1x1 rib</li> <li>Self-fabric back neck tape</li> <li>New tear away back neck label</li> <li><b>Also available in men&#39;s sizes code 61430, kids sizes code 61023 and girl&#39;s sizes code 61025</b></li>",61091000,MA
172146,0000001720549,61432,TSHIRT,T-SHIRTS,MSSTSH,MENS SHORT SLEEVE T-SHIRT,FOTL,Fruit Of The Loom,ME0029,TM,Forest Green,0008  ,2XL,Ladies' Iconic 150 T,2.09,1,12,72,31/03/2026 23:45:05,C,https://myebrochure.co.uk/images/colours/fotl/fotl-tm.jpg,https://myebrochure.co.uk/images/products/prod_11201_61432_166623.jpg,https://myebrochure.co.uk/images/products.small/prod_11201_61432_166623.jpg,https://myebrochure.co.uk/images/products.hires/prod_11201_61432_166623.jpg,https://myebrochure.co.uk/images/brands/fotl_23.png,https://myebrochure.co.uk/images/products.hires/prod_61432_131692.jpg,https://myebrochure.co.uk/images/products.hires/prod_61432_131690.jpg,https://myebrochure.co.uk/images/products.hires/prod_61432_131691.jpg,,,,,,,,"<li>100&#37; combed ringspun cotton</li> <li>Soft hand feel</li> <li>Shaped side seams for a feminine fit</li> <li>Narrow crew neck with 1x1 rib</li> <li>Self-fabric back neck tape</li> <li>New tear away back neck label</li> <li><b>Also available in men&#39;s sizes code 61430, kids sizes code 61023 and girl&#39;s sizes code 61025</b></li>",61091000,MA
172098,0000001720068,61432,TSHIRT,T-SHIRTS,MSSTSH,MENS SHORT SLEEVE T-SHIRT,FOTL,Fruit Of The Loom,ME0029,57,Fuchsia,0008  ,2XL,Ladies' Iconic 150 T,2.09,1,12,72,31/03/2026 23:45:05,C,https://myebrochure.co.uk/images/colours/fotl/fotl-57.jpg,https://myebrochure.co.uk/images/products/prod_11201_61432_166623.jpg,https://myebrochure.co.uk/images/products.small/prod_11201_61432_166623.jpg,https://myebrochure.co.uk/images/products.hires/prod_11201_61432_166623.jpg,https://myebrochure.co.uk/images/brands/fotl_23.png,https://myebrochure.co.uk/images/products.hires/prod_61432_131653.jpg,https://myebrochure.co.uk/images/products.hires/prod_61432_131651.jpg,https://myebrochure.co.uk/images/products.hires/prod_61432_131652.jpg,,,,,,,,"<li>100&#37; combed ringspun cotton</li> <li>Soft hand feel</li> <li>Shaped side seams for a feminine fit</li> <li>Narrow crew neck with 1x1 rib</li> <li>Self-fabric back neck tape</li> <li>New tear away back neck label</li> <li><b>Also available in men&#39;s sizes code 61430, kids sizes code 61023 and girl&#39;s sizes code 61025</b></li>",61091000,MA
172170,0000001720785,61432,TSHIRT,T-SHIRTS,MSSTSH,MENS SHORT SLEEVE T-SHIRT,FOTL,Fruit Of The Loom,ME0029,H1,Heather Burgundy,0008  ,2XL,Ladies' Iconic 150 T,2.09,1,12,72,31/03/2026 23:45:05,C,https://myebrochure.co.uk/images/colours/fotl/fotl-h1.jpg,https://myebrochure.co.uk/images/products/prod_11201_61432_166623.jpg,https://myebrochure.co.uk/images/products.small/prod_11201_61432_166623.jpg,https://myebrochure.co.uk/images/products.hires/prod_11201_61432_166623.jpg,https://myebrochure.co.uk/images/brands/fotl_23.png,https://myebrochure.co.uk/images/products.hires/prod_61432_131677.jpg,https://myebrochure.co.uk/images/products.hires/prod_61432_131675.jpg,https://myebrochure.co.uk/images/products.hires/prod_61432_131676.jpg,,,,,,,,"<li>100&#37; combed ringspun cotton</li> <li>Soft hand feel</li> <li>Shaped side seams for a feminine fit</li> <li>Narrow crew neck with 1x1 rib</li> <li>Self-fabric back neck tape</li> <li>New tear away back neck label</li> <li><b>Also available in men&#39;s sizes code 61430, kids sizes code 61023 and girl&#39;s sizes code 61025</b></li>",61091000,MA
172128,0000001720365,61432,TSHIRT,T-SHIRTS,MSSTSH,MENS SHORT SLEEVE T-SHIRT,FOTL,Fruit Of The Loom,ME0029,94,Heather Grey,0008  ,2XL,Ladies' Iconic 150 T,2.09,1,12,72,31/03/2026 23:45:05,C,https://myebrochure.co.uk/images/colours/fotl/fotl-94.jpg,https://myebrochure.co.uk/images/products/prod_11201_61432_166623.jpg,https://myebrochure.co.uk/images/products.small/prod_11201_61432_166623.jpg,https://myebrochure.co.uk/images/products.hires/prod_11201_61432_166623.jpg,https://myebrochure.co.uk/images/brands/fotl_23.png,https://myebrochure.co.uk/images/products.hires/prod_61432_131662.jpg,https://myebrochure.co.uk/images/products.hires/prod_61432_131660.jpg,https://myebrochure.co.uk/images/products.hires/prod_61432_131661.jpg,,,,,,,,"<li>100&#37; combed ringspun cotton</li> <li>Soft hand feel</li> <li>Shaped side seams for a feminine fit</li> <li>Narrow crew neck with 1x1 rib</li> <li>Self-fabric back neck tape</li> <li>New tear away back neck label</li> <li><b>Also available in men&#39;s sizes code 61430, kids sizes code 61023 and girl&#39;s sizes code 61025</b></li>",61091000,MA
172164,0000001720723,61432,TSHIRT,T-SHIRTS,MSSTSH,MENS SHORT SLEEVE T-SHIRT,FOTL,Fruit Of The Loom,ME0029,HP,Heather Purple,0008  ,2XL,Ladies' Iconic 150 T,2.09,1,12,72,31/03/2026 23:45:05,C,https://myebrochure.co.uk/images/colours/fotl/fotl-hp.jpg,https://myebrochure.co.uk/images/products/prod_11201_61432_166623.jpg,https://myebrochure.co.uk/images/products.small/prod_11201_61432_166623.jpg,https://myebrochure.co.uk/images/products.hires/prod_11201_61432_166623.jpg,https://myebrochure.co.uk/images/brands/fotl_23.png,https://myebrochure.co.uk/images/products.hires/prod_61432_131683.jpg,https://myebrochure.co.uk/images/products.hires/prod_61432_131681.jpg,https://myebrochure.co.uk/images/products.hires/prod_61432_131682.jpg,,,,,,,,"<li>100&#37; combed ringspun cotton</li> <li>Soft hand feel</li> <li>Shaped side seams for a feminine fit</li> <li>Narrow crew neck with 1x1 rib</li> <li>Self-fabric back neck tape</li> <li>New tear away back neck label</li> <li><b>Also available in men&#39;s sizes code 61430, kids sizes code 61023 and girl&#39;s sizes code 61025</b></li>",61091000,MA
172086,0000001719949,61432,TSHIRT,T-SHIRTS,MSSTSH,MENS SHORT SLEEVE T-SHIRT,FOTL,Fruit Of The Loom,ME0029,47,Kelly Green,0008  ,2XL,Ladies' Iconic 150 T,2.09,1,12,72,31/03/2026 23:45:05,C,https://myebrochure.co.uk/images/colours/fotl/fotl-47.jpg,https://myebrochure.co.uk/images/products/prod_11201_61432_166623.jpg,https://myebrochure.co.uk/images/products.small/prod_11201_61432_166623.jpg,https://myebrochure.co.uk/images/products.hires/prod_11201_61432_166623.jpg,https://myebrochure.co.uk/images/brands/fotl_23.png,https://myebrochure.co.uk/images/products.hires/prod_11201_61432_166626.jpg,https://myebrochure.co.uk/images/products.hires/prod_61432_131647.jpg,https://myebrochure.co.uk/images/products.hires/prod_61432_131645.jpg,https://myebrochure.co.uk/images/products.hires/prod_61432_131646.jpg,,,,,,,"<li>100&#37; combed ringspun cotton</li> <li>Soft hand feel</li> <li>Shaped side seams for a feminine fit</li> <li>Narrow crew neck with 1x1 rib</li> <li>Self-fabric back neck tape</li> <li>New tear away back neck label</li> <li><b>Also available in men&#39;s sizes code 61430, kids sizes code 61023 and girl&#39;s sizes code 61025</b></li>",61091000,MA
172140,0000001720488,61432,TSHIRT,T-SHIRTS,MSSTSH,MENS SHORT SLEEVE T-SHIRT,FOTL,Fruit Of The Loom,ME0029,GL,Light Graphite,0008  ,2XL,Ladies' Iconic 150 T,2.09,1,12,72,31/03/2026 23:45:05,C,https://myebrochure.co.uk/images/colours/fotl/fotl-gl.jpg,https://myebrochure.co.uk/images/products/prod_11201_61432_166623.jpg,https://myebrochure.co.uk/images/products.small/prod_11201_61432_166623.jpg,https://myebrochure.co.uk/images/products.hires/prod_11201_61432_166623.jpg,https://myebrochure.co.uk/images/brands/fotl_23.png,https://myebrochure.co.uk/images/products.hires/prod_61432_131674.jpg,https://myebrochure.co.uk/images/products.hires/prod_61432_131672.jpg,https://myebrochure.co.uk/images/products.hires/prod_61432_131673.jpg,,,,,,,,"<li>100&#37; combed ringspun cotton</li> <li>Soft hand feel</li> <li>Shaped side seams for a feminine fit</li> <li>Narrow crew neck with 1x1 rib</li> <li>Self-fabric back neck tape</li> <li>New tear away back neck label</li> <li><b>Also available in men&#39;s sizes code 61430, kids sizes code 61023 and girl&#39;s sizes code 61025</b></li>",61091000,MA
172110,0000001720181,61432,TSHIRT,T-SHIRTS,MSSTSH,MENS SHORT SLEEVE T-SHIRT,FOTL,Fruit Of The Loom,ME0029,60,Natural,0008  ,2XL,Ladies' Iconic 150 T,1.65,1,12,72,31/03/2026 23:45:05,C,https://myebrochure.co.uk/images/colours/fotl/fotl-60.jpg,https://myebrochure.co.uk/images/products/prod_11201_61432_166623.jpg,https://myebrochure.co.uk/images/products.small/prod_11201_61432_166623.jpg,https://myebrochure.co.uk/images/products.hires/prod_11201_61432_166623.jpg,https://myebrochure.co.uk/images/brands/fotl_23.png,https://myebrochure.co.uk/images/products.hires/prod_61432_131659.jpg,https://myebrochure.co.uk/images/products.hires/prod_61432_131657.jpg,https://myebrochure.co.uk/images/products.hires/prod_61432_131658.jpg,,,,,,,,"<li>100&#37; combed ringspun cotton</li> <li>Soft hand feel</li> <li>Shaped side seams for a feminine fit</li> <li>Narrow crew neck with 1x1 rib</li> <li>Self-fabric back neck tape</li> <li>New tear away back neck label</li> <li><b>Also available in men&#39;s sizes code 61430, kids sizes code 61023 and girl&#39;s sizes code 61025</b></li>",61091000,MA
183671,0000001835922,61432,TSHIRT,T-SHIRTS,MSSTSH,MENS SHORT SLEEVE T-SHIRT,FOTL,Fruit Of The Loom,ME0029,32,Navy Blue,0008  ,2XL,Ladies' Iconic 150 T,2.09,1,12,72,31/03/2026 23:45:05,C,https://myebrochure.co.uk/images/colours/fotl/fotl-32.jpg,https://myebrochure.co.uk/images/products/prod_11201_61432_166623.jpg,https://myebrochure.co.uk/images/products.small/prod_11201_61432_166623.jpg,https://myebrochure.co.uk/images/products.hires/prod_11201_61432_166623.jpg,https://myebrochure.co.uk/images/brands/fotl_23.png,https://myebrochure.co.uk/images/products.hires/prod_11201_61432_149212.jpg,https://myebrochure.co.uk/images/products.hires/prod_11201_61432_149210.jpg,https://myebrochure.co.uk/images/products.hires/prod_11201_61432_149213.jpg,,,,,,,,"<li>100&#37; combed ringspun cotton</li> <li>Soft hand feel</li> <li>Shaped side seams for a feminine fit</li> <li>Narrow crew neck with 1x1 rib</li> <li>Self-fabric back neck tape</li> <li>New tear away back neck label</li> <li><b>Also available in men&#39;s sizes code 61430, kids sizes code 61023 and girl&#39;s sizes code 61025</b></li>",61091000,MA
183683,0000001836042,61432,TSHIRT,T-SHIRTS,MSSTSH,MENS SHORT SLEEVE T-SHIRT,FOTL,Fruit Of The Loom,ME0029,NE,Neomint,0008  ,2XL,Ladies' Iconic 150 T,2.09,1,12,72,31/03/2026 23:45:05,C,https://myebrochure.co.uk/images/colours/fotl/fotl-ne.jpg,https://myebrochure.co.uk/images/products/prod_11201_61432_166623.jpg,https://myebrochure.co.uk/images/products.small/prod_11201_61432_166623.jpg,https://myebrochure.co.uk/images/products.hires/prod_11201_61432_166623.jpg,https://myebrochure.co.uk/images/brands/fotl_23.png,https://myebrochure.co.uk/images/products.hires/prod_11201_61432_149217.jpg,https://myebrochure.co.uk/images/products.hires/prod_11201_61432_149215.jpg,https://myebrochure.co.uk/images/products.hires/prod_11201_61432_149219.jpg,,,,,,,,"<li>100&#37; combed ringspun cotton</li> <li>Soft hand feel</li> <li>Shaped side seams for a feminine fit</li> <li>Narrow crew neck with 1x1 rib</li> <li>Self-fabric back neck tape</li> <li>New tear away back neck label</li> <li><b>Also available in men&#39;s sizes code 61430, kids sizes code 61023 and girl&#39;s sizes code 61025</b></li>",61091000,MA
200605,0000002005904,61432,TSHIRT,T-SHIRTS,MSSTSH,MENS SHORT SLEEVE T-SHIRT,FOTL,Fruit Of The Loom,ME0029,PR,Powder Rose,0008  ,2XL,Ladies' Iconic 150 T,2.09,1,12,72,31/03/2026 23:45:05,C,https://myebrochure.co.uk/images/colours/fotl/fotl-pr.jpg,https://myebrochure.co.uk/images/products/prod_11201_61432_166623.jpg,https://myebrochure.co.uk/images/products.small/prod_11201_61432_166623.jpg,https://myebrochure.co.uk/images/products.hires/prod_11201_61432_166623.jpg,https://myebrochure.co.uk/images/brands/fotl_23.png,https://myebrochure.co.uk/images/products.hires/prod_11201_61432_157244.jpg,https://myebrochure.co.uk/images/products.hires/prod_11201_61432_157243.jpg,https://myebrochure.co.uk/images/products.hires/prod_11201_61432_157245.jpg,,,,,,,,"<li>100&#37; combed ringspun cotton</li> <li>Soft hand feel</li> <li>Shaped side seams for a feminine fit</li> <li>Narrow crew neck with 1x1 rib</li> <li>Self-fabric back neck tape</li> <li>New tear away back neck label</li> <li><b>Also available in men&#39;s sizes code 61430, kids sizes code 61023 and girl&#39;s sizes code 61025</b></li>",61091000,MA
172080,0000001719888,61432,TSHIRT,T-SHIRTS,MSSTSH,MENS SHORT SLEEVE T-SHIRT,FOTL,Fruit Of The Loom,ME0029,40,Red,0008  ,2XL,Ladies' Iconic 150 T,2.09,1,12,72,31/03/2026 23:45:05,C,https://myebrochure.co.uk/images/colours/fotl/fotl-40.jpg,https://myebrochure.co.uk/images/products/prod_11201_61432_166623.jpg,https://myebrochure.co.uk/images/products.small/prod_11201_61432_166623.jpg,https://myebrochure.co.uk/images/products.hires/prod_11201_61432_166623.jpg,https://myebrochure.co.uk/images/brands/fotl_23.png,https://myebrochure.co.uk/images/products.hires/prod_61432_131644.jpg,https://myebrochure.co.uk/images/products.hires/prod_61432_131642.jpg,https://myebrochure.co.uk/images/products.hires/prod_61432_131643.jpg,,,,,,,,"<li>100&#37; combed ringspun cotton</li> <li>Soft hand feel</li> <li>Shaped side seams for a feminine fit</li> <li>Narrow crew neck with 1x1 rib</li> <li>Self-fabric back neck tape</li> <li>New tear away back neck label</li> <li><b>Also available in men&#39;s sizes code 61430, kids sizes code 61023 and girl&#39;s sizes code 61025</b></li>",61091000,MA
176022,0000001759303,61432,TSHIRT,T-SHIRTS,MSSTSH,MENS SHORT SLEEVE T-SHIRT,FOTL,Fruit Of The Loom,ME0029,RX,Retro Heather Green,0008  ,2XL,Ladies' Iconic 150 T,2.09,1,12,72,31/03/2026 23:45:05,C,https://myebrochure.co.uk/images/colours/fotl/fotl-rx.jpg,https://myebrochure.co.uk/images/products/prod_11201_61432_166623.jpg,https://myebrochure.co.uk/images/products.small/prod_11201_61432_166623.jpg,https://myebrochure.co.uk/images/products.hires/prod_11201_61432_166623.jpg,https://myebrochure.co.uk/images/brands/fotl_23.png,https://myebrochure.co.uk/images/products.hires/prod_61432_131689.jpg,https://myebrochure.co.uk/images/products.hires/prod_61432_131687.jpg,https://myebrochure.co.uk/images/products.hires/prod_61432_131688.jpg,,,,,,,,"<li>100&#37; combed ringspun cotton</li> <li>Soft hand feel</li> <li>Shaped side seams for a feminine fit</li> <li>Narrow crew neck with 1x1 rib</li> <li>Self-fabric back neck tape</li> <li>New tear away back neck label</li> <li><b>Also available in men&#39;s sizes code 61430, kids sizes code 61023 and girl&#39;s sizes code 61025</b></li>",61091000,MA
176016,0000001759242,61432,TSHIRT,T-SHIRTS,MSSTSH,MENS SHORT SLEEVE T-SHIRT,FOTL,Fruit Of The Loom,ME0029,R6,Retro Heather Royal,0008  ,2XL,Ladies' Iconic 150 T,2.09,1,12,72,31/03/2026 23:45:05,C,https://myebrochure.co.uk/images/colours/fotl/fotl-r6.jpg,https://myebrochure.co.uk/images/products/prod_11201_61432_166623.jpg,https://myebrochure.co.uk/images/products.small/prod_11201_61432_166623.jpg,https://myebrochure.co.uk/images/products.hires/prod_11201_61432_166623.jpg,https://myebrochure.co.uk/images/brands/fotl_23.png,https://myebrochure.co.uk/images/products.hires/prod_61432_131686.jpg,https://myebrochure.co.uk/images/products.hires/prod_61432_131684.jpg,https://myebrochure.co.uk/images/products.hires/prod_61432_131685.jpg,,,,,,,,"<li>100&#37; combed ringspun cotton</li> <li>Soft hand feel</li> <li>Shaped side seams for a feminine fit</li> <li>Narrow crew neck with 1x1 rib</li> <li>Self-fabric back neck tape</li> <li>New tear away back neck label</li> <li><b>Also available in men&#39;s sizes code 61430, kids sizes code 61023 and girl&#39;s sizes code 61025</b></li>",61091000,MA
172092,0000001720006,61432,TSHIRT,T-SHIRTS,MSSTSH,MENS SHORT SLEEVE T-SHIRT,FOTL,Fruit Of The Loom,ME0029,51,Royal,0008  ,2XL,Ladies' Iconic 150 T,2.09,1,12,72,31/03/2026 23:45:05,C,https://myebrochure.co.uk/images/colours/fotl/fotl-51.jpg,https://myebrochure.co.uk/images/products/prod_11201_61432_166623.jpg,https://myebrochure.co.uk/images/products.small/prod_11201_61432_166623.jpg,https://myebrochure.co.uk/images/products.hires/prod_11201_61432_166623.jpg,https://myebrochure.co.uk/images/brands/fotl_23.png,https://myebrochure.co.uk/images/products.hires/prod_61432_131650.jpg,https://myebrochure.co.uk/images/products.hires/prod_61432_131648.jpg,https://myebrochure.co.uk/images/products.hires/prod_61432_131649.jpg,,,,,,,,"<li>100&#37; combed ringspun cotton</li> <li>Soft hand feel</li> <li>Shaped side seams for a feminine fit</li> <li>Narrow crew neck with 1x1 rib</li> <li>Self-fabric back neck tape</li> <li>New tear away back neck label</li> <li><b>Also available in men&#39;s sizes code 61430, kids sizes code 61023 and girl&#39;s sizes code 61025</b></li>",61091000,MA
200865,0000002008509,61432,TSHIRT,T-SHIRTS,MSSTSH,MENS SHORT SLEEVE T-SHIRT,FOTL,Fruit Of The Loom,ME0029,SLR,Soft Lavender,0008  ,2XL,Ladies' Iconic 150 T,2.09,1,12,72,31/03/2026 23:45:05,C,https://myebrochure.co.uk/images/colours/fotl/fotl-slr.jpg,https://myebrochure.co.uk/images/products/prod_11201_61432_166623.jpg,https://myebrochure.co.uk/images/products.small/prod_11201_61432_166623.jpg,https://myebrochure.co.uk/images/products.hires/prod_11201_61432_166623.jpg,https://myebrochure.co.uk/images/brands/fotl_23.png,https://myebrochure.co.uk/images/products.hires/prod_11201_61432_157247.jpg,https://myebrochure.co.uk/images/products.hires/prod_11201_61432_157246.jpg,https://myebrochure.co.uk/images/products.hires/prod_11201_61432_157248.jpg,,,,,,,,"<li>100&#37; combed ringspun cotton</li> <li>Soft hand feel</li> <li>Shaped side seams for a feminine fit</li> <li>Narrow crew neck with 1x1 rib</li> <li>Self-fabric back neck tape</li> <li>New tear away back neck label</li> <li><b>Also available in men&#39;s sizes code 61430, kids sizes code 61023 and girl&#39;s sizes code 61025</b></li>",61091000,MA
172068,0000001719765,61432,TSHIRT,T-SHIRTS,MSSTSH,MENS SHORT SLEEVE T-SHIRT,FOTL,Fruit Of The Loom,ME0029,34,Sunflower,0008  ,2XL,Ladies' Iconic 150 T,2.09,1,12,72,01/04/2026 01:50:01,C,https://myebrochure.co.uk/images/colours/fotl/fotl-34.jpg,https://myebrochure.co.uk/images/products/prod_11201_61432_166623.jpg,https://myebrochure.co.uk/images/products.small/prod_11201_61432_166623.jpg,https://myebrochure.co.uk/images/products.hires/prod_11201_61432_166623.jpg,https://myebrochure.co.uk/images/brands/fotl_23.png,https://myebrochure.co.uk/images/products.hires/prod_61432_131638.jpg,https://myebrochure.co.uk/images/products.hires/prod_61432_131636.jpg,https://myebrochure.co.uk/images/products.hires/prod_61432_131637.jpg,,,,,,,,"<li>100&#37; combed ringspun cotton</li> <li>Soft hand feel</li> <li>Shaped side seams for a feminine fit</li> <li>Narrow crew neck with 1x1 rib</li> <li>Self-fabric back neck tape</li> <li>New tear away back neck label</li> <li><b>Also available in men&#39;s sizes code 61430, kids sizes code 61023 and girl&#39;s sizes code 61025</b></li>",61091000,MA
176028,0000001759365,61432,TSHIRT,T-SHIRTS,MSSTSH,MENS SHORT SLEEVE T-SHIRT,FOTL,Fruit Of The Loom,ME0029,VH,Vintage Heather Red,0008  ,2XL,Ladies' Iconic 150 T,2.09,1,12,72,31/03/2026 23:45:05,C,https://myebrochure.co.uk/images/colours/fotl/fotl-vh.jpg,https://myebrochure.co.uk/images/products/prod_11201_61432_166623.jpg,https://myebrochure.co.uk/images/products.small/prod_11201_61432_166623.jpg,https://myebrochure.co.uk/images/products.hires/prod_11201_61432_166623.jpg,https://myebrochure.co.uk/images/brands/fotl_23.png,https://myebrochure.co.uk/images/products.hires/prod_61432_131698.jpg,https://myebrochure.co.uk/images/products.hires/prod_61432_131696.jpg,https://myebrochure.co.uk/images/products.hires/prod_61432_131697.jpg,,,,,,,,"<li>100&#37; combed ringspun cotton</li> <li>Soft hand feel</li> <li>Shaped side seams for a feminine fit</li> <li>Narrow crew neck with 1x1 rib</li> <li>Self-fabric back neck tape</li> <li>New tear away back neck label</li> <li><b>Also available in men&#39;s sizes code 61430, kids sizes code 61023 and girl&#39;s sizes code 61025</b></li>",61091000,MA
172062,0000001719703,61432,TSHIRT,T-SHIRTS,MSSTSH,MENS SHORT SLEEVE T-SHIRT,FOTL,Fruit Of The Loom,ME0029,30,White,0008  ,2XL,Ladies' Iconic 150 T,1.65,1,12,72,31/03/2026 23:45:05,C,https://myebrochure.co.uk/images/colours/fotl/fotl-30.jpg,https://myebrochure.co.uk/images/products/prod_11201_61432_166623.jpg,https://myebrochure.co.uk/images/products.small/prod_11201_61432_166623.jpg,https://myebrochure.co.uk/images/products.hires/prod_11201_61432_166623.jpg,https://myebrochure.co.uk/images/brands/fotl_23.png,https://myebrochure.co.uk/images/products.hires/prod_11201_61432_166621.jpg,https://myebrochure.co.uk/images/products.hires/prod_61432_131635.jpg,https://myebrochure.co.uk/images/products.hires/prod_61432_131633.jpg,https://myebrochure.co.uk/images/products.hires/prod_61432_131634.jpg,,,,,,,"<li>100&#37; combed ringspun cotton</li> <li>Soft hand feel</li> <li>Shaped side seams for a feminine fit</li> <li>Narrow crew neck with 1x1 rib</li> <li>Self-fabric back neck tape</li> <li>New tear away back neck label</li> <li><b>Also available in men&#39;s sizes code 61430, kids sizes code 61023 and girl&#39;s sizes code 61025</b></li>",61091000,MA
172152,0000001720600,61432,TSHIRT,T-SHIRTS,MSSTSH,MENS SHORT SLEEVE T-SHIRT,FOTL,Fruit Of The Loom,ME0029,XW,Zinc,0008  ,2XL,Ladies' Iconic 150 T,2.09,1,12,72,31/03/2026 23:45:05,C,https://myebrochure.co.uk/images/colours/fotl/fotl-xw.jpg,https://myebrochure.co.uk/images/products/prod_11201_61432_166623.jpg,https://myebrochure.co.uk/images/products.small/prod_11201_61432_166623.jpg,https://myebrochure.co.uk/images/products.hires/prod_11201_61432_166623.jpg,https://myebrochure.co.uk/images/brands/fotl_23.png,https://myebrochure.co.uk/images/products.hires/prod_61432_131701.jpg,https://myebrochure.co.uk/images/products.hires/prod_61432_131699.jpg,https://myebrochure.co.uk/images/products.hires/prod_61432_131700.jpg,,,,,,,,"<li>100&#37; combed ringspun cotton</li> <li>Soft hand feel</li> <li>Shaped side seams for a feminine fit</li> <li>Narrow crew neck with 1x1 rib</li> <li>Self-fabric back neck tape</li> <li>New tear away back neck label</li> <li><b>Also available in men&#39;s sizes code 61430, kids sizes code 61023 and girl&#39;s sizes code 61025</b></li>",61091000,MA
92058,0000000920179,61372,TSHIRT,T-SHIRTS,LSSTSH,Ladies Short Sleeve T-Shirts,FOTL,Fruit Of The Loom,BA0032,ZU,Azure Blue,0008  ,Large,Ladies' Valueweight T,2.23,1,12,72,08/04/2026 09:01:09,C,https://myebrochure.co.uk/images/colours/fotl/fotl-zu.jpg,https://myebrochure.co.uk/images/products/prod_13601_61372_166586.jpg,https://myebrochure.co.uk/images/products.small/prod_13601_61372_166586.jpg,https://myebrochure.co.uk/images/products.hires/prod_13601_61372_166586.jpg,https://myebrochure.co.uk/images/brands/fotl_23.png,https://myebrochure.co.uk/images/products.hires/prod_61372_142026.jpg,https://myebrochure.co.uk/images/products.hires/prod_61372_142025.jpg,https://myebrochure.co.uk/images/products.hires/prod_61372_142027.jpg,,,,,,,,<li>Crew neck with Cotton/ LYCRA&reg; rib</li> <li>Self&#45;fabric back neck tape</li> <li>Shaped side seams for a feminine fit</li> <li>Fine knit gauge for enhanced printability</li> <li><b>Also available in men&#39;s sizes code 61036 and  children&#39;s sizes code 61033 and code 61005</b></li>,61091000,MA
91992,0000000919517,61372,TSHIRT,T-SHIRTS,LSSTSH,Ladies Short Sleeve T-Shirts,FOTL,Fruit Of The Loom,BA0032,36,Black,0008  ,Large,Ladies' Valueweight T,2.23,1,12,72,08/04/2026 09:01:09,C,https://myebrochure.co.uk/images/colours/fotl/fotl-36.jpg,https://myebrochure.co.uk/images/products/prod_13601_61372_166586.jpg,https://myebrochure.co.uk/images/products.small/prod_13601_61372_166586.jpg,https://myebrochure.co.uk/images/products.hires/prod_13601_61372_166586.jpg,https://myebrochure.co.uk/images/brands/fotl_23.png,https://myebrochure.co.uk/images/products.hires/prod_61372_141954.jpg,https://myebrochure.co.uk/images/products.hires/prod_61372_141953.jpg,https://myebrochure.co.uk/images/products.hires/prod_61372_141955.jpg,https://myebrochure.co.uk/images/products.hires/prod_13601_61372_166587.jpg,,,,,,,<li>Crew neck with Cotton/ LYCRA&reg; rib</li> <li>Self&#45;fabric back neck tape</li> <li>Shaped side seams for a feminine fit</li> <li>Fine knit gauge for enhanced printability</li> <li><b>Also available in men&#39;s sizes code 61036 and  children&#39;s sizes code 61033 and code 61005</b></li>,61091000,MA
91998,0000000919579,61372,TSHIRT,T-SHIRTS,LSSTSH,Ladies Short Sleeve T-Shirts,FOTL,Fruit Of The Loom,BA0032,BGR,Bottle Green,0008  ,Large,Ladies' Valueweight T,2.23,1,12,72,08/04/2026 09:01:09,C,https://myebrochure.co.uk/images/colours/fotl/fotl-bgr.jpg,https://myebrochure.co.uk/images/products/prod_13601_61372_166586.jpg,https://myebrochure.co.uk/images/products.small/prod_13601_61372_166586.jpg,https://myebrochure.co.uk/images/products.hires/prod_13601_61372_166586.jpg,https://myebrochure.co.uk/images/brands/fotl_23.png,https://myebrochure.co.uk/images/products.hires/prod_61372_141957.jpg,https://myebrochure.co.uk/images/products.hires/prod_61372_141956.jpg,https://myebrochure.co.uk/images/products.hires/prod_61372_141958.jpg,https://myebrochure.co.uk/images/products.hires/prod_13601_61372_166588.jpg,,,,,,,<li>Crew neck with Cotton/ LYCRA&reg; rib</li> <li>Self&#45;fabric back neck tape</li> <li>Shaped side seams for a feminine fit</li> <li>Fine knit gauge for enhanced printability</li> <li><b>Also available in men&#39;s sizes code 61036 and  children&#39;s sizes code 61033 and code 61005</b></li>,61091000,MA
137990,0000001378979,61372,TSHIRT,T-SHIRTS,LSSTSH,Ladies Short Sleeve T-Shirts,FOTL,Fruit Of The Loom,BA0032,41,Burgundy,0008  ,Large,Ladies' Valueweight T,2.23,1,12,72,08/04/2026 09:01:09,C,https://myebrochure.co.uk/images/colours/fotl/fotl-41.jpg,https://myebrochure.co.uk/images/products/prod_13601_61372_166586.jpg,https://myebrochure.co.uk/images/products.small/prod_13601_61372_166586.jpg,https://myebrochure.co.uk/images/products.hires/prod_13601_61372_166586.jpg,https://myebrochure.co.uk/images/brands/fotl_23.png,https://myebrochure.co.uk/images/products.hires/prod_61372_141963.jpg,https://myebrochure.co.uk/images/products.hires/prod_61372_141962.jpg,https://myebrochure.co.uk/images/products.hires/prod_61372_141964.jpg,https://myebrochure.co.uk/images/products.hires/prod_13601_61372_166590.jpg,,,,,,,<li>Crew neck with Cotton/ LYCRA&reg; rib</li> <li>Self&#45;fabric back neck tape</li> <li>Shaped side seams for a feminine fit</li> <li>Fine knit gauge for enhanced printability</li> <li><b>Also available in men&#39;s sizes code 61036 and  children&#39;s sizes code 61033 and code 61005</b></li>,61091000,MA
158524,0000001584295,61372,TSHIRT,T-SHIRTS,LSSTSH,Ladies Short Sleeve T-Shirts,FOTL,Fruit Of The Loom,BA0032,HD,Dark Heather,0008  ,Large,Ladies' Valueweight T,2.23,1,12,72,08/04/2026 09:01:09,C,https://myebrochure.co.uk/images/colours/fotl/fotl-hd.jpg,https://myebrochure.co.uk/images/products/prod_13601_61372_166586.jpg,https://myebrochure.co.uk/images/products.small/prod_13601_61372_166586.jpg,https://myebrochure.co.uk/images/products.hires/prod_13601_61372_166586.jpg,https://myebrochure.co.uk/images/brands/fotl_23.png,https://myebrochure.co.uk/images/products.hires/prod_61372_142029.jpg,https://myebrochure.co.uk/images/products.hires/prod_61372_142028.jpg,https://myebrochure.co.uk/images/products.hires/prod_61372_142030.jpg,,,,,,,,<li>Crew neck with Cotton/ LYCRA&reg; rib</li> <li>Self&#45;fabric back neck tape</li> <li>Shaped side seams for a feminine fit</li> <li>Fine knit gauge for enhanced printability</li> <li><b>Also available in men&#39;s sizes code 61036 and  children&#39;s sizes code 61033 and code 61005</b></li>,61091000,MA
92052,0000000920117,61372,TSHIRT,T-SHIRTS,LSSTSH,Ladies Short Sleeve T-Shirts,FOTL,Fruit Of The Loom,BA0032,AZ,Deep Navy,0008  ,Large,Ladies' Valueweight T,2.23,1,12,72,08/04/2026 09:01:09,C,https://myebrochure.co.uk/images/colours/fotl/fotl-az.jpg,https://myebrochure.co.uk/images/products/prod_13601_61372_166586.jpg,https://myebrochure.co.uk/images/products.small/prod_13601_61372_166586.jpg,https://myebrochure.co.uk/images/products.hires/prod_13601_61372_166586.jpg,https://myebrochure.co.uk/images/brands/fotl_23.png,https://myebrochure.co.uk/images/products.hires/prod_61372_141984.jpg,https://myebrochure.co.uk/images/products.hires/prod_61372_141983.jpg,https://myebrochure.co.uk/images/products.hires/prod_61372_141985.jpg,,,,,,,,<li>Crew neck with Cotton/ LYCRA&reg; rib</li> <li>Self&#45;fabric back neck tape</li> <li>Shaped side seams for a feminine fit</li> <li>Fine knit gauge for enhanced printability</li> <li><b>Also available in men&#39;s sizes code 61036 and  children&#39;s sizes code 61033 and code 61005</b></li>,61091000,MA
92034,0000000919937,61372,TSHIRT,T-SHIRTS,LSSTSH,Ladies Short Sleeve T-Shirts,FOTL,Fruit Of The Loom,BA0032,57,Fuchsia,0008  ,Large,Ladies' Valueweight T,2.23,1,12,72,08/04/2026 09:01:09,C,https://myebrochure.co.uk/images/colours/fotl/fotl-57.jpg,https://myebrochure.co.uk/images/products/prod_13601_61372_166586.jpg,https://myebrochure.co.uk/images/products.small/prod_13601_61372_166586.jpg,https://myebrochure.co.uk/images/products.hires/prod_13601_61372_166586.jpg,https://myebrochure.co.uk/images/brands/fotl_23.png,https://myebrochure.co.uk/images/products.hires/prod_61372_141978.jpg,https://myebrochure.co.uk/images/products.hires/prod_61372_141977.jpg,https://myebrochure.co.uk/images/products.hires/prod_61372_141979.jpg,https://myebrochure.co.uk/images/products.hires/prod_13601_61372_166595.jpg,,,,,,,<li>Crew neck with Cotton/ LYCRA&reg; rib</li> <li>Self&#45;fabric back neck tape</li> <li>Shaped side seams for a feminine fit</li> <li>Fine knit gauge for enhanced printability</li> <li><b>Also available in men&#39;s sizes code 61036 and  children&#39;s sizes code 61033 and code 61005</b></li>,61091000,MA
92046,0000000920056,61372,TSHIRT,T-SHIRTS,LSSTSH,Ladies Short Sleeve T-Shirts,FOTL,Fruit Of The Loom,BA0032,94,Heather Grey,0008  ,Large,Ladies' Valueweight T,2.23,1,12,72,08/04/2026 09:01:09,C,https://myebrochure.co.uk/images/colours/fotl/fotl-94.jpg,https://myebrochure.co.uk/images/products/prod_13601_61372_166586.jpg,https://myebrochure.co.uk/images/products.small/prod_13601_61372_166586.jpg,https://myebrochure.co.uk/images/products.hires/prod_13601_61372_166586.jpg,https://myebrochure.co.uk/images/brands/fotl_23.png,https://myebrochure.co.uk/images/products.hires/prod_61372_141981.jpg,https://myebrochure.co.uk/images/products.hires/prod_61372_141980.jpg,https://myebrochure.co.uk/images/products.hires/prod_61372_141982.jpg,https://myebrochure.co.uk/images/products.hires/prod_13601_61372_166596.jpg,,,,,,,<li>Crew neck with Cotton/ LYCRA&reg; rib</li> <li>Self&#45;fabric back neck tape</li> <li>Shaped side seams for a feminine fit</li> <li>Fine knit gauge for enhanced printability</li> <li><b>Also available in men&#39;s sizes code 61036 and  children&#39;s sizes code 61033 and code 61005</b></li>,61091000,MA
171880,0000001717884,61372,TSHIRT,T-SHIRTS,LSSTSH,Ladies Short Sleeve T-Shirts,FOTL,Fruit Of The Loom,BA0032,HP,Heather Purple,0008  ,Large,Ladies' Valueweight T,2.23,1,12,72,08/04/2026 09:01:09,C,https://myebrochure.co.uk/images/colours/fotl/fotl-hp.jpg,https://myebrochure.co.uk/images/products/prod_13601_61372_166586.jpg,https://myebrochure.co.uk/images/products.small/prod_13601_61372_166586.jpg,https://myebrochure.co.uk/images/products.hires/prod_13601_61372_166586.jpg,https://myebrochure.co.uk/images/brands/fotl_23.png,https://myebrochure.co.uk/images/products.hires/prod_61372_141993.jpg,https://myebrochure.co.uk/images/products.hires/prod_61372_141992.jpg,https://myebrochure.co.uk/images/products.hires/prod_61372_141994.jpg,,,,,,,,<li>Crew neck with Cotton/ LYCRA&reg; rib</li> <li>Self&#45;fabric back neck tape</li> <li>Shaped side seams for a feminine fit</li> <li>Fine knit gauge for enhanced printability</li> <li><b>Also available in men&#39;s sizes code 61036 and  children&#39;s sizes code 61033 and code 61005</b></li>,61091000,MA
92016,0000000919753,61372,TSHIRT,T-SHIRTS,LSSTSH,Ladies Short Sleeve T-Shirts,FOTL,Fruit Of The Loom,BA0032,47,Kelly Green,0008  ,Large,Ladies' Valueweight T,2.23,1,12,72,08/04/2026 09:01:09,C,https://myebrochure.co.uk/images/colours/fotl/fotl-47.jpg,https://myebrochure.co.uk/images/products/prod_13601_61372_166586.jpg,https://myebrochure.co.uk/images/products.small/prod_13601_61372_166586.jpg,https://myebrochure.co.uk/images/products.hires/prod_13601_61372_166586.jpg,https://myebrochure.co.uk/images/brands/fotl_23.png,https://myebrochure.co.uk/images/products.hires/prod_61372_141969.jpg,https://myebrochure.co.uk/images/products.hires/prod_61372_141968.jpg,https://myebrochure.co.uk/images/products.hires/prod_61372_141970.jpg,https://myebrochure.co.uk/images/products.hires/prod_13601_61372_166592.jpg,,,,,,,<li>Crew neck with Cotton/ LYCRA&reg; rib</li> <li>Self&#45;fabric back neck tape</li> <li>Shaped side seams for a feminine fit</li> <li>Fine knit gauge for enhanced printability</li> <li><b>Also available in men&#39;s sizes code 61036 and  children&#39;s sizes code 61033 and code 61005</b></li>,61091000,MA
137996,0000001379037,61372,TSHIRT,T-SHIRTS,LSSTSH,Ladies Short Sleeve T-Shirts,FOTL,Fruit Of The Loom,BA0032,GL,Light Graphite,0008  ,Large,Ladies' Valueweight T,2.23,1,12,72,08/04/2026 09:01:09,C,https://myebrochure.co.uk/images/colours/fotl/fotl-gl.jpg,https://myebrochure.co.uk/images/products/prod_13601_61372_166586.jpg,https://myebrochure.co.uk/images/products.small/prod_13601_61372_166586.jpg,https://myebrochure.co.uk/images/products.hires/prod_13601_61372_166586.jpg,https://myebrochure.co.uk/images/brands/fotl_23.png,https://myebrochure.co.uk/images/products.hires/prod_61372_141987.jpg,https://myebrochure.co.uk/images/products.hires/prod_61372_141986.jpg,https://myebrochure.co.uk/images/products.hires/prod_61372_141988.jpg,,,,,,,,<li>Crew neck with Cotton/ LYCRA&reg; rib</li> <li>Self&#45;fabric back neck tape</li> <li>Shaped side seams for a feminine fit</li> <li>Fine knit gauge for enhanced printability</li> <li><b>Also available in men&#39;s sizes code 61036 and  children&#39;s sizes code 61033 and code 61005</b></li>,61091000,MA
92028,0000000919876,61372,TSHIRT,T-SHIRTS,LSSTSH,Ladies Short Sleeve T-Shirts,FOTL,Fruit Of The Loom,BA0032,LPI,Light Pink,0008  ,Large,Ladies' Valueweight T,2.23,1,12,72,08/04/2026 09:01:09,C,https://myebrochure.co.uk/images/colours/fotl/fotl-lpi.jpg,https://myebrochure.co.uk/images/products/prod_13601_61372_166586.jpg,https://myebrochure.co.uk/images/products.small/prod_13601_61372_166586.jpg,https://myebrochure.co.uk/images/products.hires/prod_13601_61372_166586.jpg,https://myebrochure.co.uk/images/brands/fotl_23.png,https://myebrochure.co.uk/images/products.hires/prod_61372_141975.jpg,https://myebrochure.co.uk/images/products.hires/prod_61372_141974.jpg,https://myebrochure.co.uk/images/products.hires/prod_61372_141976.jpg,https://myebrochure.co.uk/images/products.hires/prod_13601_61372_166594.jpg,,,,,,,<li>Crew neck with Cotton/ LYCRA&reg; rib</li> <li>Self&#45;fabric back neck tape</li> <li>Shaped side seams for a feminine fit</li> <li>Fine knit gauge for enhanced printability</li> <li><b>Also available in men&#39;s sizes code 61036 and  children&#39;s sizes code 61033 and code 61005</b></li>,61091000,MA
158554,0000001584592,61372,TSHIRT,T-SHIRTS,LSSTSH,Ladies Short Sleeve T-Shirts,FOTL,Fruit Of The Loom,BA0032,LM,Lime,0008  ,Large,Ladies' Valueweight T,2.23,1,12,72,08/04/2026 09:01:09,C,https://myebrochure.co.uk/images/colours/fotl/fotl-lm.jpg,https://myebrochure.co.uk/images/products/prod_13601_61372_166586.jpg,https://myebrochure.co.uk/images/products.small/prod_13601_61372_166586.jpg,https://myebrochure.co.uk/images/products.hires/prod_13601_61372_166586.jpg,https://myebrochure.co.uk/images/brands/fotl_23.png,https://myebrochure.co.uk/images/products.hires/prod_61372_141999.jpg,https://myebrochure.co.uk/images/products.hires/prod_61372_141998.jpg,https://myebrochure.co.uk/images/products.hires/prod_61372_142000.jpg,,,,,,,,<li>Crew neck with Cotton/ LYCRA&reg; rib</li> <li>Self&#45;fabric back neck tape</li> <li>Shaped side seams for a feminine fit</li> <li>Fine knit gauge for enhanced printability</li> <li><b>Also available in men&#39;s sizes code 61036 and  children&#39;s sizes code 61033 and code 61005</b></li>,61091000,MA
128929,0000001288919,61372,TSHIRT,T-SHIRTS,LSSTSH,Ladies Short Sleeve T-Shirts,FOTL,Fruit Of The Loom,BA0032,32,Navy Blue,0008  ,Large,Ladies' Valueweight T,2.23,1,12,72,08/04/2026 09:01:09,C,https://myebrochure.co.uk/images/colours/fotl/fotl-32.jpg,https://myebrochure.co.uk/images/products/prod_13601_61372_166586.jpg,https://myebrochure.co.uk/images/products.small/prod_13601_61372_166586.jpg,https://myebrochure.co.uk/images/products.hires/prod_13601_61372_166586.jpg,https://myebrochure.co.uk/images/brands/fotl_23.png,https://myebrochure.co.uk/images/products.hires/prod_61372_141951.jpg,https://myebrochure.co.uk/images/products.hires/prod_61372_141950.jpg,https://myebrochure.co.uk/images/products.hires/prod_61372_141952.jpg,https://myebrochure.co.uk/images/products.hires/prod_61372_142002.jpg,https://myebrochure.co.uk/images/products.hires/prod_61372_142001.jpg,https://myebrochure.co.uk/images/products.hires/prod_61372_142003.jpg,,,,,<li>Crew neck with Cotton/ LYCRA&reg; rib</li> <li>Self&#45;fabric back neck tape</li> <li>Shaped side seams for a feminine fit</li> <li>Fine knit gauge for enhanced printability</li> <li><b>Also available in men&#39;s sizes code 61036 and  children&#39;s sizes code 61033 and code 61005</b></li>,61091000,MA
92010,0000000919692,61372,TSHIRT,T-SHIRTS,LSSTSH,Ladies Short Sleeve T-Shirts,FOTL,Fruit Of The Loom,BA0032,44,Orange,0008  ,Large,Ladies' Valueweight T,2.23,1,12,72,08/04/2026 09:01:09,C,https://myebrochure.co.uk/images/colours/fotl/fotl-44.jpg,https://myebrochure.co.uk/images/products/prod_13601_61372_166586.jpg,https://myebrochure.co.uk/images/products.small/prod_13601_61372_166586.jpg,https://myebrochure.co.uk/images/products.hires/prod_13601_61372_166586.jpg,https://myebrochure.co.uk/images/brands/fotl_23.png,https://myebrochure.co.uk/images/products.hires/prod_61372_141966.jpg,https://myebrochure.co.uk/images/products.hires/prod_61372_141965.jpg,https://myebrochure.co.uk/images/products.hires/prod_61372_141967.jpg,https://myebrochure.co.uk/images/products.hires/prod_13601_61372_166591.jpg,,,,,,,<li>Crew neck with Cotton/ LYCRA&reg; rib</li> <li>Self&#45;fabric back neck tape</li> <li>Shaped side seams for a feminine fit</li> <li>Fine knit gauge for enhanced printability</li> <li><b>Also available in men&#39;s sizes code 61036 and  children&#39;s sizes code 61033 and code 61005</b></li>,61091000,MA
92070,0000000920292,61372,TSHIRT,T-SHIRTS,LSSTSH,Ladies Short Sleeve T-Shirts,FOTL,Fruit Of The Loom,BA0032,PE,Purple,0008  ,Large,Ladies' Valueweight T,2.23,1,12,72,08/04/2026 09:01:09,C,https://myebrochure.co.uk/images/colours/fotl/fotl-pe.jpg,https://myebrochure.co.uk/images/products/prod_13601_61372_166586.jpg,https://myebrochure.co.uk/images/products.small/prod_13601_61372_166586.jpg,https://myebrochure.co.uk/images/products.hires/prod_13601_61372_166586.jpg,https://myebrochure.co.uk/images/brands/fotl_23.png,https://myebrochure.co.uk/images/products.hires/prod_61372_142008.jpg,https://myebrochure.co.uk/images/products.hires/prod_61372_142007.jpg,https://myebrochure.co.uk/images/products.hires/prod_61372_142009.jpg,,,,,,,,<li>Crew neck with Cotton/ LYCRA&reg; rib</li> <li>Self&#45;fabric back neck tape</li> <li>Shaped side seams for a feminine fit</li> <li>Fine knit gauge for enhanced printability</li> <li><b>Also available in men&#39;s sizes code 61036 and  children&#39;s sizes code 61033 and code 61005</b></li>,61091000,MA
92004,0000000919630,61372,TSHIRT,T-SHIRTS,LSSTSH,Ladies Short Sleeve T-Shirts,FOTL,Fruit Of The Loom,BA0032,40,Red,0008  ,Large,Ladies' Valueweight T,2.23,1,12,72,08/04/2026 09:01:09,C,https://myebrochure.co.uk/images/colours/fotl/fotl-40.jpg,https://myebrochure.co.uk/images/products/prod_13601_61372_166586.jpg,https://myebrochure.co.uk/images/products.small/prod_13601_61372_166586.jpg,https://myebrochure.co.uk/images/products.hires/prod_13601_61372_166586.jpg,https://myebrochure.co.uk/images/brands/fotl_23.png,https://myebrochure.co.uk/images/products.hires/prod_61372_141960.jpg,https://myebrochure.co.uk/images/products.hires/prod_61372_141959.jpg,https://myebrochure.co.uk/images/products.hires/prod_61372_141961.jpg,https://myebrochure.co.uk/images/products.hires/prod_13601_61372_166589.jpg,,,,,,,<li>Crew neck with Cotton/ LYCRA&reg; rib</li> <li>Self&#45;fabric back neck tape</li> <li>Shaped side seams for a feminine fit</li> <li>Fine knit gauge for enhanced printability</li> <li><b>Also available in men&#39;s sizes code 61036 and  children&#39;s sizes code 61033 and code 61005</b></li>,61091000,MA
158542,0000001584479,61372,TSHIRT,T-SHIRTS,LSSTSH,Ladies Short Sleeve T-Shirts,FOTL,Fruit Of The Loom,BA0032,RX,Retro Heather Green,0008  ,Large,Ladies' Valueweight T,2.23,1,12,72,08/04/2026 09:01:09,C,https://myebrochure.co.uk/images/colours/fotl/fotl-rx.jpg,https://myebrochure.co.uk/images/products/prod_13601_61372_166586.jpg,https://myebrochure.co.uk/images/products.small/prod_13601_61372_166586.jpg,https://myebrochure.co.uk/images/products.hires/prod_13601_61372_166586.jpg,https://myebrochure.co.uk/images/brands/fotl_23.png,https://myebrochure.co.uk/images/products.hires/prod_61372_142014.jpg,https://myebrochure.co.uk/images/products.hires/prod_61372_142013.jpg,https://myebrochure.co.uk/images/products.hires/prod_61372_142015.jpg,,,,,,,,<li>Crew neck with Cotton/ LYCRA&reg; rib</li> <li>Self&#45;fabric back neck tape</li> <li>Shaped side seams for a feminine fit</li> <li>Fine knit gauge for enhanced printability</li> <li><b>Also available in men&#39;s sizes code 61036 and  children&#39;s sizes code 61033 and code 61005</b></li>,61091000,MA
158536,0000001584417,61372,TSHIRT,T-SHIRTS,LSSTSH,Ladies Short Sleeve T-Shirts,FOTL,Fruit Of The Loom,BA0032,R6,Retro Heather Royal,0008  ,Large,Ladies' Valueweight T,2.23,1,12,72,08/04/2026 09:01:09,C,https://myebrochure.co.uk/images/colours/fotl/fotl-r6.jpg,https://myebrochure.co.uk/images/products/prod_13601_61372_166586.jpg,https://myebrochure.co.uk/images/products.small/prod_13601_61372_166586.jpg,https://myebrochure.co.uk/images/products.hires/prod_13601_61372_166586.jpg,https://myebrochure.co.uk/images/brands/fotl_23.png,https://myebrochure.co.uk/images/products.hires/prod_61372_142011.jpg,https://myebrochure.co.uk/images/products.hires/prod_61372_142010.jpg,https://myebrochure.co.uk/images/products.hires/prod_61372_142012.jpg,,,,,,,,<li>Crew neck with Cotton/ LYCRA&reg; rib</li> <li>Self&#45;fabric back neck tape</li> <li>Shaped side seams for a feminine fit</li> <li>Fine knit gauge for enhanced printability</li> <li><b>Also available in men&#39;s sizes code 61036 and  children&#39;s sizes code 61033 and code 61005</b></li>,61091000,MA
92022,0000000919814,61372,TSHIRT,T-SHIRTS,LSSTSH,Ladies Short Sleeve T-Shirts,FOTL,Fruit Of The Loom,BA0032,51,Royal,0008  ,Large,Ladies' Valueweight T,2.23,1,12,72,08/04/2026 09:01:09,C,https://myebrochure.co.uk/images/colours/fotl/fotl-51.jpg,https://myebrochure.co.uk/images/products/prod_13601_61372_166586.jpg,https://myebrochure.co.uk/images/products.small/prod_13601_61372_166586.jpg,https://myebrochure.co.uk/images/products.hires/prod_13601_61372_166586.jpg,https://myebrochure.co.uk/images/brands/fotl_23.png,https://myebrochure.co.uk/images/products.hires/prod_61372_141972.jpg,https://myebrochure.co.uk/images/products.hires/prod_61372_141971.jpg,https://myebrochure.co.uk/images/products.hires/prod_61372_141973.jpg,https://myebrochure.co.uk/images/products.hires/prod_13601_61372_166593.jpg,,,,,,,<li>Crew neck with Cotton/ LYCRA&reg; rib</li> <li>Self&#45;fabric back neck tape</li> <li>Shaped side seams for a feminine fit</li> <li>Fine knit gauge for enhanced printability</li> <li><b>Also available in men&#39;s sizes code 61036 and  children&#39;s sizes code 61033 and code 61005</b></li>,61091000,MA
92064,0000000920230,61372,TSHIRT,T-SHIRTS,LSSTSH,Ladies Short Sleeve T-Shirts,FOTL,Fruit Of The Loom,BA0032,YT,Sky Blue,0008  ,Large,Ladies' Valueweight T,2.23,1,12,72,08/04/2026 09:01:09,C,https://myebrochure.co.uk/images/colours/fotl/fotl-yt.jpg,https://myebrochure.co.uk/images/products/prod_13601_61372_166586.jpg,https://myebrochure.co.uk/images/products.small/prod_13601_61372_166586.jpg,https://myebrochure.co.uk/images/products.hires/prod_13601_61372_166586.jpg,https://myebrochure.co.uk/images/brands/fotl_23.png,https://myebrochure.co.uk/images/products.hires/prod_61372_142023.jpg,https://myebrochure.co.uk/images/products.hires/prod_61372_142022.jpg,https://myebrochure.co.uk/images/products.hires/prod_61372_142024.jpg,,,,,,,,<li>Crew neck with Cotton/ LYCRA&reg; rib</li> <li>Self&#45;fabric back neck tape</li> <li>Shaped side seams for a feminine fit</li> <li>Fine knit gauge for enhanced printability</li> <li><b>Also available in men&#39;s sizes code 61036 and  children&#39;s sizes code 61033 and code 61005</b></li>,61091000,MA
91986,0000000919456,61372,TSHIRT,T-SHIRTS,LSSTSH,Ladies Short Sleeve T-Shirts,FOTL,Fruit Of The Loom,BA0032,SUN,Sunflower,0008  ,Large,Ladies' Valueweight T,2.23,1,12,72,08/04/2026 09:01:09,C,https://myebrochure.co.uk/images/colours/fotl/fotl-sun.jpg,https://myebrochure.co.uk/images/products/prod_13601_61372_166586.jpg,https://myebrochure.co.uk/images/products.small/prod_13601_61372_166586.jpg,https://myebrochure.co.uk/images/products.hires/prod_13601_61372_166586.jpg,https://myebrochure.co.uk/images/brands/fotl_23.png,https://myebrochure.co.uk/images/products.hires/prod_61372_142005.jpg,https://myebrochure.co.uk/images/products.hires/prod_61372_142004.jpg,https://myebrochure.co.uk/images/products.hires/prod_61372_142006.jpg,,,,,,,,<li>Crew neck with Cotton/ LYCRA&reg; rib</li> <li>Self&#45;fabric back neck tape</li> <li>Shaped side seams for a feminine fit</li> <li>Fine knit gauge for enhanced printability</li> <li><b>Also available in men&#39;s sizes code 61036 and  children&#39;s sizes code 61033 and code 61005</b></li>,61091000,MA
158530,0000001584356,61372,TSHIRT,T-SHIRTS,LSSTSH,Ladies Short Sleeve T-Shirts,FOTL,Fruit Of The Loom,BA0032,VF,Vintage Heather Navy,0008  ,Large,Ladies' Valueweight T,2.23,1,12,72,08/04/2026 09:01:09,C,https://myebrochure.co.uk/images/colours/fotl/fotl-vf.jpg,https://myebrochure.co.uk/images/products/prod_13601_61372_166586.jpg,https://myebrochure.co.uk/images/products.small/prod_13601_61372_166586.jpg,https://myebrochure.co.uk/images/products.hires/prod_13601_61372_166586.jpg,https://myebrochure.co.uk/images/brands/fotl_23.png,https://myebrochure.co.uk/images/products.hires/prod_61372_142017.jpg,https://myebrochure.co.uk/images/products.hires/prod_61372_142016.jpg,https://myebrochure.co.uk/images/products.hires/prod_61372_142018.jpg,,,,,,,,<li>Crew neck with Cotton/ LYCRA&reg; rib</li> <li>Self&#45;fabric back neck tape</li> <li>Shaped side seams for a feminine fit</li> <li>Fine knit gauge for enhanced printability</li> <li><b>Also available in men&#39;s sizes code 61036 and  children&#39;s sizes code 61033 and code 61005</b></li>,61091000,MA
158548,0000001584530,61372,TSHIRT,T-SHIRTS,LSSTSH,Ladies Short Sleeve T-Shirts,FOTL,Fruit Of The Loom,BA0032,VH,Vintage Heather Red,0008  ,Large,Ladies' Valueweight T,2.23,1,12,72,08/04/2026 09:01:09,C,https://myebrochure.co.uk/images/colours/fotl/fotl-vh.jpg,https://myebrochure.co.uk/images/products/prod_13601_61372_166586.jpg,https://myebrochure.co.uk/images/products.small/prod_13601_61372_166586.jpg,https://myebrochure.co.uk/images/products.hires/prod_13601_61372_166586.jpg,https://myebrochure.co.uk/images/brands/fotl_23.png,https://myebrochure.co.uk/images/products.hires/prod_61372_142020.jpg,https://myebrochure.co.uk/images/products.hires/prod_61372_142019.jpg,https://myebrochure.co.uk/images/products.hires/prod_61372_142021.jpg,,,,,,,,<li>Crew neck with Cotton/ LYCRA&reg; rib</li> <li>Self&#45;fabric back neck tape</li> <li>Shaped side seams for a feminine fit</li> <li>Fine knit gauge for enhanced printability</li> <li><b>Also available in men&#39;s sizes code 61036 and  children&#39;s sizes code 61033 and code 61005</b></li>,61091000,MA
91980,0000000919395,61372,TSHIRT,T-SHIRTS,LSSTSH,Ladies Short Sleeve T-Shirts,FOTL,Fruit Of The Loom,BA0032,30,White,0008  ,Large,Ladies' Valueweight T,1.78,1,12,72,08/04/2026 09:01:09,C,https://myebrochure.co.uk/images/colours/fotl/fotl-30.jpg,https://myebrochure.co.uk/images/products/prod_13601_61372_166586.jpg,https://myebrochure.co.uk/images/products.small/prod_13601_61372_166586.jpg,https://myebrochure.co.uk/images/products.hires/prod_13601_61372_166586.jpg,https://myebrochure.co.uk/images/brands/fotl_23.png,https://myebrochure.co.uk/images/products.hires/prod_61372_141948.jpg,https://myebrochure.co.uk/images/products.hires/prod_61372_141947.jpg,https://myebrochure.co.uk/images/products.hires/prod_61372_141949.jpg,https://myebrochure.co.uk/images/products.hires/prod_13601_61372_166584.jpg,,,,,,,<li>Crew neck with Cotton/ LYCRA&reg; rib</li> <li>Self&#45;fabric back neck tape</li> <li>Shaped side seams for a feminine fit</li> <li>Fine knit gauge for enhanced printability</li> <li><b>Also available in men&#39;s sizes code 61036 and  children&#39;s sizes code 61033 and code 61005</b></li>,61091000,MA
138002,0000001379099,61372,TSHIRT,T-SHIRTS,LSSTSH,Ladies Short Sleeve T-Shirts,FOTL,Fruit Of The Loom,BA0032,K2,Yellow,0008  ,Large,Ladies' Valueweight T,2.23,1,12,72,08/04/2026 09:01:09,C,https://myebrochure.co.uk/images/colours/fotl/fotl-k2.jpg,https://myebrochure.co.uk/images/products/prod_13601_61372_166586.jpg,https://myebrochure.co.uk/images/products.small/prod_13601_61372_166586.jpg,https://myebrochure.co.uk/images/products.hires/prod_13601_61372_166586.jpg,https://myebrochure.co.uk/images/brands/fotl_23.png,https://myebrochure.co.uk/images/products.hires/prod_61372_141996.jpg,https://myebrochure.co.uk/images/products.hires/prod_61372_141995.jpg,https://myebrochure.co.uk/images/products.hires/prod_61372_141997.jpg,,,,,,,,<li>Crew neck with Cotton/ LYCRA&reg; rib</li> <li>Self&#45;fabric back neck tape</li> <li>Shaped side seams for a feminine fit</li> <li>Fine knit gauge for enhanced printability</li> <li><b>Also available in men&#39;s sizes code 61036 and  children&#39;s sizes code 61033 and code 61005</b></li>,61091000,MA
138610,0000001385175,61420,TSHIRT,T-SHIRTS,MSSTSH,MENS SHORT SLEEVE T-SHIRT,FOTL,Fruit Of The Loom,MS0185,36,Black,0008  ,Large,Ladies' Original T,2.00,1,12,72,08/04/2026 09:04:23,C,https://myebrochure.co.uk/images/colours/fotl/fotl-36.jpg,https://myebrochure.co.uk/images/products/prod_61420_142140.jpg,https://myebrochure.co.uk/images/products.small/prod_61420_142140.jpg,https://myebrochure.co.uk/images/products.hires/prod_61420_142140.jpg,https://myebrochure.co.uk/images/brands/fotl_23.png,https://myebrochure.co.uk/images/products.hires/prod_61420_142149.jpg,https://myebrochure.co.uk/images/products.hires/prod_61420_142148.jpg,https://myebrochure.co.uk/images/products.hires/prod_61420_142150.jpg,,,,,,,,<li>Rib crew neck with self-fabric back neck tape</li> <li>Shaped side seams for a feminine fit</li> <li>Fine knit gauge for enhanced printability</li> <li><b>Also available in men&#39;s sizes code 61082 and children&#39;s size code 61019</b></li>,61091000,MA
117385,0000001173499,61420,TSHIRT,T-SHIRTS,MSSTSH,MENS SHORT SLEEVE T-SHIRT,FOTL,Fruit Of The Loom,MS0185,57,Fuchsia,0008  ,Large,Ladies' Original T,2.00,1,12,72,08/04/2026 09:04:23,C,https://myebrochure.co.uk/images/colours/fotl/fotl-57.jpg,https://myebrochure.co.uk/images/products/prod_61420_142140.jpg,https://myebrochure.co.uk/images/products.small/prod_61420_142140.jpg,https://myebrochure.co.uk/images/products.hires/prod_61420_142140.jpg,https://myebrochure.co.uk/images/brands/fotl_23.png,https://myebrochure.co.uk/images/products.hires/prod_61420_142170.jpg,https://myebrochure.co.uk/images/products.hires/prod_61420_142169.jpg,https://myebrochure.co.uk/images/products.hires/prod_61420_142171.jpg,,,,,,,,<li>Rib crew neck with self-fabric back neck tape</li> <li>Shaped side seams for a feminine fit</li> <li>Fine knit gauge for enhanced printability</li> <li><b>Also available in men&#39;s sizes code 61082 and children&#39;s size code 61019</b></li>,61091000,MA
117391,0000001173550,61420,TSHIRT,T-SHIRTS,MSSTSH,MENS SHORT SLEEVE T-SHIRT,FOTL,Fruit Of The Loom,MS0185,94,Heather Grey,0008  ,Large,Ladies' Original T,2.00,1,12,72,08/04/2026 09:04:23,C,https://myebrochure.co.uk/images/colours/fotl/fotl-94.jpg,https://myebrochure.co.uk/images/products/prod_61420_142140.jpg,https://myebrochure.co.uk/images/products.small/prod_61420_142140.jpg,https://myebrochure.co.uk/images/products.hires/prod_61420_142140.jpg,https://myebrochure.co.uk/images/brands/fotl_23.png,https://myebrochure.co.uk/images/products.hires/prod_61420_142176.jpg,https://myebrochure.co.uk/images/products.hires/prod_61420_142175.jpg,https://myebrochure.co.uk/images/products.hires/prod_61420_142177.jpg,https://myebrochure.co.uk/images/products.hires/prod_12401_61420_166616.jpg,,,,,,,<li>Rib crew neck with self-fabric back neck tape</li> <li>Shaped side seams for a feminine fit</li> <li>Fine knit gauge for enhanced printability</li> <li><b>Also available in men&#39;s sizes code 61082 and children&#39;s size code 61019</b></li>,61091000,MA
117409,0000001173734,61420,TSHIRT,T-SHIRTS,MSSTSH,MENS SHORT SLEEVE T-SHIRT,FOTL,Fruit Of The Loom,MS0185,40,Red,0008  ,Large,Ladies' Original T,2.00,1,12,72,08/04/2026 09:04:23,C,https://myebrochure.co.uk/images/colours/fotl/fotl-40.jpg,https://myebrochure.co.uk/images/products/prod_61420_142140.jpg,https://myebrochure.co.uk/images/products.small/prod_61420_142140.jpg,https://myebrochure.co.uk/images/products.hires/prod_61420_142140.jpg,https://myebrochure.co.uk/images/brands/fotl_23.png,https://myebrochure.co.uk/images/products.hires/prod_61420_142155.jpg,https://myebrochure.co.uk/images/products.hires/prod_61420_142154.jpg,https://myebrochure.co.uk/images/products.hires/prod_61420_142156.jpg,,,,,,,,<li>Rib crew neck with self-fabric back neck tape</li> <li>Shaped side seams for a feminine fit</li> <li>Fine knit gauge for enhanced printability</li> <li><b>Also available in men&#39;s sizes code 61082 and children&#39;s size code 61019</b></li>,61091000,MA
117415,0000001173796,61420,TSHIRT,T-SHIRTS,MSSTSH,MENS SHORT SLEEVE T-SHIRT,FOTL,Fruit Of The Loom,MS0185,51,Royal,0008  ,Large,Ladies' Original T,2.00,1,12,72,08/04/2026 09:04:23,C,https://myebrochure.co.uk/images/colours/fotl/fotl-51.jpg,https://myebrochure.co.uk/images/products/prod_61420_142140.jpg,https://myebrochure.co.uk/images/products.small/prod_61420_142140.jpg,https://myebrochure.co.uk/images/products.hires/prod_61420_142140.jpg,https://myebrochure.co.uk/images/brands/fotl_23.png,https://myebrochure.co.uk/images/products.hires/prod_61420_142167.jpg,https://myebrochure.co.uk/images/products.hires/prod_61420_142166.jpg,https://myebrochure.co.uk/images/products.hires/prod_61420_142168.jpg,https://myebrochure.co.uk/images/products.hires/prod_12401_61420_166614.jpg,,,,,,,<li>Rib crew neck with self-fabric back neck tape</li> <li>Shaped side seams for a feminine fit</li> <li>Fine knit gauge for enhanced printability</li> <li><b>Also available in men&#39;s sizes code 61082 and children&#39;s size code 61019</b></li>,61091000,MA
117421,0000001173857,61420,TSHIRT,T-SHIRTS,MSSTSH,MENS SHORT SLEEVE T-SHIRT,FOTL,Fruit Of The Loom,MS0185,30,White,0008  ,Large,Ladies' Original T,1.57,1,12,72,08/04/2026 09:04:23,C,https://myebrochure.co.uk/images/colours/fotl/fotl-30.jpg,https://myebrochure.co.uk/images/products/prod_61420_142140.jpg,https://myebrochure.co.uk/images/products.small/prod_61420_142140.jpg,https://myebrochure.co.uk/images/products.hires/prod_61420_142140.jpg,https://myebrochure.co.uk/images/brands/fotl_23.png,https://myebrochure.co.uk/images/products.hires/prod_61420_142139.jpg,https://myebrochure.co.uk/images/products.hires/prod_61420_142141.jpg,,,,,,,,,<li>Rib crew neck with self-fabric back neck tape</li> <li>Shaped side seams for a feminine fit</li> <li>Fine knit gauge for enhanced printability</li> <li><b>Also available in men&#39;s sizes code 61082 and children&#39;s size code 61019</b></li>,61091000,MA
197034,0000001970166,61432,TSHIRT,T-SHIRTS,MSSTSH,MENS SHORT SLEEVE T-SHIRT,FOTL,Fruit Of The Loom,ME0029,9K,Athletic Heather,0008  ,Large,Ladies' Iconic 150 T,2.09,1,12,72,31/03/2026 23:45:05,C,https://myebrochure.co.uk/images/colours/fotl/fotl-9k.jpg,https://myebrochure.co.uk/images/products/prod_11201_61432_166623.jpg,https://myebrochure.co.uk/images/products.small/prod_11201_61432_166623.jpg,https://myebrochure.co.uk/images/products.hires/prod_11201_61432_166623.jpg,https://myebrochure.co.uk/images/brands/fotl_23.png,https://myebrochure.co.uk/images/products.hires/prod_11201_61432_153584.jpg,https://myebrochure.co.uk/images/products.hires/prod_11201_61432_153583.jpg,https://myebrochure.co.uk/images/products.hires/prod_11201_61432_153585.jpg,,,,,,,,"<li>100&#37; combed ringspun cotton</li> <li>Soft hand feel</li> <li>Shaped side seams for a feminine fit</li> <li>Narrow crew neck with 1x1 rib</li> <li>Self-fabric back neck tape</li> <li>New tear away back neck label</li> <li><b>Also available in men&#39;s sizes code 61430, kids sizes code 61023 and girl&#39;s sizes code 61025</b></li>",61091000,MA
200597,0000002005829,61432,TSHIRT,T-SHIRTS,MSSTSH,MENS SHORT SLEEVE T-SHIRT,FOTL,Fruit Of The Loom,ME0029,ZU,Azure Blue,0008  ,Large,Ladies' Iconic 150 T,2.09,1,12,72,31/03/2026 23:45:05,C,https://myebrochure.co.uk/images/colours/fotl/fotl-zu.jpg,https://myebrochure.co.uk/images/products/prod_11201_61432_166623.jpg,https://myebrochure.co.uk/images/products.small/prod_11201_61432_166623.jpg,https://myebrochure.co.uk/images/products.hires/prod_11201_61432_166623.jpg,https://myebrochure.co.uk/images/brands/fotl_23.png,https://myebrochure.co.uk/images/products.hires/prod_11201_61432_157250.jpg,https://myebrochure.co.uk/images/products.hires/prod_11201_61432_157249.jpg,https://myebrochure.co.uk/images/products.hires/prod_11201_61432_157251.jpg,,,,,,,,"<li>100&#37; combed ringspun cotton</li> <li>Soft hand feel</li> <li>Shaped side seams for a feminine fit</li> <li>Narrow crew neck with 1x1 rib</li> <li>Self-fabric back neck tape</li> <li>New tear away back neck label</li> <li><b>Also available in men&#39;s sizes code 61430, kids sizes code 61023 and girl&#39;s sizes code 61025</b></li>",61091000,MA
172072,0000001719802,61432,TSHIRT,T-SHIRTS,MSSTSH,MENS SHORT SLEEVE T-SHIRT,FOTL,Fruit Of The Loom,ME0029,36,Black,0008  ,Large,Ladies' Iconic 150 T,2.09,1,12,72,31/03/2026 23:45:05,C,https://myebrochure.co.uk/images/colours/fotl/fotl-36.jpg,https://myebrochure.co.uk/images/products/prod_11201_61432_166623.jpg,https://myebrochure.co.uk/images/products.small/prod_11201_61432_166623.jpg,https://myebrochure.co.uk/images/products.hires/prod_11201_61432_166623.jpg,https://myebrochure.co.uk/images/brands/fotl_23.png,https://myebrochure.co.uk/images/products.hires/prod_11201_61432_166624.jpg,https://myebrochure.co.uk/images/products.hires/prod_61432_131641.jpg,https://myebrochure.co.uk/images/products.hires/prod_61432_131639.jpg,https://myebrochure.co.uk/images/products.hires/prod_61432_131640.jpg,,,,,,,"<li>100&#37; combed ringspun cotton</li> <li>Soft hand feel</li> <li>Shaped side seams for a feminine fit</li> <li>Narrow crew neck with 1x1 rib</li> <li>Self-fabric back neck tape</li> <li>New tear away back neck label</li> <li><b>Also available in men&#39;s sizes code 61430, kids sizes code 61023 and girl&#39;s sizes code 61025</b></li>",61091000,MA
183675,0000001835960,61432,TSHIRT,T-SHIRTS,MSSTSH,MENS SHORT SLEEVE T-SHIRT,FOTL,Fruit Of The Loom,ME0029,41,Burgundy,0008  ,Large,Ladies' Iconic 150 T,2.09,1,12,72,31/03/2026 23:45:05,C,https://myebrochure.co.uk/images/colours/fotl/fotl-41.jpg,https://myebrochure.co.uk/images/products/prod_11201_61432_166623.jpg,https://myebrochure.co.uk/images/products.small/prod_11201_61432_166623.jpg,https://myebrochure.co.uk/images/products.hires/prod_11201_61432_166623.jpg,https://myebrochure.co.uk/images/brands/fotl_23.png,https://myebrochure.co.uk/images/products.hires/prod_11201_61432_166625.jpg,https://myebrochure.co.uk/images/products.hires/prod_11201_61432_154269.jpg,https://myebrochure.co.uk/images/products.hires/prod_11201_61432_154270.jpg,https://myebrochure.co.uk/images/products.hires/prod_11201_61432_154271.jpg,,,,,,,"<li>100&#37; combed ringspun cotton</li> <li>Soft hand feel</li> <li>Shaped side seams for a feminine fit</li> <li>Narrow crew neck with 1x1 rib</li> <li>Self-fabric back neck tape</li> <li>New tear away back neck label</li> <li><b>Also available in men&#39;s sizes code 61430, kids sizes code 61023 and girl&#39;s sizes code 61025</b></li>",61091000,MA
172102,0000001720105,61432,TSHIRT,T-SHIRTS,MSSTSH,MENS SHORT SLEEVE T-SHIRT,FOTL,Fruit Of The Loom,ME0029,59,Classic Olive,0008  ,Large,Ladies' Iconic 150 T,2.09,1,12,72,31/03/2026 23:45:05,C,https://myebrochure.co.uk/images/colours/fotl/fotl-59.jpg,https://myebrochure.co.uk/images/products/prod_11201_61432_166623.jpg,https://myebrochure.co.uk/images/products.small/prod_11201_61432_166623.jpg,https://myebrochure.co.uk/images/products.hires/prod_11201_61432_166623.jpg,https://myebrochure.co.uk/images/brands/fotl_23.png,https://myebrochure.co.uk/images/products.hires/prod_61432_131656.jpg,https://myebrochure.co.uk/images/products.hires/prod_61432_131654.jpg,https://myebrochure.co.uk/images/products.hires/prod_61432_131655.jpg,,,,,,,,"<li>100&#37; combed ringspun cotton</li> <li>Soft hand feel</li> <li>Shaped side seams for a feminine fit</li> <li>Narrow crew neck with 1x1 rib</li> <li>Self-fabric back neck tape</li> <li>New tear away back neck label</li> <li><b>Also available in men&#39;s sizes code 61430, kids sizes code 61023 and girl&#39;s sizes code 61025</b></li>",61091000,MA
172132,0000001720402,61432,TSHIRT,T-SHIRTS,MSSTSH,MENS SHORT SLEEVE T-SHIRT,FOTL,Fruit Of The Loom,ME0029,AZ,Deep Navy,0008  ,Large,Ladies' Iconic 150 T,2.09,1,12,72,31/03/2026 23:45:05,C,https://myebrochure.co.uk/images/colours/fotl/fotl-az.jpg,https://myebrochure.co.uk/images/products/prod_11201_61432_166623.jpg,https://myebrochure.co.uk/images/products.small/prod_11201_61432_166623.jpg,https://myebrochure.co.uk/images/products.hires/prod_11201_61432_166623.jpg,https://myebrochure.co.uk/images/brands/fotl_23.png,https://myebrochure.co.uk/images/products.hires/prod_61432_131665.jpg,https://myebrochure.co.uk/images/products.hires/prod_61432_131663.jpg,https://myebrochure.co.uk/images/products.hires/prod_61432_131664.jpg,,,,,,,,"<li>100&#37; combed ringspun cotton</li> <li>Soft hand feel</li> <li>Shaped side seams for a feminine fit</li> <li>Narrow crew neck with 1x1 rib</li> <li>Self-fabric back neck tape</li> <li>New tear away back neck label</li> <li><b>Also available in men&#39;s sizes code 61430, kids sizes code 61023 and girl&#39;s sizes code 61025</b></li>",61091000,MA
172144,0000001720525,61432,TSHIRT,T-SHIRTS,MSSTSH,MENS SHORT SLEEVE T-SHIRT,FOTL,Fruit Of The Loom,ME0029,TM,Forest Green,0008  ,Large,Ladies' Iconic 150 T,2.09,1,12,72,31/03/2026 23:45:05,C,https://myebrochure.co.uk/images/colours/fotl/fotl-tm.jpg,https://myebrochure.co.uk/images/products/prod_11201_61432_166623.jpg,https://myebrochure.co.uk/images/products.small/prod_11201_61432_166623.jpg,https://myebrochure.co.uk/images/products.hires/prod_11201_61432_166623.jpg,https://myebrochure.co.uk/images/brands/fotl_23.png,https://myebrochure.co.uk/images/products.hires/prod_61432_131692.jpg,https://myebrochure.co.uk/images/products.hires/prod_61432_131690.jpg,https://myebrochure.co.uk/images/products.hires/prod_61432_131691.jpg,,,,,,,,"<li>100&#37; combed ringspun cotton</li> <li>Soft hand feel</li> <li>Shaped side seams for a feminine fit</li> <li>Narrow crew neck with 1x1 rib</li> <li>Self-fabric back neck tape</li> <li>New tear away back neck label</li> <li><b>Also available in men&#39;s sizes code 61430, kids sizes code 61023 and girl&#39;s sizes code 61025</b></li>",61091000,MA
172096,0000001720044,61432,TSHIRT,T-SHIRTS,MSSTSH,MENS SHORT SLEEVE T-SHIRT,FOTL,Fruit Of The Loom,ME0029,57,Fuchsia,0008  ,Large,Ladies' Iconic 150 T,2.09,1,12,72,31/03/2026 23:45:05,C,https://myebrochure.co.uk/images/colours/fotl/fotl-57.jpg,https://myebrochure.co.uk/images/products/prod_11201_61432_166623.jpg,https://myebrochure.co.uk/images/products.small/prod_11201_61432_166623.jpg,https://myebrochure.co.uk/images/products.hires/prod_11201_61432_166623.jpg,https://myebrochure.co.uk/images/brands/fotl_23.png,https://myebrochure.co.uk/images/products.hires/prod_61432_131653.jpg,https://myebrochure.co.uk/images/products.hires/prod_61432_131651.jpg,https://myebrochure.co.uk/images/products.hires/prod_61432_131652.jpg,,,,,,,,"<li>100&#37; combed ringspun cotton</li> <li>Soft hand feel</li> <li>Shaped side seams for a feminine fit</li> <li>Narrow crew neck with 1x1 rib</li> <li>Self-fabric back neck tape</li> <li>New tear away back neck label</li> <li><b>Also available in men&#39;s sizes code 61430, kids sizes code 61023 and girl&#39;s sizes code 61025</b></li>",61091000,MA
172168,0000001720761,61432,TSHIRT,T-SHIRTS,MSSTSH,MENS SHORT SLEEVE T-SHIRT,FOTL,Fruit Of The Loom,ME0029,H1,Heather Burgundy,0008  ,Large,Ladies' Iconic 150 T,2.09,1,12,72,31/03/2026 23:45:05,C,https://myebrochure.co.uk/images/colours/fotl/fotl-h1.jpg,https://myebrochure.co.uk/images/products/prod_11201_61432_166623.jpg,https://myebrochure.co.uk/images/products.small/prod_11201_61432_166623.jpg,https://myebrochure.co.uk/images/products.hires/prod_11201_61432_166623.jpg,https://myebrochure.co.uk/images/brands/fotl_23.png,https://myebrochure.co.uk/images/products.hires/prod_61432_131677.jpg,https://myebrochure.co.uk/images/products.hires/prod_61432_131675.jpg,https://myebrochure.co.uk/images/products.hires/prod_61432_131676.jpg,,,,,,,,"<li>100&#37; combed ringspun cotton</li> <li>Soft hand feel</li> <li>Shaped side seams for a feminine fit</li> <li>Narrow crew neck with 1x1 rib</li> <li>Self-fabric back neck tape</li> <li>New tear away back neck label</li> <li><b>Also available in men&#39;s sizes code 61430, kids sizes code 61023 and girl&#39;s sizes code 61025</b></li>",61091000,MA
172126,0000001720341,61432,TSHIRT,T-SHIRTS,MSSTSH,MENS SHORT SLEEVE T-SHIRT,FOTL,Fruit Of The Loom,ME0029,94,Heather Grey,0008  ,Large,Ladies' Iconic 150 T,2.09,1,12,72,31/03/2026 23:45:05,C,https://myebrochure.co.uk/images/colours/fotl/fotl-94.jpg,https://myebrochure.co.uk/images/products/prod_11201_61432_166623.jpg,https://myebrochure.co.uk/images/products.small/prod_11201_61432_166623.jpg,https://myebrochure.co.uk/images/products.hires/prod_11201_61432_166623.jpg,https://myebrochure.co.uk/images/brands/fotl_23.png,https://myebrochure.co.uk/images/products.hires/prod_61432_131662.jpg,https://myebrochure.co.uk/images/products.hires/prod_61432_131660.jpg,https://myebrochure.co.uk/images/products.hires/prod_61432_131661.jpg,,,,,,,,"<li>100&#37; combed ringspun cotton</li> <li>Soft hand feel</li> <li>Shaped side seams for a feminine fit</li> <li>Narrow crew neck with 1x1 rib</li> <li>Self-fabric back neck tape</li> <li>New tear away back neck label</li> <li><b>Also available in men&#39;s sizes code 61430, kids sizes code 61023 and girl&#39;s sizes code 61025</b></li>",61091000,MA
172162,0000001720709,61432,TSHIRT,T-SHIRTS,MSSTSH,MENS SHORT SLEEVE T-SHIRT,FOTL,Fruit Of The Loom,ME0029,HP,Heather Purple,0008  ,Large,Ladies' Iconic 150 T,2.09,1,12,72,31/03/2026 23:45:05,C,https://myebrochure.co.uk/images/colours/fotl/fotl-hp.jpg,https://myebrochure.co.uk/images/products/prod_11201_61432_166623.jpg,https://myebrochure.co.uk/images/products.small/prod_11201_61432_166623.jpg,https://myebrochure.co.uk/images/products.hires/prod_11201_61432_166623.jpg,https://myebrochure.co.uk/images/brands/fotl_23.png,https://myebrochure.co.uk/images/products.hires/prod_61432_131683.jpg,https://myebrochure.co.uk/images/products.hires/prod_61432_131681.jpg,https://myebrochure.co.uk/images/products.hires/prod_61432_131682.jpg,,,,,,,,"<li>100&#37; combed ringspun cotton</li> <li>Soft hand feel</li> <li>Shaped side seams for a feminine fit</li> <li>Narrow crew neck with 1x1 rib</li> <li>Self-fabric back neck tape</li> <li>New tear away back neck label</li> <li><b>Also available in men&#39;s sizes code 61430, kids sizes code 61023 and girl&#39;s sizes code 61025</b></li>",61091000,MA
172084,0000001719925,61432,TSHIRT,T-SHIRTS,MSSTSH,MENS SHORT SLEEVE T-SHIRT,FOTL,Fruit Of The Loom,ME0029,47,Kelly Green,0008  ,Large,Ladies' Iconic 150 T,2.09,1,12,72,31/03/2026 23:45:05,C,https://myebrochure.co.uk/images/colours/fotl/fotl-47.jpg,https://myebrochure.co.uk/images/products/prod_11201_61432_166623.jpg,https://myebrochure.co.uk/images/products.small/prod_11201_61432_166623.jpg,https://myebrochure.co.uk/images/products.hires/prod_11201_61432_166623.jpg,https://myebrochure.co.uk/images/brands/fotl_23.png,https://myebrochure.co.uk/images/products.hires/prod_11201_61432_166626.jpg,https://myebrochure.co.uk/images/products.hires/prod_61432_131647.jpg,https://myebrochure.co.uk/images/products.hires/prod_61432_131645.jpg,https://myebrochure.co.uk/images/products.hires/prod_61432_131646.jpg,,,,,,,"<li>100&#37; combed ringspun cotton</li> <li>Soft hand feel</li> <li>Shaped side seams for a feminine fit</li> <li>Narrow crew neck with 1x1 rib</li> <li>Self-fabric back neck tape</li> <li>New tear away back neck label</li> <li><b>Also available in men&#39;s sizes code 61430, kids sizes code 61023 and girl&#39;s sizes code 61025</b></li>",61091000,MA
172138,0000001720464,61432,TSHIRT,T-SHIRTS,MSSTSH,MENS SHORT SLEEVE T-SHIRT,FOTL,Fruit Of The Loom,ME0029,GL,Light Graphite,0008  ,Large,Ladies' Iconic 150 T,2.09,1,12,72,31/03/2026 23:45:05,C,https://myebrochure.co.uk/images/colours/fotl/fotl-gl.jpg,https://myebrochure.co.uk/images/products/prod_11201_61432_166623.jpg,https://myebrochure.co.uk/images/products.small/prod_11201_61432_166623.jpg,https://myebrochure.co.uk/images/products.hires/prod_11201_61432_166623.jpg,https://myebrochure.co.uk/images/brands/fotl_23.png,https://myebrochure.co.uk/images/products.hires/prod_61432_131674.jpg,https://myebrochure.co.uk/images/products.hires/prod_61432_131672.jpg,https://myebrochure.co.uk/images/products.hires/prod_61432_131673.jpg,,,,,,,,"<li>100&#37; combed ringspun cotton</li> <li>Soft hand feel</li> <li>Shaped side seams for a feminine fit</li> <li>Narrow crew neck with 1x1 rib</li> <li>Self-fabric back neck tape</li> <li>New tear away back neck label</li> <li><b>Also available in men&#39;s sizes code 61430, kids sizes code 61023 and girl&#39;s sizes code 61025</b></li>",61091000,MA
172108,0000001720167,61432,TSHIRT,T-SHIRTS,MSSTSH,MENS SHORT SLEEVE T-SHIRT,FOTL,Fruit Of The Loom,ME0029,60,Natural,0008  ,Large,Ladies' Iconic 150 T,1.65,1,12,72,31/03/2026 23:45:05,C,https://myebrochure.co.uk/images/colours/fotl/fotl-60.jpg,https://myebrochure.co.uk/images/products/prod_11201_61432_166623.jpg,https://myebrochure.co.uk/images/products.small/prod_11201_61432_166623.jpg,https://myebrochure.co.uk/images/products.hires/prod_11201_61432_166623.jpg,https://myebrochure.co.uk/images/brands/fotl_23.png,https://myebrochure.co.uk/images/products.hires/prod_61432_131659.jpg,https://myebrochure.co.uk/images/products.hires/prod_61432_131657.jpg,https://myebrochure.co.uk/images/products.hires/prod_61432_131658.jpg,,,,,,,,"<li>100&#37; combed ringspun cotton</li> <li>Soft hand feel</li> <li>Shaped side seams for a feminine fit</li> <li>Narrow crew neck with 1x1 rib</li> <li>Self-fabric back neck tape</li> <li>New tear away back neck label</li> <li><b>Also available in men&#39;s sizes code 61430, kids sizes code 61023 and girl&#39;s sizes code 61025</b></li>",61091000,MA
183669,0000001835908,61432,TSHIRT,T-SHIRTS,MSSTSH,MENS SHORT SLEEVE T-SHIRT,FOTL,Fruit Of The Loom,ME0029,32,Navy Blue,0008  ,Large,Ladies' Iconic 150 T,2.09,1,12,72,31/03/2026 23:45:05,C,https://myebrochure.co.uk/images/colours/fotl/fotl-32.jpg,https://myebrochure.co.uk/images/products/prod_11201_61432_166623.jpg,https://myebrochure.co.uk/images/products.small/prod_11201_61432_166623.jpg,https://myebrochure.co.uk/images/products.hires/prod_11201_61432_166623.jpg,https://myebrochure.co.uk/images/brands/fotl_23.png,https://myebrochure.co.uk/images/products.hires/prod_11201_61432_149212.jpg,https://myebrochure.co.uk/images/products.hires/prod_11201_61432_149210.jpg,https://myebrochure.co.uk/images/products.hires/prod_11201_61432_149213.jpg,,,,,,,,"<li>100&#37; combed ringspun cotton</li> <li>Soft hand feel</li> <li>Shaped side seams for a feminine fit</li> <li>Narrow crew neck with 1x1 rib</li> <li>Self-fabric back neck tape</li> <li>New tear away back neck label</li> <li><b>Also available in men&#39;s sizes code 61430, kids sizes code 61023 and girl&#39;s sizes code 61025</b></li>",61091000,MA
183681,0000001836028,61432,TSHIRT,T-SHIRTS,MSSTSH,MENS SHORT SLEEVE T-SHIRT,FOTL,Fruit Of The Loom,ME0029,NE,Neomint,0008  ,Large,Ladies' Iconic 150 T,2.09,1,12,72,31/03/2026 23:45:05,C,https://myebrochure.co.uk/images/colours/fotl/fotl-ne.jpg,https://myebrochure.co.uk/images/products/prod_11201_61432_166623.jpg,https://myebrochure.co.uk/images/products.small/prod_11201_61432_166623.jpg,https://myebrochure.co.uk/images/products.hires/prod_11201_61432_166623.jpg,https://myebrochure.co.uk/images/brands/fotl_23.png,https://myebrochure.co.uk/images/products.hires/prod_11201_61432_149217.jpg,https://myebrochure.co.uk/images/products.hires/prod_11201_61432_149215.jpg,https://myebrochure.co.uk/images/products.hires/prod_11201_61432_149219.jpg,,,,,,,,"<li>100&#37; combed ringspun cotton</li> <li>Soft hand feel</li> <li>Shaped side seams for a feminine fit</li> <li>Narrow crew neck with 1x1 rib</li> <li>Self-fabric back neck tape</li> <li>New tear away back neck label</li> <li><b>Also available in men&#39;s sizes code 61430, kids sizes code 61023 and girl&#39;s sizes code 61025</b></li>",61091000,MA
200603,0000002005881,61432,TSHIRT,T-SHIRTS,MSSTSH,MENS SHORT SLEEVE T-SHIRT,FOTL,Fruit Of The Loom,ME0029,PR,Powder Rose,0008  ,Large,Ladies' Iconic 150 T,2.09,1,12,72,31/03/2026 23:45:05,C,https://myebrochure.co.uk/images/colours/fotl/fotl-pr.jpg,https://myebrochure.co.uk/images/products/prod_11201_61432_166623.jpg,https://myebrochure.co.uk/images/products.small/prod_11201_61432_166623.jpg,https://myebrochure.co.uk/images/products.hires/prod_11201_61432_166623.jpg,https://myebrochure.co.uk/images/brands/fotl_23.png,https://myebrochure.co.uk/images/products.hires/prod_11201_61432_157244.jpg,https://myebrochure.co.uk/images/products.hires/prod_11201_61432_157243.jpg,https://myebrochure.co.uk/images/products.hires/prod_11201_61432_157245.jpg,,,,,,,,"<li>100&#37; combed ringspun cotton</li> <li>Soft hand feel</li> <li>Shaped side seams for a feminine fit</li> <li>Narrow crew neck with 1x1 rib</li> <li>Self-fabric back neck tape</li> <li>New tear away back neck label</li> <li><b>Also available in men&#39;s sizes code 61430, kids sizes code 61023 and girl&#39;s sizes code 61025</b></li>",61091000,MA
172078,0000001719864,61432,TSHIRT,T-SHIRTS,MSSTSH,MENS SHORT SLEEVE T-SHIRT,FOTL,Fruit Of The Loom,ME0029,40,Red,0008  ,Large,Ladies' Iconic 150 T,2.09,1,12,72,31/03/2026 23:45:05,C,https://myebrochure.co.uk/images/colours/fotl/fotl-40.jpg,https://myebrochure.co.uk/images/products/prod_11201_61432_166623.jpg,https://myebrochure.co.uk/images/products.small/prod_11201_61432_166623.jpg,https://myebrochure.co.uk/images/products.hires/prod_11201_61432_166623.jpg,https://myebrochure.co.uk/images/brands/fotl_23.png,https://myebrochure.co.uk/images/products.hires/prod_61432_131644.jpg,https://myebrochure.co.uk/images/products.hires/prod_61432_131642.jpg,https://myebrochure.co.uk/images/products.hires/prod_61432_131643.jpg,,,,,,,,"<li>100&#37; combed ringspun cotton</li> <li>Soft hand feel</li> <li>Shaped side seams for a feminine fit</li> <li>Narrow crew neck with 1x1 rib</li> <li>Self-fabric back neck tape</li> <li>New tear away back neck label</li> <li><b>Also available in men&#39;s sizes code 61430, kids sizes code 61023 and girl&#39;s sizes code 61025</b></li>",61091000,MA
176020,0000001759280,61432,TSHIRT,T-SHIRTS,MSSTSH,MENS SHORT SLEEVE T-SHIRT,FOTL,Fruit Of The Loom,ME0029,RX,Retro Heather Green,0008  ,Large,Ladies' Iconic 150 T,2.09,1,12,72,31/03/2026 23:45:05,C,https://myebrochure.co.uk/images/colours/fotl/fotl-rx.jpg,https://myebrochure.co.uk/images/products/prod_11201_61432_166623.jpg,https://myebrochure.co.uk/images/products.small/prod_11201_61432_166623.jpg,https://myebrochure.co.uk/images/products.hires/prod_11201_61432_166623.jpg,https://myebrochure.co.uk/images/brands/fotl_23.png,https://myebrochure.co.uk/images/products.hires/prod_61432_131689.jpg,https://myebrochure.co.uk/images/products.hires/prod_61432_131687.jpg,https://myebrochure.co.uk/images/products.hires/prod_61432_131688.jpg,,,,,,,,"<li>100&#37; combed ringspun cotton</li> <li>Soft hand feel</li> <li>Shaped side seams for a feminine fit</li> <li>Narrow crew neck with 1x1 rib</li> <li>Self-fabric back neck tape</li> <li>New tear away back neck label</li> <li><b>Also available in men&#39;s sizes code 61430, kids sizes code 61023 and girl&#39;s sizes code 61025</b></li>",61091000,MA
176014,0000001759228,61432,TSHIRT,T-SHIRTS,MSSTSH,MENS SHORT SLEEVE T-SHIRT,FOTL,Fruit Of The Loom,ME0029,R6,Retro Heather Royal,0008  ,Large,Ladies' Iconic 150 T,2.09,1,12,72,31/03/2026 23:45:05,C,https://myebrochure.co.uk/images/colours/fotl/fotl-r6.jpg,https://myebrochure.co.uk/images/products/prod_11201_61432_166623.jpg,https://myebrochure.co.uk/images/products.small/prod_11201_61432_166623.jpg,https://myebrochure.co.uk/images/products.hires/prod_11201_61432_166623.jpg,https://myebrochure.co.uk/images/brands/fotl_23.png,https://myebrochure.co.uk/images/products.hires/prod_61432_131686.jpg,https://myebrochure.co.uk/images/products.hires/prod_61432_131684.jpg,https://myebrochure.co.uk/images/products.hires/prod_61432_131685.jpg,,,,,,,,"<li>100&#37; combed ringspun cotton</li> <li>Soft hand feel</li> <li>Shaped side seams for a feminine fit</li> <li>Narrow crew neck with 1x1 rib</li> <li>Self-fabric back neck tape</li> <li>New tear away back neck label</li> <li><b>Also available in men&#39;s sizes code 61430, kids sizes code 61023 and girl&#39;s sizes code 61025</b></li>",61091000,MA
172090,0000001719987,61432,TSHIRT,T-SHIRTS,MSSTSH,MENS SHORT SLEEVE T-SHIRT,FOTL,Fruit Of The Loom,ME0029,51,Royal,0008  ,Large,Ladies' Iconic 150 T,2.09,1,12,72,31/03/2026 23:45:05,C,https://myebrochure.co.uk/images/colours/fotl/fotl-51.jpg,https://myebrochure.co.uk/images/products/prod_11201_61432_166623.jpg,https://myebrochure.co.uk/images/products.small/prod_11201_61432_166623.jpg,https://myebrochure.co.uk/images/products.hires/prod_11201_61432_166623.jpg,https://myebrochure.co.uk/images/brands/fotl_23.png,https://myebrochure.co.uk/images/products.hires/prod_61432_131650.jpg,https://myebrochure.co.uk/images/products.hires/prod_61432_131648.jpg,https://myebrochure.co.uk/images/products.hires/prod_61432_131649.jpg,,,,,,,,"<li>100&#37; combed ringspun cotton</li> <li>Soft hand feel</li> <li>Shaped side seams for a feminine fit</li> <li>Narrow crew neck with 1x1 rib</li> <li>Self-fabric back neck tape</li> <li>New tear away back neck label</li> <li><b>Also available in men&#39;s sizes code 61430, kids sizes code 61023 and girl&#39;s sizes code 61025</b></li>",61091000,MA
200863,0000002008486,61432,TSHIRT,T-SHIRTS,MSSTSH,MENS SHORT SLEEVE T-SHIRT,FOTL,Fruit Of The Loom,ME0029,SLR,Soft Lavender,0008  ,Large,Ladies' Iconic 150 T,2.09,1,12,72,31/03/2026 23:45:05,C,https://myebrochure.co.uk/images/colours/fotl/fotl-slr.jpg,https://myebrochure.co.uk/images/products/prod_11201_61432_166623.jpg,https://myebrochure.co.uk/images/products.small/prod_11201_61432_166623.jpg,https://myebrochure.co.uk/images/products.hires/prod_11201_61432_166623.jpg,https://myebrochure.co.uk/images/brands/fotl_23.png,https://myebrochure.co.uk/images/products.hires/prod_11201_61432_157247.jpg,https://myebrochure.co.uk/images/products.hires/prod_11201_61432_157246.jpg,https://myebrochure.co.uk/images/products.hires/prod_11201_61432_157248.jpg,,,,,,,,"<li>100&#37; combed ringspun cotton</li> <li>Soft hand feel</li> <li>Shaped side seams for a feminine fit</li> <li>Narrow crew neck with 1x1 rib</li> <li>Self-fabric back neck tape</li> <li>New tear away back neck label</li> <li><b>Also available in men&#39;s sizes code 61430, kids sizes code 61023 and girl&#39;s sizes code 61025</b></li>",61091000,MA
172066,0000001719741,61432,TSHIRT,T-SHIRTS,MSSTSH,MENS SHORT SLEEVE T-SHIRT,FOTL,Fruit Of The Loom,ME0029,34,Sunflower,0008  ,Large,Ladies' Iconic 150 T,2.09,1,12,72,31/03/2026 23:45:05,C,https://myebrochure.co.uk/images/colours/fotl/fotl-34.jpg,https://myebrochure.co.uk/images/products/prod_11201_61432_166623.jpg,https://myebrochure.co.uk/images/products.small/prod_11201_61432_166623.jpg,https://myebrochure.co.uk/images/products.hires/prod_11201_61432_166623.jpg,https://myebrochure.co.uk/images/brands/fotl_23.png,https://myebrochure.co.uk/images/products.hires/prod_61432_131638.jpg,https://myebrochure.co.uk/images/products.hires/prod_61432_131636.jpg,https://myebrochure.co.uk/images/products.hires/prod_61432_131637.jpg,,,,,,,,"<li>100&#37; combed ringspun cotton</li> <li>Soft hand feel</li> <li>Shaped side seams for a feminine fit</li> <li>Narrow crew neck with 1x1 rib</li> <li>Self-fabric back neck tape</li> <li>New tear away back neck label</li> <li><b>Also available in men&#39;s sizes code 61430, kids sizes code 61023 and girl&#39;s sizes code 61025</b></li>",61091000,MA
176026,0000001759341,61432,TSHIRT,T-SHIRTS,MSSTSH,MENS SHORT SLEEVE T-SHIRT,FOTL,Fruit Of The Loom,ME0029,VH,Vintage Heather Red,0008  ,Large,Ladies' Iconic 150 T,2.09,1,12,72,31/03/2026 23:45:05,C,https://myebrochure.co.uk/images/colours/fotl/fotl-vh.jpg,https://myebrochure.co.uk/images/products/prod_11201_61432_166623.jpg,https://myebrochure.co.uk/images/products.small/prod_11201_61432_166623.jpg,https://myebrochure.co.uk/images/products.hires/prod_11201_61432_166623.jpg,https://myebrochure.co.uk/images/brands/fotl_23.png,https://myebrochure.co.uk/images/products.hires/prod_61432_131698.jpg,https://myebrochure.co.uk/images/products.hires/prod_61432_131696.jpg,https://myebrochure.co.uk/images/products.hires/prod_61432_131697.jpg,,,,,,,,"<li>100&#37; combed ringspun cotton</li> <li>Soft hand feel</li> <li>Shaped side seams for a feminine fit</li> <li>Narrow crew neck with 1x1 rib</li> <li>Self-fabric back neck tape</li> <li>New tear away back neck label</li> <li><b>Also available in men&#39;s sizes code 61430, kids sizes code 61023 and girl&#39;s sizes code 61025</b></li>",61091000,MA
172060,0000001719680,61432,TSHIRT,T-SHIRTS,MSSTSH,MENS SHORT SLEEVE T-SHIRT,FOTL,Fruit Of The Loom,ME0029,30,White,0008  ,Large,Ladies' Iconic 150 T,1.65,1,12,72,31/03/2026 23:45:05,C,https://myebrochure.co.uk/images/colours/fotl/fotl-30.jpg,https://myebrochure.co.uk/images/products/prod_11201_61432_166623.jpg,https://myebrochure.co.uk/images/products.small/prod_11201_61432_166623.jpg,https://myebrochure.co.uk/images/products.hires/prod_11201_61432_166623.jpg,https://myebrochure.co.uk/images/brands/fotl_23.png,https://myebrochure.co.uk/images/products.hires/prod_11201_61432_166621.jpg,https://myebrochure.co.uk/images/products.hires/prod_61432_131635.jpg,https://myebrochure.co.uk/images/products.hires/prod_61432_131633.jpg,https://myebrochure.co.uk/images/products.hires/prod_61432_131634.jpg,,,,,,,"<li>100&#37; combed ringspun cotton</li> <li>Soft hand feel</li> <li>Shaped side seams for a feminine fit</li> <li>Narrow crew neck with 1x1 rib</li> <li>Self-fabric back neck tape</li> <li>New tear away back neck label</li> <li><b>Also available in men&#39;s sizes code 61430, kids sizes code 61023 and girl&#39;s sizes code 61025</b></li>",61091000,MA
172150,0000001720587,61432,TSHIRT,T-SHIRTS,MSSTSH,MENS SHORT SLEEVE T-SHIRT,FOTL,Fruit Of The Loom,ME0029,XW,Zinc,0008  ,Large,Ladies' Iconic 150 T,2.09,1,12,72,31/03/2026 23:45:05,C,https://myebrochure.co.uk/images/colours/fotl/fotl-xw.jpg,https://myebrochure.co.uk/images/products/prod_11201_61432_166623.jpg,https://myebrochure.co.uk/images/products.small/prod_11201_61432_166623.jpg,https://myebrochure.co.uk/images/products.hires/prod_11201_61432_166623.jpg,https://myebrochure.co.uk/images/brands/fotl_23.png,https://myebrochure.co.uk/images/products.hires/prod_61432_131701.jpg,https://myebrochure.co.uk/images/products.hires/prod_61432_131699.jpg,https://myebrochure.co.uk/images/products.hires/prod_61432_131700.jpg,,,,,,,,"<li>100&#37; combed ringspun cotton</li> <li>Soft hand feel</li> <li>Shaped side seams for a feminine fit</li> <li>Narrow crew neck with 1x1 rib</li> <li>Self-fabric back neck tape</li> <li>New tear away back neck label</li> <li><b>Also available in men&#39;s sizes code 61430, kids sizes code 61023 and girl&#39;s sizes code 61025</b></li>",61091000,MA
92057,0000000920162,61372,TSHIRT,T-SHIRTS,LSSTSH,Ladies Short Sleeve T-Shirts,FOTL,Fruit Of The Loom,BA0032,ZU,Azure Blue,0008  ,Medium,Ladies' Valueweight T,2.23,1,12,72,08/04/2026 09:01:09,C,https://myebrochure.co.uk/images/colours/fotl/fotl-zu.jpg,https://myebrochure.co.uk/images/products/prod_13601_61372_166586.jpg,https://myebrochure.co.uk/images/products.small/prod_13601_61372_166586.jpg,https://myebrochure.co.uk/images/products.hires/prod_13601_61372_166586.jpg,https://myebrochure.co.uk/images/brands/fotl_23.png,https://myebrochure.co.uk/images/products.hires/prod_61372_142026.jpg,https://myebrochure.co.uk/images/products.hires/prod_61372_142025.jpg,https://myebrochure.co.uk/images/products.hires/prod_61372_142027.jpg,,,,,,,,<li>Crew neck with Cotton/ LYCRA&reg; rib</li> <li>Self&#45;fabric back neck tape</li> <li>Shaped side seams for a feminine fit</li> <li>Fine knit gauge for enhanced printability</li> <li><b>Also available in men&#39;s sizes code 61036 and  children&#39;s sizes code 61033 and code 61005</b></li>,61091000,MA
91991,0000000919500,61372,TSHIRT,T-SHIRTS,LSSTSH,Ladies Short Sleeve T-Shirts,FOTL,Fruit Of The Loom,BA0032,36,Black,0008  ,Medium,Ladies' Valueweight T,2.23,1,12,72,08/04/2026 09:01:09,C,https://myebrochure.co.uk/images/colours/fotl/fotl-36.jpg,https://myebrochure.co.uk/images/products/prod_13601_61372_166586.jpg,https://myebrochure.co.uk/images/products.small/prod_13601_61372_166586.jpg,https://myebrochure.co.uk/images/products.hires/prod_13601_61372_166586.jpg,https://myebrochure.co.uk/images/brands/fotl_23.png,https://myebrochure.co.uk/images/products.hires/prod_61372_141954.jpg,https://myebrochure.co.uk/images/products.hires/prod_61372_141953.jpg,https://myebrochure.co.uk/images/products.hires/prod_61372_141955.jpg,https://myebrochure.co.uk/images/products.hires/prod_13601_61372_166587.jpg,,,,,,,<li>Crew neck with Cotton/ LYCRA&reg; rib</li> <li>Self&#45;fabric back neck tape</li> <li>Shaped side seams for a feminine fit</li> <li>Fine knit gauge for enhanced printability</li> <li><b>Also available in men&#39;s sizes code 61036 and  children&#39;s sizes code 61033 and code 61005</b></li>,61091000,MA
91997,0000000919562,61372,TSHIRT,T-SHIRTS,LSSTSH,Ladies Short Sleeve T-Shirts,FOTL,Fruit Of The Loom,BA0032,BGR,Bottle Green,0008  ,Medium,Ladies' Valueweight T,2.23,1,12,72,08/04/2026 09:01:09,C,https://myebrochure.co.uk/images/colours/fotl/fotl-bgr.jpg,https://myebrochure.co.uk/images/products/prod_13601_61372_166586.jpg,https://myebrochure.co.uk/images/products.small/prod_13601_61372_166586.jpg,https://myebrochure.co.uk/images/products.hires/prod_13601_61372_166586.jpg,https://myebrochure.co.uk/images/brands/fotl_23.png,https://myebrochure.co.uk/images/products.hires/prod_61372_141957.jpg,https://myebrochure.co.uk/images/products.hires/prod_61372_141956.jpg,https://myebrochure.co.uk/images/products.hires/prod_61372_141958.jpg,https://myebrochure.co.uk/images/products.hires/prod_13601_61372_166588.jpg,,,,,,,<li>Crew neck with Cotton/ LYCRA&reg; rib</li> <li>Self&#45;fabric back neck tape</li> <li>Shaped side seams for a feminine fit</li> <li>Fine knit gauge for enhanced printability</li> <li><b>Also available in men&#39;s sizes code 61036 and  children&#39;s sizes code 61033 and code 61005</b></li>,61091000,MA
137989,0000001378962,61372,TSHIRT,T-SHIRTS,LSSTSH,Ladies Short Sleeve T-Shirts,FOTL,Fruit Of The Loom,BA0032,41,Burgundy,0008  ,Medium,Ladies' Valueweight T,2.23,1,12,72,08/04/2026 09:01:09,C,https://myebrochure.co.uk/images/colours/fotl/fotl-41.jpg,https://myebrochure.co.uk/images/products/prod_13601_61372_166586.jpg,https://myebrochure.co.uk/images/products.small/prod_13601_61372_166586.jpg,https://myebrochure.co.uk/images/products.hires/prod_13601_61372_166586.jpg,https://myebrochure.co.uk/images/brands/fotl_23.png,https://myebrochure.co.uk/images/products.hires/prod_61372_141963.jpg,https://myebrochure.co.uk/images/products.hires/prod_61372_141962.jpg,https://myebrochure.co.uk/images/products.hires/prod_61372_141964.jpg,https://myebrochure.co.uk/images/products.hires/prod_13601_61372_166590.jpg,,,,,,,<li>Crew neck with Cotton/ LYCRA&reg; rib</li> <li>Self&#45;fabric back neck tape</li> <li>Shaped side seams for a feminine fit</li> <li>Fine knit gauge for enhanced printability</li> <li><b>Also available in men&#39;s sizes code 61036 and  children&#39;s sizes code 61033 and code 61005</b></li>,61091000,MA
158523,0000001584288,61372,TSHIRT,T-SHIRTS,LSSTSH,Ladies Short Sleeve T-Shirts,FOTL,Fruit Of The Loom,BA0032,HD,Dark Heather,0008  ,Medium,Ladies' Valueweight T,2.23,1,12,72,08/04/2026 09:01:09,C,https://myebrochure.co.uk/images/colours/fotl/fotl-hd.jpg,https://myebrochure.co.uk/images/products/prod_13601_61372_166586.jpg,https://myebrochure.co.uk/images/products.small/prod_13601_61372_166586.jpg,https://myebrochure.co.uk/images/products.hires/prod_13601_61372_166586.jpg,https://myebrochure.co.uk/images/brands/fotl_23.png,https://myebrochure.co.uk/images/products.hires/prod_61372_142029.jpg,https://myebrochure.co.uk/images/products.hires/prod_61372_142028.jpg,https://myebrochure.co.uk/images/products.hires/prod_61372_142030.jpg,,,,,,,,<li>Crew neck with Cotton/ LYCRA&reg; rib</li> <li>Self&#45;fabric back neck tape</li> <li>Shaped side seams for a feminine fit</li> <li>Fine knit gauge for enhanced printability</li> <li><b>Also available in men&#39;s sizes code 61036 and  children&#39;s sizes code 61033 and code 61005</b></li>,61091000,MA
92051,0000000920100,61372,TSHIRT,T-SHIRTS,LSSTSH,Ladies Short Sleeve T-Shirts,FOTL,Fruit Of The Loom,BA0032,AZ,Deep Navy,0008  ,Medium,Ladies' Valueweight T,2.23,1,12,72,08/04/2026 09:01:09,C,https://myebrochure.co.uk/images/colours/fotl/fotl-az.jpg,https://myebrochure.co.uk/images/products/prod_13601_61372_166586.jpg,https://myebrochure.co.uk/images/products.small/prod_13601_61372_166586.jpg,https://myebrochure.co.uk/images/products.hires/prod_13601_61372_166586.jpg,https://myebrochure.co.uk/images/brands/fotl_23.png,https://myebrochure.co.uk/images/products.hires/prod_61372_141984.jpg,https://myebrochure.co.uk/images/products.hires/prod_61372_141983.jpg,https://myebrochure.co.uk/images/products.hires/prod_61372_141985.jpg,,,,,,,,<li>Crew neck with Cotton/ LYCRA&reg; rib</li> <li>Self&#45;fabric back neck tape</li> <li>Shaped side seams for a feminine fit</li> <li>Fine knit gauge for enhanced printability</li> <li><b>Also available in men&#39;s sizes code 61036 and  children&#39;s sizes code 61033 and code 61005</b></li>,61091000,MA
92033,0000000919920,61372,TSHIRT,T-SHIRTS,LSSTSH,Ladies Short Sleeve T-Shirts,FOTL,Fruit Of The Loom,BA0032,57,Fuchsia,0008  ,Medium,Ladies' Valueweight T,2.23,1,12,72,08/04/2026 09:01:09,C,https://myebrochure.co.uk/images/colours/fotl/fotl-57.jpg,https://myebrochure.co.uk/images/products/prod_13601_61372_166586.jpg,https://myebrochure.co.uk/images/products.small/prod_13601_61372_166586.jpg,https://myebrochure.co.uk/images/products.hires/prod_13601_61372_166586.jpg,https://myebrochure.co.uk/images/brands/fotl_23.png,https://myebrochure.co.uk/images/products.hires/prod_61372_141978.jpg,https://myebrochure.co.uk/images/products.hires/prod_61372_141977.jpg,https://myebrochure.co.uk/images/products.hires/prod_61372_141979.jpg,https://myebrochure.co.uk/images/products.hires/prod_13601_61372_166595.jpg,,,,,,,<li>Crew neck with Cotton/ LYCRA&reg; rib</li> <li>Self&#45;fabric back neck tape</li> <li>Shaped side seams for a feminine fit</li> <li>Fine knit gauge for enhanced printability</li> <li><b>Also available in men&#39;s sizes code 61036 and  children&#39;s sizes code 61033 and code 61005</b></li>,61091000,MA
92045,0000000920049,61372,TSHIRT,T-SHIRTS,LSSTSH,Ladies Short Sleeve T-Shirts,FOTL,Fruit Of The Loom,BA0032,94,Heather Grey,0008  ,Medium,Ladies' Valueweight T,2.23,1,12,72,08/04/2026 09:01:09,C,https://myebrochure.co.uk/images/colours/fotl/fotl-94.jpg,https://myebrochure.co.uk/images/products/prod_13601_61372_166586.jpg,https://myebrochure.co.uk/images/products.small/prod_13601_61372_166586.jpg,https://myebrochure.co.uk/images/products.hires/prod_13601_61372_166586.jpg,https://myebrochure.co.uk/images/brands/fotl_23.png,https://myebrochure.co.uk/images/products.hires/prod_61372_141981.jpg,https://myebrochure.co.uk/images/products.hires/prod_61372_141980.jpg,https://myebrochure.co.uk/images/products.hires/prod_61372_141982.jpg,https://myebrochure.co.uk/images/products.hires/prod_13601_61372_166596.jpg,,,,,,,<li>Crew neck with Cotton/ LYCRA&reg; rib</li> <li>Self&#45;fabric back neck tape</li> <li>Shaped side seams for a feminine fit</li> <li>Fine knit gauge for enhanced printability</li> <li><b>Also available in men&#39;s sizes code 61036 and  children&#39;s sizes code 61033 and code 61005</b></li>,61091000,MA
171879,0000001717877,61372,TSHIRT,T-SHIRTS,LSSTSH,Ladies Short Sleeve T-Shirts,FOTL,Fruit Of The Loom,BA0032,HP,Heather Purple,0008  ,Medium,Ladies' Valueweight T,2.23,1,12,72,08/04/2026 09:01:09,C,https://myebrochure.co.uk/images/colours/fotl/fotl-hp.jpg,https://myebrochure.co.uk/images/products/prod_13601_61372_166586.jpg,https://myebrochure.co.uk/images/products.small/prod_13601_61372_166586.jpg,https://myebrochure.co.uk/images/products.hires/prod_13601_61372_166586.jpg,https://myebrochure.co.uk/images/brands/fotl_23.png,https://myebrochure.co.uk/images/products.hires/prod_61372_141993.jpg,https://myebrochure.co.uk/images/products.hires/prod_61372_141992.jpg,https://myebrochure.co.uk/images/products.hires/prod_61372_141994.jpg,,,,,,,,<li>Crew neck with Cotton/ LYCRA&reg; rib</li> <li>Self&#45;fabric back neck tape</li> <li>Shaped side seams for a feminine fit</li> <li>Fine knit gauge for enhanced printability</li> <li><b>Also available in men&#39;s sizes code 61036 and  children&#39;s sizes code 61033 and code 61005</b></li>,61091000,MA
92015,0000000919746,61372,TSHIRT,T-SHIRTS,LSSTSH,Ladies Short Sleeve T-Shirts,FOTL,Fruit Of The Loom,BA0032,47,Kelly Green,0008  ,Medium,Ladies' Valueweight T,2.23,1,12,72,08/04/2026 09:01:09,C,https://myebrochure.co.uk/images/colours/fotl/fotl-47.jpg,https://myebrochure.co.uk/images/products/prod_13601_61372_166586.jpg,https://myebrochure.co.uk/images/products.small/prod_13601_61372_166586.jpg,https://myebrochure.co.uk/images/products.hires/prod_13601_61372_166586.jpg,https://myebrochure.co.uk/images/brands/fotl_23.png,https://myebrochure.co.uk/images/products.hires/prod_61372_141969.jpg,https://myebrochure.co.uk/images/products.hires/prod_61372_141968.jpg,https://myebrochure.co.uk/images/products.hires/prod_61372_141970.jpg,https://myebrochure.co.uk/images/products.hires/prod_13601_61372_166592.jpg,,,,,,,<li>Crew neck with Cotton/ LYCRA&reg; rib</li> <li>Self&#45;fabric back neck tape</li> <li>Shaped side seams for a feminine fit</li> <li>Fine knit gauge for enhanced printability</li> <li><b>Also available in men&#39;s sizes code 61036 and  children&#39;s sizes code 61033 and code 61005</b></li>,61091000,MA
137995,0000001379020,61372,TSHIRT,T-SHIRTS,LSSTSH,Ladies Short Sleeve T-Shirts,FOTL,Fruit Of The Loom,BA0032,GL,Light Graphite,0008  ,Medium,Ladies' Valueweight T,2.23,1,12,72,08/04/2026 09:01:09,C,https://myebrochure.co.uk/images/colours/fotl/fotl-gl.jpg,https://myebrochure.co.uk/images/products/prod_13601_61372_166586.jpg,https://myebrochure.co.uk/images/products.small/prod_13601_61372_166586.jpg,https://myebrochure.co.uk/images/products.hires/prod_13601_61372_166586.jpg,https://myebrochure.co.uk/images/brands/fotl_23.png,https://myebrochure.co.uk/images/products.hires/prod_61372_141987.jpg,https://myebrochure.co.uk/images/products.hires/prod_61372_141986.jpg,https://myebrochure.co.uk/images/products.hires/prod_61372_141988.jpg,,,,,,,,<li>Crew neck with Cotton/ LYCRA&reg; rib</li> <li>Self&#45;fabric back neck tape</li> <li>Shaped side seams for a feminine fit</li> <li>Fine knit gauge for enhanced printability</li> <li><b>Also available in men&#39;s sizes code 61036 and  children&#39;s sizes code 61033 and code 61005</b></li>,61091000,MA
92027,0000000919869,61372,TSHIRT,T-SHIRTS,LSSTSH,Ladies Short Sleeve T-Shirts,FOTL,Fruit Of The Loom,BA0032,LPI,Light Pink,0008  ,Medium,Ladies' Valueweight T,2.23,1,12,72,08/04/2026 09:01:09,C,https://myebrochure.co.uk/images/colours/fotl/fotl-lpi.jpg,https://myebrochure.co.uk/images/products/prod_13601_61372_166586.jpg,https://myebrochure.co.uk/images/products.small/prod_13601_61372_166586.jpg,https://myebrochure.co.uk/images/products.hires/prod_13601_61372_166586.jpg,https://myebrochure.co.uk/images/brands/fotl_23.png,https://myebrochure.co.uk/images/products.hires/prod_61372_141975.jpg,https://myebrochure.co.uk/images/products.hires/prod_61372_141974.jpg,https://myebrochure.co.uk/images/products.hires/prod_61372_141976.jpg,https://myebrochure.co.uk/images/products.hires/prod_13601_61372_166594.jpg,,,,,,,<li>Crew neck with Cotton/ LYCRA&reg; rib</li> <li>Self&#45;fabric back neck tape</li> <li>Shaped side seams for a feminine fit</li> <li>Fine knit gauge for enhanced printability</li> <li><b>Also available in men&#39;s sizes code 61036 and  children&#39;s sizes code 61033 and code 61005</b></li>,61091000,MA
158553,0000001584585,61372,TSHIRT,T-SHIRTS,LSSTSH,Ladies Short Sleeve T-Shirts,FOTL,Fruit Of The Loom,BA0032,LM,Lime,0008  ,Medium,Ladies' Valueweight T,2.23,1,12,72,08/04/2026 09:01:09,C,https://myebrochure.co.uk/images/colours/fotl/fotl-lm.jpg,https://myebrochure.co.uk/images/products/prod_13601_61372_166586.jpg,https://myebrochure.co.uk/images/products.small/prod_13601_61372_166586.jpg,https://myebrochure.co.uk/images/products.hires/prod_13601_61372_166586.jpg,https://myebrochure.co.uk/images/brands/fotl_23.png,https://myebrochure.co.uk/images/products.hires/prod_61372_141999.jpg,https://myebrochure.co.uk/images/products.hires/prod_61372_141998.jpg,https://myebrochure.co.uk/images/products.hires/prod_61372_142000.jpg,,,,,,,,<li>Crew neck with Cotton/ LYCRA&reg; rib</li> <li>Self&#45;fabric back neck tape</li> <li>Shaped side seams for a feminine fit</li> <li>Fine knit gauge for enhanced printability</li> <li><b>Also available in men&#39;s sizes code 61036 and  children&#39;s sizes code 61033 and code 61005</b></li>,61091000,MA
128928,0000001288902,61372,TSHIRT,T-SHIRTS,LSSTSH,Ladies Short Sleeve T-Shirts,FOTL,Fruit Of The Loom,BA0032,32,Navy Blue,0008  ,Medium,Ladies' Valueweight T,2.23,1,12,72,08/04/2026 09:01:09,C,https://myebrochure.co.uk/images/colours/fotl/fotl-32.jpg,https://myebrochure.co.uk/images/products/prod_13601_61372_166586.jpg,https://myebrochure.co.uk/images/products.small/prod_13601_61372_166586.jpg,https://myebrochure.co.uk/images/products.hires/prod_13601_61372_166586.jpg,https://myebrochure.co.uk/images/brands/fotl_23.png,https://myebrochure.co.uk/images/products.hires/prod_61372_141951.jpg,https://myebrochure.co.uk/images/products.hires/prod_61372_141950.jpg,https://myebrochure.co.uk/images/products.hires/prod_61372_141952.jpg,https://myebrochure.co.uk/images/products.hires/prod_61372_142002.jpg,https://myebrochure.co.uk/images/products.hires/prod_61372_142001.jpg,https://myebrochure.co.uk/images/products.hires/prod_61372_142003.jpg,,,,,<li>Crew neck with Cotton/ LYCRA&reg; rib</li> <li>Self&#45;fabric back neck tape</li> <li>Shaped side seams for a feminine fit</li> <li>Fine knit gauge for enhanced printability</li> <li><b>Also available in men&#39;s sizes code 61036 and  children&#39;s sizes code 61033 and code 61005</b></li>,61091000,MA
92009,0000000919685,61372,TSHIRT,T-SHIRTS,LSSTSH,Ladies Short Sleeve T-Shirts,FOTL,Fruit Of The Loom,BA0032,44,Orange,0008  ,Medium,Ladies' Valueweight T,2.23,1,12,72,08/04/2026 09:01:09,C,https://myebrochure.co.uk/images/colours/fotl/fotl-44.jpg,https://myebrochure.co.uk/images/products/prod_13601_61372_166586.jpg,https://myebrochure.co.uk/images/products.small/prod_13601_61372_166586.jpg,https://myebrochure.co.uk/images/products.hires/prod_13601_61372_166586.jpg,https://myebrochure.co.uk/images/brands/fotl_23.png,https://myebrochure.co.uk/images/products.hires/prod_61372_141966.jpg,https://myebrochure.co.uk/images/products.hires/prod_61372_141965.jpg,https://myebrochure.co.uk/images/products.hires/prod_61372_141967.jpg,https://myebrochure.co.uk/images/products.hires/prod_13601_61372_166591.jpg,,,,,,,<li>Crew neck with Cotton/ LYCRA&reg; rib</li> <li>Self&#45;fabric back neck tape</li> <li>Shaped side seams for a feminine fit</li> <li>Fine knit gauge for enhanced printability</li> <li><b>Also available in men&#39;s sizes code 61036 and  children&#39;s sizes code 61033 and code 61005</b></li>,61091000,MA
92069,0000000920285,61372,TSHIRT,T-SHIRTS,LSSTSH,Ladies Short Sleeve T-Shirts,FOTL,Fruit Of The Loom,BA0032,PE,Purple,0008  ,Medium,Ladies' Valueweight T,2.23,1,12,72,08/04/2026 09:01:09,C,https://myebrochure.co.uk/images/colours/fotl/fotl-pe.jpg,https://myebrochure.co.uk/images/products/prod_13601_61372_166586.jpg,https://myebrochure.co.uk/images/products.small/prod_13601_61372_166586.jpg,https://myebrochure.co.uk/images/products.hires/prod_13601_61372_166586.jpg,https://myebrochure.co.uk/images/brands/fotl_23.png,https://myebrochure.co.uk/images/products.hires/prod_61372_142008.jpg,https://myebrochure.co.uk/images/products.hires/prod_61372_142007.jpg,https://myebrochure.co.uk/images/products.hires/prod_61372_142009.jpg,,,,,,,,<li>Crew neck with Cotton/ LYCRA&reg; rib</li> <li>Self&#45;fabric back neck tape</li> <li>Shaped side seams for a feminine fit</li> <li>Fine knit gauge for enhanced printability</li> <li><b>Also available in men&#39;s sizes code 61036 and  children&#39;s sizes code 61033 and code 61005</b></li>,61091000,MA
92003,0000000919623,61372,TSHIRT,T-SHIRTS,LSSTSH,Ladies Short Sleeve T-Shirts,FOTL,Fruit Of The Loom,BA0032,40,Red,0008  ,Medium,Ladies' Valueweight T,2.23,1,12,72,08/04/2026 09:01:09,C,https://myebrochure.co.uk/images/colours/fotl/fotl-40.jpg,https://myebrochure.co.uk/images/products/prod_13601_61372_166586.jpg,https://myebrochure.co.uk/images/products.small/prod_13601_61372_166586.jpg,https://myebrochure.co.uk/images/products.hires/prod_13601_61372_166586.jpg,https://myebrochure.co.uk/images/brands/fotl_23.png,https://myebrochure.co.uk/images/products.hires/prod_61372_141960.jpg,https://myebrochure.co.uk/images/products.hires/prod_61372_141959.jpg,https://myebrochure.co.uk/images/products.hires/prod_61372_141961.jpg,https://myebrochure.co.uk/images/products.hires/prod_13601_61372_166589.jpg,,,,,,,<li>Crew neck with Cotton/ LYCRA&reg; rib</li> <li>Self&#45;fabric back neck tape</li> <li>Shaped side seams for a feminine fit</li> <li>Fine knit gauge for enhanced printability</li> <li><b>Also available in men&#39;s sizes code 61036 and  children&#39;s sizes code 61033 and code 61005</b></li>,61091000,MA
158541,0000001584462,61372,TSHIRT,T-SHIRTS,LSSTSH,Ladies Short Sleeve T-Shirts,FOTL,Fruit Of The Loom,BA0032,RX,Retro Heather Green,0008  ,Medium,Ladies' Valueweight T,2.23,1,12,72,08/04/2026 09:01:09,C,https://myebrochure.co.uk/images/colours/fotl/fotl-rx.jpg,https://myebrochure.co.uk/images/products/prod_13601_61372_166586.jpg,https://myebrochure.co.uk/images/products.small/prod_13601_61372_166586.jpg,https://myebrochure.co.uk/images/products.hires/prod_13601_61372_166586.jpg,https://myebrochure.co.uk/images/brands/fotl_23.png,https://myebrochure.co.uk/images/products.hires/prod_61372_142014.jpg,https://myebrochure.co.uk/images/products.hires/prod_61372_142013.jpg,https://myebrochure.co.uk/images/products.hires/prod_61372_142015.jpg,,,,,,,,<li>Crew neck with Cotton/ LYCRA&reg; rib</li> <li>Self&#45;fabric back neck tape</li> <li>Shaped side seams for a feminine fit</li> <li>Fine knit gauge for enhanced printability</li> <li><b>Also available in men&#39;s sizes code 61036 and  children&#39;s sizes code 61033 and code 61005</b></li>,61091000,MA
158535,0000001584400,61372,TSHIRT,T-SHIRTS,LSSTSH,Ladies Short Sleeve T-Shirts,FOTL,Fruit Of The Loom,BA0032,R6,Retro Heather Royal,0008  ,Medium,Ladies' Valueweight T,2.23,1,12,72,08/04/2026 09:01:09,C,https://myebrochure.co.uk/images/colours/fotl/fotl-r6.jpg,https://myebrochure.co.uk/images/products/prod_13601_61372_166586.jpg,https://myebrochure.co.uk/images/products.small/prod_13601_61372_166586.jpg,https://myebrochure.co.uk/images/products.hires/prod_13601_61372_166586.jpg,https://myebrochure.co.uk/images/brands/fotl_23.png,https://myebrochure.co.uk/images/products.hires/prod_61372_142011.jpg,https://myebrochure.co.uk/images/products.hires/prod_61372_142010.jpg,https://myebrochure.co.uk/images/products.hires/prod_61372_142012.jpg,,,,,,,,<li>Crew neck with Cotton/ LYCRA&reg; rib</li> <li>Self&#45;fabric back neck tape</li> <li>Shaped side seams for a feminine fit</li> <li>Fine knit gauge for enhanced printability</li> <li><b>Also available in men&#39;s sizes code 61036 and  children&#39;s sizes code 61033 and code 61005</b></li>,61091000,MA
92021,0000000919807,61372,TSHIRT,T-SHIRTS,LSSTSH,Ladies Short Sleeve T-Shirts,FOTL,Fruit Of The Loom,BA0032,51,Royal,0008  ,Medium,Ladies' Valueweight T,2.23,1,12,72,08/04/2026 09:01:09,C,https://myebrochure.co.uk/images/colours/fotl/fotl-51.jpg,https://myebrochure.co.uk/images/products/prod_13601_61372_166586.jpg,https://myebrochure.co.uk/images/products.small/prod_13601_61372_166586.jpg,https://myebrochure.co.uk/images/products.hires/prod_13601_61372_166586.jpg,https://myebrochure.co.uk/images/brands/fotl_23.png,https://myebrochure.co.uk/images/products.hires/prod_61372_141972.jpg,https://myebrochure.co.uk/images/products.hires/prod_61372_141971.jpg,https://myebrochure.co.uk/images/products.hires/prod_61372_141973.jpg,https://myebrochure.co.uk/images/products.hires/prod_13601_61372_166593.jpg,,,,,,,<li>Crew neck with Cotton/ LYCRA&reg; rib</li> <li>Self&#45;fabric back neck tape</li> <li>Shaped side seams for a feminine fit</li> <li>Fine knit gauge for enhanced printability</li> <li><b>Also available in men&#39;s sizes code 61036 and  children&#39;s sizes code 61033 and code 61005</b></li>,61091000,MA
92063,0000000920223,61372,TSHIRT,T-SHIRTS,LSSTSH,Ladies Short Sleeve T-Shirts,FOTL,Fruit Of The Loom,BA0032,YT,Sky Blue,0008  ,Medium,Ladies' Valueweight T,2.23,1,12,72,08/04/2026 09:01:09,C,https://myebrochure.co.uk/images/colours/fotl/fotl-yt.jpg,https://myebrochure.co.uk/images/products/prod_13601_61372_166586.jpg,https://myebrochure.co.uk/images/products.small/prod_13601_61372_166586.jpg,https://myebrochure.co.uk/images/products.hires/prod_13601_61372_166586.jpg,https://myebrochure.co.uk/images/brands/fotl_23.png,https://myebrochure.co.uk/images/products.hires/prod_61372_142023.jpg,https://myebrochure.co.uk/images/products.hires/prod_61372_142022.jpg,https://myebrochure.co.uk/images/products.hires/prod_61372_142024.jpg,,,,,,,,<li>Crew neck with Cotton/ LYCRA&reg; rib</li> <li>Self&#45;fabric back neck tape</li> <li>Shaped side seams for a feminine fit</li> <li>Fine knit gauge for enhanced printability</li> <li><b>Also available in men&#39;s sizes code 61036 and  children&#39;s sizes code 61033 and code 61005</b></li>,61091000,MA
91985,0000000919449,61372,TSHIRT,T-SHIRTS,LSSTSH,Ladies Short Sleeve T-Shirts,FOTL,Fruit Of The Loom,BA0032,SUN,Sunflower,0008  ,Medium,Ladies' Valueweight T,2.23,1,12,72,08/04/2026 09:01:09,C,https://myebrochure.co.uk/images/colours/fotl/fotl-sun.jpg,https://myebrochure.co.uk/images/products/prod_13601_61372_166586.jpg,https://myebrochure.co.uk/images/products.small/prod_13601_61372_166586.jpg,https://myebrochure.co.uk/images/products.hires/prod_13601_61372_166586.jpg,https://myebrochure.co.uk/images/brands/fotl_23.png,https://myebrochure.co.uk/images/products.hires/prod_61372_142005.jpg,https://myebrochure.co.uk/images/products.hires/prod_61372_142004.jpg,https://myebrochure.co.uk/images/products.hires/prod_61372_142006.jpg,,,,,,,,<li>Crew neck with Cotton/ LYCRA&reg; rib</li> <li>Self&#45;fabric back neck tape</li> <li>Shaped side seams for a feminine fit</li> <li>Fine knit gauge for enhanced printability</li> <li><b>Also available in men&#39;s sizes code 61036 and  children&#39;s sizes code 61033 and code 61005</b></li>,61091000,MA
158529,0000001584349,61372,TSHIRT,T-SHIRTS,LSSTSH,Ladies Short Sleeve T-Shirts,FOTL,Fruit Of The Loom,BA0032,VF,Vintage Heather Navy,0008  ,Medium,Ladies' Valueweight T,2.23,1,12,72,08/04/2026 09:01:09,C,https://myebrochure.co.uk/images/colours/fotl/fotl-vf.jpg,https://myebrochure.co.uk/images/products/prod_13601_61372_166586.jpg,https://myebrochure.co.uk/images/products.small/prod_13601_61372_166586.jpg,https://myebrochure.co.uk/images/products.hires/prod_13601_61372_166586.jpg,https://myebrochure.co.uk/images/brands/fotl_23.png,https://myebrochure.co.uk/images/products.hires/prod_61372_142017.jpg,https://myebrochure.co.uk/images/products.hires/prod_61372_142016.jpg,https://myebrochure.co.uk/images/products.hires/prod_61372_142018.jpg,,,,,,,,<li>Crew neck with Cotton/ LYCRA&reg; rib</li> <li>Self&#45;fabric back neck tape</li> <li>Shaped side seams for a feminine fit</li> <li>Fine knit gauge for enhanced printability</li> <li><b>Also available in men&#39;s sizes code 61036 and  children&#39;s sizes code 61033 and code 61005</b></li>,61091000,MA
158547,0000001584523,61372,TSHIRT,T-SHIRTS,LSSTSH,Ladies Short Sleeve T-Shirts,FOTL,Fruit Of The Loom,BA0032,VH,Vintage Heather Red,0008  ,Medium,Ladies' Valueweight T,2.23,1,12,72,08/04/2026 09:01:09,C,https://myebrochure.co.uk/images/colours/fotl/fotl-vh.jpg,https://myebrochure.co.uk/images/products/prod_13601_61372_166586.jpg,https://myebrochure.co.uk/images/products.small/prod_13601_61372_166586.jpg,https://myebrochure.co.uk/images/products.hires/prod_13601_61372_166586.jpg,https://myebrochure.co.uk/images/brands/fotl_23.png,https://myebrochure.co.uk/images/products.hires/prod_61372_142020.jpg,https://myebrochure.co.uk/images/products.hires/prod_61372_142019.jpg,https://myebrochure.co.uk/images/products.hires/prod_61372_142021.jpg,,,,,,,,<li>Crew neck with Cotton/ LYCRA&reg; rib</li> <li>Self&#45;fabric back neck tape</li> <li>Shaped side seams for a feminine fit</li> <li>Fine knit gauge for enhanced printability</li> <li><b>Also available in men&#39;s sizes code 61036 and  children&#39;s sizes code 61033 and code 61005</b></li>,61091000,MA
91979,0000000919388,61372,TSHIRT,T-SHIRTS,LSSTSH,Ladies Short Sleeve T-Shirts,FOTL,Fruit Of The Loom,BA0032,30,White,0008  ,Medium,Ladies' Valueweight T,1.78,1,12,72,08/04/2026 09:01:09,C,https://myebrochure.co.uk/images/colours/fotl/fotl-30.jpg,https://myebrochure.co.uk/images/products/prod_13601_61372_166586.jpg,https://myebrochure.co.uk/images/products.small/prod_13601_61372_166586.jpg,https://myebrochure.co.uk/images/products.hires/prod_13601_61372_166586.jpg,https://myebrochure.co.uk/images/brands/fotl_23.png,https://myebrochure.co.uk/images/products.hires/prod_61372_141948.jpg,https://myebrochure.co.uk/images/products.hires/prod_61372_141947.jpg,https://myebrochure.co.uk/images/products.hires/prod_61372_141949.jpg,https://myebrochure.co.uk/images/products.hires/prod_13601_61372_166584.jpg,,,,,,,<li>Crew neck with Cotton/ LYCRA&reg; rib</li> <li>Self&#45;fabric back neck tape</li> <li>Shaped side seams for a feminine fit</li> <li>Fine knit gauge for enhanced printability</li> <li><b>Also available in men&#39;s sizes code 61036 and  children&#39;s sizes code 61033 and code 61005</b></li>,61091000,MA
138001,0000001379082,61372,TSHIRT,T-SHIRTS,LSSTSH,Ladies Short Sleeve T-Shirts,FOTL,Fruit Of The Loom,BA0032,K2,Yellow,0008  ,Medium,Ladies' Valueweight T,2.23,1,12,72,08/04/2026 09:01:09,C,https://myebrochure.co.uk/images/colours/fotl/fotl-k2.jpg,https://myebrochure.co.uk/images/products/prod_13601_61372_166586.jpg,https://myebrochure.co.uk/images/products.small/prod_13601_61372_166586.jpg,https://myebrochure.co.uk/images/products.hires/prod_13601_61372_166586.jpg,https://myebrochure.co.uk/images/brands/fotl_23.png,https://myebrochure.co.uk/images/products.hires/prod_61372_141996.jpg,https://myebrochure.co.uk/images/products.hires/prod_61372_141995.jpg,https://myebrochure.co.uk/images/products.hires/prod_61372_141997.jpg,,,,,,,,<li>Crew neck with Cotton/ LYCRA&reg; rib</li> <li>Self&#45;fabric back neck tape</li> <li>Shaped side seams for a feminine fit</li> <li>Fine knit gauge for enhanced printability</li> <li><b>Also available in men&#39;s sizes code 61036 and  children&#39;s sizes code 61033 and code 61005</b></li>,61091000,MA
138609,0000001385168,61420,TSHIRT,T-SHIRTS,MSSTSH,MENS SHORT SLEEVE T-SHIRT,FOTL,Fruit Of The Loom,MS0185,36,Black,0008  ,Medium,Ladies' Original T,2.00,1,12,72,08/04/2026 09:04:23,C,https://myebrochure.co.uk/images/colours/fotl/fotl-36.jpg,https://myebrochure.co.uk/images/products/prod_61420_142140.jpg,https://myebrochure.co.uk/images/products.small/prod_61420_142140.jpg,https://myebrochure.co.uk/images/products.hires/prod_61420_142140.jpg,https://myebrochure.co.uk/images/brands/fotl_23.png,https://myebrochure.co.uk/images/products.hires/prod_61420_142149.jpg,https://myebrochure.co.uk/images/products.hires/prod_61420_142148.jpg,https://myebrochure.co.uk/images/products.hires/prod_61420_142150.jpg,,,,,,,,<li>Rib crew neck with self-fabric back neck tape</li> <li>Shaped side seams for a feminine fit</li> <li>Fine knit gauge for enhanced printability</li> <li><b>Also available in men&#39;s sizes code 61082 and children&#39;s size code 61019</b></li>,61091000,MA
117384,0000001173482,61420,TSHIRT,T-SHIRTS,MSSTSH,MENS SHORT SLEEVE T-SHIRT,FOTL,Fruit Of The Loom,MS0185,57,Fuchsia,0008  ,Medium,Ladies' Original T,2.00,1,12,72,08/04/2026 09:04:23,C,https://myebrochure.co.uk/images/colours/fotl/fotl-57.jpg,https://myebrochure.co.uk/images/products/prod_61420_142140.jpg,https://myebrochure.co.uk/images/products.small/prod_61420_142140.jpg,https://myebrochure.co.uk/images/products.hires/prod_61420_142140.jpg,https://myebrochure.co.uk/images/brands/fotl_23.png,https://myebrochure.co.uk/images/products.hires/prod_61420_142170.jpg,https://myebrochure.co.uk/images/products.hires/prod_61420_142169.jpg,https://myebrochure.co.uk/images/products.hires/prod_61420_142171.jpg,,,,,,,,<li>Rib crew neck with self-fabric back neck tape</li> <li>Shaped side seams for a feminine fit</li> <li>Fine knit gauge for enhanced printability</li> <li><b>Also available in men&#39;s sizes code 61082 and children&#39;s size code 61019</b></li>,61091000,MA
117390,0000001173543,61420,TSHIRT,T-SHIRTS,MSSTSH,MENS SHORT SLEEVE T-SHIRT,FOTL,Fruit Of The Loom,MS0185,94,Heather Grey,0008  ,Medium,Ladies' Original T,2.00,1,12,72,08/04/2026 09:04:23,C,https://myebrochure.co.uk/images/colours/fotl/fotl-94.jpg,https://myebrochure.co.uk/images/products/prod_61420_142140.jpg,https://myebrochure.co.uk/images/products.small/prod_61420_142140.jpg,https://myebrochure.co.uk/images/products.hires/prod_61420_142140.jpg,https://myebrochure.co.uk/images/brands/fotl_23.png,https://myebrochure.co.uk/images/products.hires/prod_61420_142176.jpg,https://myebrochure.co.uk/images/products.hires/prod_61420_142175.jpg,https://myebrochure.co.uk/images/products.hires/prod_61420_142177.jpg,https://myebrochure.co.uk/images/products.hires/prod_12401_61420_166616.jpg,,,,,,,<li>Rib crew neck with self-fabric back neck tape</li> <li>Shaped side seams for a feminine fit</li> <li>Fine knit gauge for enhanced printability</li> <li><b>Also available in men&#39;s sizes code 61082 and children&#39;s size code 61019</b></li>,61091000,MA
117408,0000001173727,61420,TSHIRT,T-SHIRTS,MSSTSH,MENS SHORT SLEEVE T-SHIRT,FOTL,Fruit Of The Loom,MS0185,40,Red,0008  ,Medium,Ladies' Original T,2.00,1,12,72,08/04/2026 09:04:23,C,https://myebrochure.co.uk/images/colours/fotl/fotl-40.jpg,https://myebrochure.co.uk/images/products/prod_61420_142140.jpg,https://myebrochure.co.uk/images/products.small/prod_61420_142140.jpg,https://myebrochure.co.uk/images/products.hires/prod_61420_142140.jpg,https://myebrochure.co.uk/images/brands/fotl_23.png,https://myebrochure.co.uk/images/products.hires/prod_61420_142155.jpg,https://myebrochure.co.uk/images/products.hires/prod_61420_142154.jpg,https://myebrochure.co.uk/images/products.hires/prod_61420_142156.jpg,,,,,,,,<li>Rib crew neck with self-fabric back neck tape</li> <li>Shaped side seams for a feminine fit</li> <li>Fine knit gauge for enhanced printability</li> <li><b>Also available in men&#39;s sizes code 61082 and children&#39;s size code 61019</b></li>,61091000,MA
117414,0000001173789,61420,TSHIRT,T-SHIRTS,MSSTSH,MENS SHORT SLEEVE T-SHIRT,FOTL,Fruit Of The Loom,MS0185,51,Royal,0008  ,Medium,Ladies' Original T,2.00,1,12,72,08/04/2026 09:04:23,C,https://myebrochure.co.uk/images/colours/fotl/fotl-51.jpg,https://myebrochure.co.uk/images/products/prod_61420_142140.jpg,https://myebrochure.co.uk/images/products.small/prod_61420_142140.jpg,https://myebrochure.co.uk/images/products.hires/prod_61420_142140.jpg,https://myebrochure.co.uk/images/brands/fotl_23.png,https://myebrochure.co.uk/images/products.hires/prod_61420_142167.jpg,https://myebrochure.co.uk/images/products.hires/prod_61420_142166.jpg,https://myebrochure.co.uk/images/products.hires/prod_61420_142168.jpg,https://myebrochure.co.uk/images/products.hires/prod_12401_61420_166614.jpg,,,,,,,<li>Rib crew neck with self-fabric back neck tape</li> <li>Shaped side seams for a feminine fit</li> <li>Fine knit gauge for enhanced printability</li> <li><b>Also available in men&#39;s sizes code 61082 and children&#39;s size code 61019</b></li>,61091000,MA
117420,0000001173840,61420,TSHIRT,T-SHIRTS,MSSTSH,MENS SHORT SLEEVE T-SHIRT,FOTL,Fruit Of The Loom,MS0185,30,White,0008  ,Medium,Ladies' Original T,1.57,1,12,72,08/04/2026 09:04:23,C,https://myebrochure.co.uk/images/colours/fotl/fotl-30.jpg,https://myebrochure.co.uk/images/products/prod_61420_142140.jpg,https://myebrochure.co.uk/images/products.small/prod_61420_142140.jpg,https://myebrochure.co.uk/images/products.hires/prod_61420_142140.jpg,https://myebrochure.co.uk/images/brands/fotl_23.png,https://myebrochure.co.uk/images/products.hires/prod_61420_142139.jpg,https://myebrochure.co.uk/images/products.hires/prod_61420_142141.jpg,,,,,,,,,<li>Rib crew neck with self-fabric back neck tape</li> <li>Shaped side seams for a feminine fit</li> <li>Fine knit gauge for enhanced printability</li> <li><b>Also available in men&#39;s sizes code 61082 and children&#39;s size code 61019</b></li>,61091000,MA
197033,0000001970159,61432,TSHIRT,T-SHIRTS,MSSTSH,MENS SHORT SLEEVE T-SHIRT,FOTL,Fruit Of The Loom,ME0029,9K,Athletic Heather,0008  ,Medium,Ladies' Iconic 150 T,2.09,1,12,72,31/03/2026 23:45:05,C,https://myebrochure.co.uk/images/colours/fotl/fotl-9k.jpg,https://myebrochure.co.uk/images/products/prod_11201_61432_166623.jpg,https://myebrochure.co.uk/images/products.small/prod_11201_61432_166623.jpg,https://myebrochure.co.uk/images/products.hires/prod_11201_61432_166623.jpg,https://myebrochure.co.uk/images/brands/fotl_23.png,https://myebrochure.co.uk/images/products.hires/prod_11201_61432_153584.jpg,https://myebrochure.co.uk/images/products.hires/prod_11201_61432_153583.jpg,https://myebrochure.co.uk/images/products.hires/prod_11201_61432_153585.jpg,,,,,,,,"<li>100&#37; combed ringspun cotton</li> <li>Soft hand feel</li> <li>Shaped side seams for a feminine fit</li> <li>Narrow crew neck with 1x1 rib</li> <li>Self-fabric back neck tape</li> <li>New tear away back neck label</li> <li><b>Also available in men&#39;s sizes code 61430, kids sizes code 61023 and girl&#39;s sizes code 61025</b></li>",61091000,MA
200596,0000002005812,61432,TSHIRT,T-SHIRTS,MSSTSH,MENS SHORT SLEEVE T-SHIRT,FOTL,Fruit Of The Loom,ME0029,ZU,Azure Blue,0008  ,Medium,Ladies' Iconic 150 T,2.09,1,12,72,31/03/2026 23:45:05,C,https://myebrochure.co.uk/images/colours/fotl/fotl-zu.jpg,https://myebrochure.co.uk/images/products/prod_11201_61432_166623.jpg,https://myebrochure.co.uk/images/products.small/prod_11201_61432_166623.jpg,https://myebrochure.co.uk/images/products.hires/prod_11201_61432_166623.jpg,https://myebrochure.co.uk/images/brands/fotl_23.png,https://myebrochure.co.uk/images/products.hires/prod_11201_61432_157250.jpg,https://myebrochure.co.uk/images/products.hires/prod_11201_61432_157249.jpg,https://myebrochure.co.uk/images/products.hires/prod_11201_61432_157251.jpg,,,,,,,,"<li>100&#37; combed ringspun cotton</li> <li>Soft hand feel</li> <li>Shaped side seams for a feminine fit</li> <li>Narrow crew neck with 1x1 rib</li> <li>Self-fabric back neck tape</li> <li>New tear away back neck label</li> <li><b>Also available in men&#39;s sizes code 61430, kids sizes code 61023 and girl&#39;s sizes code 61025</b></li>",61091000,MA
172071,0000001719796,61432,TSHIRT,T-SHIRTS,MSSTSH,MENS SHORT SLEEVE T-SHIRT,FOTL,Fruit Of The Loom,ME0029,36,Black,0008  ,Medium,Ladies' Iconic 150 T,2.09,1,12,72,31/03/2026 23:45:05,C,https://myebrochure.co.uk/images/colours/fotl/fotl-36.jpg,https://myebrochure.co.uk/images/products/prod_11201_61432_166623.jpg,https://myebrochure.co.uk/images/products.small/prod_11201_61432_166623.jpg,https://myebrochure.co.uk/images/products.hires/prod_11201_61432_166623.jpg,https://myebrochure.co.uk/images/brands/fotl_23.png,https://myebrochure.co.uk/images/products.hires/prod_11201_61432_166624.jpg,https://myebrochure.co.uk/images/products.hires/prod_61432_131641.jpg,https://myebrochure.co.uk/images/products.hires/prod_61432_131639.jpg,https://myebrochure.co.uk/images/products.hires/prod_61432_131640.jpg,,,,,,,"<li>100&#37; combed ringspun cotton</li> <li>Soft hand feel</li> <li>Shaped side seams for a feminine fit</li> <li>Narrow crew neck with 1x1 rib</li> <li>Self-fabric back neck tape</li> <li>New tear away back neck label</li> <li><b>Also available in men&#39;s sizes code 61430, kids sizes code 61023 and girl&#39;s sizes code 61025</b></li>",61091000,MA
183674,0000001835953,61432,TSHIRT,T-SHIRTS,MSSTSH,MENS SHORT SLEEVE T-SHIRT,FOTL,Fruit Of The Loom,ME0029,41,Burgundy,0008  ,Medium,Ladies' Iconic 150 T,2.09,1,12,72,31/03/2026 23:45:05,C,https://myebrochure.co.uk/images/colours/fotl/fotl-41.jpg,https://myebrochure.co.uk/images/products/prod_11201_61432_166623.jpg,https://myebrochure.co.uk/images/products.small/prod_11201_61432_166623.jpg,https://myebrochure.co.uk/images/products.hires/prod_11201_61432_166623.jpg,https://myebrochure.co.uk/images/brands/fotl_23.png,https://myebrochure.co.uk/images/products.hires/prod_11201_61432_166625.jpg,https://myebrochure.co.uk/images/products.hires/prod_11201_61432_154269.jpg,https://myebrochure.co.uk/images/products.hires/prod_11201_61432_154270.jpg,https://myebrochure.co.uk/images/products.hires/prod_11201_61432_154271.jpg,,,,,,,"<li>100&#37; combed ringspun cotton</li> <li>Soft hand feel</li> <li>Shaped side seams for a feminine fit</li> <li>Narrow crew neck with 1x1 rib</li> <li>Self-fabric back neck tape</li> <li>New tear away back neck label</li> <li><b>Also available in men&#39;s sizes code 61430, kids sizes code 61023 and girl&#39;s sizes code 61025</b></li>",61091000,MA
172101,0000001720099,61432,TSHIRT,T-SHIRTS,MSSTSH,MENS SHORT SLEEVE T-SHIRT,FOTL,Fruit Of The Loom,ME0029,59,Classic Olive,0008  ,Medium,Ladies' Iconic 150 T,2.09,1,12,72,31/03/2026 23:45:05,C,https://myebrochure.co.uk/images/colours/fotl/fotl-59.jpg,https://myebrochure.co.uk/images/products/prod_11201_61432_166623.jpg,https://myebrochure.co.uk/images/products.small/prod_11201_61432_166623.jpg,https://myebrochure.co.uk/images/products.hires/prod_11201_61432_166623.jpg,https://myebrochure.co.uk/images/brands/fotl_23.png,https://myebrochure.co.uk/images/products.hires/prod_61432_131656.jpg,https://myebrochure.co.uk/images/products.hires/prod_61432_131654.jpg,https://myebrochure.co.uk/images/products.hires/prod_61432_131655.jpg,,,,,,,,"<li>100&#37; combed ringspun cotton</li> <li>Soft hand feel</li> <li>Shaped side seams for a feminine fit</li> <li>Narrow crew neck with 1x1 rib</li> <li>Self-fabric back neck tape</li> <li>New tear away back neck label</li> <li><b>Also available in men&#39;s sizes code 61430, kids sizes code 61023 and girl&#39;s sizes code 61025</b></li>",61091000,MA
172131,0000001720396,61432,TSHIRT,T-SHIRTS,MSSTSH,MENS SHORT SLEEVE T-SHIRT,FOTL,Fruit Of The Loom,ME0029,AZ,Deep Navy,0008  ,Medium,Ladies' Iconic 150 T,2.09,1,12,72,31/03/2026 23:45:05,C,https://myebrochure.co.uk/images/colours/fotl/fotl-az.jpg,https://myebrochure.co.uk/images/products/prod_11201_61432_166623.jpg,https://myebrochure.co.uk/images/products.small/prod_11201_61432_166623.jpg,https://myebrochure.co.uk/images/products.hires/prod_11201_61432_166623.jpg,https://myebrochure.co.uk/images/brands/fotl_23.png,https://myebrochure.co.uk/images/products.hires/prod_61432_131665.jpg,https://myebrochure.co.uk/images/products.hires/prod_61432_131663.jpg,https://myebrochure.co.uk/images/products.hires/prod_61432_131664.jpg,,,,,,,,"<li>100&#37; combed ringspun cotton</li> <li>Soft hand feel</li> <li>Shaped side seams for a feminine fit</li> <li>Narrow crew neck with 1x1 rib</li> <li>Self-fabric back neck tape</li> <li>New tear away back neck label</li> <li><b>Also available in men&#39;s sizes code 61430, kids sizes code 61023 and girl&#39;s sizes code 61025</b></li>",61091000,MA
172143,0000001720518,61432,TSHIRT,T-SHIRTS,MSSTSH,MENS SHORT SLEEVE T-SHIRT,FOTL,Fruit Of The Loom,ME0029,TM,Forest Green,0008  ,Medium,Ladies' Iconic 150 T,2.09,1,12,72,31/03/2026 23:45:05,C,https://myebrochure.co.uk/images/colours/fotl/fotl-tm.jpg,https://myebrochure.co.uk/images/products/prod_11201_61432_166623.jpg,https://myebrochure.co.uk/images/products.small/prod_11201_61432_166623.jpg,https://myebrochure.co.uk/images/products.hires/prod_11201_61432_166623.jpg,https://myebrochure.co.uk/images/brands/fotl_23.png,https://myebrochure.co.uk/images/products.hires/prod_61432_131692.jpg,https://myebrochure.co.uk/images/products.hires/prod_61432_131690.jpg,https://myebrochure.co.uk/images/products.hires/prod_61432_131691.jpg,,,,,,,,"<li>100&#37; combed ringspun cotton</li> <li>Soft hand feel</li> <li>Shaped side seams for a feminine fit</li> <li>Narrow crew neck with 1x1 rib</li> <li>Self-fabric back neck tape</li> <li>New tear away back neck label</li> <li><b>Also available in men&#39;s sizes code 61430, kids sizes code 61023 and girl&#39;s sizes code 61025</b></li>",61091000,MA
172095,0000001720037,61432,TSHIRT,T-SHIRTS,MSSTSH,MENS SHORT SLEEVE T-SHIRT,FOTL,Fruit Of The Loom,ME0029,57,Fuchsia,0008  ,Medium,Ladies' Iconic 150 T,2.09,1,12,72,31/03/2026 23:45:05,C,https://myebrochure.co.uk/images/colours/fotl/fotl-57.jpg,https://myebrochure.co.uk/images/products/prod_11201_61432_166623.jpg,https://myebrochure.co.uk/images/products.small/prod_11201_61432_166623.jpg,https://myebrochure.co.uk/images/products.hires/prod_11201_61432_166623.jpg,https://myebrochure.co.uk/images/brands/fotl_23.png,https://myebrochure.co.uk/images/products.hires/prod_61432_131653.jpg,https://myebrochure.co.uk/images/products.hires/prod_61432_131651.jpg,https://myebrochure.co.uk/images/products.hires/prod_61432_131652.jpg,,,,,,,,"<li>100&#37; combed ringspun cotton</li> <li>Soft hand feel</li> <li>Shaped side seams for a feminine fit</li> <li>Narrow crew neck with 1x1 rib</li> <li>Self-fabric back neck tape</li> <li>New tear away back neck label</li> <li><b>Also available in men&#39;s sizes code 61430, kids sizes code 61023 and girl&#39;s sizes code 61025</b></li>",61091000,MA
172167,0000001720754,61432,TSHIRT,T-SHIRTS,MSSTSH,MENS SHORT SLEEVE T-SHIRT,FOTL,Fruit Of The Loom,ME0029,H1,Heather Burgundy,0008  ,Medium,Ladies' Iconic 150 T,2.09,1,12,72,31/03/2026 23:45:05,C,https://myebrochure.co.uk/images/colours/fotl/fotl-h1.jpg,https://myebrochure.co.uk/images/products/prod_11201_61432_166623.jpg,https://myebrochure.co.uk/images/products.small/prod_11201_61432_166623.jpg,https://myebrochure.co.uk/images/products.hires/prod_11201_61432_166623.jpg,https://myebrochure.co.uk/images/brands/fotl_23.png,https://myebrochure.co.uk/images/products.hires/prod_61432_131677.jpg,https://myebrochure.co.uk/images/products.hires/prod_61432_131675.jpg,https://myebrochure.co.uk/images/products.hires/prod_61432_131676.jpg,,,,,,,,"<li>100&#37; combed ringspun cotton</li> <li>Soft hand feel</li> <li>Shaped side seams for a feminine fit</li> <li>Narrow crew neck with 1x1 rib</li> <li>Self-fabric back neck tape</li> <li>New tear away back neck label</li> <li><b>Also available in men&#39;s sizes code 61430, kids sizes code 61023 and girl&#39;s sizes code 61025</b></li>",61091000,MA
172125,0000001720334,61432,TSHIRT,T-SHIRTS,MSSTSH,MENS SHORT SLEEVE T-SHIRT,FOTL,Fruit Of The Loom,ME0029,94,Heather Grey,0008  ,Medium,Ladies' Iconic 150 T,2.09,1,12,72,31/03/2026 23:45:05,C,https://myebrochure.co.uk/images/colours/fotl/fotl-94.jpg,https://myebrochure.co.uk/images/products/prod_11201_61432_166623.jpg,https://myebrochure.co.uk/images/products.small/prod_11201_61432_166623.jpg,https://myebrochure.co.uk/images/products.hires/prod_11201_61432_166623.jpg,https://myebrochure.co.uk/images/brands/fotl_23.png,https://myebrochure.co.uk/images/products.hires/prod_61432_131662.jpg,https://myebrochure.co.uk/images/products.hires/prod_61432_131660.jpg,https://myebrochure.co.uk/images/products.hires/prod_61432_131661.jpg,,,,,,,,"<li>100&#37; combed ringspun cotton</li> <li>Soft hand feel</li> <li>Shaped side seams for a feminine fit</li> <li>Narrow crew neck with 1x1 rib</li> <li>Self-fabric back neck tape</li> <li>New tear away back neck label</li> <li><b>Also available in men&#39;s sizes code 61430, kids sizes code 61023 and girl&#39;s sizes code 61025</b></li>",61091000,MA
172161,0000001720693,61432,TSHIRT,T-SHIRTS,MSSTSH,MENS SHORT SLEEVE T-SHIRT,FOTL,Fruit Of The Loom,ME0029,HP,Heather Purple,0008  ,Medium,Ladies' Iconic 150 T,2.09,1,12,72,31/03/2026 23:45:05,C,https://myebrochure.co.uk/images/colours/fotl/fotl-hp.jpg,https://myebrochure.co.uk/images/products/prod_11201_61432_166623.jpg,https://myebrochure.co.uk/images/products.small/prod_11201_61432_166623.jpg,https://myebrochure.co.uk/images/products.hires/prod_11201_61432_166623.jpg,https://myebrochure.co.uk/images/brands/fotl_23.png,https://myebrochure.co.uk/images/products.hires/prod_61432_131683.jpg,https://myebrochure.co.uk/images/products.hires/prod_61432_131681.jpg,https://myebrochure.co.uk/images/products.hires/prod_61432_131682.jpg,,,,,,,,"<li>100&#37; combed ringspun cotton</li> <li>Soft hand feel</li> <li>Shaped side seams for a feminine fit</li> <li>Narrow crew neck with 1x1 rib</li> <li>Self-fabric back neck tape</li> <li>New tear away back neck label</li> <li><b>Also available in men&#39;s sizes code 61430, kids sizes code 61023 and girl&#39;s sizes code 61025</b></li>",61091000,MA
172083,0000001719918,61432,TSHIRT,T-SHIRTS,MSSTSH,MENS SHORT SLEEVE T-SHIRT,FOTL,Fruit Of The Loom,ME0029,47,Kelly Green,0008  ,Medium,Ladies' Iconic 150 T,2.09,1,12,72,31/03/2026 23:45:05,C,https://myebrochure.co.uk/images/colours/fotl/fotl-47.jpg,https://myebrochure.co.uk/images/products/prod_11201_61432_166623.jpg,https://myebrochure.co.uk/images/products.small/prod_11201_61432_166623.jpg,https://myebrochure.co.uk/images/products.hires/prod_11201_61432_166623.jpg,https://myebrochure.co.uk/images/brands/fotl_23.png,https://myebrochure.co.uk/images/products.hires/prod_11201_61432_166626.jpg,https://myebrochure.co.uk/images/products.hires/prod_61432_131647.jpg,https://myebrochure.co.uk/images/products.hires/prod_61432_131645.jpg,https://myebrochure.co.uk/images/products.hires/prod_61432_131646.jpg,,,,,,,"<li>100&#37; combed ringspun cotton</li> <li>Soft hand feel</li> <li>Shaped side seams for a feminine fit</li> <li>Narrow crew neck with 1x1 rib</li> <li>Self-fabric back neck tape</li> <li>New tear away back neck label</li> <li><b>Also available in men&#39;s sizes code 61430, kids sizes code 61023 and girl&#39;s sizes code 61025</b></li>",61091000,MA
172137,0000001720457,61432,TSHIRT,T-SHIRTS,MSSTSH,MENS SHORT SLEEVE T-SHIRT,FOTL,Fruit Of The Loom,ME0029,GL,Light Graphite,0008  ,Medium,Ladies' Iconic 150 T,2.09,1,12,72,31/03/2026 23:45:05,C,https://myebrochure.co.uk/images/colours/fotl/fotl-gl.jpg,https://myebrochure.co.uk/images/products/prod_11201_61432_166623.jpg,https://myebrochure.co.uk/images/products.small/prod_11201_61432_166623.jpg,https://myebrochure.co.uk/images/products.hires/prod_11201_61432_166623.jpg,https://myebrochure.co.uk/images/brands/fotl_23.png,https://myebrochure.co.uk/images/products.hires/prod_61432_131674.jpg,https://myebrochure.co.uk/images/products.hires/prod_61432_131672.jpg,https://myebrochure.co.uk/images/products.hires/prod_61432_131673.jpg,,,,,,,,"<li>100&#37; combed ringspun cotton</li> <li>Soft hand feel</li> <li>Shaped side seams for a feminine fit</li> <li>Narrow crew neck with 1x1 rib</li> <li>Self-fabric back neck tape</li> <li>New tear away back neck label</li> <li><b>Also available in men&#39;s sizes code 61430, kids sizes code 61023 and girl&#39;s sizes code 61025</b></li>",61091000,MA
172107,0000001720150,61432,TSHIRT,T-SHIRTS,MSSTSH,MENS SHORT SLEEVE T-SHIRT,FOTL,Fruit Of The Loom,ME0029,60,Natural,0008  ,Medium,Ladies' Iconic 150 T,1.65,1,12,72,31/03/2026 23:45:05,C,https://myebrochure.co.uk/images/colours/fotl/fotl-60.jpg,https://myebrochure.co.uk/images/products/prod_11201_61432_166623.jpg,https://myebrochure.co.uk/images/products.small/prod_11201_61432_166623.jpg,https://myebrochure.co.uk/images/products.hires/prod_11201_61432_166623.jpg,https://myebrochure.co.uk/images/brands/fotl_23.png,https://myebrochure.co.uk/images/products.hires/prod_61432_131659.jpg,https://myebrochure.co.uk/images/products.hires/prod_61432_131657.jpg,https://myebrochure.co.uk/images/products.hires/prod_61432_131658.jpg,,,,,,,,"<li>100&#37; combed ringspun cotton</li> <li>Soft hand feel</li> <li>Shaped side seams for a feminine fit</li> <li>Narrow crew neck with 1x1 rib</li> <li>Self-fabric back neck tape</li> <li>New tear away back neck label</li> <li><b>Also available in men&#39;s sizes code 61430, kids sizes code 61023 and girl&#39;s sizes code 61025</b></li>",61091000,MA
183668,0000001835892,61432,TSHIRT,T-SHIRTS,MSSTSH,MENS SHORT SLEEVE T-SHIRT,FOTL,Fruit Of The Loom,ME0029,32,Navy Blue,0008  ,Medium,Ladies' Iconic 150 T,2.09,1,12,72,31/03/2026 23:45:05,C,https://myebrochure.co.uk/images/colours/fotl/fotl-32.jpg,https://myebrochure.co.uk/images/products/prod_11201_61432_166623.jpg,https://myebrochure.co.uk/images/products.small/prod_11201_61432_166623.jpg,https://myebrochure.co.uk/images/products.hires/prod_11201_61432_166623.jpg,https://myebrochure.co.uk/images/brands/fotl_23.png,https://myebrochure.co.uk/images/products.hires/prod_11201_61432_149212.jpg,https://myebrochure.co.uk/images/products.hires/prod_11201_61432_149210.jpg,https://myebrochure.co.uk/images/products.hires/prod_11201_61432_149213.jpg,,,,,,,,"<li>100&#37; combed ringspun cotton</li> <li>Soft hand feel</li> <li>Shaped side seams for a feminine fit</li> <li>Narrow crew neck with 1x1 rib</li> <li>Self-fabric back neck tape</li> <li>New tear away back neck label</li> <li><b>Also available in men&#39;s sizes code 61430, kids sizes code 61023 and girl&#39;s sizes code 61025</b></li>",61091000,MA
183680,0000001836011,61432,TSHIRT,T-SHIRTS,MSSTSH,MENS SHORT SLEEVE T-SHIRT,FOTL,Fruit Of The Loom,ME0029,NE,Neomint,0008  ,Medium,Ladies' Iconic 150 T,2.09,1,12,72,31/03/2026 23:45:05,C,https://myebrochure.co.uk/images/colours/fotl/fotl-ne.jpg,https://myebrochure.co.uk/images/products/prod_11201_61432_166623.jpg,https://myebrochure.co.uk/images/products.small/prod_11201_61432_166623.jpg,https://myebrochure.co.uk/images/products.hires/prod_11201_61432_166623.jpg,https://myebrochure.co.uk/images/brands/fotl_23.png,https://myebrochure.co.uk/images/products.hires/prod_11201_61432_149217.jpg,https://myebrochure.co.uk/images/products.hires/prod_11201_61432_149215.jpg,https://myebrochure.co.uk/images/products.hires/prod_11201_61432_149219.jpg,,,,,,,,"<li>100&#37; combed ringspun cotton</li> <li>Soft hand feel</li> <li>Shaped side seams for a feminine fit</li> <li>Narrow crew neck with 1x1 rib</li> <li>Self-fabric back neck tape</li> <li>New tear away back neck label</li> <li><b>Also available in men&#39;s sizes code 61430, kids sizes code 61023 and girl&#39;s sizes code 61025</b></li>",61091000,MA
200602,0000002005874,61432,TSHIRT,T-SHIRTS,MSSTSH,MENS SHORT SLEEVE T-SHIRT,FOTL,Fruit Of The Loom,ME0029,PR,Powder Rose,0008  ,Medium,Ladies' Iconic 150 T,2.09,1,12,72,31/03/2026 23:45:05,C,https://myebrochure.co.uk/images/colours/fotl/fotl-pr.jpg,https://myebrochure.co.uk/images/products/prod_11201_61432_166623.jpg,https://myebrochure.co.uk/images/products.small/prod_11201_61432_166623.jpg,https://myebrochure.co.uk/images/products.hires/prod_11201_61432_166623.jpg,https://myebrochure.co.uk/images/brands/fotl_23.png,https://myebrochure.co.uk/images/products.hires/prod_11201_61432_157244.jpg,https://myebrochure.co.uk/images/products.hires/prod_11201_61432_157243.jpg,https://myebrochure.co.uk/images/products.hires/prod_11201_61432_157245.jpg,,,,,,,,"<li>100&#37; combed ringspun cotton</li> <li>Soft hand feel</li> <li>Shaped side seams for a feminine fit</li> <li>Narrow crew neck with 1x1 rib</li> <li>Self-fabric back neck tape</li> <li>New tear away back neck label</li> <li><b>Also available in men&#39;s sizes code 61430, kids sizes code 61023 and girl&#39;s sizes code 61025</b></li>",61091000,MA
172077,0000001719857,61432,TSHIRT,T-SHIRTS,MSSTSH,MENS SHORT SLEEVE T-SHIRT,FOTL,Fruit Of The Loom,ME0029,40,Red,0008  ,Medium,Ladies' Iconic 150 T,2.09,1,12,72,31/03/2026 23:45:05,C,https://myebrochure.co.uk/images/colours/fotl/fotl-40.jpg,https://myebrochure.co.uk/images/products/prod_11201_61432_166623.jpg,https://myebrochure.co.uk/images/products.small/prod_11201_61432_166623.jpg,https://myebrochure.co.uk/images/products.hires/prod_11201_61432_166623.jpg,https://myebrochure.co.uk/images/brands/fotl_23.png,https://myebrochure.co.uk/images/products.hires/prod_61432_131644.jpg,https://myebrochure.co.uk/images/products.hires/prod_61432_131642.jpg,https://myebrochure.co.uk/images/products.hires/prod_61432_131643.jpg,,,,,,,,"<li>100&#37; combed ringspun cotton</li> <li>Soft hand feel</li> <li>Shaped side seams for a feminine fit</li> <li>Narrow crew neck with 1x1 rib</li> <li>Self-fabric back neck tape</li> <li>New tear away back neck label</li> <li><b>Also available in men&#39;s sizes code 61430, kids sizes code 61023 and girl&#39;s sizes code 61025</b></li>",61091000,MA
176019,0000001759273,61432,TSHIRT,T-SHIRTS,MSSTSH,MENS SHORT SLEEVE T-SHIRT,FOTL,Fruit Of The Loom,ME0029,RX,Retro Heather Green,0008  ,Medium,Ladies' Iconic 150 T,2.09,1,12,72,31/03/2026 23:45:05,C,https://myebrochure.co.uk/images/colours/fotl/fotl-rx.jpg,https://myebrochure.co.uk/images/products/prod_11201_61432_166623.jpg,https://myebrochure.co.uk/images/products.small/prod_11201_61432_166623.jpg,https://myebrochure.co.uk/images/products.hires/prod_11201_61432_166623.jpg,https://myebrochure.co.uk/images/brands/fotl_23.png,https://myebrochure.co.uk/images/products.hires/prod_61432_131689.jpg,https://myebrochure.co.uk/images/products.hires/prod_61432_131687.jpg,https://myebrochure.co.uk/images/products.hires/prod_61432_131688.jpg,,,,,,,,"<li>100&#37; combed ringspun cotton</li> <li>Soft hand feel</li> <li>Shaped side seams for a feminine fit</li> <li>Narrow crew neck with 1x1 rib</li> <li>Self-fabric back neck tape</li> <li>New tear away back neck label</li> <li><b>Also available in men&#39;s sizes code 61430, kids sizes code 61023 and girl&#39;s sizes code 61025</b></li>",61091000,MA
176013,0000001759211,61432,TSHIRT,T-SHIRTS,MSSTSH,MENS SHORT SLEEVE T-SHIRT,FOTL,Fruit Of The Loom,ME0029,R6,Retro Heather Royal,0008  ,Medium,Ladies' Iconic 150 T,2.09,1,12,72,31/03/2026 23:45:05,C,https://myebrochure.co.uk/images/colours/fotl/fotl-r6.jpg,https://myebrochure.co.uk/images/products/prod_11201_61432_166623.jpg,https://myebrochure.co.uk/images/products.small/prod_11201_61432_166623.jpg,https://myebrochure.co.uk/images/products.hires/prod_11201_61432_166623.jpg,https://myebrochure.co.uk/images/brands/fotl_23.png,https://myebrochure.co.uk/images/products.hires/prod_61432_131686.jpg,https://myebrochure.co.uk/images/products.hires/prod_61432_131684.jpg,https://myebrochure.co.uk/images/products.hires/prod_61432_131685.jpg,,,,,,,,"<li>100&#37; combed ringspun cotton</li> <li>Soft hand feel</li> <li>Shaped side seams for a feminine fit</li> <li>Narrow crew neck with 1x1 rib</li> <li>Self-fabric back neck tape</li> <li>New tear away back neck label</li> <li><b>Also available in men&#39;s sizes code 61430, kids sizes code 61023 and girl&#39;s sizes code 61025</b></li>",61091000,MA
172089,0000001719970,61432,TSHIRT,T-SHIRTS,MSSTSH,MENS SHORT SLEEVE T-SHIRT,FOTL,Fruit Of The Loom,ME0029,51,Royal,0008  ,Medium,Ladies' Iconic 150 T,2.09,1,12,72,31/03/2026 23:45:05,C,https://myebrochure.co.uk/images/colours/fotl/fotl-51.jpg,https://myebrochure.co.uk/images/products/prod_11201_61432_166623.jpg,https://myebrochure.co.uk/images/products.small/prod_11201_61432_166623.jpg,https://myebrochure.co.uk/images/products.hires/prod_11201_61432_166623.jpg,https://myebrochure.co.uk/images/brands/fotl_23.png,https://myebrochure.co.uk/images/products.hires/prod_61432_131650.jpg,https://myebrochure.co.uk/images/products.hires/prod_61432_131648.jpg,https://myebrochure.co.uk/images/products.hires/prod_61432_131649.jpg,,,,,,,,"<li>100&#37; combed ringspun cotton</li> <li>Soft hand feel</li> <li>Shaped side seams for a feminine fit</li> <li>Narrow crew neck with 1x1 rib</li> <li>Self-fabric back neck tape</li> <li>New tear away back neck label</li> <li><b>Also available in men&#39;s sizes code 61430, kids sizes code 61023 and girl&#39;s sizes code 61025</b></li>",61091000,MA
200862,0000002008479,61432,TSHIRT,T-SHIRTS,MSSTSH,MENS SHORT SLEEVE T-SHIRT,FOTL,Fruit Of The Loom,ME0029,SLR,Soft Lavender,0008  ,Medium,Ladies' Iconic 150 T,2.09,1,12,72,31/03/2026 23:45:05,C,https://myebrochure.co.uk/images/colours/fotl/fotl-slr.jpg,https://myebrochure.co.uk/images/products/prod_11201_61432_166623.jpg,https://myebrochure.co.uk/images/products.small/prod_11201_61432_166623.jpg,https://myebrochure.co.uk/images/products.hires/prod_11201_61432_166623.jpg,https://myebrochure.co.uk/images/brands/fotl_23.png,https://myebrochure.co.uk/images/products.hires/prod_11201_61432_157247.jpg,https://myebrochure.co.uk/images/products.hires/prod_11201_61432_157246.jpg,https://myebrochure.co.uk/images/products.hires/prod_11201_61432_157248.jpg,,,,,,,,"<li>100&#37; combed ringspun cotton</li> <li>Soft hand feel</li> <li>Shaped side seams for a feminine fit</li> <li>Narrow crew neck with 1x1 rib</li> <li>Self-fabric back neck tape</li> <li>New tear away back neck label</li> <li><b>Also available in men&#39;s sizes code 61430, kids sizes code 61023 and girl&#39;s sizes code 61025</b></li>",61091000,MA
172065,0000001719734,61432,TSHIRT,T-SHIRTS,MSSTSH,MENS SHORT SLEEVE T-SHIRT,FOTL,Fruit Of The Loom,ME0029,34,Sunflower,0008  ,Medium,Ladies' Iconic 150 T,2.09,1,12,72,31/03/2026 23:45:05,C,https://myebrochure.co.uk/images/colours/fotl/fotl-34.jpg,https://myebrochure.co.uk/images/products/prod_11201_61432_166623.jpg,https://myebrochure.co.uk/images/products.small/prod_11201_61432_166623.jpg,https://myebrochure.co.uk/images/products.hires/prod_11201_61432_166623.jpg,https://myebrochure.co.uk/images/brands/fotl_23.png,https://myebrochure.co.uk/images/products.hires/prod_61432_131638.jpg,https://myebrochure.co.uk/images/products.hires/prod_61432_131636.jpg,https://myebrochure.co.uk/images/products.hires/prod_61432_131637.jpg,,,,,,,,"<li>100&#37; combed ringspun cotton</li> <li>Soft hand feel</li> <li>Shaped side seams for a feminine fit</li> <li>Narrow crew neck with 1x1 rib</li> <li>Self-fabric back neck tape</li> <li>New tear away back neck label</li> <li><b>Also available in men&#39;s sizes code 61430, kids sizes code 61023 and girl&#39;s sizes code 61025</b></li>",61091000,MA
176025,0000001759334,61432,TSHIRT,T-SHIRTS,MSSTSH,MENS SHORT SLEEVE T-SHIRT,FOTL,Fruit Of The Loom,ME0029,VH,Vintage Heather Red,0008  ,Medium,Ladies' Iconic 150 T,2.09,1,12,72,31/03/2026 23:45:05,C,https://myebrochure.co.uk/images/colours/fotl/fotl-vh.jpg,https://myebrochure.co.uk/images/products/prod_11201_61432_166623.jpg,https://myebrochure.co.uk/images/products.small/prod_11201_61432_166623.jpg,https://myebrochure.co.uk/images/products.hires/prod_11201_61432_166623.jpg,https://myebrochure.co.uk/images/brands/fotl_23.png,https://myebrochure.co.uk/images/products.hires/prod_61432_131698.jpg,https://myebrochure.co.uk/images/products.hires/prod_61432_131696.jpg,https://myebrochure.co.uk/images/products.hires/prod_61432_131697.jpg,,,,,,,,"<li>100&#37; combed ringspun cotton</li> <li>Soft hand feel</li> <li>Shaped side seams for a feminine fit</li> <li>Narrow crew neck with 1x1 rib</li> <li>Self-fabric back neck tape</li> <li>New tear away back neck label</li> <li><b>Also available in men&#39;s sizes code 61430, kids sizes code 61023 and girl&#39;s sizes code 61025</b></li>",61091000,MA
172059,0000001719673,61432,TSHIRT,T-SHIRTS,MSSTSH,MENS SHORT SLEEVE T-SHIRT,FOTL,Fruit Of The Loom,ME0029,30,White,0008  ,Medium,Ladies' Iconic 150 T,1.65,1,12,72,31/03/2026 23:45:05,C,https://myebrochure.co.uk/images/colours/fotl/fotl-30.jpg,https://myebrochure.co.uk/images/products/prod_11201_61432_166623.jpg,https://myebrochure.co.uk/images/products.small/prod_11201_61432_166623.jpg,https://myebrochure.co.uk/images/products.hires/prod_11201_61432_166623.jpg,https://myebrochure.co.uk/images/brands/fotl_23.png,https://myebrochure.co.uk/images/products.hires/prod_11201_61432_166621.jpg,https://myebrochure.co.uk/images/products.hires/prod_61432_131635.jpg,https://myebrochure.co.uk/images/products.hires/prod_61432_131633.jpg,https://myebrochure.co.uk/images/products.hires/prod_61432_131634.jpg,,,,,,,"<li>100&#37; combed ringspun cotton</li> <li>Soft hand feel</li> <li>Shaped side seams for a feminine fit</li> <li>Narrow crew neck with 1x1 rib</li> <li>Self-fabric back neck tape</li> <li>New tear away back neck label</li> <li><b>Also available in men&#39;s sizes code 61430, kids sizes code 61023 and girl&#39;s sizes code 61025</b></li>",61091000,MA
172149,0000001720570,61432,TSHIRT,T-SHIRTS,MSSTSH,MENS SHORT SLEEVE T-SHIRT,FOTL,Fruit Of The Loom,ME0029,XW,Zinc,0008  ,Medium,Ladies' Iconic 150 T,2.09,1,12,72,31/03/2026 23:45:05,C,https://myebrochure.co.uk/images/colours/fotl/fotl-xw.jpg,https://myebrochure.co.uk/images/products/prod_11201_61432_166623.jpg,https://myebrochure.co.uk/images/products.small/prod_11201_61432_166623.jpg,https://myebrochure.co.uk/images/products.hires/prod_11201_61432_166623.jpg,https://myebrochure.co.uk/images/brands/fotl_23.png,https://myebrochure.co.uk/images/products.hires/prod_61432_131701.jpg,https://myebrochure.co.uk/images/products.hires/prod_61432_131699.jpg,https://myebrochure.co.uk/images/products.hires/prod_61432_131700.jpg,,,,,,,,"<li>100&#37; combed ringspun cotton</li> <li>Soft hand feel</li> <li>Shaped side seams for a feminine fit</li> <li>Narrow crew neck with 1x1 rib</li> <li>Self-fabric back neck tape</li> <li>New tear away back neck label</li> <li><b>Also available in men&#39;s sizes code 61430, kids sizes code 61023 and girl&#39;s sizes code 61025</b></li>",61091000,MA
92056,0000000920155,61372,TSHIRT,T-SHIRTS,LSSTSH,Ladies Short Sleeve T-Shirts,FOTL,Fruit Of The Loom,BA0032,ZU,Azure Blue,0008  ,Small,Ladies' Valueweight T,2.23,1,12,72,08/04/2026 09:01:09,C,https://myebrochure.co.uk/images/colours/fotl/fotl-zu.jpg,https://myebrochure.co.uk/images/products/prod_13601_61372_166586.jpg,https://myebrochure.co.uk/images/products.small/prod_13601_61372_166586.jpg,https://myebrochure.co.uk/images/products.hires/prod_13601_61372_166586.jpg,https://myebrochure.co.uk/images/brands/fotl_23.png,https://myebrochure.co.uk/images/products.hires/prod_61372_142026.jpg,https://myebrochure.co.uk/images/products.hires/prod_61372_142025.jpg,https://myebrochure.co.uk/images/products.hires/prod_61372_142027.jpg,,,,,,,,<li>Crew neck with Cotton/ LYCRA&reg; rib</li> <li>Self&#45;fabric back neck tape</li> <li>Shaped side seams for a feminine fit</li> <li>Fine knit gauge for enhanced printability</li> <li><b>Also available in men&#39;s sizes code 61036 and  children&#39;s sizes code 61033 and code 61005</b></li>,61091000,MA
91990,0000000919494,61372,TSHIRT,T-SHIRTS,LSSTSH,Ladies Short Sleeve T-Shirts,FOTL,Fruit Of The Loom,BA0032,36,Black,0008  ,Small,Ladies' Valueweight T,2.23,1,12,72,08/04/2026 09:01:09,C,https://myebrochure.co.uk/images/colours/fotl/fotl-36.jpg,https://myebrochure.co.uk/images/products/prod_13601_61372_166586.jpg,https://myebrochure.co.uk/images/products.small/prod_13601_61372_166586.jpg,https://myebrochure.co.uk/images/products.hires/prod_13601_61372_166586.jpg,https://myebrochure.co.uk/images/brands/fotl_23.png,https://myebrochure.co.uk/images/products.hires/prod_61372_141954.jpg,https://myebrochure.co.uk/images/products.hires/prod_61372_141953.jpg,https://myebrochure.co.uk/images/products.hires/prod_61372_141955.jpg,https://myebrochure.co.uk/images/products.hires/prod_13601_61372_166587.jpg,,,,,,,<li>Crew neck with Cotton/ LYCRA&reg; rib</li> <li>Self&#45;fabric back neck tape</li> <li>Shaped side seams for a feminine fit</li> <li>Fine knit gauge for enhanced printability</li> <li><b>Also available in men&#39;s sizes code 61036 and  children&#39;s sizes code 61033 and code 61005</b></li>,61091000,MA
91996,0000000919555,61372,TSHIRT,T-SHIRTS,LSSTSH,Ladies Short Sleeve T-Shirts,FOTL,Fruit Of The Loom,BA0032,BGR,Bottle Green,0008  ,Small,Ladies' Valueweight T,2.23,1,12,72,08/04/2026 09:01:09,C,https://myebrochure.co.uk/images/colours/fotl/fotl-bgr.jpg,https://myebrochure.co.uk/images/products/prod_13601_61372_166586.jpg,https://myebrochure.co.uk/images/products.small/prod_13601_61372_166586.jpg,https://myebrochure.co.uk/images/products.hires/prod_13601_61372_166586.jpg,https://myebrochure.co.uk/images/brands/fotl_23.png,https://myebrochure.co.uk/images/products.hires/prod_61372_141957.jpg,https://myebrochure.co.uk/images/products.hires/prod_61372_141956.jpg,https://myebrochure.co.uk/images/products.hires/prod_61372_141958.jpg,https://myebrochure.co.uk/images/products.hires/prod_13601_61372_166588.jpg,,,,,,,<li>Crew neck with Cotton/ LYCRA&reg; rib</li> <li>Self&#45;fabric back neck tape</li> <li>Shaped side seams for a feminine fit</li> <li>Fine knit gauge for enhanced printability</li> <li><b>Also available in men&#39;s sizes code 61036 and  children&#39;s sizes code 61033 and code 61005</b></li>,61091000,MA
137988,0000001378955,61372,TSHIRT,T-SHIRTS,LSSTSH,Ladies Short Sleeve T-Shirts,FOTL,Fruit Of The Loom,BA0032,41,Burgundy,0008  ,Small,Ladies' Valueweight T,2.23,1,12,72,08/04/2026 09:01:09,C,https://myebrochure.co.uk/images/colours/fotl/fotl-41.jpg,https://myebrochure.co.uk/images/products/prod_13601_61372_166586.jpg,https://myebrochure.co.uk/images/products.small/prod_13601_61372_166586.jpg,https://myebrochure.co.uk/images/products.hires/prod_13601_61372_166586.jpg,https://myebrochure.co.uk/images/brands/fotl_23.png,https://myebrochure.co.uk/images/products.hires/prod_61372_141963.jpg,https://myebrochure.co.uk/images/products.hires/prod_61372_141962.jpg,https://myebrochure.co.uk/images/products.hires/prod_61372_141964.jpg,https://myebrochure.co.uk/images/products.hires/prod_13601_61372_166590.jpg,,,,,,,<li>Crew neck with Cotton/ LYCRA&reg; rib</li> <li>Self&#45;fabric back neck tape</li> <li>Shaped side seams for a feminine fit</li> <li>Fine knit gauge for enhanced printability</li> <li><b>Also available in men&#39;s sizes code 61036 and  children&#39;s sizes code 61033 and code 61005</b></li>,61091000,MA
158522,0000001584271,61372,TSHIRT,T-SHIRTS,LSSTSH,Ladies Short Sleeve T-Shirts,FOTL,Fruit Of The Loom,BA0032,HD,Dark Heather,0008  ,Small,Ladies' Valueweight T,2.23,1,12,72,08/04/2026 09:01:09,C,https://myebrochure.co.uk/images/colours/fotl/fotl-hd.jpg,https://myebrochure.co.uk/images/products/prod_13601_61372_166586.jpg,https://myebrochure.co.uk/images/products.small/prod_13601_61372_166586.jpg,https://myebrochure.co.uk/images/products.hires/prod_13601_61372_166586.jpg,https://myebrochure.co.uk/images/brands/fotl_23.png,https://myebrochure.co.uk/images/products.hires/prod_61372_142029.jpg,https://myebrochure.co.uk/images/products.hires/prod_61372_142028.jpg,https://myebrochure.co.uk/images/products.hires/prod_61372_142030.jpg,,,,,,,,<li>Crew neck with Cotton/ LYCRA&reg; rib</li> <li>Self&#45;fabric back neck tape</li> <li>Shaped side seams for a feminine fit</li> <li>Fine knit gauge for enhanced printability</li> <li><b>Also available in men&#39;s sizes code 61036 and  children&#39;s sizes code 61033 and code 61005</b></li>,61091000,MA
92050,0000000920094,61372,TSHIRT,T-SHIRTS,LSSTSH,Ladies Short Sleeve T-Shirts,FOTL,Fruit Of The Loom,BA0032,AZ,Deep Navy,0008  ,Small,Ladies' Valueweight T,2.23,1,12,72,08/04/2026 09:01:09,C,https://myebrochure.co.uk/images/colours/fotl/fotl-az.jpg,https://myebrochure.co.uk/images/products/prod_13601_61372_166586.jpg,https://myebrochure.co.uk/images/products.small/prod_13601_61372_166586.jpg,https://myebrochure.co.uk/images/products.hires/prod_13601_61372_166586.jpg,https://myebrochure.co.uk/images/brands/fotl_23.png,https://myebrochure.co.uk/images/products.hires/prod_61372_141984.jpg,https://myebrochure.co.uk/images/products.hires/prod_61372_141983.jpg,https://myebrochure.co.uk/images/products.hires/prod_61372_141985.jpg,,,,,,,,<li>Crew neck with Cotton/ LYCRA&reg; rib</li> <li>Self&#45;fabric back neck tape</li> <li>Shaped side seams for a feminine fit</li> <li>Fine knit gauge for enhanced printability</li> <li><b>Also available in men&#39;s sizes code 61036 and  children&#39;s sizes code 61033 and code 61005</b></li>,61091000,MA
92032,0000000919913,61372,TSHIRT,T-SHIRTS,LSSTSH,Ladies Short Sleeve T-Shirts,FOTL,Fruit Of The Loom,BA0032,57,Fuchsia,0008  ,Small,Ladies' Valueweight T,2.23,1,12,72,08/04/2026 09:01:09,C,https://myebrochure.co.uk/images/colours/fotl/fotl-57.jpg,https://myebrochure.co.uk/images/products/prod_13601_61372_166586.jpg,https://myebrochure.co.uk/images/products.small/prod_13601_61372_166586.jpg,https://myebrochure.co.uk/images/products.hires/prod_13601_61372_166586.jpg,https://myebrochure.co.uk/images/brands/fotl_23.png,https://myebrochure.co.uk/images/products.hires/prod_61372_141978.jpg,https://myebrochure.co.uk/images/products.hires/prod_61372_141977.jpg,https://myebrochure.co.uk/images/products.hires/prod_61372_141979.jpg,https://myebrochure.co.uk/images/products.hires/prod_13601_61372_166595.jpg,,,,,,,<li>Crew neck with Cotton/ LYCRA&reg; rib</li> <li>Self&#45;fabric back neck tape</li> <li>Shaped side seams for a feminine fit</li> <li>Fine knit gauge for enhanced printability</li> <li><b>Also available in men&#39;s sizes code 61036 and  children&#39;s sizes code 61033 and code 61005</b></li>,61091000,MA
92044,0000000920032,61372,TSHIRT,T-SHIRTS,LSSTSH,Ladies Short Sleeve T-Shirts,FOTL,Fruit Of The Loom,BA0032,94,Heather Grey,0008  ,Small,Ladies' Valueweight T,2.23,1,12,72,08/04/2026 09:01:09,C,https://myebrochure.co.uk/images/colours/fotl/fotl-94.jpg,https://myebrochure.co.uk/images/products/prod_13601_61372_166586.jpg,https://myebrochure.co.uk/images/products.small/prod_13601_61372_166586.jpg,https://myebrochure.co.uk/images/products.hires/prod_13601_61372_166586.jpg,https://myebrochure.co.uk/images/brands/fotl_23.png,https://myebrochure.co.uk/images/products.hires/prod_61372_141981.jpg,https://myebrochure.co.uk/images/products.hires/prod_61372_141980.jpg,https://myebrochure.co.uk/images/products.hires/prod_61372_141982.jpg,https://myebrochure.co.uk/images/products.hires/prod_13601_61372_166596.jpg,,,,,,,<li>Crew neck with Cotton/ LYCRA&reg; rib</li> <li>Self&#45;fabric back neck tape</li> <li>Shaped side seams for a feminine fit</li> <li>Fine knit gauge for enhanced printability</li> <li><b>Also available in men&#39;s sizes code 61036 and  children&#39;s sizes code 61033 and code 61005</b></li>,61091000,MA
171878,0000001717860,61372,TSHIRT,T-SHIRTS,LSSTSH,Ladies Short Sleeve T-Shirts,FOTL,Fruit Of The Loom,BA0032,HP,Heather Purple,0008  ,Small,Ladies' Valueweight T,2.23,1,12,72,08/04/2026 09:01:09,C,https://myebrochure.co.uk/images/colours/fotl/fotl-hp.jpg,https://myebrochure.co.uk/images/products/prod_13601_61372_166586.jpg,https://myebrochure.co.uk/images/products.small/prod_13601_61372_166586.jpg,https://myebrochure.co.uk/images/products.hires/prod_13601_61372_166586.jpg,https://myebrochure.co.uk/images/brands/fotl_23.png,https://myebrochure.co.uk/images/products.hires/prod_61372_141993.jpg,https://myebrochure.co.uk/images/products.hires/prod_61372_141992.jpg,https://myebrochure.co.uk/images/products.hires/prod_61372_141994.jpg,,,,,,,,<li>Crew neck with Cotton/ LYCRA&reg; rib</li> <li>Self&#45;fabric back neck tape</li> <li>Shaped side seams for a feminine fit</li> <li>Fine knit gauge for enhanced printability</li> <li><b>Also available in men&#39;s sizes code 61036 and  children&#39;s sizes code 61033 and code 61005</b></li>,61091000,MA
92014,0000000919739,61372,TSHIRT,T-SHIRTS,LSSTSH,Ladies Short Sleeve T-Shirts,FOTL,Fruit Of The Loom,BA0032,47,Kelly Green,0008  ,Small,Ladies' Valueweight T,2.23,1,12,72,08/04/2026 09:01:09,C,https://myebrochure.co.uk/images/colours/fotl/fotl-47.jpg,https://myebrochure.co.uk/images/products/prod_13601_61372_166586.jpg,https://myebrochure.co.uk/images/products.small/prod_13601_61372_166586.jpg,https://myebrochure.co.uk/images/products.hires/prod_13601_61372_166586.jpg,https://myebrochure.co.uk/images/brands/fotl_23.png,https://myebrochure.co.uk/images/products.hires/prod_61372_141969.jpg,https://myebrochure.co.uk/images/products.hires/prod_61372_141968.jpg,https://myebrochure.co.uk/images/products.hires/prod_61372_141970.jpg,https://myebrochure.co.uk/images/products.hires/prod_13601_61372_166592.jpg,,,,,,,<li>Crew neck with Cotton/ LYCRA&reg; rib</li> <li>Self&#45;fabric back neck tape</li> <li>Shaped side seams for a feminine fit</li> <li>Fine knit gauge for enhanced printability</li> <li><b>Also available in men&#39;s sizes code 61036 and  children&#39;s sizes code 61033 and code 61005</b></li>,61091000,MA
137994,0000001379013,61372,TSHIRT,T-SHIRTS,LSSTSH,Ladies Short Sleeve T-Shirts,FOTL,Fruit Of The Loom,BA0032,GL,Light Graphite,0008  ,Small,Ladies' Valueweight T,2.23,1,12,72,08/04/2026 09:01:09,C,https://myebrochure.co.uk/images/colours/fotl/fotl-gl.jpg,https://myebrochure.co.uk/images/products/prod_13601_61372_166586.jpg,https://myebrochure.co.uk/images/products.small/prod_13601_61372_166586.jpg,https://myebrochure.co.uk/images/products.hires/prod_13601_61372_166586.jpg,https://myebrochure.co.uk/images/brands/fotl_23.png,https://myebrochure.co.uk/images/products.hires/prod_61372_141987.jpg,https://myebrochure.co.uk/images/products.hires/prod_61372_141986.jpg,https://myebrochure.co.uk/images/products.hires/prod_61372_141988.jpg,,,,,,,,<li>Crew neck with Cotton/ LYCRA&reg; rib</li> <li>Self&#45;fabric back neck tape</li> <li>Shaped side seams for a feminine fit</li> <li>Fine knit gauge for enhanced printability</li> <li><b>Also available in men&#39;s sizes code 61036 and  children&#39;s sizes code 61033 and code 61005</b></li>,61091000,MA
92026,0000000919852,61372,TSHIRT,T-SHIRTS,LSSTSH,Ladies Short Sleeve T-Shirts,FOTL,Fruit Of The Loom,BA0032,LPI,Light Pink,0008  ,Small,Ladies' Valueweight T,2.23,1,12,72,08/04/2026 09:01:09,C,https://myebrochure.co.uk/images/colours/fotl/fotl-lpi.jpg,https://myebrochure.co.uk/images/products/prod_13601_61372_166586.jpg,https://myebrochure.co.uk/images/products.small/prod_13601_61372_166586.jpg,https://myebrochure.co.uk/images/products.hires/prod_13601_61372_166586.jpg,https://myebrochure.co.uk/images/brands/fotl_23.png,https://myebrochure.co.uk/images/products.hires/prod_61372_141975.jpg,https://myebrochure.co.uk/images/products.hires/prod_61372_141974.jpg,https://myebrochure.co.uk/images/products.hires/prod_61372_141976.jpg,https://myebrochure.co.uk/images/products.hires/prod_13601_61372_166594.jpg,,,,,,,<li>Crew neck with Cotton/ LYCRA&reg; rib</li> <li>Self&#45;fabric back neck tape</li> <li>Shaped side seams for a feminine fit</li> <li>Fine knit gauge for enhanced printability</li> <li><b>Also available in men&#39;s sizes code 61036 and  children&#39;s sizes code 61033 and code 61005</b></li>,61091000,MA
158552,0000001584578,61372,TSHIRT,T-SHIRTS,LSSTSH,Ladies Short Sleeve T-Shirts,FOTL,Fruit Of The Loom,BA0032,LM,Lime,0008  ,Small,Ladies' Valueweight T,2.23,1,12,72,08/04/2026 09:01:09,C,https://myebrochure.co.uk/images/colours/fotl/fotl-lm.jpg,https://myebrochure.co.uk/images/products/prod_13601_61372_166586.jpg,https://myebrochure.co.uk/images/products.small/prod_13601_61372_166586.jpg,https://myebrochure.co.uk/images/products.hires/prod_13601_61372_166586.jpg,https://myebrochure.co.uk/images/brands/fotl_23.png,https://myebrochure.co.uk/images/products.hires/prod_61372_141999.jpg,https://myebrochure.co.uk/images/products.hires/prod_61372_141998.jpg,https://myebrochure.co.uk/images/products.hires/prod_61372_142000.jpg,,,,,,,,<li>Crew neck with Cotton/ LYCRA&reg; rib</li> <li>Self&#45;fabric back neck tape</li> <li>Shaped side seams for a feminine fit</li> <li>Fine knit gauge for enhanced printability</li> <li><b>Also available in men&#39;s sizes code 61036 and  children&#39;s sizes code 61033 and code 61005</b></li>,61091000,MA
128927,0000001288896,61372,TSHIRT,T-SHIRTS,LSSTSH,Ladies Short Sleeve T-Shirts,FOTL,Fruit Of The Loom,BA0032,32,Navy Blue,0008  ,Small,Ladies' Valueweight T,2.23,1,12,72,08/04/2026 09:01:09,C,https://myebrochure.co.uk/images/colours/fotl/fotl-32.jpg,https://myebrochure.co.uk/images/products/prod_13601_61372_166586.jpg,https://myebrochure.co.uk/images/products.small/prod_13601_61372_166586.jpg,https://myebrochure.co.uk/images/products.hires/prod_13601_61372_166586.jpg,https://myebrochure.co.uk/images/brands/fotl_23.png,https://myebrochure.co.uk/images/products.hires/prod_61372_141951.jpg,https://myebrochure.co.uk/images/products.hires/prod_61372_141950.jpg,https://myebrochure.co.uk/images/products.hires/prod_61372_141952.jpg,https://myebrochure.co.uk/images/products.hires/prod_61372_142002.jpg,https://myebrochure.co.uk/images/products.hires/prod_61372_142001.jpg,https://myebrochure.co.uk/images/products.hires/prod_61372_142003.jpg,,,,,<li>Crew neck with Cotton/ LYCRA&reg; rib</li> <li>Self&#45;fabric back neck tape</li> <li>Shaped side seams for a feminine fit</li> <li>Fine knit gauge for enhanced printability</li> <li><b>Also available in men&#39;s sizes code 61036 and  children&#39;s sizes code 61033 and code 61005</b></li>,61091000,MA
92008,0000000919678,61372,TSHIRT,T-SHIRTS,LSSTSH,Ladies Short Sleeve T-Shirts,FOTL,Fruit Of The Loom,BA0032,44,Orange,0008  ,Small,Ladies' Valueweight T,2.23,1,12,72,08/04/2026 09:01:09,C,https://myebrochure.co.uk/images/colours/fotl/fotl-44.jpg,https://myebrochure.co.uk/images/products/prod_13601_61372_166586.jpg,https://myebrochure.co.uk/images/products.small/prod_13601_61372_166586.jpg,https://myebrochure.co.uk/images/products.hires/prod_13601_61372_166586.jpg,https://myebrochure.co.uk/images/brands/fotl_23.png,https://myebrochure.co.uk/images/products.hires/prod_61372_141966.jpg,https://myebrochure.co.uk/images/products.hires/prod_61372_141965.jpg,https://myebrochure.co.uk/images/products.hires/prod_61372_141967.jpg,https://myebrochure.co.uk/images/products.hires/prod_13601_61372_166591.jpg,,,,,,,<li>Crew neck with Cotton/ LYCRA&reg; rib</li> <li>Self&#45;fabric back neck tape</li> <li>Shaped side seams for a feminine fit</li> <li>Fine knit gauge for enhanced printability</li> <li><b>Also available in men&#39;s sizes code 61036 and  children&#39;s sizes code 61033 and code 61005</b></li>,61091000,MA
92068,0000000920278,61372,TSHIRT,T-SHIRTS,LSSTSH,Ladies Short Sleeve T-Shirts,FOTL,Fruit Of The Loom,BA0032,PE,Purple,0008  ,Small,Ladies' Valueweight T,2.23,1,12,72,08/04/2026 09:01:09,C,https://myebrochure.co.uk/images/colours/fotl/fotl-pe.jpg,https://myebrochure.co.uk/images/products/prod_13601_61372_166586.jpg,https://myebrochure.co.uk/images/products.small/prod_13601_61372_166586.jpg,https://myebrochure.co.uk/images/products.hires/prod_13601_61372_166586.jpg,https://myebrochure.co.uk/images/brands/fotl_23.png,https://myebrochure.co.uk/images/products.hires/prod_61372_142008.jpg,https://myebrochure.co.uk/images/products.hires/prod_61372_142007.jpg,https://myebrochure.co.uk/images/products.hires/prod_61372_142009.jpg,,,,,,,,<li>Crew neck with Cotton/ LYCRA&reg; rib</li> <li>Self&#45;fabric back neck tape</li> <li>Shaped side seams for a feminine fit</li> <li>Fine knit gauge for enhanced printability</li> <li><b>Also available in men&#39;s sizes code 61036 and  children&#39;s sizes code 61033 and code 61005</b></li>,61091000,MA
92002,0000000919616,61372,TSHIRT,T-SHIRTS,LSSTSH,Ladies Short Sleeve T-Shirts,FOTL,Fruit Of The Loom,BA0032,40,Red,0008  ,Small,Ladies' Valueweight T,2.23,1,12,72,08/04/2026 09:01:09,C,https://myebrochure.co.uk/images/colours/fotl/fotl-40.jpg,https://myebrochure.co.uk/images/products/prod_13601_61372_166586.jpg,https://myebrochure.co.uk/images/products.small/prod_13601_61372_166586.jpg,https://myebrochure.co.uk/images/products.hires/prod_13601_61372_166586.jpg,https://myebrochure.co.uk/images/brands/fotl_23.png,https://myebrochure.co.uk/images/products.hires/prod_61372_141960.jpg,https://myebrochure.co.uk/images/products.hires/prod_61372_141959.jpg,https://myebrochure.co.uk/images/products.hires/prod_61372_141961.jpg,https://myebrochure.co.uk/images/products.hires/prod_13601_61372_166589.jpg,,,,,,,<li>Crew neck with Cotton/ LYCRA&reg; rib</li> <li>Self&#45;fabric back neck tape</li> <li>Shaped side seams for a feminine fit</li> <li>Fine knit gauge for enhanced printability</li> <li><b>Also available in men&#39;s sizes code 61036 and  children&#39;s sizes code 61033 and code 61005</b></li>,61091000,MA
158540,0000001584455,61372,TSHIRT,T-SHIRTS,LSSTSH,Ladies Short Sleeve T-Shirts,FOTL,Fruit Of The Loom,BA0032,RX,Retro Heather Green,0008  ,Small,Ladies' Valueweight T,2.23,1,12,72,08/04/2026 09:01:09,C,https://myebrochure.co.uk/images/colours/fotl/fotl-rx.jpg,https://myebrochure.co.uk/images/products/prod_13601_61372_166586.jpg,https://myebrochure.co.uk/images/products.small/prod_13601_61372_166586.jpg,https://myebrochure.co.uk/images/products.hires/prod_13601_61372_166586.jpg,https://myebrochure.co.uk/images/brands/fotl_23.png,https://myebrochure.co.uk/images/products.hires/prod_61372_142014.jpg,https://myebrochure.co.uk/images/products.hires/prod_61372_142013.jpg,https://myebrochure.co.uk/images/products.hires/prod_61372_142015.jpg,,,,,,,,<li>Crew neck with Cotton/ LYCRA&reg; rib</li> <li>Self&#45;fabric back neck tape</li> <li>Shaped side seams for a feminine fit</li> <li>Fine knit gauge for enhanced printability</li> <li><b>Also available in men&#39;s sizes code 61036 and  children&#39;s sizes code 61033 and code 61005</b></li>,61091000,MA
158534,0000001584394,61372,TSHIRT,T-SHIRTS,LSSTSH,Ladies Short Sleeve T-Shirts,FOTL,Fruit Of The Loom,BA0032,R6,Retro Heather Royal,0008  ,Small,Ladies' Valueweight T,2.23,1,12,72,08/04/2026 09:01:09,C,https://myebrochure.co.uk/images/colours/fotl/fotl-r6.jpg,https://myebrochure.co.uk/images/products/prod_13601_61372_166586.jpg,https://myebrochure.co.uk/images/products.small/prod_13601_61372_166586.jpg,https://myebrochure.co.uk/images/products.hires/prod_13601_61372_166586.jpg,https://myebrochure.co.uk/images/brands/fotl_23.png,https://myebrochure.co.uk/images/products.hires/prod_61372_142011.jpg,https://myebrochure.co.uk/images/products.hires/prod_61372_142010.jpg,https://myebrochure.co.uk/images/products.hires/prod_61372_142012.jpg,,,,,,,,<li>Crew neck with Cotton/ LYCRA&reg; rib</li> <li>Self&#45;fabric back neck tape</li> <li>Shaped side seams for a feminine fit</li> <li>Fine knit gauge for enhanced printability</li> <li><b>Also available in men&#39;s sizes code 61036 and  children&#39;s sizes code 61033 and code 61005</b></li>,61091000,MA
92020,0000000919791,61372,TSHIRT,T-SHIRTS,LSSTSH,Ladies Short Sleeve T-Shirts,FOTL,Fruit Of The Loom,BA0032,51,Royal,0008  ,Small,Ladies' Valueweight T,2.23,1,12,72,08/04/2026 09:01:09,C,https://myebrochure.co.uk/images/colours/fotl/fotl-51.jpg,https://myebrochure.co.uk/images/products/prod_13601_61372_166586.jpg,https://myebrochure.co.uk/images/products.small/prod_13601_61372_166586.jpg,https://myebrochure.co.uk/images/products.hires/prod_13601_61372_166586.jpg,https://myebrochure.co.uk/images/brands/fotl_23.png,https://myebrochure.co.uk/images/products.hires/prod_61372_141972.jpg,https://myebrochure.co.uk/images/products.hires/prod_61372_141971.jpg,https://myebrochure.co.uk/images/products.hires/prod_61372_141973.jpg,https://myebrochure.co.uk/images/products.hires/prod_13601_61372_166593.jpg,,,,,,,<li>Crew neck with Cotton/ LYCRA&reg; rib</li> <li>Self&#45;fabric back neck tape</li> <li>Shaped side seams for a feminine fit</li> <li>Fine knit gauge for enhanced printability</li> <li><b>Also available in men&#39;s sizes code 61036 and  children&#39;s sizes code 61033 and code 61005</b></li>,61091000,MA
92062,0000000920216,61372,TSHIRT,T-SHIRTS,LSSTSH,Ladies Short Sleeve T-Shirts,FOTL,Fruit Of The Loom,BA0032,YT,Sky Blue,0008  ,Small,Ladies' Valueweight T,2.23,1,12,72,08/04/2026 09:01:09,C,https://myebrochure.co.uk/images/colours/fotl/fotl-yt.jpg,https://myebrochure.co.uk/images/products/prod_13601_61372_166586.jpg,https://myebrochure.co.uk/images/products.small/prod_13601_61372_166586.jpg,https://myebrochure.co.uk/images/products.hires/prod_13601_61372_166586.jpg,https://myebrochure.co.uk/images/brands/fotl_23.png,https://myebrochure.co.uk/images/products.hires/prod_61372_142023.jpg,https://myebrochure.co.uk/images/products.hires/prod_61372_142022.jpg,https://myebrochure.co.uk/images/products.hires/prod_61372_142024.jpg,,,,,,,,<li>Crew neck with Cotton/ LYCRA&reg; rib</li> <li>Self&#45;fabric back neck tape</li> <li>Shaped side seams for a feminine fit</li> <li>Fine knit gauge for enhanced printability</li> <li><b>Also available in men&#39;s sizes code 61036 and  children&#39;s sizes code 61033 and code 61005</b></li>,61091000,MA
91984,0000000919432,61372,TSHIRT,T-SHIRTS,LSSTSH,Ladies Short Sleeve T-Shirts,FOTL,Fruit Of The Loom,BA0032,SUN,Sunflower,0008  ,Small,Ladies' Valueweight T,2.23,1,12,72,08/04/2026 09:01:09,C,https://myebrochure.co.uk/images/colours/fotl/fotl-sun.jpg,https://myebrochure.co.uk/images/products/prod_13601_61372_166586.jpg,https://myebrochure.co.uk/images/products.small/prod_13601_61372_166586.jpg,https://myebrochure.co.uk/images/products.hires/prod_13601_61372_166586.jpg,https://myebrochure.co.uk/images/brands/fotl_23.png,https://myebrochure.co.uk/images/products.hires/prod_61372_142005.jpg,https://myebrochure.co.uk/images/products.hires/prod_61372_142004.jpg,https://myebrochure.co.uk/images/products.hires/prod_61372_142006.jpg,,,,,,,,<li>Crew neck with Cotton/ LYCRA&reg; rib</li> <li>Self&#45;fabric back neck tape</li> <li>Shaped side seams for a feminine fit</li> <li>Fine knit gauge for enhanced printability</li> <li><b>Also available in men&#39;s sizes code 61036 and  children&#39;s sizes code 61033 and code 61005</b></li>,61091000,MA
158528,0000001584332,61372,TSHIRT,T-SHIRTS,LSSTSH,Ladies Short Sleeve T-Shirts,FOTL,Fruit Of The Loom,BA0032,VF,Vintage Heather Navy,0008  ,Small,Ladies' Valueweight T,2.23,1,12,72,08/04/2026 09:01:09,C,https://myebrochure.co.uk/images/colours/fotl/fotl-vf.jpg,https://myebrochure.co.uk/images/products/prod_13601_61372_166586.jpg,https://myebrochure.co.uk/images/products.small/prod_13601_61372_166586.jpg,https://myebrochure.co.uk/images/products.hires/prod_13601_61372_166586.jpg,https://myebrochure.co.uk/images/brands/fotl_23.png,https://myebrochure.co.uk/images/products.hires/prod_61372_142017.jpg,https://myebrochure.co.uk/images/products.hires/prod_61372_142016.jpg,https://myebrochure.co.uk/images/products.hires/prod_61372_142018.jpg,,,,,,,,<li>Crew neck with Cotton/ LYCRA&reg; rib</li> <li>Self&#45;fabric back neck tape</li> <li>Shaped side seams for a feminine fit</li> <li>Fine knit gauge for enhanced printability</li> <li><b>Also available in men&#39;s sizes code 61036 and  children&#39;s sizes code 61033 and code 61005</b></li>,61091000,MA
158546,0000001584516,61372,TSHIRT,T-SHIRTS,LSSTSH,Ladies Short Sleeve T-Shirts,FOTL,Fruit Of The Loom,BA0032,VH,Vintage Heather Red,0008  ,Small,Ladies' Valueweight T,2.23,1,12,72,08/04/2026 09:01:09,C,https://myebrochure.co.uk/images/colours/fotl/fotl-vh.jpg,https://myebrochure.co.uk/images/products/prod_13601_61372_166586.jpg,https://myebrochure.co.uk/images/products.small/prod_13601_61372_166586.jpg,https://myebrochure.co.uk/images/products.hires/prod_13601_61372_166586.jpg,https://myebrochure.co.uk/images/brands/fotl_23.png,https://myebrochure.co.uk/images/products.hires/prod_61372_142020.jpg,https://myebrochure.co.uk/images/products.hires/prod_61372_142019.jpg,https://myebrochure.co.uk/images/products.hires/prod_61372_142021.jpg,,,,,,,,<li>Crew neck with Cotton/ LYCRA&reg; rib</li> <li>Self&#45;fabric back neck tape</li> <li>Shaped side seams for a feminine fit</li> <li>Fine knit gauge for enhanced printability</li> <li><b>Also available in men&#39;s sizes code 61036 and  children&#39;s sizes code 61033 and code 61005</b></li>,61091000,MA
91978,0000000919371,61372,TSHIRT,T-SHIRTS,LSSTSH,Ladies Short Sleeve T-Shirts,FOTL,Fruit Of The Loom,BA0032,30,White,0008  ,Small,Ladies' Valueweight T,1.78,1,12,72,08/04/2026 09:01:09,C,https://myebrochure.co.uk/images/colours/fotl/fotl-30.jpg,https://myebrochure.co.uk/images/products/prod_13601_61372_166586.jpg,https://myebrochure.co.uk/images/products.small/prod_13601_61372_166586.jpg,https://myebrochure.co.uk/images/products.hires/prod_13601_61372_166586.jpg,https://myebrochure.co.uk/images/brands/fotl_23.png,https://myebrochure.co.uk/images/products.hires/prod_61372_141948.jpg,https://myebrochure.co.uk/images/products.hires/prod_61372_141947.jpg,https://myebrochure.co.uk/images/products.hires/prod_61372_141949.jpg,https://myebrochure.co.uk/images/products.hires/prod_13601_61372_166584.jpg,,,,,,,<li>Crew neck with Cotton/ LYCRA&reg; rib</li> <li>Self&#45;fabric back neck tape</li> <li>Shaped side seams for a feminine fit</li> <li>Fine knit gauge for enhanced printability</li> <li><b>Also available in men&#39;s sizes code 61036 and  children&#39;s sizes code 61033 and code 61005</b></li>,61091000,MA
138000,0000001379075,61372,TSHIRT,T-SHIRTS,LSSTSH,Ladies Short Sleeve T-Shirts,FOTL,Fruit Of The Loom,BA0032,K2,Yellow,0008  ,Small,Ladies' Valueweight T,2.23,1,12,72,08/04/2026 09:01:09,C,https://myebrochure.co.uk/images/colours/fotl/fotl-k2.jpg,https://myebrochure.co.uk/images/products/prod_13601_61372_166586.jpg,https://myebrochure.co.uk/images/products.small/prod_13601_61372_166586.jpg,https://myebrochure.co.uk/images/products.hires/prod_13601_61372_166586.jpg,https://myebrochure.co.uk/images/brands/fotl_23.png,https://myebrochure.co.uk/images/products.hires/prod_61372_141996.jpg,https://myebrochure.co.uk/images/products.hires/prod_61372_141995.jpg,https://myebrochure.co.uk/images/products.hires/prod_61372_141997.jpg,,,,,,,,<li>Crew neck with Cotton/ LYCRA&reg; rib</li> <li>Self&#45;fabric back neck tape</li> <li>Shaped side seams for a feminine fit</li> <li>Fine knit gauge for enhanced printability</li> <li><b>Also available in men&#39;s sizes code 61036 and  children&#39;s sizes code 61033 and code 61005</b></li>,61091000,MA
138608,0000001385151,61420,TSHIRT,T-SHIRTS,MSSTSH,MENS SHORT SLEEVE T-SHIRT,FOTL,Fruit Of The Loom,MS0185,36,Black,0008  ,Small,Ladies' Original T,2.00,1,12,72,08/04/2026 09:04:23,C,https://myebrochure.co.uk/images/colours/fotl/fotl-36.jpg,https://myebrochure.co.uk/images/products/prod_61420_142140.jpg,https://myebrochure.co.uk/images/products.small/prod_61420_142140.jpg,https://myebrochure.co.uk/images/products.hires/prod_61420_142140.jpg,https://myebrochure.co.uk/images/brands/fotl_23.png,https://myebrochure.co.uk/images/products.hires/prod_61420_142149.jpg,https://myebrochure.co.uk/images/products.hires/prod_61420_142148.jpg,https://myebrochure.co.uk/images/products.hires/prod_61420_142150.jpg,,,,,,,,<li>Rib crew neck with self-fabric back neck tape</li> <li>Shaped side seams for a feminine fit</li> <li>Fine knit gauge for enhanced printability</li> <li><b>Also available in men&#39;s sizes code 61082 and children&#39;s size code 61019</b></li>,61091000,MA
117383,0000001173475,61420,TSHIRT,T-SHIRTS,MSSTSH,MENS SHORT SLEEVE T-SHIRT,FOTL,Fruit Of The Loom,MS0185,57,Fuchsia,0008  ,Small,Ladies' Original T,2.00,1,12,72,08/04/2026 09:04:23,C,https://myebrochure.co.uk/images/colours/fotl/fotl-57.jpg,https://myebrochure.co.uk/images/products/prod_61420_142140.jpg,https://myebrochure.co.uk/images/products.small/prod_61420_142140.jpg,https://myebrochure.co.uk/images/products.hires/prod_61420_142140.jpg,https://myebrochure.co.uk/images/brands/fotl_23.png,https://myebrochure.co.uk/images/products.hires/prod_61420_142170.jpg,https://myebrochure.co.uk/images/products.hires/prod_61420_142169.jpg,https://myebrochure.co.uk/images/products.hires/prod_61420_142171.jpg,,,,,,,,<li>Rib crew neck with self-fabric back neck tape</li> <li>Shaped side seams for a feminine fit</li> <li>Fine knit gauge for enhanced printability</li> <li><b>Also available in men&#39;s sizes code 61082 and children&#39;s size code 61019</b></li>,61091000,MA
117389,0000001173536,61420,TSHIRT,T-SHIRTS,MSSTSH,MENS SHORT SLEEVE T-SHIRT,FOTL,Fruit Of The Loom,MS0185,94,Heather Grey,0008  ,Small,Ladies' Original T,2.00,1,12,72,08/04/2026 09:04:23,C,https://myebrochure.co.uk/images/colours/fotl/fotl-94.jpg,https://myebrochure.co.uk/images/products/prod_61420_142140.jpg,https://myebrochure.co.uk/images/products.small/prod_61420_142140.jpg,https://myebrochure.co.uk/images/products.hires/prod_61420_142140.jpg,https://myebrochure.co.uk/images/brands/fotl_23.png,https://myebrochure.co.uk/images/products.hires/prod_61420_142176.jpg,https://myebrochure.co.uk/images/products.hires/prod_61420_142175.jpg,https://myebrochure.co.uk/images/products.hires/prod_61420_142177.jpg,https://myebrochure.co.uk/images/products.hires/prod_12401_61420_166616.jpg,,,,,,,<li>Rib crew neck with self-fabric back neck tape</li> <li>Shaped side seams for a feminine fit</li> <li>Fine knit gauge for enhanced printability</li> <li><b>Also available in men&#39;s sizes code 61082 and children&#39;s size code 61019</b></li>,61091000,MA
117407,0000001173710,61420,TSHIRT,T-SHIRTS,MSSTSH,MENS SHORT SLEEVE T-SHIRT,FOTL,Fruit Of The Loom,MS0185,40,Red,0008  ,Small,Ladies' Original T,2.00,1,12,72,08/04/2026 09:04:23,C,https://myebrochure.co.uk/images/colours/fotl/fotl-40.jpg,https://myebrochure.co.uk/images/products/prod_61420_142140.jpg,https://myebrochure.co.uk/images/products.small/prod_61420_142140.jpg,https://myebrochure.co.uk/images/products.hires/prod_61420_142140.jpg,https://myebrochure.co.uk/images/brands/fotl_23.png,https://myebrochure.co.uk/images/products.hires/prod_61420_142155.jpg,https://myebrochure.co.uk/images/products.hires/prod_61420_142154.jpg,https://myebrochure.co.uk/images/products.hires/prod_61420_142156.jpg,,,,,,,,<li>Rib crew neck with self-fabric back neck tape</li> <li>Shaped side seams for a feminine fit</li> <li>Fine knit gauge for enhanced printability</li> <li><b>Also available in men&#39;s sizes code 61082 and children&#39;s size code 61019</b></li>,61091000,MA
117413,0000001173772,61420,TSHIRT,T-SHIRTS,MSSTSH,MENS SHORT SLEEVE T-SHIRT,FOTL,Fruit Of The Loom,MS0185,51,Royal,0008  ,Small,Ladies' Original T,2.00,1,12,72,08/04/2026 09:04:23,C,https://myebrochure.co.uk/images/colours/fotl/fotl-51.jpg,https://myebrochure.co.uk/images/products/prod_61420_142140.jpg,https://myebrochure.co.uk/images/products.small/prod_61420_142140.jpg,https://myebrochure.co.uk/images/products.hires/prod_61420_142140.jpg,https://myebrochure.co.uk/images/brands/fotl_23.png,https://myebrochure.co.uk/images/products.hires/prod_61420_142167.jpg,https://myebrochure.co.uk/images/products.hires/prod_61420_142166.jpg,https://myebrochure.co.uk/images/products.hires/prod_61420_142168.jpg,https://myebrochure.co.uk/images/products.hires/prod_12401_61420_166614.jpg,,,,,,,<li>Rib crew neck with self-fabric back neck tape</li> <li>Shaped side seams for a feminine fit</li> <li>Fine knit gauge for enhanced printability</li> <li><b>Also available in men&#39;s sizes code 61082 and children&#39;s size code 61019</b></li>,61091000,MA
117419,0000001173833,61420,TSHIRT,T-SHIRTS,MSSTSH,MENS SHORT SLEEVE T-SHIRT,FOTL,Fruit Of The Loom,MS0185,30,White,0008  ,Small,Ladies' Original T,1.57,1,12,72,08/04/2026 09:04:23,C,https://myebrochure.co.uk/images/colours/fotl/fotl-30.jpg,https://myebrochure.co.uk/images/products/prod_61420_142140.jpg,https://myebrochure.co.uk/images/products.small/prod_61420_142140.jpg,https://myebrochure.co.uk/images/products.hires/prod_61420_142140.jpg,https://myebrochure.co.uk/images/brands/fotl_23.png,https://myebrochure.co.uk/images/products.hires/prod_61420_142139.jpg,https://myebrochure.co.uk/images/products.hires/prod_61420_142141.jpg,,,,,,,,,<li>Rib crew neck with self-fabric back neck tape</li> <li>Shaped side seams for a feminine fit</li> <li>Fine knit gauge for enhanced printability</li> <li><b>Also available in men&#39;s sizes code 61082 and children&#39;s size code 61019</b></li>,61091000,MA
197032,0000001970142,61432,TSHIRT,T-SHIRTS,MSSTSH,MENS SHORT SLEEVE T-SHIRT,FOTL,Fruit Of The Loom,ME0029,9K,Athletic Heather,0008  ,Small,Ladies' Iconic 150 T,2.09,1,12,72,31/03/2026 23:45:05,C,https://myebrochure.co.uk/images/colours/fotl/fotl-9k.jpg,https://myebrochure.co.uk/images/products/prod_11201_61432_166623.jpg,https://myebrochure.co.uk/images/products.small/prod_11201_61432_166623.jpg,https://myebrochure.co.uk/images/products.hires/prod_11201_61432_166623.jpg,https://myebrochure.co.uk/images/brands/fotl_23.png,https://myebrochure.co.uk/images/products.hires/prod_11201_61432_153584.jpg,https://myebrochure.co.uk/images/products.hires/prod_11201_61432_153583.jpg,https://myebrochure.co.uk/images/products.hires/prod_11201_61432_153585.jpg,,,,,,,,"<li>100&#37; combed ringspun cotton</li> <li>Soft hand feel</li> <li>Shaped side seams for a feminine fit</li> <li>Narrow crew neck with 1x1 rib</li> <li>Self-fabric back neck tape</li> <li>New tear away back neck label</li> <li><b>Also available in men&#39;s sizes code 61430, kids sizes code 61023 and girl&#39;s sizes code 61025</b></li>",61091000,MA
200595,0000002005805,61432,TSHIRT,T-SHIRTS,MSSTSH,MENS SHORT SLEEVE T-SHIRT,FOTL,Fruit Of The Loom,ME0029,ZU,Azure Blue,0008  ,Small,Ladies' Iconic 150 T,2.09,1,12,72,31/03/2026 23:45:05,C,https://myebrochure.co.uk/images/colours/fotl/fotl-zu.jpg,https://myebrochure.co.uk/images/products/prod_11201_61432_166623.jpg,https://myebrochure.co.uk/images/products.small/prod_11201_61432_166623.jpg,https://myebrochure.co.uk/images/products.hires/prod_11201_61432_166623.jpg,https://myebrochure.co.uk/images/brands/fotl_23.png,https://myebrochure.co.uk/images/products.hires/prod_11201_61432_157250.jpg,https://myebrochure.co.uk/images/products.hires/prod_11201_61432_157249.jpg,https://myebrochure.co.uk/images/products.hires/prod_11201_61432_157251.jpg,,,,,,,,"<li>100&#37; combed ringspun cotton</li> <li>Soft hand feel</li> <li>Shaped side seams for a feminine fit</li> <li>Narrow crew neck with 1x1 rib</li> <li>Self-fabric back neck tape</li> <li>New tear away back neck label</li> <li><b>Also available in men&#39;s sizes code 61430, kids sizes code 61023 and girl&#39;s sizes code 61025</b></li>",61091000,MA
172070,0000001719789,61432,TSHIRT,T-SHIRTS,MSSTSH,MENS SHORT SLEEVE T-SHIRT,FOTL,Fruit Of The Loom,ME0029,36,Black,0008  ,Small,Ladies' Iconic 150 T,2.09,1,12,72,31/03/2026 23:45:05,C,https://myebrochure.co.uk/images/colours/fotl/fotl-36.jpg,https://myebrochure.co.uk/images/products/prod_11201_61432_166623.jpg,https://myebrochure.co.uk/images/products.small/prod_11201_61432_166623.jpg,https://myebrochure.co.uk/images/products.hires/prod_11201_61432_166623.jpg,https://myebrochure.co.uk/images/brands/fotl_23.png,https://myebrochure.co.uk/images/products.hires/prod_11201_61432_166624.jpg,https://myebrochure.co.uk/images/products.hires/prod_61432_131641.jpg,https://myebrochure.co.uk/images/products.hires/prod_61432_131639.jpg,https://myebrochure.co.uk/images/products.hires/prod_61432_131640.jpg,,,,,,,"<li>100&#37; combed ringspun cotton</li> <li>Soft hand feel</li> <li>Shaped side seams for a feminine fit</li> <li>Narrow crew neck with 1x1 rib</li> <li>Self-fabric back neck tape</li> <li>New tear away back neck label</li> <li><b>Also available in men&#39;s sizes code 61430, kids sizes code 61023 and girl&#39;s sizes code 61025</b></li>",61091000,MA
183673,0000001835946,61432,TSHIRT,T-SHIRTS,MSSTSH,MENS SHORT SLEEVE T-SHIRT,FOTL,Fruit Of The Loom,ME0029,41,Burgundy,0008  ,Small,Ladies' Iconic 150 T,2.09,1,12,72,31/03/2026 23:45:05,C,https://myebrochure.co.uk/images/colours/fotl/fotl-41.jpg,https://myebrochure.co.uk/images/products/prod_11201_61432_166623.jpg,https://myebrochure.co.uk/images/products.small/prod_11201_61432_166623.jpg,https://myebrochure.co.uk/images/products.hires/prod_11201_61432_166623.jpg,https://myebrochure.co.uk/images/brands/fotl_23.png,https://myebrochure.co.uk/images/products.hires/prod_11201_61432_166625.jpg,https://myebrochure.co.uk/images/products.hires/prod_11201_61432_154269.jpg,https://myebrochure.co.uk/images/products.hires/prod_11201_61432_154270.jpg,https://myebrochure.co.uk/images/products.hires/prod_11201_61432_154271.jpg,,,,,,,"<li>100&#37; combed ringspun cotton</li> <li>Soft hand feel</li> <li>Shaped side seams for a feminine fit</li> <li>Narrow crew neck with 1x1 rib</li> <li>Self-fabric back neck tape</li> <li>New tear away back neck label</li> <li><b>Also available in men&#39;s sizes code 61430, kids sizes code 61023 and girl&#39;s sizes code 61025</b></li>",61091000,MA
172100,0000001720082,61432,TSHIRT,T-SHIRTS,MSSTSH,MENS SHORT SLEEVE T-SHIRT,FOTL,Fruit Of The Loom,ME0029,59,Classic Olive,0008  ,Small,Ladies' Iconic 150 T,2.09,1,12,72,31/03/2026 23:45:05,C,https://myebrochure.co.uk/images/colours/fotl/fotl-59.jpg,https://myebrochure.co.uk/images/products/prod_11201_61432_166623.jpg,https://myebrochure.co.uk/images/products.small/prod_11201_61432_166623.jpg,https://myebrochure.co.uk/images/products.hires/prod_11201_61432_166623.jpg,https://myebrochure.co.uk/images/brands/fotl_23.png,https://myebrochure.co.uk/images/products.hires/prod_61432_131656.jpg,https://myebrochure.co.uk/images/products.hires/prod_61432_131654.jpg,https://myebrochure.co.uk/images/products.hires/prod_61432_131655.jpg,,,,,,,,"<li>100&#37; combed ringspun cotton</li> <li>Soft hand feel</li> <li>Shaped side seams for a feminine fit</li> <li>Narrow crew neck with 1x1 rib</li> <li>Self-fabric back neck tape</li> <li>New tear away back neck label</li> <li><b>Also available in men&#39;s sizes code 61430, kids sizes code 61023 and girl&#39;s sizes code 61025</b></li>",61091000,MA
172130,0000001720389,61432,TSHIRT,T-SHIRTS,MSSTSH,MENS SHORT SLEEVE T-SHIRT,FOTL,Fruit Of The Loom,ME0029,AZ,Deep Navy,0008  ,Small,Ladies' Iconic 150 T,2.09,1,12,72,31/03/2026 23:45:05,C,https://myebrochure.co.uk/images/colours/fotl/fotl-az.jpg,https://myebrochure.co.uk/images/products/prod_11201_61432_166623.jpg,https://myebrochure.co.uk/images/products.small/prod_11201_61432_166623.jpg,https://myebrochure.co.uk/images/products.hires/prod_11201_61432_166623.jpg,https://myebrochure.co.uk/images/brands/fotl_23.png,https://myebrochure.co.uk/images/products.hires/prod_61432_131665.jpg,https://myebrochure.co.uk/images/products.hires/prod_61432_131663.jpg,https://myebrochure.co.uk/images/products.hires/prod_61432_131664.jpg,,,,,,,,"<li>100&#37; combed ringspun cotton</li> <li>Soft hand feel</li> <li>Shaped side seams for a feminine fit</li> <li>Narrow crew neck with 1x1 rib</li> <li>Self-fabric back neck tape</li> <li>New tear away back neck label</li> <li><b>Also available in men&#39;s sizes code 61430, kids sizes code 61023 and girl&#39;s sizes code 61025</b></li>",61091000,MA
172142,0000001720501,61432,TSHIRT,T-SHIRTS,MSSTSH,MENS SHORT SLEEVE T-SHIRT,FOTL,Fruit Of The Loom,ME0029,TM,Forest Green,0008  ,Small,Ladies' Iconic 150 T,2.09,1,12,72,31/03/2026 23:45:05,C,https://myebrochure.co.uk/images/colours/fotl/fotl-tm.jpg,https://myebrochure.co.uk/images/products/prod_11201_61432_166623.jpg,https://myebrochure.co.uk/images/products.small/prod_11201_61432_166623.jpg,https://myebrochure.co.uk/images/products.hires/prod_11201_61432_166623.jpg,https://myebrochure.co.uk/images/brands/fotl_23.png,https://myebrochure.co.uk/images/products.hires/prod_61432_131692.jpg,https://myebrochure.co.uk/images/products.hires/prod_61432_131690.jpg,https://myebrochure.co.uk/images/products.hires/prod_61432_131691.jpg,,,,,,,,"<li>100&#37; combed ringspun cotton</li> <li>Soft hand feel</li> <li>Shaped side seams for a feminine fit</li> <li>Narrow crew neck with 1x1 rib</li> <li>Self-fabric back neck tape</li> <li>New tear away back neck label</li> <li><b>Also available in men&#39;s sizes code 61430, kids sizes code 61023 and girl&#39;s sizes code 61025</b></li>",61091000,MA
172094,0000001720020,61432,TSHIRT,T-SHIRTS,MSSTSH,MENS SHORT SLEEVE T-SHIRT,FOTL,Fruit Of The Loom,ME0029,57,Fuchsia,0008  ,Small,Ladies' Iconic 150 T,2.09,1,12,72,31/03/2026 23:45:05,C,https://myebrochure.co.uk/images/colours/fotl/fotl-57.jpg,https://myebrochure.co.uk/images/products/prod_11201_61432_166623.jpg,https://myebrochure.co.uk/images/products.small/prod_11201_61432_166623.jpg,https://myebrochure.co.uk/images/products.hires/prod_11201_61432_166623.jpg,https://myebrochure.co.uk/images/brands/fotl_23.png,https://myebrochure.co.uk/images/products.hires/prod_61432_131653.jpg,https://myebrochure.co.uk/images/products.hires/prod_61432_131651.jpg,https://myebrochure.co.uk/images/products.hires/prod_61432_131652.jpg,,,,,,,,"<li>100&#37; combed ringspun cotton</li> <li>Soft hand feel</li> <li>Shaped side seams for a feminine fit</li> <li>Narrow crew neck with 1x1 rib</li> <li>Self-fabric back neck tape</li> <li>New tear away back neck label</li> <li><b>Also available in men&#39;s sizes code 61430, kids sizes code 61023 and girl&#39;s sizes code 61025</b></li>",61091000,MA
172166,0000001720747,61432,TSHIRT,T-SHIRTS,MSSTSH,MENS SHORT SLEEVE T-SHIRT,FOTL,Fruit Of The Loom,ME0029,H1,Heather Burgundy,0008  ,Small,Ladies' Iconic 150 T,2.09,1,12,72,31/03/2026 23:45:05,C,https://myebrochure.co.uk/images/colours/fotl/fotl-h1.jpg,https://myebrochure.co.uk/images/products/prod_11201_61432_166623.jpg,https://myebrochure.co.uk/images/products.small/prod_11201_61432_166623.jpg,https://myebrochure.co.uk/images/products.hires/prod_11201_61432_166623.jpg,https://myebrochure.co.uk/images/brands/fotl_23.png,https://myebrochure.co.uk/images/products.hires/prod_61432_131677.jpg,https://myebrochure.co.uk/images/products.hires/prod_61432_131675.jpg,https://myebrochure.co.uk/images/products.hires/prod_61432_131676.jpg,,,,,,,,"<li>100&#37; combed ringspun cotton</li> <li>Soft hand feel</li> <li>Shaped side seams for a feminine fit</li> <li>Narrow crew neck with 1x1 rib</li> <li>Self-fabric back neck tape</li> <li>New tear away back neck label</li> <li><b>Also available in men&#39;s sizes code 61430, kids sizes code 61023 and girl&#39;s sizes code 61025</b></li>",61091000,MA
172124,0000001720327,61432,TSHIRT,T-SHIRTS,MSSTSH,MENS SHORT SLEEVE T-SHIRT,FOTL,Fruit Of The Loom,ME0029,94,Heather Grey,0008  ,Small,Ladies' Iconic 150 T,2.09,1,12,72,31/03/2026 23:45:05,C,https://myebrochure.co.uk/images/colours/fotl/fotl-94.jpg,https://myebrochure.co.uk/images/products/prod_11201_61432_166623.jpg,https://myebrochure.co.uk/images/products.small/prod_11201_61432_166623.jpg,https://myebrochure.co.uk/images/products.hires/prod_11201_61432_166623.jpg,https://myebrochure.co.uk/images/brands/fotl_23.png,https://myebrochure.co.uk/images/products.hires/prod_61432_131662.jpg,https://myebrochure.co.uk/images/products.hires/prod_61432_131660.jpg,https://myebrochure.co.uk/images/products.hires/prod_61432_131661.jpg,,,,,,,,"<li>100&#37; combed ringspun cotton</li> <li>Soft hand feel</li> <li>Shaped side seams for a feminine fit</li> <li>Narrow crew neck with 1x1 rib</li> <li>Self-fabric back neck tape</li> <li>New tear away back neck label</li> <li><b>Also available in men&#39;s sizes code 61430, kids sizes code 61023 and girl&#39;s sizes code 61025</b></li>",61091000,MA
172160,0000001720686,61432,TSHIRT,T-SHIRTS,MSSTSH,MENS SHORT SLEEVE T-SHIRT,FOTL,Fruit Of The Loom,ME0029,HP,Heather Purple,0008  ,Small,Ladies' Iconic 150 T,2.09,1,12,72,31/03/2026 23:45:05,C,https://myebrochure.co.uk/images/colours/fotl/fotl-hp.jpg,https://myebrochure.co.uk/images/products/prod_11201_61432_166623.jpg,https://myebrochure.co.uk/images/products.small/prod_11201_61432_166623.jpg,https://myebrochure.co.uk/images/products.hires/prod_11201_61432_166623.jpg,https://myebrochure.co.uk/images/brands/fotl_23.png,https://myebrochure.co.uk/images/products.hires/prod_61432_131683.jpg,https://myebrochure.co.uk/images/products.hires/prod_61432_131681.jpg,https://myebrochure.co.uk/images/products.hires/prod_61432_131682.jpg,,,,,,,,"<li>100&#37; combed ringspun cotton</li> <li>Soft hand feel</li> <li>Shaped side seams for a feminine fit</li> <li>Narrow crew neck with 1x1 rib</li> <li>Self-fabric back neck tape</li> <li>New tear away back neck label</li> <li><b>Also available in men&#39;s sizes code 61430, kids sizes code 61023 and girl&#39;s sizes code 61025</b></li>",61091000,MA
172082,0000001719901,61432,TSHIRT,T-SHIRTS,MSSTSH,MENS SHORT SLEEVE T-SHIRT,FOTL,Fruit Of The Loom,ME0029,47,Kelly Green,0008  ,Small,Ladies' Iconic 150 T,2.09,1,12,72,31/03/2026 23:45:05,C,https://myebrochure.co.uk/images/colours/fotl/fotl-47.jpg,https://myebrochure.co.uk/images/products/prod_11201_61432_166623.jpg,https://myebrochure.co.uk/images/products.small/prod_11201_61432_166623.jpg,https://myebrochure.co.uk/images/products.hires/prod_11201_61432_166623.jpg,https://myebrochure.co.uk/images/brands/fotl_23.png,https://myebrochure.co.uk/images/products.hires/prod_11201_61432_166626.jpg,https://myebrochure.co.uk/images/products.hires/prod_61432_131647.jpg,https://myebrochure.co.uk/images/products.hires/prod_61432_131645.jpg,https://myebrochure.co.uk/images/products.hires/prod_61432_131646.jpg,,,,,,,"<li>100&#37; combed ringspun cotton</li> <li>Soft hand feel</li> <li>Shaped side seams for a feminine fit</li> <li>Narrow crew neck with 1x1 rib</li> <li>Self-fabric back neck tape</li> <li>New tear away back neck label</li> <li><b>Also available in men&#39;s sizes code 61430, kids sizes code 61023 and girl&#39;s sizes code 61025</b></li>",61091000,MA
172136,0000001720440,61432,TSHIRT,T-SHIRTS,MSSTSH,MENS SHORT SLEEVE T-SHIRT,FOTL,Fruit Of The Loom,ME0029,GL,Light Graphite,0008  ,Small,Ladies' Iconic 150 T,2.09,1,12,72,31/03/2026 23:45:05,C,https://myebrochure.co.uk/images/colours/fotl/fotl-gl.jpg,https://myebrochure.co.uk/images/products/prod_11201_61432_166623.jpg,https://myebrochure.co.uk/images/products.small/prod_11201_61432_166623.jpg,https://myebrochure.co.uk/images/products.hires/prod_11201_61432_166623.jpg,https://myebrochure.co.uk/images/brands/fotl_23.png,https://myebrochure.co.uk/images/products.hires/prod_61432_131674.jpg,https://myebrochure.co.uk/images/products.hires/prod_61432_131672.jpg,https://myebrochure.co.uk/images/products.hires/prod_61432_131673.jpg,,,,,,,,"<li>100&#37; combed ringspun cotton</li> <li>Soft hand feel</li> <li>Shaped side seams for a feminine fit</li> <li>Narrow crew neck with 1x1 rib</li> <li>Self-fabric back neck tape</li> <li>New tear away back neck label</li> <li><b>Also available in men&#39;s sizes code 61430, kids sizes code 61023 and girl&#39;s sizes code 61025</b></li>",61091000,MA
172106,0000001720143,61432,TSHIRT,T-SHIRTS,MSSTSH,MENS SHORT SLEEVE T-SHIRT,FOTL,Fruit Of The Loom,ME0029,60,Natural,0008  ,Small,Ladies' Iconic 150 T,1.65,1,12,72,31/03/2026 23:45:05,C,https://myebrochure.co.uk/images/colours/fotl/fotl-60.jpg,https://myebrochure.co.uk/images/products/prod_11201_61432_166623.jpg,https://myebrochure.co.uk/images/products.small/prod_11201_61432_166623.jpg,https://myebrochure.co.uk/images/products.hires/prod_11201_61432_166623.jpg,https://myebrochure.co.uk/images/brands/fotl_23.png,https://myebrochure.co.uk/images/products.hires/prod_61432_131659.jpg,https://myebrochure.co.uk/images/products.hires/prod_61432_131657.jpg,https://myebrochure.co.uk/images/products.hires/prod_61432_131658.jpg,,,,,,,,"<li>100&#37; combed ringspun cotton</li> <li>Soft hand feel</li> <li>Shaped side seams for a feminine fit</li> <li>Narrow crew neck with 1x1 rib</li> <li>Self-fabric back neck tape</li> <li>New tear away back neck label</li> <li><b>Also available in men&#39;s sizes code 61430, kids sizes code 61023 and girl&#39;s sizes code 61025</b></li>",61091000,MA
183667,0000001835885,61432,TSHIRT,T-SHIRTS,MSSTSH,MENS SHORT SLEEVE T-SHIRT,FOTL,Fruit Of The Loom,ME0029,32,Navy Blue,0008  ,Small,Ladies' Iconic 150 T,2.09,1,12,72,31/03/2026 23:45:05,C,https://myebrochure.co.uk/images/colours/fotl/fotl-32.jpg,https://myebrochure.co.uk/images/products/prod_11201_61432_166623.jpg,https://myebrochure.co.uk/images/products.small/prod_11201_61432_166623.jpg,https://myebrochure.co.uk/images/products.hires/prod_11201_61432_166623.jpg,https://myebrochure.co.uk/images/brands/fotl_23.png,https://myebrochure.co.uk/images/products.hires/prod_11201_61432_149212.jpg,https://myebrochure.co.uk/images/products.hires/prod_11201_61432_149210.jpg,https://myebrochure.co.uk/images/products.hires/prod_11201_61432_149213.jpg,,,,,,,,"<li>100&#37; combed ringspun cotton</li> <li>Soft hand feel</li> <li>Shaped side seams for a feminine fit</li> <li>Narrow crew neck with 1x1 rib</li> <li>Self-fabric back neck tape</li> <li>New tear away back neck label</li> <li><b>Also available in men&#39;s sizes code 61430, kids sizes code 61023 and girl&#39;s sizes code 61025</b></li>",61091000,MA
183679,0000001836004,61432,TSHIRT,T-SHIRTS,MSSTSH,MENS SHORT SLEEVE T-SHIRT,FOTL,Fruit Of The Loom,ME0029,NE,Neomint,0008  ,Small,Ladies' Iconic 150 T,2.09,1,12,72,31/03/2026 23:45:05,C,https://myebrochure.co.uk/images/colours/fotl/fotl-ne.jpg,https://myebrochure.co.uk/images/products/prod_11201_61432_166623.jpg,https://myebrochure.co.uk/images/products.small/prod_11201_61432_166623.jpg,https://myebrochure.co.uk/images/products.hires/prod_11201_61432_166623.jpg,https://myebrochure.co.uk/images/brands/fotl_23.png,https://myebrochure.co.uk/images/products.hires/prod_11201_61432_149217.jpg,https://myebrochure.co.uk/images/products.hires/prod_11201_61432_149215.jpg,https://myebrochure.co.uk/images/products.hires/prod_11201_61432_149219.jpg,,,,,,,,"<li>100&#37; combed ringspun cotton</li> <li>Soft hand feel</li> <li>Shaped side seams for a feminine fit</li> <li>Narrow crew neck with 1x1 rib</li> <li>Self-fabric back neck tape</li> <li>New tear away back neck label</li> <li><b>Also available in men&#39;s sizes code 61430, kids sizes code 61023 and girl&#39;s sizes code 61025</b></li>",61091000,MA
200601,0000002005867,61432,TSHIRT,T-SHIRTS,MSSTSH,MENS SHORT SLEEVE T-SHIRT,FOTL,Fruit Of The Loom,ME0029,PR,Powder Rose,0008  ,Small,Ladies' Iconic 150 T,2.09,1,12,72,31/03/2026 23:45:05,C,https://myebrochure.co.uk/images/colours/fotl/fotl-pr.jpg,https://myebrochure.co.uk/images/products/prod_11201_61432_166623.jpg,https://myebrochure.co.uk/images/products.small/prod_11201_61432_166623.jpg,https://myebrochure.co.uk/images/products.hires/prod_11201_61432_166623.jpg,https://myebrochure.co.uk/images/brands/fotl_23.png,https://myebrochure.co.uk/images/products.hires/prod_11201_61432_157244.jpg,https://myebrochure.co.uk/images/products.hires/prod_11201_61432_157243.jpg,https://myebrochure.co.uk/images/products.hires/prod_11201_61432_157245.jpg,,,,,,,,"<li>100&#37; combed ringspun cotton</li> <li>Soft hand feel</li> <li>Shaped side seams for a feminine fit</li> <li>Narrow crew neck with 1x1 rib</li> <li>Self-fabric back neck tape</li> <li>New tear away back neck label</li> <li><b>Also available in men&#39;s sizes code 61430, kids sizes code 61023 and girl&#39;s sizes code 61025</b></li>",61091000,MA
172076,0000001719840,61432,TSHIRT,T-SHIRTS,MSSTSH,MENS SHORT SLEEVE T-SHIRT,FOTL,Fruit Of The Loom,ME0029,40,Red,0008  ,Small,Ladies' Iconic 150 T,2.09,1,12,72,31/03/2026 23:45:05,C,https://myebrochure.co.uk/images/colours/fotl/fotl-40.jpg,https://myebrochure.co.uk/images/products/prod_11201_61432_166623.jpg,https://myebrochure.co.uk/images/products.small/prod_11201_61432_166623.jpg,https://myebrochure.co.uk/images/products.hires/prod_11201_61432_166623.jpg,https://myebrochure.co.uk/images/brands/fotl_23.png,https://myebrochure.co.uk/images/products.hires/prod_61432_131644.jpg,https://myebrochure.co.uk/images/products.hires/prod_61432_131642.jpg,https://myebrochure.co.uk/images/products.hires/prod_61432_131643.jpg,,,,,,,,"<li>100&#37; combed ringspun cotton</li> <li>Soft hand feel</li> <li>Shaped side seams for a feminine fit</li> <li>Narrow crew neck with 1x1 rib</li> <li>Self-fabric back neck tape</li> <li>New tear away back neck label</li> <li><b>Also available in men&#39;s sizes code 61430, kids sizes code 61023 and girl&#39;s sizes code 61025</b></li>",61091000,MA
176018,0000001759266,61432,TSHIRT,T-SHIRTS,MSSTSH,MENS SHORT SLEEVE T-SHIRT,FOTL,Fruit Of The Loom,ME0029,RX,Retro Heather Green,0008  ,Small,Ladies' Iconic 150 T,2.09,1,12,72,31/03/2026 23:45:05,C,https://myebrochure.co.uk/images/colours/fotl/fotl-rx.jpg,https://myebrochure.co.uk/images/products/prod_11201_61432_166623.jpg,https://myebrochure.co.uk/images/products.small/prod_11201_61432_166623.jpg,https://myebrochure.co.uk/images/products.hires/prod_11201_61432_166623.jpg,https://myebrochure.co.uk/images/brands/fotl_23.png,https://myebrochure.co.uk/images/products.hires/prod_61432_131689.jpg,https://myebrochure.co.uk/images/products.hires/prod_61432_131687.jpg,https://myebrochure.co.uk/images/products.hires/prod_61432_131688.jpg,,,,,,,,"<li>100&#37; combed ringspun cotton</li> <li>Soft hand feel</li> <li>Shaped side seams for a feminine fit</li> <li>Narrow crew neck with 1x1 rib</li> <li>Self-fabric back neck tape</li> <li>New tear away back neck label</li> <li><b>Also available in men&#39;s sizes code 61430, kids sizes code 61023 and girl&#39;s sizes code 61025</b></li>",61091000,MA
176012,0000001759204,61432,TSHIRT,T-SHIRTS,MSSTSH,MENS SHORT SLEEVE T-SHIRT,FOTL,Fruit Of The Loom,ME0029,R6,Retro Heather Royal,0008  ,Small,Ladies' Iconic 150 T,2.09,1,12,72,31/03/2026 23:45:05,C,https://myebrochure.co.uk/images/colours/fotl/fotl-r6.jpg,https://myebrochure.co.uk/images/products/prod_11201_61432_166623.jpg,https://myebrochure.co.uk/images/products.small/prod_11201_61432_166623.jpg,https://myebrochure.co.uk/images/products.hires/prod_11201_61432_166623.jpg,https://myebrochure.co.uk/images/brands/fotl_23.png,https://myebrochure.co.uk/images/products.hires/prod_61432_131686.jpg,https://myebrochure.co.uk/images/products.hires/prod_61432_131684.jpg,https://myebrochure.co.uk/images/products.hires/prod_61432_131685.jpg,,,,,,,,"<li>100&#37; combed ringspun cotton</li> <li>Soft hand feel</li> <li>Shaped side seams for a feminine fit</li> <li>Narrow crew neck with 1x1 rib</li> <li>Self-fabric back neck tape</li> <li>New tear away back neck label</li> <li><b>Also available in men&#39;s sizes code 61430, kids sizes code 61023 and girl&#39;s sizes code 61025</b></li>",61091000,MA
172088,0000001719963,61432,TSHIRT,T-SHIRTS,MSSTSH,MENS SHORT SLEEVE T-SHIRT,FOTL,Fruit Of The Loom,ME0029,51,Royal,0008  ,Small,Ladies' Iconic 150 T,2.09,1,12,72,31/03/2026 23:45:05,C,https://myebrochure.co.uk/images/colours/fotl/fotl-51.jpg,https://myebrochure.co.uk/images/products/prod_11201_61432_166623.jpg,https://myebrochure.co.uk/images/products.small/prod_11201_61432_166623.jpg,https://myebrochure.co.uk/images/products.hires/prod_11201_61432_166623.jpg,https://myebrochure.co.uk/images/brands/fotl_23.png,https://myebrochure.co.uk/images/products.hires/prod_61432_131650.jpg,https://myebrochure.co.uk/images/products.hires/prod_61432_131648.jpg,https://myebrochure.co.uk/images/products.hires/prod_61432_131649.jpg,,,,,,,,"<li>100&#37; combed ringspun cotton</li> <li>Soft hand feel</li> <li>Shaped side seams for a feminine fit</li> <li>Narrow crew neck with 1x1 rib</li> <li>Self-fabric back neck tape</li> <li>New tear away back neck label</li> <li><b>Also available in men&#39;s sizes code 61430, kids sizes code 61023 and girl&#39;s sizes code 61025</b></li>",61091000,MA
200861,0000002008462,61432,TSHIRT,T-SHIRTS,MSSTSH,MENS SHORT SLEEVE T-SHIRT,FOTL,Fruit Of The Loom,ME0029,SLR,Soft Lavender,0008  ,Small,Ladies' Iconic 150 T,2.09,1,12,72,31/03/2026 23:45:05,C,https://myebrochure.co.uk/images/colours/fotl/fotl-slr.jpg,https://myebrochure.co.uk/images/products/prod_11201_61432_166623.jpg,https://myebrochure.co.uk/images/products.small/prod_11201_61432_166623.jpg,https://myebrochure.co.uk/images/products.hires/prod_11201_61432_166623.jpg,https://myebrochure.co.uk/images/brands/fotl_23.png,https://myebrochure.co.uk/images/products.hires/prod_11201_61432_157247.jpg,https://myebrochure.co.uk/images/products.hires/prod_11201_61432_157246.jpg,https://myebrochure.co.uk/images/products.hires/prod_11201_61432_157248.jpg,,,,,,,,"<li>100&#37; combed ringspun cotton</li> <li>Soft hand feel</li> <li>Shaped side seams for a feminine fit</li> <li>Narrow crew neck with 1x1 rib</li> <li>Self-fabric back neck tape</li> <li>New tear away back neck label</li> <li><b>Also available in men&#39;s sizes code 61430, kids sizes code 61023 and girl&#39;s sizes code 61025</b></li>",61091000,MA
172064,0000001719727,61432,TSHIRT,T-SHIRTS,MSSTSH,MENS SHORT SLEEVE T-SHIRT,FOTL,Fruit Of The Loom,ME0029,34,Sunflower,0008  ,Small,Ladies' Iconic 150 T,2.09,1,12,72,31/03/2026 23:45:05,C,https://myebrochure.co.uk/images/colours/fotl/fotl-34.jpg,https://myebrochure.co.uk/images/products/prod_11201_61432_166623.jpg,https://myebrochure.co.uk/images/products.small/prod_11201_61432_166623.jpg,https://myebrochure.co.uk/images/products.hires/prod_11201_61432_166623.jpg,https://myebrochure.co.uk/images/brands/fotl_23.png,https://myebrochure.co.uk/images/products.hires/prod_61432_131638.jpg,https://myebrochure.co.uk/images/products.hires/prod_61432_131636.jpg,https://myebrochure.co.uk/images/products.hires/prod_61432_131637.jpg,,,,,,,,"<li>100&#37; combed ringspun cotton</li> <li>Soft hand feel</li> <li>Shaped side seams for a feminine fit</li> <li>Narrow crew neck with 1x1 rib</li> <li>Self-fabric back neck tape</li> <li>New tear away back neck label</li> <li><b>Also available in men&#39;s sizes code 61430, kids sizes code 61023 and girl&#39;s sizes code 61025</b></li>",61091000,MA
176024,0000001759327,61432,TSHIRT,T-SHIRTS,MSSTSH,MENS SHORT SLEEVE T-SHIRT,FOTL,Fruit Of The Loom,ME0029,VH,Vintage Heather Red,0008  ,Small,Ladies' Iconic 150 T,2.09,1,12,72,31/03/2026 23:45:05,C,https://myebrochure.co.uk/images/colours/fotl/fotl-vh.jpg,https://myebrochure.co.uk/images/products/prod_11201_61432_166623.jpg,https://myebrochure.co.uk/images/products.small/prod_11201_61432_166623.jpg,https://myebrochure.co.uk/images/products.hires/prod_11201_61432_166623.jpg,https://myebrochure.co.uk/images/brands/fotl_23.png,https://myebrochure.co.uk/images/products.hires/prod_61432_131698.jpg,https://myebrochure.co.uk/images/products.hires/prod_61432_131696.jpg,https://myebrochure.co.uk/images/products.hires/prod_61432_131697.jpg,,,,,,,,"<li>100&#37; combed ringspun cotton</li> <li>Soft hand feel</li> <li>Shaped side seams for a feminine fit</li> <li>Narrow crew neck with 1x1 rib</li> <li>Self-fabric back neck tape</li> <li>New tear away back neck label</li> <li><b>Also available in men&#39;s sizes code 61430, kids sizes code 61023 and girl&#39;s sizes code 61025</b></li>",61091000,MA
172058,0000001719666,61432,TSHIRT,T-SHIRTS,MSSTSH,MENS SHORT SLEEVE T-SHIRT,FOTL,Fruit Of The Loom,ME0029,30,White,0008  ,Small,Ladies' Iconic 150 T,1.65,1,12,72,31/03/2026 23:45:05,C,https://myebrochure.co.uk/images/colours/fotl/fotl-30.jpg,https://myebrochure.co.uk/images/products/prod_11201_61432_166623.jpg,https://myebrochure.co.uk/images/products.small/prod_11201_61432_166623.jpg,https://myebrochure.co.uk/images/products.hires/prod_11201_61432_166623.jpg,https://myebrochure.co.uk/images/brands/fotl_23.png,https://myebrochure.co.uk/images/products.hires/prod_11201_61432_166621.jpg,https://myebrochure.co.uk/images/products.hires/prod_61432_131635.jpg,https://myebrochure.co.uk/images/products.hires/prod_61432_131633.jpg,https://myebrochure.co.uk/images/products.hires/prod_61432_131634.jpg,,,,,,,"<li>100&#37; combed ringspun cotton</li> <li>Soft hand feel</li> <li>Shaped side seams for a feminine fit</li> <li>Narrow crew neck with 1x1 rib</li> <li>Self-fabric back neck tape</li> <li>New tear away back neck label</li> <li><b>Also available in men&#39;s sizes code 61430, kids sizes code 61023 and girl&#39;s sizes code 61025</b></li>",61091000,MA
172148,0000001720563,61432,TSHIRT,T-SHIRTS,MSSTSH,MENS SHORT SLEEVE T-SHIRT,FOTL,Fruit Of The Loom,ME0029,XW,Zinc,0008  ,Small,Ladies' Iconic 150 T,2.09,1,12,72,31/03/2026 23:45:05,C,https://myebrochure.co.uk/images/colours/fotl/fotl-xw.jpg,https://myebrochure.co.uk/images/products/prod_11201_61432_166623.jpg,https://myebrochure.co.uk/images/products.small/prod_11201_61432_166623.jpg,https://myebrochure.co.uk/images/products.hires/prod_11201_61432_166623.jpg,https://myebrochure.co.uk/images/brands/fotl_23.png,https://myebrochure.co.uk/images/products.hires/prod_61432_131701.jpg,https://myebrochure.co.uk/images/products.hires/prod_61432_131699.jpg,https://myebrochure.co.uk/images/products.hires/prod_61432_131700.jpg,,,,,,,,"<li>100&#37; combed ringspun cotton</li> <li>Soft hand feel</li> <li>Shaped side seams for a feminine fit</li> <li>Narrow crew neck with 1x1 rib</li> <li>Self-fabric back neck tape</li> <li>New tear away back neck label</li> <li><b>Also available in men&#39;s sizes code 61430, kids sizes code 61023 and girl&#39;s sizes code 61025</b></li>",61091000,MA
92059,0000000920186,61372,TSHIRT,T-SHIRTS,LSSTSH,Ladies Short Sleeve T-Shirts,FOTL,Fruit Of The Loom,BA0032,ZU,Azure Blue,0008  ,XL,Ladies' Valueweight T,2.23,1,12,72,08/04/2026 09:01:09,C,https://myebrochure.co.uk/images/colours/fotl/fotl-zu.jpg,https://myebrochure.co.uk/images/products/prod_13601_61372_166586.jpg,https://myebrochure.co.uk/images/products.small/prod_13601_61372_166586.jpg,https://myebrochure.co.uk/images/products.hires/prod_13601_61372_166586.jpg,https://myebrochure.co.uk/images/brands/fotl_23.png,https://myebrochure.co.uk/images/products.hires/prod_61372_142026.jpg,https://myebrochure.co.uk/images/products.hires/prod_61372_142025.jpg,https://myebrochure.co.uk/images/products.hires/prod_61372_142027.jpg,,,,,,,,<li>Crew neck with Cotton/ LYCRA&reg; rib</li> <li>Self&#45;fabric back neck tape</li> <li>Shaped side seams for a feminine fit</li> <li>Fine knit gauge for enhanced printability</li> <li><b>Also available in men&#39;s sizes code 61036 and  children&#39;s sizes code 61033 and code 61005</b></li>,61091000,MA
91993,0000000919524,61372,TSHIRT,T-SHIRTS,LSSTSH,Ladies Short Sleeve T-Shirts,FOTL,Fruit Of The Loom,BA0032,36,Black,0008  ,XL,Ladies' Valueweight T,2.23,1,12,72,08/04/2026 09:01:09,C,https://myebrochure.co.uk/images/colours/fotl/fotl-36.jpg,https://myebrochure.co.uk/images/products/prod_13601_61372_166586.jpg,https://myebrochure.co.uk/images/products.small/prod_13601_61372_166586.jpg,https://myebrochure.co.uk/images/products.hires/prod_13601_61372_166586.jpg,https://myebrochure.co.uk/images/brands/fotl_23.png,https://myebrochure.co.uk/images/products.hires/prod_61372_141954.jpg,https://myebrochure.co.uk/images/products.hires/prod_61372_141953.jpg,https://myebrochure.co.uk/images/products.hires/prod_61372_141955.jpg,https://myebrochure.co.uk/images/products.hires/prod_13601_61372_166587.jpg,,,,,,,<li>Crew neck with Cotton/ LYCRA&reg; rib</li> <li>Self&#45;fabric back neck tape</li> <li>Shaped side seams for a feminine fit</li> <li>Fine knit gauge for enhanced printability</li> <li><b>Also available in men&#39;s sizes code 61036 and  children&#39;s sizes code 61033 and code 61005</b></li>,61091000,MA
91999,0000000919586,61372,TSHIRT,T-SHIRTS,LSSTSH,Ladies Short Sleeve T-Shirts,FOTL,Fruit Of The Loom,BA0032,BGR,Bottle Green,0008  ,XL,Ladies' Valueweight T,2.23,1,12,72,08/04/2026 09:01:09,C,https://myebrochure.co.uk/images/colours/fotl/fotl-bgr.jpg,https://myebrochure.co.uk/images/products/prod_13601_61372_166586.jpg,https://myebrochure.co.uk/images/products.small/prod_13601_61372_166586.jpg,https://myebrochure.co.uk/images/products.hires/prod_13601_61372_166586.jpg,https://myebrochure.co.uk/images/brands/fotl_23.png,https://myebrochure.co.uk/images/products.hires/prod_61372_141957.jpg,https://myebrochure.co.uk/images/products.hires/prod_61372_141956.jpg,https://myebrochure.co.uk/images/products.hires/prod_61372_141958.jpg,https://myebrochure.co.uk/images/products.hires/prod_13601_61372_166588.jpg,,,,,,,<li>Crew neck with Cotton/ LYCRA&reg; rib</li> <li>Self&#45;fabric back neck tape</li> <li>Shaped side seams for a feminine fit</li> <li>Fine knit gauge for enhanced printability</li> <li><b>Also available in men&#39;s sizes code 61036 and  children&#39;s sizes code 61033 and code 61005</b></li>,61091000,MA
137991,0000001378986,61372,TSHIRT,T-SHIRTS,LSSTSH,Ladies Short Sleeve T-Shirts,FOTL,Fruit Of The Loom,BA0032,41,Burgundy,0008  ,XL,Ladies' Valueweight T,2.23,1,12,72,08/04/2026 09:01:09,C,https://myebrochure.co.uk/images/colours/fotl/fotl-41.jpg,https://myebrochure.co.uk/images/products/prod_13601_61372_166586.jpg,https://myebrochure.co.uk/images/products.small/prod_13601_61372_166586.jpg,https://myebrochure.co.uk/images/products.hires/prod_13601_61372_166586.jpg,https://myebrochure.co.uk/images/brands/fotl_23.png,https://myebrochure.co.uk/images/products.hires/prod_61372_141963.jpg,https://myebrochure.co.uk/images/products.hires/prod_61372_141962.jpg,https://myebrochure.co.uk/images/products.hires/prod_61372_141964.jpg,https://myebrochure.co.uk/images/products.hires/prod_13601_61372_166590.jpg,,,,,,,<li>Crew neck with Cotton/ LYCRA&reg; rib</li> <li>Self&#45;fabric back neck tape</li> <li>Shaped side seams for a feminine fit</li> <li>Fine knit gauge for enhanced printability</li> <li><b>Also available in men&#39;s sizes code 61036 and  children&#39;s sizes code 61033 and code 61005</b></li>,61091000,MA
158525,0000001584301,61372,TSHIRT,T-SHIRTS,LSSTSH,Ladies Short Sleeve T-Shirts,FOTL,Fruit Of The Loom,BA0032,HD,Dark Heather,0008  ,XL,Ladies' Valueweight T,2.23,1,12,72,08/04/2026 09:01:09,C,https://myebrochure.co.uk/images/colours/fotl/fotl-hd.jpg,https://myebrochure.co.uk/images/products/prod_13601_61372_166586.jpg,https://myebrochure.co.uk/images/products.small/prod_13601_61372_166586.jpg,https://myebrochure.co.uk/images/products.hires/prod_13601_61372_166586.jpg,https://myebrochure.co.uk/images/brands/fotl_23.png,https://myebrochure.co.uk/images/products.hires/prod_61372_142029.jpg,https://myebrochure.co.uk/images/products.hires/prod_61372_142028.jpg,https://myebrochure.co.uk/images/products.hires/prod_61372_142030.jpg,,,,,,,,<li>Crew neck with Cotton/ LYCRA&reg; rib</li> <li>Self&#45;fabric back neck tape</li> <li>Shaped side seams for a feminine fit</li> <li>Fine knit gauge for enhanced printability</li> <li><b>Also available in men&#39;s sizes code 61036 and  children&#39;s sizes code 61033 and code 61005</b></li>,61091000,MA
92053,0000000920124,61372,TSHIRT,T-SHIRTS,LSSTSH,Ladies Short Sleeve T-Shirts,FOTL,Fruit Of The Loom,BA0032,AZ,Deep Navy,0008  ,XL,Ladies' Valueweight T,2.23,1,12,72,08/04/2026 09:01:09,C,https://myebrochure.co.uk/images/colours/fotl/fotl-az.jpg,https://myebrochure.co.uk/images/products/prod_13601_61372_166586.jpg,https://myebrochure.co.uk/images/products.small/prod_13601_61372_166586.jpg,https://myebrochure.co.uk/images/products.hires/prod_13601_61372_166586.jpg,https://myebrochure.co.uk/images/brands/fotl_23.png,https://myebrochure.co.uk/images/products.hires/prod_61372_141984.jpg,https://myebrochure.co.uk/images/products.hires/prod_61372_141983.jpg,https://myebrochure.co.uk/images/products.hires/prod_61372_141985.jpg,,,,,,,,<li>Crew neck with Cotton/ LYCRA&reg; rib</li> <li>Self&#45;fabric back neck tape</li> <li>Shaped side seams for a feminine fit</li> <li>Fine knit gauge for enhanced printability</li> <li><b>Also available in men&#39;s sizes code 61036 and  children&#39;s sizes code 61033 and code 61005</b></li>,61091000,MA
92035,0000000919944,61372,TSHIRT,T-SHIRTS,LSSTSH,Ladies Short Sleeve T-Shirts,FOTL,Fruit Of The Loom,BA0032,57,Fuchsia,0008  ,XL,Ladies' Valueweight T,2.23,1,12,72,08/04/2026 09:01:09,C,https://myebrochure.co.uk/images/colours/fotl/fotl-57.jpg,https://myebrochure.co.uk/images/products/prod_13601_61372_166586.jpg,https://myebrochure.co.uk/images/products.small/prod_13601_61372_166586.jpg,https://myebrochure.co.uk/images/products.hires/prod_13601_61372_166586.jpg,https://myebrochure.co.uk/images/brands/fotl_23.png,https://myebrochure.co.uk/images/products.hires/prod_61372_141978.jpg,https://myebrochure.co.uk/images/products.hires/prod_61372_141977.jpg,https://myebrochure.co.uk/images/products.hires/prod_61372_141979.jpg,https://myebrochure.co.uk/images/products.hires/prod_13601_61372_166595.jpg,,,,,,,<li>Crew neck with Cotton/ LYCRA&reg; rib</li> <li>Self&#45;fabric back neck tape</li> <li>Shaped side seams for a feminine fit</li> <li>Fine knit gauge for enhanced printability</li> <li><b>Also available in men&#39;s sizes code 61036 and  children&#39;s sizes code 61033 and code 61005</b></li>,61091000,MA
92047,0000000920063,61372,TSHIRT,T-SHIRTS,LSSTSH,Ladies Short Sleeve T-Shirts,FOTL,Fruit Of The Loom,BA0032,94,Heather Grey,0008  ,XL,Ladies' Valueweight T,2.23,1,12,72,08/04/2026 09:01:09,C,https://myebrochure.co.uk/images/colours/fotl/fotl-94.jpg,https://myebrochure.co.uk/images/products/prod_13601_61372_166586.jpg,https://myebrochure.co.uk/images/products.small/prod_13601_61372_166586.jpg,https://myebrochure.co.uk/images/products.hires/prod_13601_61372_166586.jpg,https://myebrochure.co.uk/images/brands/fotl_23.png,https://myebrochure.co.uk/images/products.hires/prod_61372_141981.jpg,https://myebrochure.co.uk/images/products.hires/prod_61372_141980.jpg,https://myebrochure.co.uk/images/products.hires/prod_61372_141982.jpg,https://myebrochure.co.uk/images/products.hires/prod_13601_61372_166596.jpg,,,,,,,<li>Crew neck with Cotton/ LYCRA&reg; rib</li> <li>Self&#45;fabric back neck tape</li> <li>Shaped side seams for a feminine fit</li> <li>Fine knit gauge for enhanced printability</li> <li><b>Also available in men&#39;s sizes code 61036 and  children&#39;s sizes code 61033 and code 61005</b></li>,61091000,MA
171881,0000001717891,61372,TSHIRT,T-SHIRTS,LSSTSH,Ladies Short Sleeve T-Shirts,FOTL,Fruit Of The Loom,BA0032,HP,Heather Purple,0008  ,XL,Ladies' Valueweight T,2.23,1,12,72,08/04/2026 09:01:09,C,https://myebrochure.co.uk/images/colours/fotl/fotl-hp.jpg,https://myebrochure.co.uk/images/products/prod_13601_61372_166586.jpg,https://myebrochure.co.uk/images/products.small/prod_13601_61372_166586.jpg,https://myebrochure.co.uk/images/products.hires/prod_13601_61372_166586.jpg,https://myebrochure.co.uk/images/brands/fotl_23.png,https://myebrochure.co.uk/images/products.hires/prod_61372_141993.jpg,https://myebrochure.co.uk/images/products.hires/prod_61372_141992.jpg,https://myebrochure.co.uk/images/products.hires/prod_61372_141994.jpg,,,,,,,,<li>Crew neck with Cotton/ LYCRA&reg; rib</li> <li>Self&#45;fabric back neck tape</li> <li>Shaped side seams for a feminine fit</li> <li>Fine knit gauge for enhanced printability</li> <li><b>Also available in men&#39;s sizes code 61036 and  children&#39;s sizes code 61033 and code 61005</b></li>,61091000,MA
92017,0000000919760,61372,TSHIRT,T-SHIRTS,LSSTSH,Ladies Short Sleeve T-Shirts,FOTL,Fruit Of The Loom,BA0032,47,Kelly Green,0008  ,XL,Ladies' Valueweight T,2.23,1,12,72,08/04/2026 09:01:09,C,https://myebrochure.co.uk/images/colours/fotl/fotl-47.jpg,https://myebrochure.co.uk/images/products/prod_13601_61372_166586.jpg,https://myebrochure.co.uk/images/products.small/prod_13601_61372_166586.jpg,https://myebrochure.co.uk/images/products.hires/prod_13601_61372_166586.jpg,https://myebrochure.co.uk/images/brands/fotl_23.png,https://myebrochure.co.uk/images/products.hires/prod_61372_141969.jpg,https://myebrochure.co.uk/images/products.hires/prod_61372_141968.jpg,https://myebrochure.co.uk/images/products.hires/prod_61372_141970.jpg,https://myebrochure.co.uk/images/products.hires/prod_13601_61372_166592.jpg,,,,,,,<li>Crew neck with Cotton/ LYCRA&reg; rib</li> <li>Self&#45;fabric back neck tape</li> <li>Shaped side seams for a feminine fit</li> <li>Fine knit gauge for enhanced printability</li> <li><b>Also available in men&#39;s sizes code 61036 and  children&#39;s sizes code 61033 and code 61005</b></li>,61091000,MA
137997,0000001379044,61372,TSHIRT,T-SHIRTS,LSSTSH,Ladies Short Sleeve T-Shirts,FOTL,Fruit Of The Loom,BA0032,GL,Light Graphite,0008  ,XL,Ladies' Valueweight T,2.23,1,12,72,08/04/2026 09:01:09,C,https://myebrochure.co.uk/images/colours/fotl/fotl-gl.jpg,https://myebrochure.co.uk/images/products/prod_13601_61372_166586.jpg,https://myebrochure.co.uk/images/products.small/prod_13601_61372_166586.jpg,https://myebrochure.co.uk/images/products.hires/prod_13601_61372_166586.jpg,https://myebrochure.co.uk/images/brands/fotl_23.png,https://myebrochure.co.uk/images/products.hires/prod_61372_141987.jpg,https://myebrochure.co.uk/images/products.hires/prod_61372_141986.jpg,https://myebrochure.co.uk/images/products.hires/prod_61372_141988.jpg,,,,,,,,<li>Crew neck with Cotton/ LYCRA&reg; rib</li> <li>Self&#45;fabric back neck tape</li> <li>Shaped side seams for a feminine fit</li> <li>Fine knit gauge for enhanced printability</li> <li><b>Also available in men&#39;s sizes code 61036 and  children&#39;s sizes code 61033 and code 61005</b></li>,61091000,MA
92029,0000000919883,61372,TSHIRT,T-SHIRTS,LSSTSH,Ladies Short Sleeve T-Shirts,FOTL,Fruit Of The Loom,BA0032,LPI,Light Pink,0008  ,XL,Ladies' Valueweight T,2.23,1,12,72,08/04/2026 09:01:09,C,https://myebrochure.co.uk/images/colours/fotl/fotl-lpi.jpg,https://myebrochure.co.uk/images/products/prod_13601_61372_166586.jpg,https://myebrochure.co.uk/images/products.small/prod_13601_61372_166586.jpg,https://myebrochure.co.uk/images/products.hires/prod_13601_61372_166586.jpg,https://myebrochure.co.uk/images/brands/fotl_23.png,https://myebrochure.co.uk/images/products.hires/prod_61372_141975.jpg,https://myebrochure.co.uk/images/products.hires/prod_61372_141974.jpg,https://myebrochure.co.uk/images/products.hires/prod_61372_141976.jpg,https://myebrochure.co.uk/images/products.hires/prod_13601_61372_166594.jpg,,,,,,,<li>Crew neck with Cotton/ LYCRA&reg; rib</li> <li>Self&#45;fabric back neck tape</li> <li>Shaped side seams for a feminine fit</li> <li>Fine knit gauge for enhanced printability</li> <li><b>Also available in men&#39;s sizes code 61036 and  children&#39;s sizes code 61033 and code 61005</b></li>,61091000,MA
158555,0000001584608,61372,TSHIRT,T-SHIRTS,LSSTSH,Ladies Short Sleeve T-Shirts,FOTL,Fruit Of The Loom,BA0032,LM,Lime,0008  ,XL,Ladies' Valueweight T,2.23,1,12,72,08/04/2026 09:01:09,C,https://myebrochure.co.uk/images/colours/fotl/fotl-lm.jpg,https://myebrochure.co.uk/images/products/prod_13601_61372_166586.jpg,https://myebrochure.co.uk/images/products.small/prod_13601_61372_166586.jpg,https://myebrochure.co.uk/images/products.hires/prod_13601_61372_166586.jpg,https://myebrochure.co.uk/images/brands/fotl_23.png,https://myebrochure.co.uk/images/products.hires/prod_61372_141999.jpg,https://myebrochure.co.uk/images/products.hires/prod_61372_141998.jpg,https://myebrochure.co.uk/images/products.hires/prod_61372_142000.jpg,,,,,,,,<li>Crew neck with Cotton/ LYCRA&reg; rib</li> <li>Self&#45;fabric back neck tape</li> <li>Shaped side seams for a feminine fit</li> <li>Fine knit gauge for enhanced printability</li> <li><b>Also available in men&#39;s sizes code 61036 and  children&#39;s sizes code 61033 and code 61005</b></li>,61091000,MA
128930,0000001288926,61372,TSHIRT,T-SHIRTS,LSSTSH,Ladies Short Sleeve T-Shirts,FOTL,Fruit Of The Loom,BA0032,32,Navy Blue,0008  ,XL,Ladies' Valueweight T,2.23,1,12,72,08/04/2026 09:01:09,C,https://myebrochure.co.uk/images/colours/fotl/fotl-32.jpg,https://myebrochure.co.uk/images/products/prod_13601_61372_166586.jpg,https://myebrochure.co.uk/images/products.small/prod_13601_61372_166586.jpg,https://myebrochure.co.uk/images/products.hires/prod_13601_61372_166586.jpg,https://myebrochure.co.uk/images/brands/fotl_23.png,https://myebrochure.co.uk/images/products.hires/prod_61372_141951.jpg,https://myebrochure.co.uk/images/products.hires/prod_61372_141950.jpg,https://myebrochure.co.uk/images/products.hires/prod_61372_141952.jpg,https://myebrochure.co.uk/images/products.hires/prod_61372_142002.jpg,https://myebrochure.co.uk/images/products.hires/prod_61372_142001.jpg,https://myebrochure.co.uk/images/products.hires/prod_61372_142003.jpg,,,,,<li>Crew neck with Cotton/ LYCRA&reg; rib</li> <li>Self&#45;fabric back neck tape</li> <li>Shaped side seams for a feminine fit</li> <li>Fine knit gauge for enhanced printability</li> <li><b>Also available in men&#39;s sizes code 61036 and  children&#39;s sizes code 61033 and code 61005</b></li>,61091000,MA
92011,0000000919708,61372,TSHIRT,T-SHIRTS,LSSTSH,Ladies Short Sleeve T-Shirts,FOTL,Fruit Of The Loom,BA0032,44,Orange,0008  ,XL,Ladies' Valueweight T,2.23,1,12,72,08/04/2026 09:01:09,C,https://myebrochure.co.uk/images/colours/fotl/fotl-44.jpg,https://myebrochure.co.uk/images/products/prod_13601_61372_166586.jpg,https://myebrochure.co.uk/images/products.small/prod_13601_61372_166586.jpg,https://myebrochure.co.uk/images/products.hires/prod_13601_61372_166586.jpg,https://myebrochure.co.uk/images/brands/fotl_23.png,https://myebrochure.co.uk/images/products.hires/prod_61372_141966.jpg,https://myebrochure.co.uk/images/products.hires/prod_61372_141965.jpg,https://myebrochure.co.uk/images/products.hires/prod_61372_141967.jpg,https://myebrochure.co.uk/images/products.hires/prod_13601_61372_166591.jpg,,,,,,,<li>Crew neck with Cotton/ LYCRA&reg; rib</li> <li>Self&#45;fabric back neck tape</li> <li>Shaped side seams for a feminine fit</li> <li>Fine knit gauge for enhanced printability</li> <li><b>Also available in men&#39;s sizes code 61036 and  children&#39;s sizes code 61033 and code 61005</b></li>,61091000,MA
92071,0000000920308,61372,TSHIRT,T-SHIRTS,LSSTSH,Ladies Short Sleeve T-Shirts,FOTL,Fruit Of The Loom,BA0032,PE,Purple,0008  ,XL,Ladies' Valueweight T,2.23,1,12,72,08/04/2026 09:01:09,C,https://myebrochure.co.uk/images/colours/fotl/fotl-pe.jpg,https://myebrochure.co.uk/images/products/prod_13601_61372_166586.jpg,https://myebrochure.co.uk/images/products.small/prod_13601_61372_166586.jpg,https://myebrochure.co.uk/images/products.hires/prod_13601_61372_166586.jpg,https://myebrochure.co.uk/images/brands/fotl_23.png,https://myebrochure.co.uk/images/products.hires/prod_61372_142008.jpg,https://myebrochure.co.uk/images/products.hires/prod_61372_142007.jpg,https://myebrochure.co.uk/images/products.hires/prod_61372_142009.jpg,,,,,,,,<li>Crew neck with Cotton/ LYCRA&reg; rib</li> <li>Self&#45;fabric back neck tape</li> <li>Shaped side seams for a feminine fit</li> <li>Fine knit gauge for enhanced printability</li> <li><b>Also available in men&#39;s sizes code 61036 and  children&#39;s sizes code 61033 and code 61005</b></li>,61091000,MA
92005,0000000919647,61372,TSHIRT,T-SHIRTS,LSSTSH,Ladies Short Sleeve T-Shirts,FOTL,Fruit Of The Loom,BA0032,40,Red,0008  ,XL,Ladies' Valueweight T,2.23,1,12,72,08/04/2026 09:01:09,C,https://myebrochure.co.uk/images/colours/fotl/fotl-40.jpg,https://myebrochure.co.uk/images/products/prod_13601_61372_166586.jpg,https://myebrochure.co.uk/images/products.small/prod_13601_61372_166586.jpg,https://myebrochure.co.uk/images/products.hires/prod_13601_61372_166586.jpg,https://myebrochure.co.uk/images/brands/fotl_23.png,https://myebrochure.co.uk/images/products.hires/prod_61372_141960.jpg,https://myebrochure.co.uk/images/products.hires/prod_61372_141959.jpg,https://myebrochure.co.uk/images/products.hires/prod_61372_141961.jpg,https://myebrochure.co.uk/images/products.hires/prod_13601_61372_166589.jpg,,,,,,,<li>Crew neck with Cotton/ LYCRA&reg; rib</li> <li>Self&#45;fabric back neck tape</li> <li>Shaped side seams for a feminine fit</li> <li>Fine knit gauge for enhanced printability</li> <li><b>Also available in men&#39;s sizes code 61036 and  children&#39;s sizes code 61033 and code 61005</b></li>,61091000,MA
158543,0000001584486,61372,TSHIRT,T-SHIRTS,LSSTSH,Ladies Short Sleeve T-Shirts,FOTL,Fruit Of The Loom,BA0032,RX,Retro Heather Green,0008  ,XL,Ladies' Valueweight T,2.23,1,12,72,08/04/2026 09:01:09,C,https://myebrochure.co.uk/images/colours/fotl/fotl-rx.jpg,https://myebrochure.co.uk/images/products/prod_13601_61372_166586.jpg,https://myebrochure.co.uk/images/products.small/prod_13601_61372_166586.jpg,https://myebrochure.co.uk/images/products.hires/prod_13601_61372_166586.jpg,https://myebrochure.co.uk/images/brands/fotl_23.png,https://myebrochure.co.uk/images/products.hires/prod_61372_142014.jpg,https://myebrochure.co.uk/images/products.hires/prod_61372_142013.jpg,https://myebrochure.co.uk/images/products.hires/prod_61372_142015.jpg,,,,,,,,<li>Crew neck with Cotton/ LYCRA&reg; rib</li> <li>Self&#45;fabric back neck tape</li> <li>Shaped side seams for a feminine fit</li> <li>Fine knit gauge for enhanced printability</li> <li><b>Also available in men&#39;s sizes code 61036 and  children&#39;s sizes code 61033 and code 61005</b></li>,61091000,MA
158537,0000001584424,61372,TSHIRT,T-SHIRTS,LSSTSH,Ladies Short Sleeve T-Shirts,FOTL,Fruit Of The Loom,BA0032,R6,Retro Heather Royal,0008  ,XL,Ladies' Valueweight T,2.23,1,12,72,08/04/2026 09:01:09,C,https://myebrochure.co.uk/images/colours/fotl/fotl-r6.jpg,https://myebrochure.co.uk/images/products/prod_13601_61372_166586.jpg,https://myebrochure.co.uk/images/products.small/prod_13601_61372_166586.jpg,https://myebrochure.co.uk/images/products.hires/prod_13601_61372_166586.jpg,https://myebrochure.co.uk/images/brands/fotl_23.png,https://myebrochure.co.uk/images/products.hires/prod_61372_142011.jpg,https://myebrochure.co.uk/images/products.hires/prod_61372_142010.jpg,https://myebrochure.co.uk/images/products.hires/prod_61372_142012.jpg,,,,,,,,<li>Crew neck with Cotton/ LYCRA&reg; rib</li> <li>Self&#45;fabric back neck tape</li> <li>Shaped side seams for a feminine fit</li> <li>Fine knit gauge for enhanced printability</li> <li><b>Also available in men&#39;s sizes code 61036 and  children&#39;s sizes code 61033 and code 61005</b></li>,61091000,MA
92023,0000000919821,61372,TSHIRT,T-SHIRTS,LSSTSH,Ladies Short Sleeve T-Shirts,FOTL,Fruit Of The Loom,BA0032,51,Royal,0008  ,XL,Ladies' Valueweight T,2.23,1,12,72,08/04/2026 09:01:09,C,https://myebrochure.co.uk/images/colours/fotl/fotl-51.jpg,https://myebrochure.co.uk/images/products/prod_13601_61372_166586.jpg,https://myebrochure.co.uk/images/products.small/prod_13601_61372_166586.jpg,https://myebrochure.co.uk/images/products.hires/prod_13601_61372_166586.jpg,https://myebrochure.co.uk/images/brands/fotl_23.png,https://myebrochure.co.uk/images/products.hires/prod_61372_141972.jpg,https://myebrochure.co.uk/images/products.hires/prod_61372_141971.jpg,https://myebrochure.co.uk/images/products.hires/prod_61372_141973.jpg,https://myebrochure.co.uk/images/products.hires/prod_13601_61372_166593.jpg,,,,,,,<li>Crew neck with Cotton/ LYCRA&reg; rib</li> <li>Self&#45;fabric back neck tape</li> <li>Shaped side seams for a feminine fit</li> <li>Fine knit gauge for enhanced printability</li> <li><b>Also available in men&#39;s sizes code 61036 and  children&#39;s sizes code 61033 and code 61005</b></li>,61091000,MA
92065,0000000920247,61372,TSHIRT,T-SHIRTS,LSSTSH,Ladies Short Sleeve T-Shirts,FOTL,Fruit Of The Loom,BA0032,YT,Sky Blue,0008  ,XL,Ladies' Valueweight T,2.23,1,12,72,08/04/2026 09:01:09,C,https://myebrochure.co.uk/images/colours/fotl/fotl-yt.jpg,https://myebrochure.co.uk/images/products/prod_13601_61372_166586.jpg,https://myebrochure.co.uk/images/products.small/prod_13601_61372_166586.jpg,https://myebrochure.co.uk/images/products.hires/prod_13601_61372_166586.jpg,https://myebrochure.co.uk/images/brands/fotl_23.png,https://myebrochure.co.uk/images/products.hires/prod_61372_142023.jpg,https://myebrochure.co.uk/images/products.hires/prod_61372_142022.jpg,https://myebrochure.co.uk/images/products.hires/prod_61372_142024.jpg,,,,,,,,<li>Crew neck with Cotton/ LYCRA&reg; rib</li> <li>Self&#45;fabric back neck tape</li> <li>Shaped side seams for a feminine fit</li> <li>Fine knit gauge for enhanced printability</li> <li><b>Also available in men&#39;s sizes code 61036 and  children&#39;s sizes code 61033 and code 61005</b></li>,61091000,MA
91987,0000000919463,61372,TSHIRT,T-SHIRTS,LSSTSH,Ladies Short Sleeve T-Shirts,FOTL,Fruit Of The Loom,BA0032,SUN,Sunflower,0008  ,XL,Ladies' Valueweight T,2.23,1,12,72,08/04/2026 09:01:09,C,https://myebrochure.co.uk/images/colours/fotl/fotl-sun.jpg,https://myebrochure.co.uk/images/products/prod_13601_61372_166586.jpg,https://myebrochure.co.uk/images/products.small/prod_13601_61372_166586.jpg,https://myebrochure.co.uk/images/products.hires/prod_13601_61372_166586.jpg,https://myebrochure.co.uk/images/brands/fotl_23.png,https://myebrochure.co.uk/images/products.hires/prod_61372_142005.jpg,https://myebrochure.co.uk/images/products.hires/prod_61372_142004.jpg,https://myebrochure.co.uk/images/products.hires/prod_61372_142006.jpg,,,,,,,,<li>Crew neck with Cotton/ LYCRA&reg; rib</li> <li>Self&#45;fabric back neck tape</li> <li>Shaped side seams for a feminine fit</li> <li>Fine knit gauge for enhanced printability</li> <li><b>Also available in men&#39;s sizes code 61036 and  children&#39;s sizes code 61033 and code 61005</b></li>,61091000,MA
158531,0000001584363,61372,TSHIRT,T-SHIRTS,LSSTSH,Ladies Short Sleeve T-Shirts,FOTL,Fruit Of The Loom,BA0032,VF,Vintage Heather Navy,0008  ,XL,Ladies' Valueweight T,2.23,1,12,72,08/04/2026 09:01:09,C,https://myebrochure.co.uk/images/colours/fotl/fotl-vf.jpg,https://myebrochure.co.uk/images/products/prod_13601_61372_166586.jpg,https://myebrochure.co.uk/images/products.small/prod_13601_61372_166586.jpg,https://myebrochure.co.uk/images/products.hires/prod_13601_61372_166586.jpg,https://myebrochure.co.uk/images/brands/fotl_23.png,https://myebrochure.co.uk/images/products.hires/prod_61372_142017.jpg,https://myebrochure.co.uk/images/products.hires/prod_61372_142016.jpg,https://myebrochure.co.uk/images/products.hires/prod_61372_142018.jpg,,,,,,,,<li>Crew neck with Cotton/ LYCRA&reg; rib</li> <li>Self&#45;fabric back neck tape</li> <li>Shaped side seams for a feminine fit</li> <li>Fine knit gauge for enhanced printability</li> <li><b>Also available in men&#39;s sizes code 61036 and  children&#39;s sizes code 61033 and code 61005</b></li>,61091000,MA
158549,0000001584547,61372,TSHIRT,T-SHIRTS,LSSTSH,Ladies Short Sleeve T-Shirts,FOTL,Fruit Of The Loom,BA0032,VH,Vintage Heather Red,0008  ,XL,Ladies' Valueweight T,2.23,1,12,72,08/04/2026 09:01:09,C,https://myebrochure.co.uk/images/colours/fotl/fotl-vh.jpg,https://myebrochure.co.uk/images/products/prod_13601_61372_166586.jpg,https://myebrochure.co.uk/images/products.small/prod_13601_61372_166586.jpg,https://myebrochure.co.uk/images/products.hires/prod_13601_61372_166586.jpg,https://myebrochure.co.uk/images/brands/fotl_23.png,https://myebrochure.co.uk/images/products.hires/prod_61372_142020.jpg,https://myebrochure.co.uk/images/products.hires/prod_61372_142019.jpg,https://myebrochure.co.uk/images/products.hires/prod_61372_142021.jpg,,,,,,,,<li>Crew neck with Cotton/ LYCRA&reg; rib</li> <li>Self&#45;fabric back neck tape</li> <li>Shaped side seams for a feminine fit</li> <li>Fine knit gauge for enhanced printability</li> <li><b>Also available in men&#39;s sizes code 61036 and  children&#39;s sizes code 61033 and code 61005</b></li>,61091000,MA
91981,0000000919401,61372,TSHIRT,T-SHIRTS,LSSTSH,Ladies Short Sleeve T-Shirts,FOTL,Fruit Of The Loom,BA0032,30,White,0008  ,XL,Ladies' Valueweight T,1.78,1,12,72,08/04/2026 09:01:09,C,https://myebrochure.co.uk/images/colours/fotl/fotl-30.jpg,https://myebrochure.co.uk/images/products/prod_13601_61372_166586.jpg,https://myebrochure.co.uk/images/products.small/prod_13601_61372_166586.jpg,https://myebrochure.co.uk/images/products.hires/prod_13601_61372_166586.jpg,https://myebrochure.co.uk/images/brands/fotl_23.png,https://myebrochure.co.uk/images/products.hires/prod_61372_141948.jpg,https://myebrochure.co.uk/images/products.hires/prod_61372_141947.jpg,https://myebrochure.co.uk/images/products.hires/prod_61372_141949.jpg,https://myebrochure.co.uk/images/products.hires/prod_13601_61372_166584.jpg,,,,,,,<li>Crew neck with Cotton/ LYCRA&reg; rib</li> <li>Self&#45;fabric back neck tape</li> <li>Shaped side seams for a feminine fit</li> <li>Fine knit gauge for enhanced printability</li> <li><b>Also available in men&#39;s sizes code 61036 and  children&#39;s sizes code 61033 and code 61005</b></li>,61091000,MA
138003,0000001379105,61372,TSHIRT,T-SHIRTS,LSSTSH,Ladies Short Sleeve T-Shirts,FOTL,Fruit Of The Loom,BA0032,K2,Yellow,0008  ,XL,Ladies' Valueweight T,2.23,1,12,72,08/04/2026 09:01:09,C,https://myebrochure.co.uk/images/colours/fotl/fotl-k2.jpg,https://myebrochure.co.uk/images/products/prod_13601_61372_166586.jpg,https://myebrochure.co.uk/images/products.small/prod_13601_61372_166586.jpg,https://myebrochure.co.uk/images/products.hires/prod_13601_61372_166586.jpg,https://myebrochure.co.uk/images/brands/fotl_23.png,https://myebrochure.co.uk/images/products.hires/prod_61372_141996.jpg,https://myebrochure.co.uk/images/products.hires/prod_61372_141995.jpg,https://myebrochure.co.uk/images/products.hires/prod_61372_141997.jpg,,,,,,,,<li>Crew neck with Cotton/ LYCRA&reg; rib</li> <li>Self&#45;fabric back neck tape</li> <li>Shaped side seams for a feminine fit</li> <li>Fine knit gauge for enhanced printability</li> <li><b>Also available in men&#39;s sizes code 61036 and  children&#39;s sizes code 61033 and code 61005</b></li>,61091000,MA
138611,0000001385182,61420,TSHIRT,T-SHIRTS,MSSTSH,MENS SHORT SLEEVE T-SHIRT,FOTL,Fruit Of The Loom,MS0185,36,Black,0008  ,XL,Ladies' Original T,2.00,1,12,72,08/04/2026 09:04:23,C,https://myebrochure.co.uk/images/colours/fotl/fotl-36.jpg,https://myebrochure.co.uk/images/products/prod_61420_142140.jpg,https://myebrochure.co.uk/images/products.small/prod_61420_142140.jpg,https://myebrochure.co.uk/images/products.hires/prod_61420_142140.jpg,https://myebrochure.co.uk/images/brands/fotl_23.png,https://myebrochure.co.uk/images/products.hires/prod_61420_142149.jpg,https://myebrochure.co.uk/images/products.hires/prod_61420_142148.jpg,https://myebrochure.co.uk/images/products.hires/prod_61420_142150.jpg,,,,,,,,<li>Rib crew neck with self-fabric back neck tape</li> <li>Shaped side seams for a feminine fit</li> <li>Fine knit gauge for enhanced printability</li> <li><b>Also available in men&#39;s sizes code 61082 and children&#39;s size code 61019</b></li>,61091000,MA
117386,0000001173505,61420,TSHIRT,T-SHIRTS,MSSTSH,MENS SHORT SLEEVE T-SHIRT,FOTL,Fruit Of The Loom,MS0185,57,Fuchsia,0008  ,XL,Ladies' Original T,2.00,1,12,72,08/04/2026 09:04:23,C,https://myebrochure.co.uk/images/colours/fotl/fotl-57.jpg,https://myebrochure.co.uk/images/products/prod_61420_142140.jpg,https://myebrochure.co.uk/images/products.small/prod_61420_142140.jpg,https://myebrochure.co.uk/images/products.hires/prod_61420_142140.jpg,https://myebrochure.co.uk/images/brands/fotl_23.png,https://myebrochure.co.uk/images/products.hires/prod_61420_142170.jpg,https://myebrochure.co.uk/images/products.hires/prod_61420_142169.jpg,https://myebrochure.co.uk/images/products.hires/prod_61420_142171.jpg,,,,,,,,<li>Rib crew neck with self-fabric back neck tape</li> <li>Shaped side seams for a feminine fit</li> <li>Fine knit gauge for enhanced printability</li> <li><b>Also available in men&#39;s sizes code 61082 and children&#39;s size code 61019</b></li>,61091000,MA
117392,0000001173567,61420,TSHIRT,T-SHIRTS,MSSTSH,MENS SHORT SLEEVE T-SHIRT,FOTL,Fruit Of The Loom,MS0185,94,Heather Grey,0008  ,XL,Ladies' Original T,2.00,1,12,72,08/04/2026 09:04:23,C,https://myebrochure.co.uk/images/colours/fotl/fotl-94.jpg,https://myebrochure.co.uk/images/products/prod_61420_142140.jpg,https://myebrochure.co.uk/images/products.small/prod_61420_142140.jpg,https://myebrochure.co.uk/images/products.hires/prod_61420_142140.jpg,https://myebrochure.co.uk/images/brands/fotl_23.png,https://myebrochure.co.uk/images/products.hires/prod_61420_142176.jpg,https://myebrochure.co.uk/images/products.hires/prod_61420_142175.jpg,https://myebrochure.co.uk/images/products.hires/prod_61420_142177.jpg,https://myebrochure.co.uk/images/products.hires/prod_12401_61420_166616.jpg,,,,,,,<li>Rib crew neck with self-fabric back neck tape</li> <li>Shaped side seams for a feminine fit</li> <li>Fine knit gauge for enhanced printability</li> <li><b>Also available in men&#39;s sizes code 61082 and children&#39;s size code 61019</b></li>,61091000,MA
117410,0000001173741,61420,TSHIRT,T-SHIRTS,MSSTSH,MENS SHORT SLEEVE T-SHIRT,FOTL,Fruit Of The Loom,MS0185,40,Red,0008  ,XL,Ladies' Original T,2.00,1,12,72,08/04/2026 09:04:23,C,https://myebrochure.co.uk/images/colours/fotl/fotl-40.jpg,https://myebrochure.co.uk/images/products/prod_61420_142140.jpg,https://myebrochure.co.uk/images/products.small/prod_61420_142140.jpg,https://myebrochure.co.uk/images/products.hires/prod_61420_142140.jpg,https://myebrochure.co.uk/images/brands/fotl_23.png,https://myebrochure.co.uk/images/products.hires/prod_61420_142155.jpg,https://myebrochure.co.uk/images/products.hires/prod_61420_142154.jpg,https://myebrochure.co.uk/images/products.hires/prod_61420_142156.jpg,,,,,,,,<li>Rib crew neck with self-fabric back neck tape</li> <li>Shaped side seams for a feminine fit</li> <li>Fine knit gauge for enhanced printability</li> <li><b>Also available in men&#39;s sizes code 61082 and children&#39;s size code 61019</b></li>,61091000,MA
117416,0000001173802,61420,TSHIRT,T-SHIRTS,MSSTSH,MENS SHORT SLEEVE T-SHIRT,FOTL,Fruit Of The Loom,MS0185,51,Royal,0008  ,XL,Ladies' Original T,2.00,1,12,72,08/04/2026 09:04:23,C,https://myebrochure.co.uk/images/colours/fotl/fotl-51.jpg,https://myebrochure.co.uk/images/products/prod_61420_142140.jpg,https://myebrochure.co.uk/images/products.small/prod_61420_142140.jpg,https://myebrochure.co.uk/images/products.hires/prod_61420_142140.jpg,https://myebrochure.co.uk/images/brands/fotl_23.png,https://myebrochure.co.uk/images/products.hires/prod_61420_142167.jpg,https://myebrochure.co.uk/images/products.hires/prod_61420_142166.jpg,https://myebrochure.co.uk/images/products.hires/prod_61420_142168.jpg,https://myebrochure.co.uk/images/products.hires/prod_12401_61420_166614.jpg,,,,,,,<li>Rib crew neck with self-fabric back neck tape</li> <li>Shaped side seams for a feminine fit</li> <li>Fine knit gauge for enhanced printability</li> <li><b>Also available in men&#39;s sizes code 61082 and children&#39;s size code 61019</b></li>,61091000,MA
117422,0000001173864,61420,TSHIRT,T-SHIRTS,MSSTSH,MENS SHORT SLEEVE T-SHIRT,FOTL,Fruit Of The Loom,MS0185,30,White,0008  ,XL,Ladies' Original T,1.57,1,12,72,08/04/2026 09:04:23,C,https://myebrochure.co.uk/images/colours/fotl/fotl-30.jpg,https://myebrochure.co.uk/images/products/prod_61420_142140.jpg,https://myebrochure.co.uk/images/products.small/prod_61420_142140.jpg,https://myebrochure.co.uk/images/products.hires/prod_61420_142140.jpg,https://myebrochure.co.uk/images/brands/fotl_23.png,https://myebrochure.co.uk/images/products.hires/prod_61420_142139.jpg,https://myebrochure.co.uk/images/products.hires/prod_61420_142141.jpg,,,,,,,,,<li>Rib crew neck with self-fabric back neck tape</li> <li>Shaped side seams for a feminine fit</li> <li>Fine knit gauge for enhanced printability</li> <li><b>Also available in men&#39;s sizes code 61082 and children&#39;s size code 61019</b></li>,61091000,MA
197035,0000001970173,61432,TSHIRT,T-SHIRTS,MSSTSH,MENS SHORT SLEEVE T-SHIRT,FOTL,Fruit Of The Loom,ME0029,9K,Athletic Heather,0008  ,XL,Ladies' Iconic 150 T,2.09,1,12,72,31/03/2026 23:45:05,C,https://myebrochure.co.uk/images/colours/fotl/fotl-9k.jpg,https://myebrochure.co.uk/images/products/prod_11201_61432_166623.jpg,https://myebrochure.co.uk/images/products.small/prod_11201_61432_166623.jpg,https://myebrochure.co.uk/images/products.hires/prod_11201_61432_166623.jpg,https://myebrochure.co.uk/images/brands/fotl_23.png,https://myebrochure.co.uk/images/products.hires/prod_11201_61432_153584.jpg,https://myebrochure.co.uk/images/products.hires/prod_11201_61432_153583.jpg,https://myebrochure.co.uk/images/products.hires/prod_11201_61432_153585.jpg,,,,,,,,"<li>100&#37; combed ringspun cotton</li> <li>Soft hand feel</li> <li>Shaped side seams for a feminine fit</li> <li>Narrow crew neck with 1x1 rib</li> <li>Self-fabric back neck tape</li> <li>New tear away back neck label</li> <li><b>Also available in men&#39;s sizes code 61430, kids sizes code 61023 and girl&#39;s sizes code 61025</b></li>",61091000,MA
200598,0000002005836,61432,TSHIRT,T-SHIRTS,MSSTSH,MENS SHORT SLEEVE T-SHIRT,FOTL,Fruit Of The Loom,ME0029,ZU,Azure Blue,0008  ,XL,Ladies' Iconic 150 T,2.09,1,12,72,31/03/2026 23:45:05,C,https://myebrochure.co.uk/images/colours/fotl/fotl-zu.jpg,https://myebrochure.co.uk/images/products/prod_11201_61432_166623.jpg,https://myebrochure.co.uk/images/products.small/prod_11201_61432_166623.jpg,https://myebrochure.co.uk/images/products.hires/prod_11201_61432_166623.jpg,https://myebrochure.co.uk/images/brands/fotl_23.png,https://myebrochure.co.uk/images/products.hires/prod_11201_61432_157250.jpg,https://myebrochure.co.uk/images/products.hires/prod_11201_61432_157249.jpg,https://myebrochure.co.uk/images/products.hires/prod_11201_61432_157251.jpg,,,,,,,,"<li>100&#37; combed ringspun cotton</li> <li>Soft hand feel</li> <li>Shaped side seams for a feminine fit</li> <li>Narrow crew neck with 1x1 rib</li> <li>Self-fabric back neck tape</li> <li>New tear away back neck label</li> <li><b>Also available in men&#39;s sizes code 61430, kids sizes code 61023 and girl&#39;s sizes code 61025</b></li>",61091000,MA
172073,0000001719819,61432,TSHIRT,T-SHIRTS,MSSTSH,MENS SHORT SLEEVE T-SHIRT,FOTL,Fruit Of The Loom,ME0029,36,Black,0008  ,XL,Ladies' Iconic 150 T,2.09,1,12,72,31/03/2026 23:45:05,C,https://myebrochure.co.uk/images/colours/fotl/fotl-36.jpg,https://myebrochure.co.uk/images/products/prod_11201_61432_166623.jpg,https://myebrochure.co.uk/images/products.small/prod_11201_61432_166623.jpg,https://myebrochure.co.uk/images/products.hires/prod_11201_61432_166623.jpg,https://myebrochure.co.uk/images/brands/fotl_23.png,https://myebrochure.co.uk/images/products.hires/prod_11201_61432_166624.jpg,https://myebrochure.co.uk/images/products.hires/prod_61432_131641.jpg,https://myebrochure.co.uk/images/products.hires/prod_61432_131639.jpg,https://myebrochure.co.uk/images/products.hires/prod_61432_131640.jpg,,,,,,,"<li>100&#37; combed ringspun cotton</li> <li>Soft hand feel</li> <li>Shaped side seams for a feminine fit</li> <li>Narrow crew neck with 1x1 rib</li> <li>Self-fabric back neck tape</li> <li>New tear away back neck label</li> <li><b>Also available in men&#39;s sizes code 61430, kids sizes code 61023 and girl&#39;s sizes code 61025</b></li>",61091000,MA
183676,0000001835977,61432,TSHIRT,T-SHIRTS,MSSTSH,MENS SHORT SLEEVE T-SHIRT,FOTL,Fruit Of The Loom,ME0029,41,Burgundy,0008  ,XL,Ladies' Iconic 150 T,2.09,1,12,72,31/03/2026 23:45:05,C,https://myebrochure.co.uk/images/colours/fotl/fotl-41.jpg,https://myebrochure.co.uk/images/products/prod_11201_61432_166623.jpg,https://myebrochure.co.uk/images/products.small/prod_11201_61432_166623.jpg,https://myebrochure.co.uk/images/products.hires/prod_11201_61432_166623.jpg,https://myebrochure.co.uk/images/brands/fotl_23.png,https://myebrochure.co.uk/images/products.hires/prod_11201_61432_166625.jpg,https://myebrochure.co.uk/images/products.hires/prod_11201_61432_154269.jpg,https://myebrochure.co.uk/images/products.hires/prod_11201_61432_154270.jpg,https://myebrochure.co.uk/images/products.hires/prod_11201_61432_154271.jpg,,,,,,,"<li>100&#37; combed ringspun cotton</li> <li>Soft hand feel</li> <li>Shaped side seams for a feminine fit</li> <li>Narrow crew neck with 1x1 rib</li> <li>Self-fabric back neck tape</li> <li>New tear away back neck label</li> <li><b>Also available in men&#39;s sizes code 61430, kids sizes code 61023 and girl&#39;s sizes code 61025</b></li>",61091000,MA
172103,0000001720112,61432,TSHIRT,T-SHIRTS,MSSTSH,MENS SHORT SLEEVE T-SHIRT,FOTL,Fruit Of The Loom,ME0029,59,Classic Olive,0008  ,XL,Ladies' Iconic 150 T,2.09,1,12,72,31/03/2026 23:45:05,C,https://myebrochure.co.uk/images/colours/fotl/fotl-59.jpg,https://myebrochure.co.uk/images/products/prod_11201_61432_166623.jpg,https://myebrochure.co.uk/images/products.small/prod_11201_61432_166623.jpg,https://myebrochure.co.uk/images/products.hires/prod_11201_61432_166623.jpg,https://myebrochure.co.uk/images/brands/fotl_23.png,https://myebrochure.co.uk/images/products.hires/prod_61432_131656.jpg,https://myebrochure.co.uk/images/products.hires/prod_61432_131654.jpg,https://myebrochure.co.uk/images/products.hires/prod_61432_131655.jpg,,,,,,,,"<li>100&#37; combed ringspun cotton</li> <li>Soft hand feel</li> <li>Shaped side seams for a feminine fit</li> <li>Narrow crew neck with 1x1 rib</li> <li>Self-fabric back neck tape</li> <li>New tear away back neck label</li> <li><b>Also available in men&#39;s sizes code 61430, kids sizes code 61023 and girl&#39;s sizes code 61025</b></li>",61091000,MA
172133,0000001720419,61432,TSHIRT,T-SHIRTS,MSSTSH,MENS SHORT SLEEVE T-SHIRT,FOTL,Fruit Of The Loom,ME0029,AZ,Deep Navy,0008  ,XL,Ladies' Iconic 150 T,2.09,1,12,72,31/03/2026 23:45:05,C,https://myebrochure.co.uk/images/colours/fotl/fotl-az.jpg,https://myebrochure.co.uk/images/products/prod_11201_61432_166623.jpg,https://myebrochure.co.uk/images/products.small/prod_11201_61432_166623.jpg,https://myebrochure.co.uk/images/products.hires/prod_11201_61432_166623.jpg,https://myebrochure.co.uk/images/brands/fotl_23.png,https://myebrochure.co.uk/images/products.hires/prod_61432_131665.jpg,https://myebrochure.co.uk/images/products.hires/prod_61432_131663.jpg,https://myebrochure.co.uk/images/products.hires/prod_61432_131664.jpg,,,,,,,,"<li>100&#37; combed ringspun cotton</li> <li>Soft hand feel</li> <li>Shaped side seams for a feminine fit</li> <li>Narrow crew neck with 1x1 rib</li> <li>Self-fabric back neck tape</li> <li>New tear away back neck label</li> <li><b>Also available in men&#39;s sizes code 61430, kids sizes code 61023 and girl&#39;s sizes code 61025</b></li>",61091000,MA
172145,0000001720532,61432,TSHIRT,T-SHIRTS,MSSTSH,MENS SHORT SLEEVE T-SHIRT,FOTL,Fruit Of The Loom,ME0029,TM,Forest Green,0008  ,XL,Ladies' Iconic 150 T,2.09,1,12,72,31/03/2026 23:45:05,C,https://myebrochure.co.uk/images/colours/fotl/fotl-tm.jpg,https://myebrochure.co.uk/images/products/prod_11201_61432_166623.jpg,https://myebrochure.co.uk/images/products.small/prod_11201_61432_166623.jpg,https://myebrochure.co.uk/images/products.hires/prod_11201_61432_166623.jpg,https://myebrochure.co.uk/images/brands/fotl_23.png,https://myebrochure.co.uk/images/products.hires/prod_61432_131692.jpg,https://myebrochure.co.uk/images/products.hires/prod_61432_131690.jpg,https://myebrochure.co.uk/images/products.hires/prod_61432_131691.jpg,,,,,,,,"<li>100&#37; combed ringspun cotton</li> <li>Soft hand feel</li> <li>Shaped side seams for a feminine fit</li> <li>Narrow crew neck with 1x1 rib</li> <li>Self-fabric back neck tape</li> <li>New tear away back neck label</li> <li><b>Also available in men&#39;s sizes code 61430, kids sizes code 61023 and girl&#39;s sizes code 61025</b></li>",61091000,MA
172097,0000001720051,61432,TSHIRT,T-SHIRTS,MSSTSH,MENS SHORT SLEEVE T-SHIRT,FOTL,Fruit Of The Loom,ME0029,57,Fuchsia,0008  ,XL,Ladies' Iconic 150 T,2.09,1,12,72,31/03/2026 23:45:05,C,https://myebrochure.co.uk/images/colours/fotl/fotl-57.jpg,https://myebrochure.co.uk/images/products/prod_11201_61432_166623.jpg,https://myebrochure.co.uk/images/products.small/prod_11201_61432_166623.jpg,https://myebrochure.co.uk/images/products.hires/prod_11201_61432_166623.jpg,https://myebrochure.co.uk/images/brands/fotl_23.png,https://myebrochure.co.uk/images/products.hires/prod_61432_131653.jpg,https://myebrochure.co.uk/images/products.hires/prod_61432_131651.jpg,https://myebrochure.co.uk/images/products.hires/prod_61432_131652.jpg,,,,,,,,"<li>100&#37; combed ringspun cotton</li> <li>Soft hand feel</li> <li>Shaped side seams for a feminine fit</li> <li>Narrow crew neck with 1x1 rib</li> <li>Self-fabric back neck tape</li> <li>New tear away back neck label</li> <li><b>Also available in men&#39;s sizes code 61430, kids sizes code 61023 and girl&#39;s sizes code 61025</b></li>",61091000,MA
172169,0000001720778,61432,TSHIRT,T-SHIRTS,MSSTSH,MENS SHORT SLEEVE T-SHIRT,FOTL,Fruit Of The Loom,ME0029,H1,Heather Burgundy,0008  ,XL,Ladies' Iconic 150 T,2.09,1,12,72,31/03/2026 23:45:05,C,https://myebrochure.co.uk/images/colours/fotl/fotl-h1.jpg,https://myebrochure.co.uk/images/products/prod_11201_61432_166623.jpg,https://myebrochure.co.uk/images/products.small/prod_11201_61432_166623.jpg,https://myebrochure.co.uk/images/products.hires/prod_11201_61432_166623.jpg,https://myebrochure.co.uk/images/brands/fotl_23.png,https://myebrochure.co.uk/images/products.hires/prod_61432_131677.jpg,https://myebrochure.co.uk/images/products.hires/prod_61432_131675.jpg,https://myebrochure.co.uk/images/products.hires/prod_61432_131676.jpg,,,,,,,,"<li>100&#37; combed ringspun cotton</li> <li>Soft hand feel</li> <li>Shaped side seams for a feminine fit</li> <li>Narrow crew neck with 1x1 rib</li> <li>Self-fabric back neck tape</li> <li>New tear away back neck label</li> <li><b>Also available in men&#39;s sizes code 61430, kids sizes code 61023 and girl&#39;s sizes code 61025</b></li>",61091000,MA
172127,0000001720358,61432,TSHIRT,T-SHIRTS,MSSTSH,MENS SHORT SLEEVE T-SHIRT,FOTL,Fruit Of The Loom,ME0029,94,Heather Grey,0008  ,XL,Ladies' Iconic 150 T,2.09,1,12,72,31/03/2026 23:45:05,C,https://myebrochure.co.uk/images/colours/fotl/fotl-94.jpg,https://myebrochure.co.uk/images/products/prod_11201_61432_166623.jpg,https://myebrochure.co.uk/images/products.small/prod_11201_61432_166623.jpg,https://myebrochure.co.uk/images/products.hires/prod_11201_61432_166623.jpg,https://myebrochure.co.uk/images/brands/fotl_23.png,https://myebrochure.co.uk/images/products.hires/prod_61432_131662.jpg,https://myebrochure.co.uk/images/products.hires/prod_61432_131660.jpg,https://myebrochure.co.uk/images/products.hires/prod_61432_131661.jpg,,,,,,,,"<li>100&#37; combed ringspun cotton</li> <li>Soft hand feel</li> <li>Shaped side seams for a feminine fit</li> <li>Narrow crew neck with 1x1 rib</li> <li>Self-fabric back neck tape</li> <li>New tear away back neck label</li> <li><b>Also available in men&#39;s sizes code 61430, kids sizes code 61023 and girl&#39;s sizes code 61025</b></li>",61091000,MA
172163,0000001720716,61432,TSHIRT,T-SHIRTS,MSSTSH,MENS SHORT SLEEVE T-SHIRT,FOTL,Fruit Of The Loom,ME0029,HP,Heather Purple,0008  ,XL,Ladies' Iconic 150 T,2.09,1,12,72,31/03/2026 23:45:05,C,https://myebrochure.co.uk/images/colours/fotl/fotl-hp.jpg,https://myebrochure.co.uk/images/products/prod_11201_61432_166623.jpg,https://myebrochure.co.uk/images/products.small/prod_11201_61432_166623.jpg,https://myebrochure.co.uk/images/products.hires/prod_11201_61432_166623.jpg,https://myebrochure.co.uk/images/brands/fotl_23.png,https://myebrochure.co.uk/images/products.hires/prod_61432_131683.jpg,https://myebrochure.co.uk/images/products.hires/prod_61432_131681.jpg,https://myebrochure.co.uk/images/products.hires/prod_61432_131682.jpg,,,,,,,,"<li>100&#37; combed ringspun cotton</li> <li>Soft hand feel</li> <li>Shaped side seams for a feminine fit</li> <li>Narrow crew neck with 1x1 rib</li> <li>Self-fabric back neck tape</li> <li>New tear away back neck label</li> <li><b>Also available in men&#39;s sizes code 61430, kids sizes code 61023 and girl&#39;s sizes code 61025</b></li>",61091000,MA
172085,0000001719932,61432,TSHIRT,T-SHIRTS,MSSTSH,MENS SHORT SLEEVE T-SHIRT,FOTL,Fruit Of The Loom,ME0029,47,Kelly Green,0008  ,XL,Ladies' Iconic 150 T,2.09,1,12,72,31/03/2026 23:45:05,C,https://myebrochure.co.uk/images/colours/fotl/fotl-47.jpg,https://myebrochure.co.uk/images/products/prod_11201_61432_166623.jpg,https://myebrochure.co.uk/images/products.small/prod_11201_61432_166623.jpg,https://myebrochure.co.uk/images/products.hires/prod_11201_61432_166623.jpg,https://myebrochure.co.uk/images/brands/fotl_23.png,https://myebrochure.co.uk/images/products.hires/prod_11201_61432_166626.jpg,https://myebrochure.co.uk/images/products.hires/prod_61432_131647.jpg,https://myebrochure.co.uk/images/products.hires/prod_61432_131645.jpg,https://myebrochure.co.uk/images/products.hires/prod_61432_131646.jpg,,,,,,,"<li>100&#37; combed ringspun cotton</li> <li>Soft hand feel</li> <li>Shaped side seams for a feminine fit</li> <li>Narrow crew neck with 1x1 rib</li> <li>Self-fabric back neck tape</li> <li>New tear away back neck label</li> <li><b>Also available in men&#39;s sizes code 61430, kids sizes code 61023 and girl&#39;s sizes code 61025</b></li>",61091000,MA
172139,0000001720471,61432,TSHIRT,T-SHIRTS,MSSTSH,MENS SHORT SLEEVE T-SHIRT,FOTL,Fruit Of The Loom,ME0029,GL,Light Graphite,0008  ,XL,Ladies' Iconic 150 T,2.09,1,12,72,31/03/2026 23:45:05,C,https://myebrochure.co.uk/images/colours/fotl/fotl-gl.jpg,https://myebrochure.co.uk/images/products/prod_11201_61432_166623.jpg,https://myebrochure.co.uk/images/products.small/prod_11201_61432_166623.jpg,https://myebrochure.co.uk/images/products.hires/prod_11201_61432_166623.jpg,https://myebrochure.co.uk/images/brands/fotl_23.png,https://myebrochure.co.uk/images/products.hires/prod_61432_131674.jpg,https://myebrochure.co.uk/images/products.hires/prod_61432_131672.jpg,https://myebrochure.co.uk/images/products.hires/prod_61432_131673.jpg,,,,,,,,"<li>100&#37; combed ringspun cotton</li> <li>Soft hand feel</li> <li>Shaped side seams for a feminine fit</li> <li>Narrow crew neck with 1x1 rib</li> <li>Self-fabric back neck tape</li> <li>New tear away back neck label</li> <li><b>Also available in men&#39;s sizes code 61430, kids sizes code 61023 and girl&#39;s sizes code 61025</b></li>",61091000,MA
172109,0000001720174,61432,TSHIRT,T-SHIRTS,MSSTSH,MENS SHORT SLEEVE T-SHIRT,FOTL,Fruit Of The Loom,ME0029,60,Natural,0008  ,XL,Ladies' Iconic 150 T,1.65,1,12,72,31/03/2026 23:45:05,C,https://myebrochure.co.uk/images/colours/fotl/fotl-60.jpg,https://myebrochure.co.uk/images/products/prod_11201_61432_166623.jpg,https://myebrochure.co.uk/images/products.small/prod_11201_61432_166623.jpg,https://myebrochure.co.uk/images/products.hires/prod_11201_61432_166623.jpg,https://myebrochure.co.uk/images/brands/fotl_23.png,https://myebrochure.co.uk/images/products.hires/prod_61432_131659.jpg,https://myebrochure.co.uk/images/products.hires/prod_61432_131657.jpg,https://myebrochure.co.uk/images/products.hires/prod_61432_131658.jpg,,,,,,,,"<li>100&#37; combed ringspun cotton</li> <li>Soft hand feel</li> <li>Shaped side seams for a feminine fit</li> <li>Narrow crew neck with 1x1 rib</li> <li>Self-fabric back neck tape</li> <li>New tear away back neck label</li> <li><b>Also available in men&#39;s sizes code 61430, kids sizes code 61023 and girl&#39;s sizes code 61025</b></li>",61091000,MA
183670,0000001835915,61432,TSHIRT,T-SHIRTS,MSSTSH,MENS SHORT SLEEVE T-SHIRT,FOTL,Fruit Of The Loom,ME0029,32,Navy Blue,0008  ,XL,Ladies' Iconic 150 T,2.09,1,12,72,31/03/2026 23:45:05,C,https://myebrochure.co.uk/images/colours/fotl/fotl-32.jpg,https://myebrochure.co.uk/images/products/prod_11201_61432_166623.jpg,https://myebrochure.co.uk/images/products.small/prod_11201_61432_166623.jpg,https://myebrochure.co.uk/images/products.hires/prod_11201_61432_166623.jpg,https://myebrochure.co.uk/images/brands/fotl_23.png,https://myebrochure.co.uk/images/products.hires/prod_11201_61432_149212.jpg,https://myebrochure.co.uk/images/products.hires/prod_11201_61432_149210.jpg,https://myebrochure.co.uk/images/products.hires/prod_11201_61432_149213.jpg,,,,,,,,"<li>100&#37; combed ringspun cotton</li> <li>Soft hand feel</li> <li>Shaped side seams for a feminine fit</li> <li>Narrow crew neck with 1x1 rib</li> <li>Self-fabric back neck tape</li> <li>New tear away back neck label</li> <li><b>Also available in men&#39;s sizes code 61430, kids sizes code 61023 and girl&#39;s sizes code 61025</b></li>",61091000,MA
183682,0000001836035,61432,TSHIRT,T-SHIRTS,MSSTSH,MENS SHORT SLEEVE T-SHIRT,FOTL,Fruit Of The Loom,ME0029,NE,Neomint,0008  ,XL,Ladies' Iconic 150 T,2.09,1,12,72,31/03/2026 23:45:05,C,https://myebrochure.co.uk/images/colours/fotl/fotl-ne.jpg,https://myebrochure.co.uk/images/products/prod_11201_61432_166623.jpg,https://myebrochure.co.uk/images/products.small/prod_11201_61432_166623.jpg,https://myebrochure.co.uk/images/products.hires/prod_11201_61432_166623.jpg,https://myebrochure.co.uk/images/brands/fotl_23.png,https://myebrochure.co.uk/images/products.hires/prod_11201_61432_149217.jpg,https://myebrochure.co.uk/images/products.hires/prod_11201_61432_149215.jpg,https://myebrochure.co.uk/images/products.hires/prod_11201_61432_149219.jpg,,,,,,,,"<li>100&#37; combed ringspun cotton</li> <li>Soft hand feel</li> <li>Shaped side seams for a feminine fit</li> <li>Narrow crew neck with 1x1 rib</li> <li>Self-fabric back neck tape</li> <li>New tear away back neck label</li> <li><b>Also available in men&#39;s sizes code 61430, kids sizes code 61023 and girl&#39;s sizes code 61025</b></li>",61091000,MA
200604,0000002005898,61432,TSHIRT,T-SHIRTS,MSSTSH,MENS SHORT SLEEVE T-SHIRT,FOTL,Fruit Of The Loom,ME0029,PR,Powder Rose,0008  ,XL,Ladies' Iconic 150 T,2.09,1,12,72,31/03/2026 23:45:05,C,https://myebrochure.co.uk/images/colours/fotl/fotl-pr.jpg,https://myebrochure.co.uk/images/products/prod_11201_61432_166623.jpg,https://myebrochure.co.uk/images/products.small/prod_11201_61432_166623.jpg,https://myebrochure.co.uk/images/products.hires/prod_11201_61432_166623.jpg,https://myebrochure.co.uk/images/brands/fotl_23.png,https://myebrochure.co.uk/images/products.hires/prod_11201_61432_157244.jpg,https://myebrochure.co.uk/images/products.hires/prod_11201_61432_157243.jpg,https://myebrochure.co.uk/images/products.hires/prod_11201_61432_157245.jpg,,,,,,,,"<li>100&#37; combed ringspun cotton</li> <li>Soft hand feel</li> <li>Shaped side seams for a feminine fit</li> <li>Narrow crew neck with 1x1 rib</li> <li>Self-fabric back neck tape</li> <li>New tear away back neck label</li> <li><b>Also available in men&#39;s sizes code 61430, kids sizes code 61023 and girl&#39;s sizes code 61025</b></li>",61091000,MA
172079,0000001719871,61432,TSHIRT,T-SHIRTS,MSSTSH,MENS SHORT SLEEVE T-SHIRT,FOTL,Fruit Of The Loom,ME0029,40,Red,0008  ,XL,Ladies' Iconic 150 T,2.09,1,12,72,01/04/2026 01:50:01,C,https://myebrochure.co.uk/images/colours/fotl/fotl-40.jpg,https://myebrochure.co.uk/images/products/prod_11201_61432_166623.jpg,https://myebrochure.co.uk/images/products.small/prod_11201_61432_166623.jpg,https://myebrochure.co.uk/images/products.hires/prod_11201_61432_166623.jpg,https://myebrochure.co.uk/images/brands/fotl_23.png,https://myebrochure.co.uk/images/products.hires/prod_61432_131644.jpg,https://myebrochure.co.uk/images/products.hires/prod_61432_131642.jpg,https://myebrochure.co.uk/images/products.hires/prod_61432_131643.jpg,,,,,,,,"<li>100&#37; combed ringspun cotton</li> <li>Soft hand feel</li> <li>Shaped side seams for a feminine fit</li> <li>Narrow crew neck with 1x1 rib</li> <li>Self-fabric back neck tape</li> <li>New tear away back neck label</li> <li><b>Also available in men&#39;s sizes code 61430, kids sizes code 61023 and girl&#39;s sizes code 61025</b></li>",61091000,MA
176021,0000001759297,61432,TSHIRT,T-SHIRTS,MSSTSH,MENS SHORT SLEEVE T-SHIRT,FOTL,Fruit Of The Loom,ME0029,RX,Retro Heather Green,0008  ,XL,Ladies' Iconic 150 T,2.09,1,12,72,31/03/2026 23:45:05,C,https://myebrochure.co.uk/images/colours/fotl/fotl-rx.jpg,https://myebrochure.co.uk/images/products/prod_11201_61432_166623.jpg,https://myebrochure.co.uk/images/products.small/prod_11201_61432_166623.jpg,https://myebrochure.co.uk/images/products.hires/prod_11201_61432_166623.jpg,https://myebrochure.co.uk/images/brands/fotl_23.png,https://myebrochure.co.uk/images/products.hires/prod_61432_131689.jpg,https://myebrochure.co.uk/images/products.hires/prod_61432_131687.jpg,https://myebrochure.co.uk/images/products.hires/prod_61432_131688.jpg,,,,,,,,"<li>100&#37; combed ringspun cotton</li> <li>Soft hand feel</li> <li>Shaped side seams for a feminine fit</li> <li>Narrow crew neck with 1x1 rib</li> <li>Self-fabric back neck tape</li> <li>New tear away back neck label</li> <li><b>Also available in men&#39;s sizes code 61430, kids sizes code 61023 and girl&#39;s sizes code 61025</b></li>",61091000,MA
176015,0000001759235,61432,TSHIRT,T-SHIRTS,MSSTSH,MENS SHORT SLEEVE T-SHIRT,FOTL,Fruit Of The Loom,ME0029,R6,Retro Heather Royal,0008  ,XL,Ladies' Iconic 150 T,2.09,1,12,72,31/03/2026 23:45:05,C,https://myebrochure.co.uk/images/colours/fotl/fotl-r6.jpg,https://myebrochure.co.uk/images/products/prod_11201_61432_166623.jpg,https://myebrochure.co.uk/images/products.small/prod_11201_61432_166623.jpg,https://myebrochure.co.uk/images/products.hires/prod_11201_61432_166623.jpg,https://myebrochure.co.uk/images/brands/fotl_23.png,https://myebrochure.co.uk/images/products.hires/prod_61432_131686.jpg,https://myebrochure.co.uk/images/products.hires/prod_61432_131684.jpg,https://myebrochure.co.uk/images/products.hires/prod_61432_131685.jpg,,,,,,,,"<li>100&#37; combed ringspun cotton</li> <li>Soft hand feel</li> <li>Shaped side seams for a feminine fit</li> <li>Narrow crew neck with 1x1 rib</li> <li>Self-fabric back neck tape</li> <li>New tear away back neck label</li> <li><b>Also available in men&#39;s sizes code 61430, kids sizes code 61023 and girl&#39;s sizes code 61025</b></li>",61091000,MA
172091,0000001719994,61432,TSHIRT,T-SHIRTS,MSSTSH,MENS SHORT SLEEVE T-SHIRT,FOTL,Fruit Of The Loom,ME0029,51,Royal,0008  ,XL,Ladies' Iconic 150 T,2.09,1,12,72,31/03/2026 23:45:05,C,https://myebrochure.co.uk/images/colours/fotl/fotl-51.jpg,https://myebrochure.co.uk/images/products/prod_11201_61432_166623.jpg,https://myebrochure.co.uk/images/products.small/prod_11201_61432_166623.jpg,https://myebrochure.co.uk/images/products.hires/prod_11201_61432_166623.jpg,https://myebrochure.co.uk/images/brands/fotl_23.png,https://myebrochure.co.uk/images/products.hires/prod_61432_131650.jpg,https://myebrochure.co.uk/images/products.hires/prod_61432_131648.jpg,https://myebrochure.co.uk/images/products.hires/prod_61432_131649.jpg,,,,,,,,"<li>100&#37; combed ringspun cotton</li> <li>Soft hand feel</li> <li>Shaped side seams for a feminine fit</li> <li>Narrow crew neck with 1x1 rib</li> <li>Self-fabric back neck tape</li> <li>New tear away back neck label</li> <li><b>Also available in men&#39;s sizes code 61430, kids sizes code 61023 and girl&#39;s sizes code 61025</b></li>",61091000,MA
200864,0000002008493,61432,TSHIRT,T-SHIRTS,MSSTSH,MENS SHORT SLEEVE T-SHIRT,FOTL,Fruit Of The Loom,ME0029,SLR,Soft Lavender,0008  ,XL,Ladies' Iconic 150 T,2.09,1,12,72,31/03/2026 23:45:05,C,https://myebrochure.co.uk/images/colours/fotl/fotl-slr.jpg,https://myebrochure.co.uk/images/products/prod_11201_61432_166623.jpg,https://myebrochure.co.uk/images/products.small/prod_11201_61432_166623.jpg,https://myebrochure.co.uk/images/products.hires/prod_11201_61432_166623.jpg,https://myebrochure.co.uk/images/brands/fotl_23.png,https://myebrochure.co.uk/images/products.hires/prod_11201_61432_157247.jpg,https://myebrochure.co.uk/images/products.hires/prod_11201_61432_157246.jpg,https://myebrochure.co.uk/images/products.hires/prod_11201_61432_157248.jpg,,,,,,,,"<li>100&#37; combed ringspun cotton</li> <li>Soft hand feel</li> <li>Shaped side seams for a feminine fit</li> <li>Narrow crew neck with 1x1 rib</li> <li>Self-fabric back neck tape</li> <li>New tear away back neck label</li> <li><b>Also available in men&#39;s sizes code 61430, kids sizes code 61023 and girl&#39;s sizes code 61025</b></li>",61091000,MA
172067,0000001719758,61432,TSHIRT,T-SHIRTS,MSSTSH,MENS SHORT SLEEVE T-SHIRT,FOTL,Fruit Of The Loom,ME0029,34,Sunflower,0008  ,XL,Ladies' Iconic 150 T,2.09,1,12,72,31/03/2026 23:45:05,C,https://myebrochure.co.uk/images/colours/fotl/fotl-34.jpg,https://myebrochure.co.uk/images/products/prod_11201_61432_166623.jpg,https://myebrochure.co.uk/images/products.small/prod_11201_61432_166623.jpg,https://myebrochure.co.uk/images/products.hires/prod_11201_61432_166623.jpg,https://myebrochure.co.uk/images/brands/fotl_23.png,https://myebrochure.co.uk/images/products.hires/prod_61432_131638.jpg,https://myebrochure.co.uk/images/products.hires/prod_61432_131636.jpg,https://myebrochure.co.uk/images/products.hires/prod_61432_131637.jpg,,,,,,,,"<li>100&#37; combed ringspun cotton</li> <li>Soft hand feel</li> <li>Shaped side seams for a feminine fit</li> <li>Narrow crew neck with 1x1 rib</li> <li>Self-fabric back neck tape</li> <li>New tear away back neck label</li> <li><b>Also available in men&#39;s sizes code 61430, kids sizes code 61023 and girl&#39;s sizes code 61025</b></li>",61091000,MA
176027,0000001759358,61432,TSHIRT,T-SHIRTS,MSSTSH,MENS SHORT SLEEVE T-SHIRT,FOTL,Fruit Of The Loom,ME0029,VH,Vintage Heather Red,0008  ,XL,Ladies' Iconic 150 T,2.09,1,12,72,31/03/2026 23:45:05,C,https://myebrochure.co.uk/images/colours/fotl/fotl-vh.jpg,https://myebrochure.co.uk/images/products/prod_11201_61432_166623.jpg,https://myebrochure.co.uk/images/products.small/prod_11201_61432_166623.jpg,https://myebrochure.co.uk/images/products.hires/prod_11201_61432_166623.jpg,https://myebrochure.co.uk/images/brands/fotl_23.png,https://myebrochure.co.uk/images/products.hires/prod_61432_131698.jpg,https://myebrochure.co.uk/images/products.hires/prod_61432_131696.jpg,https://myebrochure.co.uk/images/products.hires/prod_61432_131697.jpg,,,,,,,,"<li>100&#37; combed ringspun cotton</li> <li>Soft hand feel</li> <li>Shaped side seams for a feminine fit</li> <li>Narrow crew neck with 1x1 rib</li> <li>Self-fabric back neck tape</li> <li>New tear away back neck label</li> <li><b>Also available in men&#39;s sizes code 61430, kids sizes code 61023 and girl&#39;s sizes code 61025</b></li>",61091000,MA
172061,0000001719697,61432,TSHIRT,T-SHIRTS,MSSTSH,MENS SHORT SLEEVE T-SHIRT,FOTL,Fruit Of The Loom,ME0029,30,White,0008  ,XL,Ladies' Iconic 150 T,1.65,1,12,72,31/03/2026 23:45:05,C,https://myebrochure.co.uk/images/colours/fotl/fotl-30.jpg,https://myebrochure.co.uk/images/products/prod_11201_61432_166623.jpg,https://myebrochure.co.uk/images/products.small/prod_11201_61432_166623.jpg,https://myebrochure.co.uk/images/products.hires/prod_11201_61432_166623.jpg,https://myebrochure.co.uk/images/brands/fotl_23.png,https://myebrochure.co.uk/images/products.hires/prod_11201_61432_166621.jpg,https://myebrochure.co.uk/images/products.hires/prod_61432_131635.jpg,https://myebrochure.co.uk/images/products.hires/prod_61432_131633.jpg,https://myebrochure.co.uk/images/products.hires/prod_61432_131634.jpg,,,,,,,"<li>100&#37; combed ringspun cotton</li> <li>Soft hand feel</li> <li>Shaped side seams for a feminine fit</li> <li>Narrow crew neck with 1x1 rib</li> <li>Self-fabric back neck tape</li> <li>New tear away back neck label</li> <li><b>Also available in men&#39;s sizes code 61430, kids sizes code 61023 and girl&#39;s sizes code 61025</b></li>",61091000,MA
172151,0000001720594,61432,TSHIRT,T-SHIRTS,MSSTSH,MENS SHORT SLEEVE T-SHIRT,FOTL,Fruit Of The Loom,ME0029,XW,Zinc,0008  ,XL,Ladies' Iconic 150 T,2.09,1,12,72,31/03/2026 23:45:05,C,https://myebrochure.co.uk/images/colours/fotl/fotl-xw.jpg,https://myebrochure.co.uk/images/products/prod_11201_61432_166623.jpg,https://myebrochure.co.uk/images/products.small/prod_11201_61432_166623.jpg,https://myebrochure.co.uk/images/products.hires/prod_11201_61432_166623.jpg,https://myebrochure.co.uk/images/brands/fotl_23.png,https://myebrochure.co.uk/images/products.hires/prod_61432_131701.jpg,https://myebrochure.co.uk/images/products.hires/prod_61432_131699.jpg,https://myebrochure.co.uk/images/products.hires/prod_61432_131700.jpg,,,,,,,,"<li>100&#37; combed ringspun cotton</li> <li>Soft hand feel</li> <li>Shaped side seams for a feminine fit</li> <li>Narrow crew neck with 1x1 rib</li> <li>Self-fabric back neck tape</li> <li>New tear away back neck label</li> <li><b>Also available in men&#39;s sizes code 61430, kids sizes code 61023 and girl&#39;s sizes code 61025</b></li>",61091000,MA
92055,0000000920148,61372,TSHIRT,T-SHIRTS,LSSTSH,Ladies Short Sleeve T-Shirts,FOTL,Fruit Of The Loom,BA0032,ZU,Azure Blue,0008  ,XS,Ladies' Valueweight T,2.23,1,12,72,08/04/2026 09:01:09,C,https://myebrochure.co.uk/images/colours/fotl/fotl-zu.jpg,https://myebrochure.co.uk/images/products/prod_13601_61372_166586.jpg,https://myebrochure.co.uk/images/products.small/prod_13601_61372_166586.jpg,https://myebrochure.co.uk/images/products.hires/prod_13601_61372_166586.jpg,https://myebrochure.co.uk/images/brands/fotl_23.png,https://myebrochure.co.uk/images/products.hires/prod_61372_142026.jpg,https://myebrochure.co.uk/images/products.hires/prod_61372_142025.jpg,https://myebrochure.co.uk/images/products.hires/prod_61372_142027.jpg,,,,,,,,<li>Crew neck with Cotton/ LYCRA&reg; rib</li> <li>Self&#45;fabric back neck tape</li> <li>Shaped side seams for a feminine fit</li> <li>Fine knit gauge for enhanced printability</li> <li><b>Also available in men&#39;s sizes code 61036 and  children&#39;s sizes code 61033 and code 61005</b></li>,61091000,MA
91989,0000000919487,61372,TSHIRT,T-SHIRTS,LSSTSH,Ladies Short Sleeve T-Shirts,FOTL,Fruit Of The Loom,BA0032,36,Black,0008  ,XS,Ladies' Valueweight T,2.23,1,12,72,08/04/2026 09:01:09,C,https://myebrochure.co.uk/images/colours/fotl/fotl-36.jpg,https://myebrochure.co.uk/images/products/prod_13601_61372_166586.jpg,https://myebrochure.co.uk/images/products.small/prod_13601_61372_166586.jpg,https://myebrochure.co.uk/images/products.hires/prod_13601_61372_166586.jpg,https://myebrochure.co.uk/images/brands/fotl_23.png,https://myebrochure.co.uk/images/products.hires/prod_61372_141954.jpg,https://myebrochure.co.uk/images/products.hires/prod_61372_141953.jpg,https://myebrochure.co.uk/images/products.hires/prod_61372_141955.jpg,https://myebrochure.co.uk/images/products.hires/prod_13601_61372_166587.jpg,,,,,,,<li>Crew neck with Cotton/ LYCRA&reg; rib</li> <li>Self&#45;fabric back neck tape</li> <li>Shaped side seams for a feminine fit</li> <li>Fine knit gauge for enhanced printability</li> <li><b>Also available in men&#39;s sizes code 61036 and  children&#39;s sizes code 61033 and code 61005</b></li>,61091000,MA
91995,0000000919548,61372,TSHIRT,T-SHIRTS,LSSTSH,Ladies Short Sleeve T-Shirts,FOTL,Fruit Of The Loom,BA0032,BGR,Bottle Green,0008  ,XS,Ladies' Valueweight T,2.23,1,12,72,08/04/2026 09:01:09,C,https://myebrochure.co.uk/images/colours/fotl/fotl-bgr.jpg,https://myebrochure.co.uk/images/products/prod_13601_61372_166586.jpg,https://myebrochure.co.uk/images/products.small/prod_13601_61372_166586.jpg,https://myebrochure.co.uk/images/products.hires/prod_13601_61372_166586.jpg,https://myebrochure.co.uk/images/brands/fotl_23.png,https://myebrochure.co.uk/images/products.hires/prod_61372_141957.jpg,https://myebrochure.co.uk/images/products.hires/prod_61372_141956.jpg,https://myebrochure.co.uk/images/products.hires/prod_61372_141958.jpg,https://myebrochure.co.uk/images/products.hires/prod_13601_61372_166588.jpg,,,,,,,<li>Crew neck with Cotton/ LYCRA&reg; rib</li> <li>Self&#45;fabric back neck tape</li> <li>Shaped side seams for a feminine fit</li> <li>Fine knit gauge for enhanced printability</li> <li><b>Also available in men&#39;s sizes code 61036 and  children&#39;s sizes code 61033 and code 61005</b></li>,61091000,MA
137987,0000001378948,61372,TSHIRT,T-SHIRTS,LSSTSH,Ladies Short Sleeve T-Shirts,FOTL,Fruit Of The Loom,BA0032,41,Burgundy,0008  ,XS,Ladies' Valueweight T,2.23,1,12,72,08/04/2026 09:01:09,C,https://myebrochure.co.uk/images/colours/fotl/fotl-41.jpg,https://myebrochure.co.uk/images/products/prod_13601_61372_166586.jpg,https://myebrochure.co.uk/images/products.small/prod_13601_61372_166586.jpg,https://myebrochure.co.uk/images/products.hires/prod_13601_61372_166586.jpg,https://myebrochure.co.uk/images/brands/fotl_23.png,https://myebrochure.co.uk/images/products.hires/prod_61372_141963.jpg,https://myebrochure.co.uk/images/products.hires/prod_61372_141962.jpg,https://myebrochure.co.uk/images/products.hires/prod_61372_141964.jpg,https://myebrochure.co.uk/images/products.hires/prod_13601_61372_166590.jpg,,,,,,,<li>Crew neck with Cotton/ LYCRA&reg; rib</li> <li>Self&#45;fabric back neck tape</li> <li>Shaped side seams for a feminine fit</li> <li>Fine knit gauge for enhanced printability</li> <li><b>Also available in men&#39;s sizes code 61036 and  children&#39;s sizes code 61033 and code 61005</b></li>,61091000,MA
158521,0000001584264,61372,TSHIRT,T-SHIRTS,LSSTSH,Ladies Short Sleeve T-Shirts,FOTL,Fruit Of The Loom,BA0032,HD,Dark Heather,0008  ,XS,Ladies' Valueweight T,2.23,1,12,72,08/04/2026 09:01:09,C,https://myebrochure.co.uk/images/colours/fotl/fotl-hd.jpg,https://myebrochure.co.uk/images/products/prod_13601_61372_166586.jpg,https://myebrochure.co.uk/images/products.small/prod_13601_61372_166586.jpg,https://myebrochure.co.uk/images/products.hires/prod_13601_61372_166586.jpg,https://myebrochure.co.uk/images/brands/fotl_23.png,https://myebrochure.co.uk/images/products.hires/prod_61372_142029.jpg,https://myebrochure.co.uk/images/products.hires/prod_61372_142028.jpg,https://myebrochure.co.uk/images/products.hires/prod_61372_142030.jpg,,,,,,,,<li>Crew neck with Cotton/ LYCRA&reg; rib</li> <li>Self&#45;fabric back neck tape</li> <li>Shaped side seams for a feminine fit</li> <li>Fine knit gauge for enhanced printability</li> <li><b>Also available in men&#39;s sizes code 61036 and  children&#39;s sizes code 61033 and code 61005</b></li>,61091000,MA
92049,0000000920087,61372,TSHIRT,T-SHIRTS,LSSTSH,Ladies Short Sleeve T-Shirts,FOTL,Fruit Of The Loom,BA0032,AZ,Deep Navy,0008  ,XS,Ladies' Valueweight T,2.23,1,12,72,08/04/2026 09:01:09,C,https://myebrochure.co.uk/images/colours/fotl/fotl-az.jpg,https://myebrochure.co.uk/images/products/prod_13601_61372_166586.jpg,https://myebrochure.co.uk/images/products.small/prod_13601_61372_166586.jpg,https://myebrochure.co.uk/images/products.hires/prod_13601_61372_166586.jpg,https://myebrochure.co.uk/images/brands/fotl_23.png,https://myebrochure.co.uk/images/products.hires/prod_61372_141984.jpg,https://myebrochure.co.uk/images/products.hires/prod_61372_141983.jpg,https://myebrochure.co.uk/images/products.hires/prod_61372_141985.jpg,,,,,,,,<li>Crew neck with Cotton/ LYCRA&reg; rib</li> <li>Self&#45;fabric back neck tape</li> <li>Shaped side seams for a feminine fit</li> <li>Fine knit gauge for enhanced printability</li> <li><b>Also available in men&#39;s sizes code 61036 and  children&#39;s sizes code 61033 and code 61005</b></li>,61091000,MA
92031,0000000919906,61372,TSHIRT,T-SHIRTS,LSSTSH,Ladies Short Sleeve T-Shirts,FOTL,Fruit Of The Loom,BA0032,57,Fuchsia,0008  ,XS,Ladies' Valueweight T,2.23,1,12,72,08/04/2026 09:01:09,C,https://myebrochure.co.uk/images/colours/fotl/fotl-57.jpg,https://myebrochure.co.uk/images/products/prod_13601_61372_166586.jpg,https://myebrochure.co.uk/images/products.small/prod_13601_61372_166586.jpg,https://myebrochure.co.uk/images/products.hires/prod_13601_61372_166586.jpg,https://myebrochure.co.uk/images/brands/fotl_23.png,https://myebrochure.co.uk/images/products.hires/prod_61372_141978.jpg,https://myebrochure.co.uk/images/products.hires/prod_61372_141977.jpg,https://myebrochure.co.uk/images/products.hires/prod_61372_141979.jpg,https://myebrochure.co.uk/images/products.hires/prod_13601_61372_166595.jpg,,,,,,,<li>Crew neck with Cotton/ LYCRA&reg; rib</li> <li>Self&#45;fabric back neck tape</li> <li>Shaped side seams for a feminine fit</li> <li>Fine knit gauge for enhanced printability</li> <li><b>Also available in men&#39;s sizes code 61036 and  children&#39;s sizes code 61033 and code 61005</b></li>,61091000,MA
92043,0000000920025,61372,TSHIRT,T-SHIRTS,LSSTSH,Ladies Short Sleeve T-Shirts,FOTL,Fruit Of The Loom,BA0032,94,Heather Grey,0008  ,XS,Ladies' Valueweight T,2.23,1,12,72,08/04/2026 09:01:09,C,https://myebrochure.co.uk/images/colours/fotl/fotl-94.jpg,https://myebrochure.co.uk/images/products/prod_13601_61372_166586.jpg,https://myebrochure.co.uk/images/products.small/prod_13601_61372_166586.jpg,https://myebrochure.co.uk/images/products.hires/prod_13601_61372_166586.jpg,https://myebrochure.co.uk/images/brands/fotl_23.png,https://myebrochure.co.uk/images/products.hires/prod_61372_141981.jpg,https://myebrochure.co.uk/images/products.hires/prod_61372_141980.jpg,https://myebrochure.co.uk/images/products.hires/prod_61372_141982.jpg,https://myebrochure.co.uk/images/products.hires/prod_13601_61372_166596.jpg,,,,,,,<li>Crew neck with Cotton/ LYCRA&reg; rib</li> <li>Self&#45;fabric back neck tape</li> <li>Shaped side seams for a feminine fit</li> <li>Fine knit gauge for enhanced printability</li> <li><b>Also available in men&#39;s sizes code 61036 and  children&#39;s sizes code 61033 and code 61005</b></li>,61091000,MA
171877,0000001717853,61372,TSHIRT,T-SHIRTS,LSSTSH,Ladies Short Sleeve T-Shirts,FOTL,Fruit Of The Loom,BA0032,HP,Heather Purple,0008  ,XS,Ladies' Valueweight T,2.23,1,12,72,08/04/2026 09:01:09,C,https://myebrochure.co.uk/images/colours/fotl/fotl-hp.jpg,https://myebrochure.co.uk/images/products/prod_13601_61372_166586.jpg,https://myebrochure.co.uk/images/products.small/prod_13601_61372_166586.jpg,https://myebrochure.co.uk/images/products.hires/prod_13601_61372_166586.jpg,https://myebrochure.co.uk/images/brands/fotl_23.png,https://myebrochure.co.uk/images/products.hires/prod_61372_141993.jpg,https://myebrochure.co.uk/images/products.hires/prod_61372_141992.jpg,https://myebrochure.co.uk/images/products.hires/prod_61372_141994.jpg,,,,,,,,<li>Crew neck with Cotton/ LYCRA&reg; rib</li> <li>Self&#45;fabric back neck tape</li> <li>Shaped side seams for a feminine fit</li> <li>Fine knit gauge for enhanced printability</li> <li><b>Also available in men&#39;s sizes code 61036 and  children&#39;s sizes code 61033 and code 61005</b></li>,61091000,MA
92013,0000000919722,61372,TSHIRT,T-SHIRTS,LSSTSH,Ladies Short Sleeve T-Shirts,FOTL,Fruit Of The Loom,BA0032,47,Kelly Green,0008  ,XS,Ladies' Valueweight T,2.23,1,12,72,08/04/2026 09:01:09,C,https://myebrochure.co.uk/images/colours/fotl/fotl-47.jpg,https://myebrochure.co.uk/images/products/prod_13601_61372_166586.jpg,https://myebrochure.co.uk/images/products.small/prod_13601_61372_166586.jpg,https://myebrochure.co.uk/images/products.hires/prod_13601_61372_166586.jpg,https://myebrochure.co.uk/images/brands/fotl_23.png,https://myebrochure.co.uk/images/products.hires/prod_61372_141969.jpg,https://myebrochure.co.uk/images/products.hires/prod_61372_141968.jpg,https://myebrochure.co.uk/images/products.hires/prod_61372_141970.jpg,https://myebrochure.co.uk/images/products.hires/prod_13601_61372_166592.jpg,,,,,,,<li>Crew neck with Cotton/ LYCRA&reg; rib</li> <li>Self&#45;fabric back neck tape</li> <li>Shaped side seams for a feminine fit</li> <li>Fine knit gauge for enhanced printability</li> <li><b>Also available in men&#39;s sizes code 61036 and  children&#39;s sizes code 61033 and code 61005</b></li>,61091000,MA
137993,0000001379006,61372,TSHIRT,T-SHIRTS,LSSTSH,Ladies Short Sleeve T-Shirts,FOTL,Fruit Of The Loom,BA0032,GL,Light Graphite,0008  ,XS,Ladies' Valueweight T,2.23,1,12,72,08/04/2026 09:01:09,C,https://myebrochure.co.uk/images/colours/fotl/fotl-gl.jpg,https://myebrochure.co.uk/images/products/prod_13601_61372_166586.jpg,https://myebrochure.co.uk/images/products.small/prod_13601_61372_166586.jpg,https://myebrochure.co.uk/images/products.hires/prod_13601_61372_166586.jpg,https://myebrochure.co.uk/images/brands/fotl_23.png,https://myebrochure.co.uk/images/products.hires/prod_61372_141987.jpg,https://myebrochure.co.uk/images/products.hires/prod_61372_141986.jpg,https://myebrochure.co.uk/images/products.hires/prod_61372_141988.jpg,,,,,,,,<li>Crew neck with Cotton/ LYCRA&reg; rib</li> <li>Self&#45;fabric back neck tape</li> <li>Shaped side seams for a feminine fit</li> <li>Fine knit gauge for enhanced printability</li> <li><b>Also available in men&#39;s sizes code 61036 and  children&#39;s sizes code 61033 and code 61005</b></li>,61091000,MA
92025,0000000919845,61372,TSHIRT,T-SHIRTS,LSSTSH,Ladies Short Sleeve T-Shirts,FOTL,Fruit Of The Loom,BA0032,LPI,Light Pink,0008  ,XS,Ladies' Valueweight T,2.23,1,12,72,08/04/2026 09:01:09,C,https://myebrochure.co.uk/images/colours/fotl/fotl-lpi.jpg,https://myebrochure.co.uk/images/products/prod_13601_61372_166586.jpg,https://myebrochure.co.uk/images/products.small/prod_13601_61372_166586.jpg,https://myebrochure.co.uk/images/products.hires/prod_13601_61372_166586.jpg,https://myebrochure.co.uk/images/brands/fotl_23.png,https://myebrochure.co.uk/images/products.hires/prod_61372_141975.jpg,https://myebrochure.co.uk/images/products.hires/prod_61372_141974.jpg,https://myebrochure.co.uk/images/products.hires/prod_61372_141976.jpg,https://myebrochure.co.uk/images/products.hires/prod_13601_61372_166594.jpg,,,,,,,<li>Crew neck with Cotton/ LYCRA&reg; rib</li> <li>Self&#45;fabric back neck tape</li> <li>Shaped side seams for a feminine fit</li> <li>Fine knit gauge for enhanced printability</li> <li><b>Also available in men&#39;s sizes code 61036 and  children&#39;s sizes code 61033 and code 61005</b></li>,61091000,MA
158551,0000001584561,61372,TSHIRT,T-SHIRTS,LSSTSH,Ladies Short Sleeve T-Shirts,FOTL,Fruit Of The Loom,BA0032,LM,Lime,0008  ,XS,Ladies' Valueweight T,2.23,1,12,72,08/04/2026 09:01:09,C,https://myebrochure.co.uk/images/colours/fotl/fotl-lm.jpg,https://myebrochure.co.uk/images/products/prod_13601_61372_166586.jpg,https://myebrochure.co.uk/images/products.small/prod_13601_61372_166586.jpg,https://myebrochure.co.uk/images/products.hires/prod_13601_61372_166586.jpg,https://myebrochure.co.uk/images/brands/fotl_23.png,https://myebrochure.co.uk/images/products.hires/prod_61372_141999.jpg,https://myebrochure.co.uk/images/products.hires/prod_61372_141998.jpg,https://myebrochure.co.uk/images/products.hires/prod_61372_142000.jpg,,,,,,,,<li>Crew neck with Cotton/ LYCRA&reg; rib</li> <li>Self&#45;fabric back neck tape</li> <li>Shaped side seams for a feminine fit</li> <li>Fine knit gauge for enhanced printability</li> <li><b>Also available in men&#39;s sizes code 61036 and  children&#39;s sizes code 61033 and code 61005</b></li>,61091000,MA
128926,0000001288889,61372,TSHIRT,T-SHIRTS,LSSTSH,Ladies Short Sleeve T-Shirts,FOTL,Fruit Of The Loom,BA0032,32,Navy Blue,0008  ,XS,Ladies' Valueweight T,2.23,1,12,72,08/04/2026 09:01:09,C,https://myebrochure.co.uk/images/colours/fotl/fotl-32.jpg,https://myebrochure.co.uk/images/products/prod_13601_61372_166586.jpg,https://myebrochure.co.uk/images/products.small/prod_13601_61372_166586.jpg,https://myebrochure.co.uk/images/products.hires/prod_13601_61372_166586.jpg,https://myebrochure.co.uk/images/brands/fotl_23.png,https://myebrochure.co.uk/images/products.hires/prod_61372_141951.jpg,https://myebrochure.co.uk/images/products.hires/prod_61372_141950.jpg,https://myebrochure.co.uk/images/products.hires/prod_61372_141952.jpg,https://myebrochure.co.uk/images/products.hires/prod_61372_142002.jpg,https://myebrochure.co.uk/images/products.hires/prod_61372_142001.jpg,https://myebrochure.co.uk/images/products.hires/prod_61372_142003.jpg,,,,,<li>Crew neck with Cotton/ LYCRA&reg; rib</li> <li>Self&#45;fabric back neck tape</li> <li>Shaped side seams for a feminine fit</li> <li>Fine knit gauge for enhanced printability</li> <li><b>Also available in men&#39;s sizes code 61036 and  children&#39;s sizes code 61033 and code 61005</b></li>,61091000,MA
92007,0000000919661,61372,TSHIRT,T-SHIRTS,LSSTSH,Ladies Short Sleeve T-Shirts,FOTL,Fruit Of The Loom,BA0032,44,Orange,0008  ,XS,Ladies' Valueweight T,2.23,1,12,72,08/04/2026 09:01:09,C,https://myebrochure.co.uk/images/colours/fotl/fotl-44.jpg,https://myebrochure.co.uk/images/products/prod_13601_61372_166586.jpg,https://myebrochure.co.uk/images/products.small/prod_13601_61372_166586.jpg,https://myebrochure.co.uk/images/products.hires/prod_13601_61372_166586.jpg,https://myebrochure.co.uk/images/brands/fotl_23.png,https://myebrochure.co.uk/images/products.hires/prod_61372_141966.jpg,https://myebrochure.co.uk/images/products.hires/prod_61372_141965.jpg,https://myebrochure.co.uk/images/products.hires/prod_61372_141967.jpg,https://myebrochure.co.uk/images/products.hires/prod_13601_61372_166591.jpg,,,,,,,<li>Crew neck with Cotton/ LYCRA&reg; rib</li> <li>Self&#45;fabric back neck tape</li> <li>Shaped side seams for a feminine fit</li> <li>Fine knit gauge for enhanced printability</li> <li><b>Also available in men&#39;s sizes code 61036 and  children&#39;s sizes code 61033 and code 61005</b></li>,61091000,MA
92067,0000000920261,61372,TSHIRT,T-SHIRTS,LSSTSH,Ladies Short Sleeve T-Shirts,FOTL,Fruit Of The Loom,BA0032,PE,Purple,0008  ,XS,Ladies' Valueweight T,2.23,1,12,72,08/04/2026 09:01:09,C,https://myebrochure.co.uk/images/colours/fotl/fotl-pe.jpg,https://myebrochure.co.uk/images/products/prod_13601_61372_166586.jpg,https://myebrochure.co.uk/images/products.small/prod_13601_61372_166586.jpg,https://myebrochure.co.uk/images/products.hires/prod_13601_61372_166586.jpg,https://myebrochure.co.uk/images/brands/fotl_23.png,https://myebrochure.co.uk/images/products.hires/prod_61372_142008.jpg,https://myebrochure.co.uk/images/products.hires/prod_61372_142007.jpg,https://myebrochure.co.uk/images/products.hires/prod_61372_142009.jpg,,,,,,,,<li>Crew neck with Cotton/ LYCRA&reg; rib</li> <li>Self&#45;fabric back neck tape</li> <li>Shaped side seams for a feminine fit</li> <li>Fine knit gauge for enhanced printability</li> <li><b>Also available in men&#39;s sizes code 61036 and  children&#39;s sizes code 61033 and code 61005</b></li>,61091000,MA
92001,0000000919609,61372,TSHIRT,T-SHIRTS,LSSTSH,Ladies Short Sleeve T-Shirts,FOTL,Fruit Of The Loom,BA0032,40,Red,0008  ,XS,Ladies' Valueweight T,2.23,1,12,72,08/04/2026 09:01:09,C,https://myebrochure.co.uk/images/colours/fotl/fotl-40.jpg,https://myebrochure.co.uk/images/products/prod_13601_61372_166586.jpg,https://myebrochure.co.uk/images/products.small/prod_13601_61372_166586.jpg,https://myebrochure.co.uk/images/products.hires/prod_13601_61372_166586.jpg,https://myebrochure.co.uk/images/brands/fotl_23.png,https://myebrochure.co.uk/images/products.hires/prod_61372_141960.jpg,https://myebrochure.co.uk/images/products.hires/prod_61372_141959.jpg,https://myebrochure.co.uk/images/products.hires/prod_61372_141961.jpg,https://myebrochure.co.uk/images/products.hires/prod_13601_61372_166589.jpg,,,,,,,<li>Crew neck with Cotton/ LYCRA&reg; rib</li> <li>Self&#45;fabric back neck tape</li> <li>Shaped side seams for a feminine fit</li> <li>Fine knit gauge for enhanced printability</li> <li><b>Also available in men&#39;s sizes code 61036 and  children&#39;s sizes code 61033 and code 61005</b></li>,61091000,MA
158539,0000001584448,61372,TSHIRT,T-SHIRTS,LSSTSH,Ladies Short Sleeve T-Shirts,FOTL,Fruit Of The Loom,BA0032,RX,Retro Heather Green,0008  ,XS,Ladies' Valueweight T,2.23,1,12,72,08/04/2026 09:01:09,C,https://myebrochure.co.uk/images/colours/fotl/fotl-rx.jpg,https://myebrochure.co.uk/images/products/prod_13601_61372_166586.jpg,https://myebrochure.co.uk/images/products.small/prod_13601_61372_166586.jpg,https://myebrochure.co.uk/images/products.hires/prod_13601_61372_166586.jpg,https://myebrochure.co.uk/images/brands/fotl_23.png,https://myebrochure.co.uk/images/products.hires/prod_61372_142014.jpg,https://myebrochure.co.uk/images/products.hires/prod_61372_142013.jpg,https://myebrochure.co.uk/images/products.hires/prod_61372_142015.jpg,,,,,,,,<li>Crew neck with Cotton/ LYCRA&reg; rib</li> <li>Self&#45;fabric back neck tape</li> <li>Shaped side seams for a feminine fit</li> <li>Fine knit gauge for enhanced printability</li> <li><b>Also available in men&#39;s sizes code 61036 and  children&#39;s sizes code 61033 and code 61005</b></li>,61091000,MA
158533,0000001584387,61372,TSHIRT,T-SHIRTS,LSSTSH,Ladies Short Sleeve T-Shirts,FOTL,Fruit Of The Loom,BA0032,R6,Retro Heather Royal,0008  ,XS,Ladies' Valueweight T,2.23,1,12,72,08/04/2026 09:01:09,C,https://myebrochure.co.uk/images/colours/fotl/fotl-r6.jpg,https://myebrochure.co.uk/images/products/prod_13601_61372_166586.jpg,https://myebrochure.co.uk/images/products.small/prod_13601_61372_166586.jpg,https://myebrochure.co.uk/images/products.hires/prod_13601_61372_166586.jpg,https://myebrochure.co.uk/images/brands/fotl_23.png,https://myebrochure.co.uk/images/products.hires/prod_61372_142011.jpg,https://myebrochure.co.uk/images/products.hires/prod_61372_142010.jpg,https://myebrochure.co.uk/images/products.hires/prod_61372_142012.jpg,,,,,,,,<li>Crew neck with Cotton/ LYCRA&reg; rib</li> <li>Self&#45;fabric back neck tape</li> <li>Shaped side seams for a feminine fit</li> <li>Fine knit gauge for enhanced printability</li> <li><b>Also available in men&#39;s sizes code 61036 and  children&#39;s sizes code 61033 and code 61005</b></li>,61091000,MA
92019,0000000919784,61372,TSHIRT,T-SHIRTS,LSSTSH,Ladies Short Sleeve T-Shirts,FOTL,Fruit Of The Loom,BA0032,51,Royal,0008  ,XS,Ladies' Valueweight T,2.23,1,12,72,08/04/2026 09:01:09,C,https://myebrochure.co.uk/images/colours/fotl/fotl-51.jpg,https://myebrochure.co.uk/images/products/prod_13601_61372_166586.jpg,https://myebrochure.co.uk/images/products.small/prod_13601_61372_166586.jpg,https://myebrochure.co.uk/images/products.hires/prod_13601_61372_166586.jpg,https://myebrochure.co.uk/images/brands/fotl_23.png,https://myebrochure.co.uk/images/products.hires/prod_61372_141972.jpg,https://myebrochure.co.uk/images/products.hires/prod_61372_141971.jpg,https://myebrochure.co.uk/images/products.hires/prod_61372_141973.jpg,https://myebrochure.co.uk/images/products.hires/prod_13601_61372_166593.jpg,,,,,,,<li>Crew neck with Cotton/ LYCRA&reg; rib</li> <li>Self&#45;fabric back neck tape</li> <li>Shaped side seams for a feminine fit</li> <li>Fine knit gauge for enhanced printability</li> <li><b>Also available in men&#39;s sizes code 61036 and  children&#39;s sizes code 61033 and code 61005</b></li>,61091000,MA
92061,0000000920209,61372,TSHIRT,T-SHIRTS,LSSTSH,Ladies Short Sleeve T-Shirts,FOTL,Fruit Of The Loom,BA0032,YT,Sky Blue,0008  ,XS,Ladies' Valueweight T,2.23,1,12,72,08/04/2026 09:01:09,C,https://myebrochure.co.uk/images/colours/fotl/fotl-yt.jpg,https://myebrochure.co.uk/images/products/prod_13601_61372_166586.jpg,https://myebrochure.co.uk/images/products.small/prod_13601_61372_166586.jpg,https://myebrochure.co.uk/images/products.hires/prod_13601_61372_166586.jpg,https://myebrochure.co.uk/images/brands/fotl_23.png,https://myebrochure.co.uk/images/products.hires/prod_61372_142023.jpg,https://myebrochure.co.uk/images/products.hires/prod_61372_142022.jpg,https://myebrochure.co.uk/images/products.hires/prod_61372_142024.jpg,,,,,,,,<li>Crew neck with Cotton/ LYCRA&reg; rib</li> <li>Self&#45;fabric back neck tape</li> <li>Shaped side seams for a feminine fit</li> <li>Fine knit gauge for enhanced printability</li> <li><b>Also available in men&#39;s sizes code 61036 and  children&#39;s sizes code 61033 and code 61005</b></li>,61091000,MA
91983,0000000919425,61372,TSHIRT,T-SHIRTS,LSSTSH,Ladies Short Sleeve T-Shirts,FOTL,Fruit Of The Loom,BA0032,SUN,Sunflower,0008  ,XS,Ladies' Valueweight T,2.23,1,12,72,08/04/2026 09:01:09,C,https://myebrochure.co.uk/images/colours/fotl/fotl-sun.jpg,https://myebrochure.co.uk/images/products/prod_13601_61372_166586.jpg,https://myebrochure.co.uk/images/products.small/prod_13601_61372_166586.jpg,https://myebrochure.co.uk/images/products.hires/prod_13601_61372_166586.jpg,https://myebrochure.co.uk/images/brands/fotl_23.png,https://myebrochure.co.uk/images/products.hires/prod_61372_142005.jpg,https://myebrochure.co.uk/images/products.hires/prod_61372_142004.jpg,https://myebrochure.co.uk/images/products.hires/prod_61372_142006.jpg,,,,,,,,<li>Crew neck with Cotton/ LYCRA&reg; rib</li> <li>Self&#45;fabric back neck tape</li> <li>Shaped side seams for a feminine fit</li> <li>Fine knit gauge for enhanced printability</li> <li><b>Also available in men&#39;s sizes code 61036 and  children&#39;s sizes code 61033 and code 61005</b></li>,61091000,MA
158527,0000001584325,61372,TSHIRT,T-SHIRTS,LSSTSH,Ladies Short Sleeve T-Shirts,FOTL,Fruit Of The Loom,BA0032,VF,Vintage Heather Navy,0008  ,XS,Ladies' Valueweight T,2.23,1,12,72,08/04/2026 09:01:09,C,https://myebrochure.co.uk/images/colours/fotl/fotl-vf.jpg,https://myebrochure.co.uk/images/products/prod_13601_61372_166586.jpg,https://myebrochure.co.uk/images/products.small/prod_13601_61372_166586.jpg,https://myebrochure.co.uk/images/products.hires/prod_13601_61372_166586.jpg,https://myebrochure.co.uk/images/brands/fotl_23.png,https://myebrochure.co.uk/images/products.hires/prod_61372_142017.jpg,https://myebrochure.co.uk/images/products.hires/prod_61372_142016.jpg,https://myebrochure.co.uk/images/products.hires/prod_61372_142018.jpg,,,,,,,,<li>Crew neck with Cotton/ LYCRA&reg; rib</li> <li>Self&#45;fabric back neck tape</li> <li>Shaped side seams for a feminine fit</li> <li>Fine knit gauge for enhanced printability</li> <li><b>Also available in men&#39;s sizes code 61036 and  children&#39;s sizes code 61033 and code 61005</b></li>,61091000,MA
158545,0000001584509,61372,TSHIRT,T-SHIRTS,LSSTSH,Ladies Short Sleeve T-Shirts,FOTL,Fruit Of The Loom,BA0032,VH,Vintage Heather Red,0008  ,XS,Ladies' Valueweight T,2.23,1,12,72,08/04/2026 09:01:09,C,https://myebrochure.co.uk/images/colours/fotl/fotl-vh.jpg,https://myebrochure.co.uk/images/products/prod_13601_61372_166586.jpg,https://myebrochure.co.uk/images/products.small/prod_13601_61372_166586.jpg,https://myebrochure.co.uk/images/products.hires/prod_13601_61372_166586.jpg,https://myebrochure.co.uk/images/brands/fotl_23.png,https://myebrochure.co.uk/images/products.hires/prod_61372_142020.jpg,https://myebrochure.co.uk/images/products.hires/prod_61372_142019.jpg,https://myebrochure.co.uk/images/products.hires/prod_61372_142021.jpg,,,,,,,,<li>Crew neck with Cotton/ LYCRA&reg; rib</li> <li>Self&#45;fabric back neck tape</li> <li>Shaped side seams for a feminine fit</li> <li>Fine knit gauge for enhanced printability</li> <li><b>Also available in men&#39;s sizes code 61036 and  children&#39;s sizes code 61033 and code 61005</b></li>,61091000,MA
91977,0000000919364,61372,TSHIRT,T-SHIRTS,LSSTSH,Ladies Short Sleeve T-Shirts,FOTL,Fruit Of The Loom,BA0032,30,White,0008  ,XS,Ladies' Valueweight T,1.78,1,12,72,08/04/2026 09:01:09,C,https://myebrochure.co.uk/images/colours/fotl/fotl-30.jpg,https://myebrochure.co.uk/images/products/prod_13601_61372_166586.jpg,https://myebrochure.co.uk/images/products.small/prod_13601_61372_166586.jpg,https://myebrochure.co.uk/images/products.hires/prod_13601_61372_166586.jpg,https://myebrochure.co.uk/images/brands/fotl_23.png,https://myebrochure.co.uk/images/products.hires/prod_61372_141948.jpg,https://myebrochure.co.uk/images/products.hires/prod_61372_141947.jpg,https://myebrochure.co.uk/images/products.hires/prod_61372_141949.jpg,https://myebrochure.co.uk/images/products.hires/prod_13601_61372_166584.jpg,,,,,,,<li>Crew neck with Cotton/ LYCRA&reg; rib</li> <li>Self&#45;fabric back neck tape</li> <li>Shaped side seams for a feminine fit</li> <li>Fine knit gauge for enhanced printability</li> <li><b>Also available in men&#39;s sizes code 61036 and  children&#39;s sizes code 61033 and code 61005</b></li>,61091000,MA
137999,0000001379068,61372,TSHIRT,T-SHIRTS,LSSTSH,Ladies Short Sleeve T-Shirts,FOTL,Fruit Of The Loom,BA0032,K2,Yellow,0008  ,XS,Ladies' Valueweight T,2.23,1,12,72,08/04/2026 09:01:09,C,https://myebrochure.co.uk/images/colours/fotl/fotl-k2.jpg,https://myebrochure.co.uk/images/products/prod_13601_61372_166586.jpg,https://myebrochure.co.uk/images/products.small/prod_13601_61372_166586.jpg,https://myebrochure.co.uk/images/products.hires/prod_13601_61372_166586.jpg,https://myebrochure.co.uk/images/brands/fotl_23.png,https://myebrochure.co.uk/images/products.hires/prod_61372_141996.jpg,https://myebrochure.co.uk/images/products.hires/prod_61372_141995.jpg,https://myebrochure.co.uk/images/products.hires/prod_61372_141997.jpg,,,,,,,,<li>Crew neck with Cotton/ LYCRA&reg; rib</li> <li>Self&#45;fabric back neck tape</li> <li>Shaped side seams for a feminine fit</li> <li>Fine knit gauge for enhanced printability</li> <li><b>Also available in men&#39;s sizes code 61036 and  children&#39;s sizes code 61033 and code 61005</b></li>,61091000,MA
138607,0000001385144,61420,TSHIRT,T-SHIRTS,MSSTSH,MENS SHORT SLEEVE T-SHIRT,FOTL,Fruit Of The Loom,MS0185,36,Black,0008  ,XS,Ladies' Original T,2.00,1,12,72,08/04/2026 09:04:23,C,https://myebrochure.co.uk/images/colours/fotl/fotl-36.jpg,https://myebrochure.co.uk/images/products/prod_61420_142140.jpg,https://myebrochure.co.uk/images/products.small/prod_61420_142140.jpg,https://myebrochure.co.uk/images/products.hires/prod_61420_142140.jpg,https://myebrochure.co.uk/images/brands/fotl_23.png,https://myebrochure.co.uk/images/products.hires/prod_61420_142149.jpg,https://myebrochure.co.uk/images/products.hires/prod_61420_142148.jpg,https://myebrochure.co.uk/images/products.hires/prod_61420_142150.jpg,,,,,,,,<li>Rib crew neck with self-fabric back neck tape</li> <li>Shaped side seams for a feminine fit</li> <li>Fine knit gauge for enhanced printability</li> <li><b>Also available in men&#39;s sizes code 61082 and children&#39;s size code 61019</b></li>,61091000,MA
138372,0000001382792,61420,TSHIRT,T-SHIRTS,MSSTSH,MENS SHORT SLEEVE T-SHIRT,FOTL,Fruit Of The Loom,MS0185,57,Fuchsia,0008  ,XS,Ladies' Original T,2.00,1,12,72,08/04/2026 09:04:23,C,https://myebrochure.co.uk/images/colours/fotl/fotl-57.jpg,https://myebrochure.co.uk/images/products/prod_61420_142140.jpg,https://myebrochure.co.uk/images/products.small/prod_61420_142140.jpg,https://myebrochure.co.uk/images/products.hires/prod_61420_142140.jpg,https://myebrochure.co.uk/images/brands/fotl_23.png,https://myebrochure.co.uk/images/products.hires/prod_61420_142170.jpg,https://myebrochure.co.uk/images/products.hires/prod_61420_142169.jpg,https://myebrochure.co.uk/images/products.hires/prod_61420_142171.jpg,,,,,,,,<li>Rib crew neck with self-fabric back neck tape</li> <li>Shaped side seams for a feminine fit</li> <li>Fine knit gauge for enhanced printability</li> <li><b>Also available in men&#39;s sizes code 61082 and children&#39;s size code 61019</b></li>,61091000,MA
138373,0000001382808,61420,TSHIRT,T-SHIRTS,MSSTSH,MENS SHORT SLEEVE T-SHIRT,FOTL,Fruit Of The Loom,MS0185,94,Heather Grey,0008  ,XS,Ladies' Original T,2.00,1,12,72,08/04/2026 09:04:23,C,https://myebrochure.co.uk/images/colours/fotl/fotl-94.jpg,https://myebrochure.co.uk/images/products/prod_61420_142140.jpg,https://myebrochure.co.uk/images/products.small/prod_61420_142140.jpg,https://myebrochure.co.uk/images/products.hires/prod_61420_142140.jpg,https://myebrochure.co.uk/images/brands/fotl_23.png,https://myebrochure.co.uk/images/products.hires/prod_61420_142176.jpg,https://myebrochure.co.uk/images/products.hires/prod_61420_142175.jpg,https://myebrochure.co.uk/images/products.hires/prod_61420_142177.jpg,https://myebrochure.co.uk/images/products.hires/prod_12401_61420_166616.jpg,,,,,,,<li>Rib crew neck with self-fabric back neck tape</li> <li>Shaped side seams for a feminine fit</li> <li>Fine knit gauge for enhanced printability</li> <li><b>Also available in men&#39;s sizes code 61082 and children&#39;s size code 61019</b></li>,61091000,MA
138368,0000001382754,61420,TSHIRT,T-SHIRTS,MSSTSH,MENS SHORT SLEEVE T-SHIRT,FOTL,Fruit Of The Loom,MS0185,40,Red,0008  ,XS,Ladies' Original T,2.00,1,12,72,08/04/2026 09:04:23,C,https://myebrochure.co.uk/images/colours/fotl/fotl-40.jpg,https://myebrochure.co.uk/images/products/prod_61420_142140.jpg,https://myebrochure.co.uk/images/products.small/prod_61420_142140.jpg,https://myebrochure.co.uk/images/products.hires/prod_61420_142140.jpg,https://myebrochure.co.uk/images/brands/fotl_23.png,https://myebrochure.co.uk/images/products.hires/prod_61420_142155.jpg,https://myebrochure.co.uk/images/products.hires/prod_61420_142154.jpg,https://myebrochure.co.uk/images/products.hires/prod_61420_142156.jpg,,,,,,,,<li>Rib crew neck with self-fabric back neck tape</li> <li>Shaped side seams for a feminine fit</li> <li>Fine knit gauge for enhanced printability</li> <li><b>Also available in men&#39;s sizes code 61082 and children&#39;s size code 61019</b></li>,61091000,MA
138371,0000001382785,61420,TSHIRT,T-SHIRTS,MSSTSH,MENS SHORT SLEEVE T-SHIRT,FOTL,Fruit Of The Loom,MS0185,51,Royal,0008  ,XS,Ladies' Original T,2.00,1,12,72,08/04/2026 09:04:23,C,https://myebrochure.co.uk/images/colours/fotl/fotl-51.jpg,https://myebrochure.co.uk/images/products/prod_61420_142140.jpg,https://myebrochure.co.uk/images/products.small/prod_61420_142140.jpg,https://myebrochure.co.uk/images/products.hires/prod_61420_142140.jpg,https://myebrochure.co.uk/images/brands/fotl_23.png,https://myebrochure.co.uk/images/products.hires/prod_61420_142167.jpg,https://myebrochure.co.uk/images/products.hires/prod_61420_142166.jpg,https://myebrochure.co.uk/images/products.hires/prod_61420_142168.jpg,https://myebrochure.co.uk/images/products.hires/prod_12401_61420_166614.jpg,,,,,,,<li>Rib crew neck with self-fabric back neck tape</li> <li>Shaped side seams for a feminine fit</li> <li>Fine knit gauge for enhanced printability</li> <li><b>Also available in men&#39;s sizes code 61082 and children&#39;s size code 61019</b></li>,61091000,MA
138367,0000001382747,61420,TSHIRT,T-SHIRTS,MSSTSH,MENS SHORT SLEEVE T-SHIRT,FOTL,Fruit Of The Loom,MS0185,30,White,0008  ,XS,Ladies' Original T,1.57,1,12,72,08/04/2026 09:04:23,C,https://myebrochure.co.uk/images/colours/fotl/fotl-30.jpg,https://myebrochure.co.uk/images/products/prod_61420_142140.jpg,https://myebrochure.co.uk/images/products.small/prod_61420_142140.jpg,https://myebrochure.co.uk/images/products.hires/prod_61420_142140.jpg,https://myebrochure.co.uk/images/brands/fotl_23.png,https://myebrochure.co.uk/images/products.hires/prod_61420_142139.jpg,https://myebrochure.co.uk/images/products.hires/prod_61420_142141.jpg,,,,,,,,,<li>Rib crew neck with self-fabric back neck tape</li> <li>Shaped side seams for a feminine fit</li> <li>Fine knit gauge for enhanced printability</li> <li><b>Also available in men&#39;s sizes code 61082 and children&#39;s size code 61019</b></li>,61091000,MA
197031,0000001970135,61432,TSHIRT,T-SHIRTS,MSSTSH,MENS SHORT SLEEVE T-SHIRT,FOTL,Fruit Of The Loom,ME0029,9K,Athletic Heather,0008  ,XS,Ladies' Iconic 150 T,2.09,1,12,72,31/03/2026 23:45:05,C,https://myebrochure.co.uk/images/colours/fotl/fotl-9k.jpg,https://myebrochure.co.uk/images/products/prod_11201_61432_166623.jpg,https://myebrochure.co.uk/images/products.small/prod_11201_61432_166623.jpg,https://myebrochure.co.uk/images/products.hires/prod_11201_61432_166623.jpg,https://myebrochure.co.uk/images/brands/fotl_23.png,https://myebrochure.co.uk/images/products.hires/prod_11201_61432_153584.jpg,https://myebrochure.co.uk/images/products.hires/prod_11201_61432_153583.jpg,https://myebrochure.co.uk/images/products.hires/prod_11201_61432_153585.jpg,,,,,,,,"<li>100&#37; combed ringspun cotton</li> <li>Soft hand feel</li> <li>Shaped side seams for a feminine fit</li> <li>Narrow crew neck with 1x1 rib</li> <li>Self-fabric back neck tape</li> <li>New tear away back neck label</li> <li><b>Also available in men&#39;s sizes code 61430, kids sizes code 61023 and girl&#39;s sizes code 61025</b></li>",61091000,MA
200594,0000002005799,61432,TSHIRT,T-SHIRTS,MSSTSH,MENS SHORT SLEEVE T-SHIRT,FOTL,Fruit Of The Loom,ME0029,ZU,Azure Blue,0008  ,XS,Ladies' Iconic 150 T,2.09,1,12,72,31/03/2026 23:45:05,C,https://myebrochure.co.uk/images/colours/fotl/fotl-zu.jpg,https://myebrochure.co.uk/images/products/prod_11201_61432_166623.jpg,https://myebrochure.co.uk/images/products.small/prod_11201_61432_166623.jpg,https://myebrochure.co.uk/images/products.hires/prod_11201_61432_166623.jpg,https://myebrochure.co.uk/images/brands/fotl_23.png,https://myebrochure.co.uk/images/products.hires/prod_11201_61432_157250.jpg,https://myebrochure.co.uk/images/products.hires/prod_11201_61432_157249.jpg,https://myebrochure.co.uk/images/products.hires/prod_11201_61432_157251.jpg,,,,,,,,"<li>100&#37; combed ringspun cotton</li> <li>Soft hand feel</li> <li>Shaped side seams for a feminine fit</li> <li>Narrow crew neck with 1x1 rib</li> <li>Self-fabric back neck tape</li> <li>New tear away back neck label</li> <li><b>Also available in men&#39;s sizes code 61430, kids sizes code 61023 and girl&#39;s sizes code 61025</b></li>",61091000,MA
172069,0000001719772,61432,TSHIRT,T-SHIRTS,MSSTSH,MENS SHORT SLEEVE T-SHIRT,FOTL,Fruit Of The Loom,ME0029,36,Black,0008  ,XS,Ladies' Iconic 150 T,2.09,1,12,72,31/03/2026 23:45:05,C,https://myebrochure.co.uk/images/colours/fotl/fotl-36.jpg,https://myebrochure.co.uk/images/products/prod_11201_61432_166623.jpg,https://myebrochure.co.uk/images/products.small/prod_11201_61432_166623.jpg,https://myebrochure.co.uk/images/products.hires/prod_11201_61432_166623.jpg,https://myebrochure.co.uk/images/brands/fotl_23.png,https://myebrochure.co.uk/images/products.hires/prod_11201_61432_166624.jpg,https://myebrochure.co.uk/images/products.hires/prod_61432_131641.jpg,https://myebrochure.co.uk/images/products.hires/prod_61432_131639.jpg,https://myebrochure.co.uk/images/products.hires/prod_61432_131640.jpg,,,,,,,"<li>100&#37; combed ringspun cotton</li> <li>Soft hand feel</li> <li>Shaped side seams for a feminine fit</li> <li>Narrow crew neck with 1x1 rib</li> <li>Self-fabric back neck tape</li> <li>New tear away back neck label</li> <li><b>Also available in men&#39;s sizes code 61430, kids sizes code 61023 and girl&#39;s sizes code 61025</b></li>",61091000,MA
183672,0000001835939,61432,TSHIRT,T-SHIRTS,MSSTSH,MENS SHORT SLEEVE T-SHIRT,FOTL,Fruit Of The Loom,ME0029,41,Burgundy,0008  ,XS,Ladies' Iconic 150 T,2.09,1,12,72,31/03/2026 23:45:05,C,https://myebrochure.co.uk/images/colours/fotl/fotl-41.jpg,https://myebrochure.co.uk/images/products/prod_11201_61432_166623.jpg,https://myebrochure.co.uk/images/products.small/prod_11201_61432_166623.jpg,https://myebrochure.co.uk/images/products.hires/prod_11201_61432_166623.jpg,https://myebrochure.co.uk/images/brands/fotl_23.png,https://myebrochure.co.uk/images/products.hires/prod_11201_61432_166625.jpg,https://myebrochure.co.uk/images/products.hires/prod_11201_61432_154269.jpg,https://myebrochure.co.uk/images/products.hires/prod_11201_61432_154270.jpg,https://myebrochure.co.uk/images/products.hires/prod_11201_61432_154271.jpg,,,,,,,"<li>100&#37; combed ringspun cotton</li> <li>Soft hand feel</li> <li>Shaped side seams for a feminine fit</li> <li>Narrow crew neck with 1x1 rib</li> <li>Self-fabric back neck tape</li> <li>New tear away back neck label</li> <li><b>Also available in men&#39;s sizes code 61430, kids sizes code 61023 and girl&#39;s sizes code 61025</b></li>",61091000,MA
172099,0000001720075,61432,TSHIRT,T-SHIRTS,MSSTSH,MENS SHORT SLEEVE T-SHIRT,FOTL,Fruit Of The Loom,ME0029,59,Classic Olive,0008  ,XS,Ladies' Iconic 150 T,2.09,1,12,72,31/03/2026 23:45:05,C,https://myebrochure.co.uk/images/colours/fotl/fotl-59.jpg,https://myebrochure.co.uk/images/products/prod_11201_61432_166623.jpg,https://myebrochure.co.uk/images/products.small/prod_11201_61432_166623.jpg,https://myebrochure.co.uk/images/products.hires/prod_11201_61432_166623.jpg,https://myebrochure.co.uk/images/brands/fotl_23.png,https://myebrochure.co.uk/images/products.hires/prod_61432_131656.jpg,https://myebrochure.co.uk/images/products.hires/prod_61432_131654.jpg,https://myebrochure.co.uk/images/products.hires/prod_61432_131655.jpg,,,,,,,,"<li>100&#37; combed ringspun cotton</li> <li>Soft hand feel</li> <li>Shaped side seams for a feminine fit</li> <li>Narrow crew neck with 1x1 rib</li> <li>Self-fabric back neck tape</li> <li>New tear away back neck label</li> <li><b>Also available in men&#39;s sizes code 61430, kids sizes code 61023 and girl&#39;s sizes code 61025</b></li>",61091000,MA
172129,0000001720372,61432,TSHIRT,T-SHIRTS,MSSTSH,MENS SHORT SLEEVE T-SHIRT,FOTL,Fruit Of The Loom,ME0029,AZ,Deep Navy,0008  ,XS,Ladies' Iconic 150 T,2.09,1,12,72,31/03/2026 23:45:05,C,https://myebrochure.co.uk/images/colours/fotl/fotl-az.jpg,https://myebrochure.co.uk/images/products/prod_11201_61432_166623.jpg,https://myebrochure.co.uk/images/products.small/prod_11201_61432_166623.jpg,https://myebrochure.co.uk/images/products.hires/prod_11201_61432_166623.jpg,https://myebrochure.co.uk/images/brands/fotl_23.png,https://myebrochure.co.uk/images/products.hires/prod_61432_131665.jpg,https://myebrochure.co.uk/images/products.hires/prod_61432_131663.jpg,https://myebrochure.co.uk/images/products.hires/prod_61432_131664.jpg,,,,,,,,"<li>100&#37; combed ringspun cotton</li> <li>Soft hand feel</li> <li>Shaped side seams for a feminine fit</li> <li>Narrow crew neck with 1x1 rib</li> <li>Self-fabric back neck tape</li> <li>New tear away back neck label</li> <li><b>Also available in men&#39;s sizes code 61430, kids sizes code 61023 and girl&#39;s sizes code 61025</b></li>",61091000,MA
172141,0000001720495,61432,TSHIRT,T-SHIRTS,MSSTSH,MENS SHORT SLEEVE T-SHIRT,FOTL,Fruit Of The Loom,ME0029,TM,Forest Green,0008  ,XS,Ladies' Iconic 150 T,2.09,1,12,72,31/03/2026 23:45:05,C,https://myebrochure.co.uk/images/colours/fotl/fotl-tm.jpg,https://myebrochure.co.uk/images/products/prod_11201_61432_166623.jpg,https://myebrochure.co.uk/images/products.small/prod_11201_61432_166623.jpg,https://myebrochure.co.uk/images/products.hires/prod_11201_61432_166623.jpg,https://myebrochure.co.uk/images/brands/fotl_23.png,https://myebrochure.co.uk/images/products.hires/prod_61432_131692.jpg,https://myebrochure.co.uk/images/products.hires/prod_61432_131690.jpg,https://myebrochure.co.uk/images/products.hires/prod_61432_131691.jpg,,,,,,,,"<li>100&#37; combed ringspun cotton</li> <li>Soft hand feel</li> <li>Shaped side seams for a feminine fit</li> <li>Narrow crew neck with 1x1 rib</li> <li>Self-fabric back neck tape</li> <li>New tear away back neck label</li> <li><b>Also available in men&#39;s sizes code 61430, kids sizes code 61023 and girl&#39;s sizes code 61025</b></li>",61091000,MA
172093,0000001720013,61432,TSHIRT,T-SHIRTS,MSSTSH,MENS SHORT SLEEVE T-SHIRT,FOTL,Fruit Of The Loom,ME0029,57,Fuchsia,0008  ,XS,Ladies' Iconic 150 T,2.09,1,12,72,31/03/2026 23:45:05,C,https://myebrochure.co.uk/images/colours/fotl/fotl-57.jpg,https://myebrochure.co.uk/images/products/prod_11201_61432_166623.jpg,https://myebrochure.co.uk/images/products.small/prod_11201_61432_166623.jpg,https://myebrochure.co.uk/images/products.hires/prod_11201_61432_166623.jpg,https://myebrochure.co.uk/images/brands/fotl_23.png,https://myebrochure.co.uk/images/products.hires/prod_61432_131653.jpg,https://myebrochure.co.uk/images/products.hires/prod_61432_131651.jpg,https://myebrochure.co.uk/images/products.hires/prod_61432_131652.jpg,,,,,,,,"<li>100&#37; combed ringspun cotton</li> <li>Soft hand feel</li> <li>Shaped side seams for a feminine fit</li> <li>Narrow crew neck with 1x1 rib</li> <li>Self-fabric back neck tape</li> <li>New tear away back neck label</li> <li><b>Also available in men&#39;s sizes code 61430, kids sizes code 61023 and girl&#39;s sizes code 61025</b></li>",61091000,MA
172165,0000001720730,61432,TSHIRT,T-SHIRTS,MSSTSH,MENS SHORT SLEEVE T-SHIRT,FOTL,Fruit Of The Loom,ME0029,H1,Heather Burgundy,0008  ,XS,Ladies' Iconic 150 T,2.09,1,12,72,31/03/2026 23:45:05,C,https://myebrochure.co.uk/images/colours/fotl/fotl-h1.jpg,https://myebrochure.co.uk/images/products/prod_11201_61432_166623.jpg,https://myebrochure.co.uk/images/products.small/prod_11201_61432_166623.jpg,https://myebrochure.co.uk/images/products.hires/prod_11201_61432_166623.jpg,https://myebrochure.co.uk/images/brands/fotl_23.png,https://myebrochure.co.uk/images/products.hires/prod_61432_131677.jpg,https://myebrochure.co.uk/images/products.hires/prod_61432_131675.jpg,https://myebrochure.co.uk/images/products.hires/prod_61432_131676.jpg,,,,,,,,"<li>100&#37; combed ringspun cotton</li> <li>Soft hand feel</li> <li>Shaped side seams for a feminine fit</li> <li>Narrow crew neck with 1x1 rib</li> <li>Self-fabric back neck tape</li> <li>New tear away back neck label</li> <li><b>Also available in men&#39;s sizes code 61430, kids sizes code 61023 and girl&#39;s sizes code 61025</b></li>",61091000,MA
172123,0000001720310,61432,TSHIRT,T-SHIRTS,MSSTSH,MENS SHORT SLEEVE T-SHIRT,FOTL,Fruit Of The Loom,ME0029,94,Heather Grey,0008  ,XS,Ladies' Iconic 150 T,2.09,1,12,72,31/03/2026 23:45:05,C,https://myebrochure.co.uk/images/colours/fotl/fotl-94.jpg,https://myebrochure.co.uk/images/products/prod_11201_61432_166623.jpg,https://myebrochure.co.uk/images/products.small/prod_11201_61432_166623.jpg,https://myebrochure.co.uk/images/products.hires/prod_11201_61432_166623.jpg,https://myebrochure.co.uk/images/brands/fotl_23.png,https://myebrochure.co.uk/images/products.hires/prod_61432_131662.jpg,https://myebrochure.co.uk/images/products.hires/prod_61432_131660.jpg,https://myebrochure.co.uk/images/products.hires/prod_61432_131661.jpg,,,,,,,,"<li>100&#37; combed ringspun cotton</li> <li>Soft hand feel</li> <li>Shaped side seams for a feminine fit</li> <li>Narrow crew neck with 1x1 rib</li> <li>Self-fabric back neck tape</li> <li>New tear away back neck label</li> <li><b>Also available in men&#39;s sizes code 61430, kids sizes code 61023 and girl&#39;s sizes code 61025</b></li>",61091000,MA
172159,0000001720679,61432,TSHIRT,T-SHIRTS,MSSTSH,MENS SHORT SLEEVE T-SHIRT,FOTL,Fruit Of The Loom,ME0029,HP,Heather Purple,0008  ,XS,Ladies' Iconic 150 T,2.09,1,12,72,31/03/2026 23:45:05,C,https://myebrochure.co.uk/images/colours/fotl/fotl-hp.jpg,https://myebrochure.co.uk/images/products/prod_11201_61432_166623.jpg,https://myebrochure.co.uk/images/products.small/prod_11201_61432_166623.jpg,https://myebrochure.co.uk/images/products.hires/prod_11201_61432_166623.jpg,https://myebrochure.co.uk/images/brands/fotl_23.png,https://myebrochure.co.uk/images/products.hires/prod_61432_131683.jpg,https://myebrochure.co.uk/images/products.hires/prod_61432_131681.jpg,https://myebrochure.co.uk/images/products.hires/prod_61432_131682.jpg,,,,,,,,"<li>100&#37; combed ringspun cotton</li> <li>Soft hand feel</li> <li>Shaped side seams for a feminine fit</li> <li>Narrow crew neck with 1x1 rib</li> <li>Self-fabric back neck tape</li> <li>New tear away back neck label</li> <li><b>Also available in men&#39;s sizes code 61430, kids sizes code 61023 and girl&#39;s sizes code 61025</b></li>",61091000,MA
172081,0000001719895,61432,TSHIRT,T-SHIRTS,MSSTSH,MENS SHORT SLEEVE T-SHIRT,FOTL,Fruit Of The Loom,ME0029,47,Kelly Green,0008  ,XS,Ladies' Iconic 150 T,2.09,1,12,72,31/03/2026 23:45:05,C,https://myebrochure.co.uk/images/colours/fotl/fotl-47.jpg,https://myebrochure.co.uk/images/products/prod_11201_61432_166623.jpg,https://myebrochure.co.uk/images/products.small/prod_11201_61432_166623.jpg,https://myebrochure.co.uk/images/products.hires/prod_11201_61432_166623.jpg,https://myebrochure.co.uk/images/brands/fotl_23.png,https://myebrochure.co.uk/images/products.hires/prod_11201_61432_166626.jpg,https://myebrochure.co.uk/images/products.hires/prod_61432_131647.jpg,https://myebrochure.co.uk/images/products.hires/prod_61432_131645.jpg,https://myebrochure.co.uk/images/products.hires/prod_61432_131646.jpg,,,,,,,"<li>100&#37; combed ringspun cotton</li> <li>Soft hand feel</li> <li>Shaped side seams for a feminine fit</li> <li>Narrow crew neck with 1x1 rib</li> <li>Self-fabric back neck tape</li> <li>New tear away back neck label</li> <li><b>Also available in men&#39;s sizes code 61430, kids sizes code 61023 and girl&#39;s sizes code 61025</b></li>",61091000,MA
172135,0000001720433,61432,TSHIRT,T-SHIRTS,MSSTSH,MENS SHORT SLEEVE T-SHIRT,FOTL,Fruit Of The Loom,ME0029,GL,Light Graphite,0008  ,XS,Ladies' Iconic 150 T,2.09,1,12,72,31/03/2026 23:45:05,C,https://myebrochure.co.uk/images/colours/fotl/fotl-gl.jpg,https://myebrochure.co.uk/images/products/prod_11201_61432_166623.jpg,https://myebrochure.co.uk/images/products.small/prod_11201_61432_166623.jpg,https://myebrochure.co.uk/images/products.hires/prod_11201_61432_166623.jpg,https://myebrochure.co.uk/images/brands/fotl_23.png,https://myebrochure.co.uk/images/products.hires/prod_61432_131674.jpg,https://myebrochure.co.uk/images/products.hires/prod_61432_131672.jpg,https://myebrochure.co.uk/images/products.hires/prod_61432_131673.jpg,,,,,,,,"<li>100&#37; combed ringspun cotton</li> <li>Soft hand feel</li> <li>Shaped side seams for a feminine fit</li> <li>Narrow crew neck with 1x1 rib</li> <li>Self-fabric back neck tape</li> <li>New tear away back neck label</li> <li><b>Also available in men&#39;s sizes code 61430, kids sizes code 61023 and girl&#39;s sizes code 61025</b></li>",61091000,MA
172105,0000001720136,61432,TSHIRT,T-SHIRTS,MSSTSH,MENS SHORT SLEEVE T-SHIRT,FOTL,Fruit Of The Loom,ME0029,60,Natural,0008  ,XS,Ladies' Iconic 150 T,1.65,1,12,72,31/03/2026 23:45:05,C,https://myebrochure.co.uk/images/colours/fotl/fotl-60.jpg,https://myebrochure.co.uk/images/products/prod_11201_61432_166623.jpg,https://myebrochure.co.uk/images/products.small/prod_11201_61432_166623.jpg,https://myebrochure.co.uk/images/products.hires/prod_11201_61432_166623.jpg,https://myebrochure.co.uk/images/brands/fotl_23.png,https://myebrochure.co.uk/images/products.hires/prod_61432_131659.jpg,https://myebrochure.co.uk/images/products.hires/prod_61432_131657.jpg,https://myebrochure.co.uk/images/products.hires/prod_61432_131658.jpg,,,,,,,,"<li>100&#37; combed ringspun cotton</li> <li>Soft hand feel</li> <li>Shaped side seams for a feminine fit</li> <li>Narrow crew neck with 1x1 rib</li> <li>Self-fabric back neck tape</li> <li>New tear away back neck label</li> <li><b>Also available in men&#39;s sizes code 61430, kids sizes code 61023 and girl&#39;s sizes code 61025</b></li>",61091000,MA
183666,0000001835878,61432,TSHIRT,T-SHIRTS,MSSTSH,MENS SHORT SLEEVE T-SHIRT,FOTL,Fruit Of The Loom,ME0029,32,Navy Blue,0008  ,XS,Ladies' Iconic 150 T,2.09,1,12,72,31/03/2026 23:45:05,C,https://myebrochure.co.uk/images/colours/fotl/fotl-32.jpg,https://myebrochure.co.uk/images/products/prod_11201_61432_166623.jpg,https://myebrochure.co.uk/images/products.small/prod_11201_61432_166623.jpg,https://myebrochure.co.uk/images/products.hires/prod_11201_61432_166623.jpg,https://myebrochure.co.uk/images/brands/fotl_23.png,https://myebrochure.co.uk/images/products.hires/prod_11201_61432_149212.jpg,https://myebrochure.co.uk/images/products.hires/prod_11201_61432_149210.jpg,https://myebrochure.co.uk/images/products.hires/prod_11201_61432_149213.jpg,,,,,,,,"<li>100&#37; combed ringspun cotton</li> <li>Soft hand feel</li> <li>Shaped side seams for a feminine fit</li> <li>Narrow crew neck with 1x1 rib</li> <li>Self-fabric back neck tape</li> <li>New tear away back neck label</li> <li><b>Also available in men&#39;s sizes code 61430, kids sizes code 61023 and girl&#39;s sizes code 61025</b></li>",61091000,MA
183678,0000001835991,61432,TSHIRT,T-SHIRTS,MSSTSH,MENS SHORT SLEEVE T-SHIRT,FOTL,Fruit Of The Loom,ME0029,NE,Neomint,0008  ,XS,Ladies' Iconic 150 T,2.09,1,12,72,31/03/2026 23:45:05,C,https://myebrochure.co.uk/images/colours/fotl/fotl-ne.jpg,https://myebrochure.co.uk/images/products/prod_11201_61432_166623.jpg,https://myebrochure.co.uk/images/products.small/prod_11201_61432_166623.jpg,https://myebrochure.co.uk/images/products.hires/prod_11201_61432_166623.jpg,https://myebrochure.co.uk/images/brands/fotl_23.png,https://myebrochure.co.uk/images/products.hires/prod_11201_61432_149217.jpg,https://myebrochure.co.uk/images/products.hires/prod_11201_61432_149215.jpg,https://myebrochure.co.uk/images/products.hires/prod_11201_61432_149219.jpg,,,,,,,,"<li>100&#37; combed ringspun cotton</li> <li>Soft hand feel</li> <li>Shaped side seams for a feminine fit</li> <li>Narrow crew neck with 1x1 rib</li> <li>Self-fabric back neck tape</li> <li>New tear away back neck label</li> <li><b>Also available in men&#39;s sizes code 61430, kids sizes code 61023 and girl&#39;s sizes code 61025</b></li>",61091000,MA
200600,0000002005850,61432,TSHIRT,T-SHIRTS,MSSTSH,MENS SHORT SLEEVE T-SHIRT,FOTL,Fruit Of The Loom,ME0029,PR,Powder Rose,0008  ,XS,Ladies' Iconic 150 T,2.09,1,12,72,31/03/2026 23:45:05,C,https://myebrochure.co.uk/images/colours/fotl/fotl-pr.jpg,https://myebrochure.co.uk/images/products/prod_11201_61432_166623.jpg,https://myebrochure.co.uk/images/products.small/prod_11201_61432_166623.jpg,https://myebrochure.co.uk/images/products.hires/prod_11201_61432_166623.jpg,https://myebrochure.co.uk/images/brands/fotl_23.png,https://myebrochure.co.uk/images/products.hires/prod_11201_61432_157244.jpg,https://myebrochure.co.uk/images/products.hires/prod_11201_61432_157243.jpg,https://myebrochure.co.uk/images/products.hires/prod_11201_61432_157245.jpg,,,,,,,,"<li>100&#37; combed ringspun cotton</li> <li>Soft hand feel</li> <li>Shaped side seams for a feminine fit</li> <li>Narrow crew neck with 1x1 rib</li> <li>Self-fabric back neck tape</li> <li>New tear away back neck label</li> <li><b>Also available in men&#39;s sizes code 61430, kids sizes code 61023 and girl&#39;s sizes code 61025</b></li>",61091000,MA
172075,0000001719833,61432,TSHIRT,T-SHIRTS,MSSTSH,MENS SHORT SLEEVE T-SHIRT,FOTL,Fruit Of The Loom,ME0029,40,Red,0008  ,XS,Ladies' Iconic 150 T,2.09,1,12,72,31/03/2026 23:45:05,C,https://myebrochure.co.uk/images/colours/fotl/fotl-40.jpg,https://myebrochure.co.uk/images/products/prod_11201_61432_166623.jpg,https://myebrochure.co.uk/images/products.small/prod_11201_61432_166623.jpg,https://myebrochure.co.uk/images/products.hires/prod_11201_61432_166623.jpg,https://myebrochure.co.uk/images/brands/fotl_23.png,https://myebrochure.co.uk/images/products.hires/prod_61432_131644.jpg,https://myebrochure.co.uk/images/products.hires/prod_61432_131642.jpg,https://myebrochure.co.uk/images/products.hires/prod_61432_131643.jpg,,,,,,,,"<li>100&#37; combed ringspun cotton</li> <li>Soft hand feel</li> <li>Shaped side seams for a feminine fit</li> <li>Narrow crew neck with 1x1 rib</li> <li>Self-fabric back neck tape</li> <li>New tear away back neck label</li> <li><b>Also available in men&#39;s sizes code 61430, kids sizes code 61023 and girl&#39;s sizes code 61025</b></li>",61091000,MA
176017,0000001759259,61432,TSHIRT,T-SHIRTS,MSSTSH,MENS SHORT SLEEVE T-SHIRT,FOTL,Fruit Of The Loom,ME0029,RX,Retro Heather Green,0008  ,XS,Ladies' Iconic 150 T,2.09,1,12,72,31/03/2026 23:45:05,C,https://myebrochure.co.uk/images/colours/fotl/fotl-rx.jpg,https://myebrochure.co.uk/images/products/prod_11201_61432_166623.jpg,https://myebrochure.co.uk/images/products.small/prod_11201_61432_166623.jpg,https://myebrochure.co.uk/images/products.hires/prod_11201_61432_166623.jpg,https://myebrochure.co.uk/images/brands/fotl_23.png,https://myebrochure.co.uk/images/products.hires/prod_61432_131689.jpg,https://myebrochure.co.uk/images/products.hires/prod_61432_131687.jpg,https://myebrochure.co.uk/images/products.hires/prod_61432_131688.jpg,,,,,,,,"<li>100&#37; combed ringspun cotton</li> <li>Soft hand feel</li> <li>Shaped side seams for a feminine fit</li> <li>Narrow crew neck with 1x1 rib</li> <li>Self-fabric back neck tape</li> <li>New tear away back neck label</li> <li><b>Also available in men&#39;s sizes code 61430, kids sizes code 61023 and girl&#39;s sizes code 61025</b></li>",61091000,MA
176011,0000001759198,61432,TSHIRT,T-SHIRTS,MSSTSH,MENS SHORT SLEEVE T-SHIRT,FOTL,Fruit Of The Loom,ME0029,R6,Retro Heather Royal,0008  ,XS,Ladies' Iconic 150 T,2.09,1,12,72,31/03/2026 23:45:05,C,https://myebrochure.co.uk/images/colours/fotl/fotl-r6.jpg,https://myebrochure.co.uk/images/products/prod_11201_61432_166623.jpg,https://myebrochure.co.uk/images/products.small/prod_11201_61432_166623.jpg,https://myebrochure.co.uk/images/products.hires/prod_11201_61432_166623.jpg,https://myebrochure.co.uk/images/brands/fotl_23.png,https://myebrochure.co.uk/images/products.hires/prod_61432_131686.jpg,https://myebrochure.co.uk/images/products.hires/prod_61432_131684.jpg,https://myebrochure.co.uk/images/products.hires/prod_61432_131685.jpg,,,,,,,,"<li>100&#37; combed ringspun cotton</li> <li>Soft hand feel</li> <li>Shaped side seams for a feminine fit</li> <li>Narrow crew neck with 1x1 rib</li> <li>Self-fabric back neck tape</li> <li>New tear away back neck label</li> <li><b>Also available in men&#39;s sizes code 61430, kids sizes code 61023 and girl&#39;s sizes code 61025</b></li>",61091000,MA
172087,0000001719956,61432,TSHIRT,T-SHIRTS,MSSTSH,MENS SHORT SLEEVE T-SHIRT,FOTL,Fruit Of The Loom,ME0029,51,Royal,0008  ,XS,Ladies' Iconic 150 T,2.09,1,12,72,01/04/2026 01:50:01,C,https://myebrochure.co.uk/images/colours/fotl/fotl-51.jpg,https://myebrochure.co.uk/images/products/prod_11201_61432_166623.jpg,https://myebrochure.co.uk/images/products.small/prod_11201_61432_166623.jpg,https://myebrochure.co.uk/images/products.hires/prod_11201_61432_166623.jpg,https://myebrochure.co.uk/images/brands/fotl_23.png,https://myebrochure.co.uk/images/products.hires/prod_61432_131650.jpg,https://myebrochure.co.uk/images/products.hires/prod_61432_131648.jpg,https://myebrochure.co.uk/images/products.hires/prod_61432_131649.jpg,,,,,,,,"<li>100&#37; combed ringspun cotton</li> <li>Soft hand feel</li> <li>Shaped side seams for a feminine fit</li> <li>Narrow crew neck with 1x1 rib</li> <li>Self-fabric back neck tape</li> <li>New tear away back neck label</li> <li><b>Also available in men&#39;s sizes code 61430, kids sizes code 61023 and girl&#39;s sizes code 61025</b></li>",61091000,MA
200860,0000002008455,61432,TSHIRT,T-SHIRTS,MSSTSH,MENS SHORT SLEEVE T-SHIRT,FOTL,Fruit Of The Loom,ME0029,SLR,Soft Lavender,0008  ,XS,Ladies' Iconic 150 T,2.09,1,12,72,31/03/2026 23:45:05,C,https://myebrochure.co.uk/images/colours/fotl/fotl-slr.jpg,https://myebrochure.co.uk/images/products/prod_11201_61432_166623.jpg,https://myebrochure.co.uk/images/products.small/prod_11201_61432_166623.jpg,https://myebrochure.co.uk/images/products.hires/prod_11201_61432_166623.jpg,https://myebrochure.co.uk/images/brands/fotl_23.png,https://myebrochure.co.uk/images/products.hires/prod_11201_61432_157247.jpg,https://myebrochure.co.uk/images/products.hires/prod_11201_61432_157246.jpg,https://myebrochure.co.uk/images/products.hires/prod_11201_61432_157248.jpg,,,,,,,,"<li>100&#37; combed ringspun cotton</li> <li>Soft hand feel</li> <li>Shaped side seams for a feminine fit</li> <li>Narrow crew neck with 1x1 rib</li> <li>Self-fabric back neck tape</li> <li>New tear away back neck label</li> <li><b>Also available in men&#39;s sizes code 61430, kids sizes code 61023 and girl&#39;s sizes code 61025</b></li>",61091000,MA
172063,0000001719710,61432,TSHIRT,T-SHIRTS,MSSTSH,MENS SHORT SLEEVE T-SHIRT,FOTL,Fruit Of The Loom,ME0029,34,Sunflower,0008  ,XS,Ladies' Iconic 150 T,2.09,1,12,72,31/03/2026 23:45:05,C,https://myebrochure.co.uk/images/colours/fotl/fotl-34.jpg,https://myebrochure.co.uk/images/products/prod_11201_61432_166623.jpg,https://myebrochure.co.uk/images/products.small/prod_11201_61432_166623.jpg,https://myebrochure.co.uk/images/products.hires/prod_11201_61432_166623.jpg,https://myebrochure.co.uk/images/brands/fotl_23.png,https://myebrochure.co.uk/images/products.hires/prod_61432_131638.jpg,https://myebrochure.co.uk/images/products.hires/prod_61432_131636.jpg,https://myebrochure.co.uk/images/products.hires/prod_61432_131637.jpg,,,,,,,,"<li>100&#37; combed ringspun cotton</li> <li>Soft hand feel</li> <li>Shaped side seams for a feminine fit</li> <li>Narrow crew neck with 1x1 rib</li> <li>Self-fabric back neck tape</li> <li>New tear away back neck label</li> <li><b>Also available in men&#39;s sizes code 61430, kids sizes code 61023 and girl&#39;s sizes code 61025</b></li>",61091000,MA
176023,0000001759310,61432,TSHIRT,T-SHIRTS,MSSTSH,MENS SHORT SLEEVE T-SHIRT,FOTL,Fruit Of The Loom,ME0029,VH,Vintage Heather Red,0008  ,XS,Ladies' Iconic 150 T,2.09,1,12,72,31/03/2026 23:45:05,C,https://myebrochure.co.uk/images/colours/fotl/fotl-vh.jpg,https://myebrochure.co.uk/images/products/prod_11201_61432_166623.jpg,https://myebrochure.co.uk/images/products.small/prod_11201_61432_166623.jpg,https://myebrochure.co.uk/images/products.hires/prod_11201_61432_166623.jpg,https://myebrochure.co.uk/images/brands/fotl_23.png,https://myebrochure.co.uk/images/products.hires/prod_61432_131698.jpg,https://myebrochure.co.uk/images/products.hires/prod_61432_131696.jpg,https://myebrochure.co.uk/images/products.hires/prod_61432_131697.jpg,,,,,,,,"<li>100&#37; combed ringspun cotton</li> <li>Soft hand feel</li> <li>Shaped side seams for a feminine fit</li> <li>Narrow crew neck with 1x1 rib</li> <li>Self-fabric back neck tape</li> <li>New tear away back neck label</li> <li><b>Also available in men&#39;s sizes code 61430, kids sizes code 61023 and girl&#39;s sizes code 61025</b></li>",61091000,MA
172057,0000001719659,61432,TSHIRT,T-SHIRTS,MSSTSH,MENS SHORT SLEEVE T-SHIRT,FOTL,Fruit Of The Loom,ME0029,30,White,0008  ,XS,Ladies' Iconic 150 T,1.65,1,12,72,01/04/2026 01:50:01,C,https://myebrochure.co.uk/images/colours/fotl/fotl-30.jpg,https://myebrochure.co.uk/images/products/prod_11201_61432_166623.jpg,https://myebrochure.co.uk/images/products.small/prod_11201_61432_166623.jpg,https://myebrochure.co.uk/images/products.hires/prod_11201_61432_166623.jpg,https://myebrochure.co.uk/images/brands/fotl_23.png,https://myebrochure.co.uk/images/products.hires/prod_11201_61432_166621.jpg,https://myebrochure.co.uk/images/products.hires/prod_61432_131635.jpg,https://myebrochure.co.uk/images/products.hires/prod_61432_131633.jpg,https://myebrochure.co.uk/images/products.hires/prod_61432_131634.jpg,,,,,,,"<li>100&#37; combed ringspun cotton</li> <li>Soft hand feel</li> <li>Shaped side seams for a feminine fit</li> <li>Narrow crew neck with 1x1 rib</li> <li>Self-fabric back neck tape</li> <li>New tear away back neck label</li> <li><b>Also available in men&#39;s sizes code 61430, kids sizes code 61023 and girl&#39;s sizes code 61025</b></li>",61091000,MA
172147,0000001720556,61432,TSHIRT,T-SHIRTS,MSSTSH,MENS SHORT SLEEVE T-SHIRT,FOTL,Fruit Of The Loom,ME0029,XW,Zinc,0008  ,XS,Ladies' Iconic 150 T,2.09,1,12,72,31/03/2026 23:45:05,C,https://myebrochure.co.uk/images/colours/fotl/fotl-xw.jpg,https://myebrochure.co.uk/images/products/prod_11201_61432_166623.jpg,https://myebrochure.co.uk/images/products.small/prod_11201_61432_166623.jpg,https://myebrochure.co.uk/images/products.hires/prod_11201_61432_166623.jpg,https://myebrochure.co.uk/images/brands/fotl_23.png,https://myebrochure.co.uk/images/products.hires/prod_61432_131701.jpg,https://myebrochure.co.uk/images/products.hires/prod_61432_131699.jpg,https://myebrochure.co.uk/images/products.hires/prod_61432_131700.jpg,,,,,,,,"<li>100&#37; combed ringspun cotton</li> <li>Soft hand feel</li> <li>Shaped side seams for a feminine fit</li> <li>Narrow crew neck with 1x1 rib</li> <li>Self-fabric back neck tape</li> <li>New tear away back neck label</li> <li><b>Also available in men&#39;s sizes code 61430, kids sizes code 61023 and girl&#39;s sizes code 61025</b></li>",61091000,MA
,,,,,,,,,,,,,,,,,,,,,,,,,,,,,,,,,,,,,,
,,,,,,,,,,,,,,,,,,,,,,,,,,,,,,,,,,,,,,
,,,,,,,,,,,,,,,,,,,,,,,,,,,,,,,,,,,,,,
,,,,,,,,,,,,,,,,,,,,,,,,,,,,,,,,,,,,,,
,,,,,,,,,,,,,,,,,,,,,,,,,,,,,,,,,,,,,,
,,,,,,,,,,,,,,,,,,,,,,,,,,,,,,,,,,,,,,
,,,,,,,,,,,,,,,,,,,,,,,,,,,,,,,,,,,,,,
,,,,,,,,,,,,,,,,,,,,,,,,,,,,,,,,,,,,,,
,,,,,,,,,,,,,,,,,,,,,,,,,,,,,,,,,,,,,,
,,,,,,,,,,,,,,,,,,,,,,,,,,,,,,,,,,,,,,
,,,,,,,,,,,,,,,,,,,,,,,,,,,,,,,,,,,,,,
,,,,,,,,,,,,,,,,,,,,,,,,,,,,,,,,,,,,,,
,,,,,,,,,,,,,,,,,,,,,,,,,,,,,,,,,,,,,,
,,,,,,,,,,,,,,,,,,,,,,,,,,,,,,,,,,,,,,
,,,,,,,,,,,,,,,,,,,,,,,,,,,,,,,,,,,,,,
,,,,,,,,,,,,,,,,,,,,,,,,,,,,,,,,,,,,,,
,,,,,,,,,,,,,,,,,,,,,,,,,,,,,,,,,,,,,,
,,,,,,,,,,,,,,,,,,,,,,,,,,,,,,,,,,,,,,
,,,,,,,,,,,,,,,,,,,,,,,,,,,,,,,,,,,,,,
,,,,,,,,,,,,,,,,,,,,,,,,,,,,,,,,,,,,,,
,,,,,,,,,,,,,,,,,,,,,,,,,,,,,,,,,,,,,,
,,,,,,,,,,,,,,,,,,,,,,,,,,,,,,,,,,,,,,
,,,,,,,,,,,,,,,,,,,,,,,,,,,,,,,,,,,,,,
,,,,,,,,,,,,,,,,,,,,,,,,,,,,,,,,,,,,,,
,,,,,,,,,,,,,,,,,,,,,,,,,,,,,,,,,,,,,,
,,,,,,,,,,,,,,,,,,,,,,,,,,,,,,,,,,,,,,
,,,,,,,,,,,,,,,,,,,,,,,,,,,,,,,,,,,,,,
,,,,,,,,,,,,,,,,,,,,,,,,,,,,,,,,,,,,,,
,,,,,,,,,,,,,,,,,,,,,,,,,,,,,,,,,,,,,,
,,,,,,,,,,,,,,,,,,,,,,,,,,,,,,,,,,,,,,
,,,,,,,,,,,,,,,,,,,,,,,,,,,,,,,,,,,,,,
,,,,,,,,,,,,,,,,,,,,,,,,,,,,,,,,,,,,,,
,,,,,,,,,,,,,,,,,,,,,,,,,,,,,,,,,,,,,,
,,,,,,,,,,,,,,,,,,,,,,,,,,,,,,,,,,,,,,
,,,,,,,,,,,,,,,,,,,,,,,,,,,,,,,,,,,,,,
,,,,,,,,,,,,,,,,,,,,,,,,,,,,,,,,,,,,,,
,,,,,,,,,,,,,,,,,,,,,,,,,,,,,,,,,,,,,,
,,,,,,,,,,,,,,,,,,,,,,,,,,,,,,,,,,,,,,
,,,,,,,,,,,,,,,,,,,,,,,,,,,,,,,,,,,,,,
,,,,,,,,,,,,,,,,,,,,,,,,,,,,,,,,,,,,,,
