UID,Barcode,SPC,Department Code,Department,Sub-department Code,Sub Department,Brand Code,Brand,Style Code,Colour Code,Colour Name,Size Scale,Size,Description,BTC Price,VAT Code,Pack Quantity,Carton Quantity,Last Changed Date,Stock Status,colour_code_url,image_url_medium_res,image_url_low_res,image_url_high_res,brand image,colour image 01,colour image 02,colour image 03,colour image 04,colour image 05,colour image 06,colour image 07,colour image 08,colour image 09,colour image 10,bullet points,Commodity Code,Origin
171678,0000001715866,61430,TSHIRT,T-SHIRTS,MSSTSH,MENS SHORT SLEEVE T-SHIRT,FOTL,Fruit Of The Loom,ME0028,30,White,0012  ,Small,Men's Iconic 150 T,1.65,1,12,72,08-04-2026 9:06,C,https://myebrochure.co.uk/images/colours/fotl/fotl-30.jpg,https://myebrochure.co.uk/images/products/prod_11101_61430_164462.jpg,https://myebrochure.co.uk/images/products.small/prod_11101_61430_164462.jpg,https://myebrochure.co.uk/images/products.hires/prod_11101_61430_164462.jpg,https://myebrochure.co.uk/images/brands/fotl_23.png,https://myebrochure.co.uk/images/products.hires/prod_61430_131485.jpg,https://myebrochure.co.uk/images/products.hires/prod_61430_131477.jpg,https://myebrochure.co.uk/images/products.hires/prod_61430_131484.jpg,,,,,,,,"<li>100&#37; combed ringspun cotton</li> <li>Soft hand feel</li> <li>Tailored fit</li> <li>Crew neck with 1x1 rib</li> <li>Self-fabric back neck tape</li> <li>New tear away back neck label</li> <li><b>Also available in ladies sizes code 61432, kids sizes code 61023 and girl&#39;s sizes code 61025</b></li>",61091000,MA
171679,0000001715873,61430,TSHIRT,T-SHIRTS,MSSTSH,MENS SHORT SLEEVE T-SHIRT,FOTL,Fruit Of The Loom,ME0028,30,White,0012  ,Medium,Men's Iconic 150 T,1.65,1,12,72,08-04-2026 9:06,C,https://myebrochure.co.uk/images/colours/fotl/fotl-30.jpg,https://myebrochure.co.uk/images/products/prod_11101_61430_164462.jpg,https://myebrochure.co.uk/images/products.small/prod_11101_61430_164462.jpg,https://myebrochure.co.uk/images/products.hires/prod_11101_61430_164462.jpg,https://myebrochure.co.uk/images/brands/fotl_23.png,https://myebrochure.co.uk/images/products.hires/prod_61430_131485.jpg,https://myebrochure.co.uk/images/products.hires/prod_61430_131477.jpg,https://myebrochure.co.uk/images/products.hires/prod_61430_131484.jpg,,,,,,,,"<li>100&#37; combed ringspun cotton</li> <li>Soft hand feel</li> <li>Tailored fit</li> <li>Crew neck with 1x1 rib</li> <li>Self-fabric back neck tape</li> <li>New tear away back neck label</li> <li><b>Also available in ladies sizes code 61432, kids sizes code 61023 and girl&#39;s sizes code 61025</b></li>",61091000,MA
171680,0000001715880,61430,TSHIRT,T-SHIRTS,MSSTSH,MENS SHORT SLEEVE T-SHIRT,FOTL,Fruit Of The Loom,ME0028,30,White,0012  ,Large,Men's Iconic 150 T,1.65,1,12,72,08-04-2026 9:06,C,https://myebrochure.co.uk/images/colours/fotl/fotl-30.jpg,https://myebrochure.co.uk/images/products/prod_11101_61430_164462.jpg,https://myebrochure.co.uk/images/products.small/prod_11101_61430_164462.jpg,https://myebrochure.co.uk/images/products.hires/prod_11101_61430_164462.jpg,https://myebrochure.co.uk/images/brands/fotl_23.png,https://myebrochure.co.uk/images/products.hires/prod_61430_131485.jpg,https://myebrochure.co.uk/images/products.hires/prod_61430_131477.jpg,https://myebrochure.co.uk/images/products.hires/prod_61430_131484.jpg,,,,,,,,"<li>100&#37; combed ringspun cotton</li> <li>Soft hand feel</li> <li>Tailored fit</li> <li>Crew neck with 1x1 rib</li> <li>Self-fabric back neck tape</li> <li>New tear away back neck label</li> <li><b>Also available in ladies sizes code 61432, kids sizes code 61023 and girl&#39;s sizes code 61025</b></li>",61091000,MA
171681,0000001715897,61430,TSHIRT,T-SHIRTS,MSSTSH,MENS SHORT SLEEVE T-SHIRT,FOTL,Fruit Of The Loom,ME0028,30,White,0012  ,XL,Men's Iconic 150 T,1.65,1,12,72,08-04-2026 9:06,C,https://myebrochure.co.uk/images/colours/fotl/fotl-30.jpg,https://myebrochure.co.uk/images/products/prod_11101_61430_164462.jpg,https://myebrochure.co.uk/images/products.small/prod_11101_61430_164462.jpg,https://myebrochure.co.uk/images/products.hires/prod_11101_61430_164462.jpg,https://myebrochure.co.uk/images/brands/fotl_23.png,https://myebrochure.co.uk/images/products.hires/prod_61430_131485.jpg,https://myebrochure.co.uk/images/products.hires/prod_61430_131477.jpg,https://myebrochure.co.uk/images/products.hires/prod_61430_131484.jpg,,,,,,,,"<li>100&#37; combed ringspun cotton</li> <li>Soft hand feel</li> <li>Tailored fit</li> <li>Crew neck with 1x1 rib</li> <li>Self-fabric back neck tape</li> <li>New tear away back neck label</li> <li><b>Also available in ladies sizes code 61432, kids sizes code 61023 and girl&#39;s sizes code 61025</b></li>",61091000,MA
171682,0000001715903,61430,TSHIRT,T-SHIRTS,MSSTSH,MENS SHORT SLEEVE T-SHIRT,FOTL,Fruit Of The Loom,ME0028,30,White,0012  ,2XL,Men's Iconic 150 T,1.65,1,12,72,08-04-2026 9:06,C,https://myebrochure.co.uk/images/colours/fotl/fotl-30.jpg,https://myebrochure.co.uk/images/products/prod_11101_61430_164462.jpg,https://myebrochure.co.uk/images/products.small/prod_11101_61430_164462.jpg,https://myebrochure.co.uk/images/products.hires/prod_11101_61430_164462.jpg,https://myebrochure.co.uk/images/brands/fotl_23.png,https://myebrochure.co.uk/images/products.hires/prod_61430_131485.jpg,https://myebrochure.co.uk/images/products.hires/prod_61430_131477.jpg,https://myebrochure.co.uk/images/products.hires/prod_61430_131484.jpg,,,,,,,,"<li>100&#37; combed ringspun cotton</li> <li>Soft hand feel</li> <li>Tailored fit</li> <li>Crew neck with 1x1 rib</li> <li>Self-fabric back neck tape</li> <li>New tear away back neck label</li> <li><b>Also available in ladies sizes code 61432, kids sizes code 61023 and girl&#39;s sizes code 61025</b></li>",61091000,MA
171683,0000001715910,61430,TSHIRT,T-SHIRTS,MSSTSH,MENS SHORT SLEEVE T-SHIRT,FOTL,Fruit Of The Loom,ME0028,30,White,0012  ,3XL,Men's Iconic 150 T,2.28,1,12,36,08-04-2026 9:06,C,https://myebrochure.co.uk/images/colours/fotl/fotl-30.jpg,https://myebrochure.co.uk/images/products/prod_11101_61430_164462.jpg,https://myebrochure.co.uk/images/products.small/prod_11101_61430_164462.jpg,https://myebrochure.co.uk/images/products.hires/prod_11101_61430_164462.jpg,https://myebrochure.co.uk/images/brands/fotl_23.png,https://myebrochure.co.uk/images/products.hires/prod_61430_131485.jpg,https://myebrochure.co.uk/images/products.hires/prod_61430_131477.jpg,https://myebrochure.co.uk/images/products.hires/prod_61430_131484.jpg,,,,,,,,"<li>100&#37; combed ringspun cotton</li> <li>Soft hand feel</li> <li>Tailored fit</li> <li>Crew neck with 1x1 rib</li> <li>Self-fabric back neck tape</li> <li>New tear away back neck label</li> <li><b>Also available in ladies sizes code 61432, kids sizes code 61023 and girl&#39;s sizes code 61025</b></li>",61091000,MA
171684,0000001715927,61430,TSHIRT,T-SHIRTS,MSSTSH,MENS SHORT SLEEVE T-SHIRT,FOTL,Fruit Of The Loom,ME0028,30,White,0012  ,4XL,Men's Iconic 150 T,2.28,1,12,36,08-04-2026 9:06,C,https://myebrochure.co.uk/images/colours/fotl/fotl-30.jpg,https://myebrochure.co.uk/images/products/prod_11101_61430_164462.jpg,https://myebrochure.co.uk/images/products.small/prod_11101_61430_164462.jpg,https://myebrochure.co.uk/images/products.hires/prod_11101_61430_164462.jpg,https://myebrochure.co.uk/images/brands/fotl_23.png,https://myebrochure.co.uk/images/products.hires/prod_61430_131485.jpg,https://myebrochure.co.uk/images/products.hires/prod_61430_131477.jpg,https://myebrochure.co.uk/images/products.hires/prod_61430_131484.jpg,,,,,,,,"<li>100&#37; combed ringspun cotton</li> <li>Soft hand feel</li> <li>Tailored fit</li> <li>Crew neck with 1x1 rib</li> <li>Self-fabric back neck tape</li> <li>New tear away back neck label</li> <li><b>Also available in ladies sizes code 61432, kids sizes code 61023 and girl&#39;s sizes code 61025</b></li>",61091000,MA
171685,0000001715934,61430,TSHIRT,T-SHIRTS,MSSTSH,MENS SHORT SLEEVE T-SHIRT,FOTL,Fruit Of The Loom,ME0028,30,White,0012  ,5XL,Men's Iconic 150 T,2.28,1,12,36,08-04-2026 9:06,C,https://myebrochure.co.uk/images/colours/fotl/fotl-30.jpg,https://myebrochure.co.uk/images/products/prod_11101_61430_164462.jpg,https://myebrochure.co.uk/images/products.small/prod_11101_61430_164462.jpg,https://myebrochure.co.uk/images/products.hires/prod_11101_61430_164462.jpg,https://myebrochure.co.uk/images/brands/fotl_23.png,https://myebrochure.co.uk/images/products.hires/prod_61430_131485.jpg,https://myebrochure.co.uk/images/products.hires/prod_61430_131477.jpg,https://myebrochure.co.uk/images/products.hires/prod_61430_131484.jpg,,,,,,,,"<li>100&#37; combed ringspun cotton</li> <li>Soft hand feel</li> <li>Tailored fit</li> <li>Crew neck with 1x1 rib</li> <li>Self-fabric back neck tape</li> <li>New tear away back neck label</li> <li><b>Also available in ladies sizes code 61432, kids sizes code 61023 and girl&#39;s sizes code 61025</b></li>",61091000,MA
171686,0000001715941,61430,TSHIRT,T-SHIRTS,MSSTSH,MENS SHORT SLEEVE T-SHIRT,FOTL,Fruit Of The Loom,ME0028,34,Sunflower,0012  ,Small,Men's Iconic 150 T,2.09,1,12,72,08-04-2026 9:06,C,https://myebrochure.co.uk/images/colours/fotl/fotl-34.jpg,https://myebrochure.co.uk/images/products/prod_11101_61430_164462.jpg,https://myebrochure.co.uk/images/products.small/prod_11101_61430_164462.jpg,https://myebrochure.co.uk/images/products.hires/prod_11101_61430_164462.jpg,https://myebrochure.co.uk/images/brands/fotl_23.png,https://myebrochure.co.uk/images/products.hires/prod_61430_131488.jpg,https://myebrochure.co.uk/images/products.hires/prod_61430_131486.jpg,https://myebrochure.co.uk/images/products.hires/prod_61430_131487.jpg,,,,,,,,"<li>100&#37; combed ringspun cotton</li> <li>Soft hand feel</li> <li>Tailored fit</li> <li>Crew neck with 1x1 rib</li> <li>Self-fabric back neck tape</li> <li>New tear away back neck label</li> <li><b>Also available in ladies sizes code 61432, kids sizes code 61023 and girl&#39;s sizes code 61025</b></li>",61091000,MA
171687,0000001715958,61430,TSHIRT,T-SHIRTS,MSSTSH,MENS SHORT SLEEVE T-SHIRT,FOTL,Fruit Of The Loom,ME0028,34,Sunflower,0012  ,Medium,Men's Iconic 150 T,2.09,1,12,72,08-04-2026 9:06,C,https://myebrochure.co.uk/images/colours/fotl/fotl-34.jpg,https://myebrochure.co.uk/images/products/prod_11101_61430_164462.jpg,https://myebrochure.co.uk/images/products.small/prod_11101_61430_164462.jpg,https://myebrochure.co.uk/images/products.hires/prod_11101_61430_164462.jpg,https://myebrochure.co.uk/images/brands/fotl_23.png,https://myebrochure.co.uk/images/products.hires/prod_61430_131488.jpg,https://myebrochure.co.uk/images/products.hires/prod_61430_131486.jpg,https://myebrochure.co.uk/images/products.hires/prod_61430_131487.jpg,,,,,,,,"<li>100&#37; combed ringspun cotton</li> <li>Soft hand feel</li> <li>Tailored fit</li> <li>Crew neck with 1x1 rib</li> <li>Self-fabric back neck tape</li> <li>New tear away back neck label</li> <li><b>Also available in ladies sizes code 61432, kids sizes code 61023 and girl&#39;s sizes code 61025</b></li>",61091000,MA
171688,0000001715965,61430,TSHIRT,T-SHIRTS,MSSTSH,MENS SHORT SLEEVE T-SHIRT,FOTL,Fruit Of The Loom,ME0028,34,Sunflower,0012  ,Large,Men's Iconic 150 T,2.09,1,12,72,08-04-2026 9:06,C,https://myebrochure.co.uk/images/colours/fotl/fotl-34.jpg,https://myebrochure.co.uk/images/products/prod_11101_61430_164462.jpg,https://myebrochure.co.uk/images/products.small/prod_11101_61430_164462.jpg,https://myebrochure.co.uk/images/products.hires/prod_11101_61430_164462.jpg,https://myebrochure.co.uk/images/brands/fotl_23.png,https://myebrochure.co.uk/images/products.hires/prod_61430_131488.jpg,https://myebrochure.co.uk/images/products.hires/prod_61430_131486.jpg,https://myebrochure.co.uk/images/products.hires/prod_61430_131487.jpg,,,,,,,,"<li>100&#37; combed ringspun cotton</li> <li>Soft hand feel</li> <li>Tailored fit</li> <li>Crew neck with 1x1 rib</li> <li>Self-fabric back neck tape</li> <li>New tear away back neck label</li> <li><b>Also available in ladies sizes code 61432, kids sizes code 61023 and girl&#39;s sizes code 61025</b></li>",61091000,MA
171689,0000001715972,61430,TSHIRT,T-SHIRTS,MSSTSH,MENS SHORT SLEEVE T-SHIRT,FOTL,Fruit Of The Loom,ME0028,34,Sunflower,0012  ,XL,Men's Iconic 150 T,2.09,1,12,72,08-04-2026 9:06,C,https://myebrochure.co.uk/images/colours/fotl/fotl-34.jpg,https://myebrochure.co.uk/images/products/prod_11101_61430_164462.jpg,https://myebrochure.co.uk/images/products.small/prod_11101_61430_164462.jpg,https://myebrochure.co.uk/images/products.hires/prod_11101_61430_164462.jpg,https://myebrochure.co.uk/images/brands/fotl_23.png,https://myebrochure.co.uk/images/products.hires/prod_61430_131488.jpg,https://myebrochure.co.uk/images/products.hires/prod_61430_131486.jpg,https://myebrochure.co.uk/images/products.hires/prod_61430_131487.jpg,,,,,,,,"<li>100&#37; combed ringspun cotton</li> <li>Soft hand feel</li> <li>Tailored fit</li> <li>Crew neck with 1x1 rib</li> <li>Self-fabric back neck tape</li> <li>New tear away back neck label</li> <li><b>Also available in ladies sizes code 61432, kids sizes code 61023 and girl&#39;s sizes code 61025</b></li>",61091000,MA
171690,0000001715989,61430,TSHIRT,T-SHIRTS,MSSTSH,MENS SHORT SLEEVE T-SHIRT,FOTL,Fruit Of The Loom,ME0028,34,Sunflower,0012  ,2XL,Men's Iconic 150 T,2.09,1,12,72,08-04-2026 9:06,C,https://myebrochure.co.uk/images/colours/fotl/fotl-34.jpg,https://myebrochure.co.uk/images/products/prod_11101_61430_164462.jpg,https://myebrochure.co.uk/images/products.small/prod_11101_61430_164462.jpg,https://myebrochure.co.uk/images/products.hires/prod_11101_61430_164462.jpg,https://myebrochure.co.uk/images/brands/fotl_23.png,https://myebrochure.co.uk/images/products.hires/prod_61430_131488.jpg,https://myebrochure.co.uk/images/products.hires/prod_61430_131486.jpg,https://myebrochure.co.uk/images/products.hires/prod_61430_131487.jpg,,,,,,,,"<li>100&#37; combed ringspun cotton</li> <li>Soft hand feel</li> <li>Tailored fit</li> <li>Crew neck with 1x1 rib</li> <li>Self-fabric back neck tape</li> <li>New tear away back neck label</li> <li><b>Also available in ladies sizes code 61432, kids sizes code 61023 and girl&#39;s sizes code 61025</b></li>",61091000,MA
171691,0000001715996,61430,TSHIRT,T-SHIRTS,MSSTSH,MENS SHORT SLEEVE T-SHIRT,FOTL,Fruit Of The Loom,ME0028,34,Sunflower,0012  ,3XL,Men's Iconic 150 T,2.85,1,12,36,08-04-2026 9:06,C,https://myebrochure.co.uk/images/colours/fotl/fotl-34.jpg,https://myebrochure.co.uk/images/products/prod_11101_61430_164462.jpg,https://myebrochure.co.uk/images/products.small/prod_11101_61430_164462.jpg,https://myebrochure.co.uk/images/products.hires/prod_11101_61430_164462.jpg,https://myebrochure.co.uk/images/brands/fotl_23.png,https://myebrochure.co.uk/images/products.hires/prod_61430_131488.jpg,https://myebrochure.co.uk/images/products.hires/prod_61430_131486.jpg,https://myebrochure.co.uk/images/products.hires/prod_61430_131487.jpg,,,,,,,,"<li>100&#37; combed ringspun cotton</li> <li>Soft hand feel</li> <li>Tailored fit</li> <li>Crew neck with 1x1 rib</li> <li>Self-fabric back neck tape</li> <li>New tear away back neck label</li> <li><b>Also available in ladies sizes code 61432, kids sizes code 61023 and girl&#39;s sizes code 61025</b></li>",61091000,MA
171694,0000001716023,61430,TSHIRT,T-SHIRTS,MSSTSH,MENS SHORT SLEEVE T-SHIRT,FOTL,Fruit Of The Loom,ME0028,36,Black,0012  ,Small,Men's Iconic 150 T,2.09,1,12,72,08-04-2026 9:06,C,https://myebrochure.co.uk/images/colours/fotl/fotl-36.jpg,https://myebrochure.co.uk/images/products/prod_11101_61430_164462.jpg,https://myebrochure.co.uk/images/products.small/prod_11101_61430_164462.jpg,https://myebrochure.co.uk/images/products.hires/prod_11101_61430_164462.jpg,https://myebrochure.co.uk/images/brands/fotl_23.png,https://myebrochure.co.uk/images/products.hires/prod_61430_131491.jpg,https://myebrochure.co.uk/images/products.hires/prod_61430_131489.jpg,https://myebrochure.co.uk/images/products.hires/prod_61430_131490.jpg,,,,,,,,"<li>100&#37; combed ringspun cotton</li> <li>Soft hand feel</li> <li>Tailored fit</li> <li>Crew neck with 1x1 rib</li> <li>Self-fabric back neck tape</li> <li>New tear away back neck label</li> <li><b>Also available in ladies sizes code 61432, kids sizes code 61023 and girl&#39;s sizes code 61025</b></li>",61091000,MA
171695,0000001716030,61430,TSHIRT,T-SHIRTS,MSSTSH,MENS SHORT SLEEVE T-SHIRT,FOTL,Fruit Of The Loom,ME0028,36,Black,0012  ,Medium,Men's Iconic 150 T,2.09,1,12,72,08-04-2026 9:06,C,https://myebrochure.co.uk/images/colours/fotl/fotl-36.jpg,https://myebrochure.co.uk/images/products/prod_11101_61430_164462.jpg,https://myebrochure.co.uk/images/products.small/prod_11101_61430_164462.jpg,https://myebrochure.co.uk/images/products.hires/prod_11101_61430_164462.jpg,https://myebrochure.co.uk/images/brands/fotl_23.png,https://myebrochure.co.uk/images/products.hires/prod_61430_131491.jpg,https://myebrochure.co.uk/images/products.hires/prod_61430_131489.jpg,https://myebrochure.co.uk/images/products.hires/prod_61430_131490.jpg,,,,,,,,"<li>100&#37; combed ringspun cotton</li> <li>Soft hand feel</li> <li>Tailored fit</li> <li>Crew neck with 1x1 rib</li> <li>Self-fabric back neck tape</li> <li>New tear away back neck label</li> <li><b>Also available in ladies sizes code 61432, kids sizes code 61023 and girl&#39;s sizes code 61025</b></li>",61091000,MA
171696,0000001716047,61430,TSHIRT,T-SHIRTS,MSSTSH,MENS SHORT SLEEVE T-SHIRT,FOTL,Fruit Of The Loom,ME0028,36,Black,0012  ,Large,Men's Iconic 150 T,2.09,1,12,72,08-04-2026 9:06,C,https://myebrochure.co.uk/images/colours/fotl/fotl-36.jpg,https://myebrochure.co.uk/images/products/prod_11101_61430_164462.jpg,https://myebrochure.co.uk/images/products.small/prod_11101_61430_164462.jpg,https://myebrochure.co.uk/images/products.hires/prod_11101_61430_164462.jpg,https://myebrochure.co.uk/images/brands/fotl_23.png,https://myebrochure.co.uk/images/products.hires/prod_61430_131491.jpg,https://myebrochure.co.uk/images/products.hires/prod_61430_131489.jpg,https://myebrochure.co.uk/images/products.hires/prod_61430_131490.jpg,,,,,,,,"<li>100&#37; combed ringspun cotton</li> <li>Soft hand feel</li> <li>Tailored fit</li> <li>Crew neck with 1x1 rib</li> <li>Self-fabric back neck tape</li> <li>New tear away back neck label</li> <li><b>Also available in ladies sizes code 61432, kids sizes code 61023 and girl&#39;s sizes code 61025</b></li>",61091000,MA
171697,0000001716054,61430,TSHIRT,T-SHIRTS,MSSTSH,MENS SHORT SLEEVE T-SHIRT,FOTL,Fruit Of The Loom,ME0028,36,Black,0012  ,XL,Men's Iconic 150 T,2.09,1,12,72,08-04-2026 9:06,C,https://myebrochure.co.uk/images/colours/fotl/fotl-36.jpg,https://myebrochure.co.uk/images/products/prod_11101_61430_164462.jpg,https://myebrochure.co.uk/images/products.small/prod_11101_61430_164462.jpg,https://myebrochure.co.uk/images/products.hires/prod_11101_61430_164462.jpg,https://myebrochure.co.uk/images/brands/fotl_23.png,https://myebrochure.co.uk/images/products.hires/prod_61430_131491.jpg,https://myebrochure.co.uk/images/products.hires/prod_61430_131489.jpg,https://myebrochure.co.uk/images/products.hires/prod_61430_131490.jpg,,,,,,,,"<li>100&#37; combed ringspun cotton</li> <li>Soft hand feel</li> <li>Tailored fit</li> <li>Crew neck with 1x1 rib</li> <li>Self-fabric back neck tape</li> <li>New tear away back neck label</li> <li><b>Also available in ladies sizes code 61432, kids sizes code 61023 and girl&#39;s sizes code 61025</b></li>",61091000,MA
171698,0000001716061,61430,TSHIRT,T-SHIRTS,MSSTSH,MENS SHORT SLEEVE T-SHIRT,FOTL,Fruit Of The Loom,ME0028,36,Black,0012  ,2XL,Men's Iconic 150 T,2.09,1,12,72,08-04-2026 9:06,C,https://myebrochure.co.uk/images/colours/fotl/fotl-36.jpg,https://myebrochure.co.uk/images/products/prod_11101_61430_164462.jpg,https://myebrochure.co.uk/images/products.small/prod_11101_61430_164462.jpg,https://myebrochure.co.uk/images/products.hires/prod_11101_61430_164462.jpg,https://myebrochure.co.uk/images/brands/fotl_23.png,https://myebrochure.co.uk/images/products.hires/prod_61430_131491.jpg,https://myebrochure.co.uk/images/products.hires/prod_61430_131489.jpg,https://myebrochure.co.uk/images/products.hires/prod_61430_131490.jpg,,,,,,,,"<li>100&#37; combed ringspun cotton</li> <li>Soft hand feel</li> <li>Tailored fit</li> <li>Crew neck with 1x1 rib</li> <li>Self-fabric back neck tape</li> <li>New tear away back neck label</li> <li><b>Also available in ladies sizes code 61432, kids sizes code 61023 and girl&#39;s sizes code 61025</b></li>",61091000,MA
171699,0000001716078,61430,TSHIRT,T-SHIRTS,MSSTSH,MENS SHORT SLEEVE T-SHIRT,FOTL,Fruit Of The Loom,ME0028,36,Black,0012  ,3XL,Men's Iconic 150 T,2.85,1,12,36,08-04-2026 9:06,C,https://myebrochure.co.uk/images/colours/fotl/fotl-36.jpg,https://myebrochure.co.uk/images/products/prod_11101_61430_164462.jpg,https://myebrochure.co.uk/images/products.small/prod_11101_61430_164462.jpg,https://myebrochure.co.uk/images/products.hires/prod_11101_61430_164462.jpg,https://myebrochure.co.uk/images/brands/fotl_23.png,https://myebrochure.co.uk/images/products.hires/prod_61430_131491.jpg,https://myebrochure.co.uk/images/products.hires/prod_61430_131489.jpg,https://myebrochure.co.uk/images/products.hires/prod_61430_131490.jpg,,,,,,,,"<li>100&#37; combed ringspun cotton</li> <li>Soft hand feel</li> <li>Tailored fit</li> <li>Crew neck with 1x1 rib</li> <li>Self-fabric back neck tape</li> <li>New tear away back neck label</li> <li><b>Also available in ladies sizes code 61432, kids sizes code 61023 and girl&#39;s sizes code 61025</b></li>",61091000,MA
171700,0000001716085,61430,TSHIRT,T-SHIRTS,MSSTSH,MENS SHORT SLEEVE T-SHIRT,FOTL,Fruit Of The Loom,ME0028,36,Black,0012  ,4XL,Men's Iconic 150 T,2.85,1,12,36,08-04-2026 9:06,C,https://myebrochure.co.uk/images/colours/fotl/fotl-36.jpg,https://myebrochure.co.uk/images/products/prod_11101_61430_164462.jpg,https://myebrochure.co.uk/images/products.small/prod_11101_61430_164462.jpg,https://myebrochure.co.uk/images/products.hires/prod_11101_61430_164462.jpg,https://myebrochure.co.uk/images/brands/fotl_23.png,https://myebrochure.co.uk/images/products.hires/prod_61430_131491.jpg,https://myebrochure.co.uk/images/products.hires/prod_61430_131489.jpg,https://myebrochure.co.uk/images/products.hires/prod_61430_131490.jpg,,,,,,,,"<li>100&#37; combed ringspun cotton</li> <li>Soft hand feel</li> <li>Tailored fit</li> <li>Crew neck with 1x1 rib</li> <li>Self-fabric back neck tape</li> <li>New tear away back neck label</li> <li><b>Also available in ladies sizes code 61432, kids sizes code 61023 and girl&#39;s sizes code 61025</b></li>",61091000,MA
171701,0000001716092,61430,TSHIRT,T-SHIRTS,MSSTSH,MENS SHORT SLEEVE T-SHIRT,FOTL,Fruit Of The Loom,ME0028,36,Black,0012  ,5XL,Men's Iconic 150 T,2.85,1,12,36,08-04-2026 9:06,C,https://myebrochure.co.uk/images/colours/fotl/fotl-36.jpg,https://myebrochure.co.uk/images/products/prod_11101_61430_164462.jpg,https://myebrochure.co.uk/images/products.small/prod_11101_61430_164462.jpg,https://myebrochure.co.uk/images/products.hires/prod_11101_61430_164462.jpg,https://myebrochure.co.uk/images/brands/fotl_23.png,https://myebrochure.co.uk/images/products.hires/prod_61430_131491.jpg,https://myebrochure.co.uk/images/products.hires/prod_61430_131489.jpg,https://myebrochure.co.uk/images/products.hires/prod_61430_131490.jpg,,,,,,,,"<li>100&#37; combed ringspun cotton</li> <li>Soft hand feel</li> <li>Tailored fit</li> <li>Crew neck with 1x1 rib</li> <li>Self-fabric back neck tape</li> <li>New tear away back neck label</li> <li><b>Also available in ladies sizes code 61432, kids sizes code 61023 and girl&#39;s sizes code 61025</b></li>",61091000,MA
171702,0000001716108,61430,TSHIRT,T-SHIRTS,MSSTSH,MENS SHORT SLEEVE T-SHIRT,FOTL,Fruit Of The Loom,ME0028,40,Red,0012  ,Small,Men's Iconic 150 T,2.09,1,12,72,08-04-2026 9:06,C,https://myebrochure.co.uk/images/colours/fotl/fotl-40.jpg,https://myebrochure.co.uk/images/products/prod_11101_61430_164462.jpg,https://myebrochure.co.uk/images/products.small/prod_11101_61430_164462.jpg,https://myebrochure.co.uk/images/products.hires/prod_11101_61430_164462.jpg,https://myebrochure.co.uk/images/brands/fotl_23.png,https://myebrochure.co.uk/images/products.hires/prod_61430_131494.jpg,https://myebrochure.co.uk/images/products.hires/prod_61430_131492.jpg,https://myebrochure.co.uk/images/products.hires/prod_61430_131493.jpg,,,,,,,,"<li>100&#37; combed ringspun cotton</li> <li>Soft hand feel</li> <li>Tailored fit</li> <li>Crew neck with 1x1 rib</li> <li>Self-fabric back neck tape</li> <li>New tear away back neck label</li> <li><b>Also available in ladies sizes code 61432, kids sizes code 61023 and girl&#39;s sizes code 61025</b></li>",61091000,MA
171703,0000001716115,61430,TSHIRT,T-SHIRTS,MSSTSH,MENS SHORT SLEEVE T-SHIRT,FOTL,Fruit Of The Loom,ME0028,40,Red,0012  ,Medium,Men's Iconic 150 T,2.09,1,12,72,08-04-2026 9:06,C,https://myebrochure.co.uk/images/colours/fotl/fotl-40.jpg,https://myebrochure.co.uk/images/products/prod_11101_61430_164462.jpg,https://myebrochure.co.uk/images/products.small/prod_11101_61430_164462.jpg,https://myebrochure.co.uk/images/products.hires/prod_11101_61430_164462.jpg,https://myebrochure.co.uk/images/brands/fotl_23.png,https://myebrochure.co.uk/images/products.hires/prod_61430_131494.jpg,https://myebrochure.co.uk/images/products.hires/prod_61430_131492.jpg,https://myebrochure.co.uk/images/products.hires/prod_61430_131493.jpg,,,,,,,,"<li>100&#37; combed ringspun cotton</li> <li>Soft hand feel</li> <li>Tailored fit</li> <li>Crew neck with 1x1 rib</li> <li>Self-fabric back neck tape</li> <li>New tear away back neck label</li> <li><b>Also available in ladies sizes code 61432, kids sizes code 61023 and girl&#39;s sizes code 61025</b></li>",61091000,MA
171704,0000001716122,61430,TSHIRT,T-SHIRTS,MSSTSH,MENS SHORT SLEEVE T-SHIRT,FOTL,Fruit Of The Loom,ME0028,40,Red,0012  ,Large,Men's Iconic 150 T,2.09,1,12,72,08-04-2026 9:06,C,https://myebrochure.co.uk/images/colours/fotl/fotl-40.jpg,https://myebrochure.co.uk/images/products/prod_11101_61430_164462.jpg,https://myebrochure.co.uk/images/products.small/prod_11101_61430_164462.jpg,https://myebrochure.co.uk/images/products.hires/prod_11101_61430_164462.jpg,https://myebrochure.co.uk/images/brands/fotl_23.png,https://myebrochure.co.uk/images/products.hires/prod_61430_131494.jpg,https://myebrochure.co.uk/images/products.hires/prod_61430_131492.jpg,https://myebrochure.co.uk/images/products.hires/prod_61430_131493.jpg,,,,,,,,"<li>100&#37; combed ringspun cotton</li> <li>Soft hand feel</li> <li>Tailored fit</li> <li>Crew neck with 1x1 rib</li> <li>Self-fabric back neck tape</li> <li>New tear away back neck label</li> <li><b>Also available in ladies sizes code 61432, kids sizes code 61023 and girl&#39;s sizes code 61025</b></li>",61091000,MA
171705,0000001716139,61430,TSHIRT,T-SHIRTS,MSSTSH,MENS SHORT SLEEVE T-SHIRT,FOTL,Fruit Of The Loom,ME0028,40,Red,0012  ,XL,Men's Iconic 150 T,2.09,1,12,72,08-04-2026 9:06,C,https://myebrochure.co.uk/images/colours/fotl/fotl-40.jpg,https://myebrochure.co.uk/images/products/prod_11101_61430_164462.jpg,https://myebrochure.co.uk/images/products.small/prod_11101_61430_164462.jpg,https://myebrochure.co.uk/images/products.hires/prod_11101_61430_164462.jpg,https://myebrochure.co.uk/images/brands/fotl_23.png,https://myebrochure.co.uk/images/products.hires/prod_61430_131494.jpg,https://myebrochure.co.uk/images/products.hires/prod_61430_131492.jpg,https://myebrochure.co.uk/images/products.hires/prod_61430_131493.jpg,,,,,,,,"<li>100&#37; combed ringspun cotton</li> <li>Soft hand feel</li> <li>Tailored fit</li> <li>Crew neck with 1x1 rib</li> <li>Self-fabric back neck tape</li> <li>New tear away back neck label</li> <li><b>Also available in ladies sizes code 61432, kids sizes code 61023 and girl&#39;s sizes code 61025</b></li>",61091000,MA
171706,0000001716146,61430,TSHIRT,T-SHIRTS,MSSTSH,MENS SHORT SLEEVE T-SHIRT,FOTL,Fruit Of The Loom,ME0028,40,Red,0012  ,2XL,Men's Iconic 150 T,2.09,1,12,72,08-04-2026 9:06,C,https://myebrochure.co.uk/images/colours/fotl/fotl-40.jpg,https://myebrochure.co.uk/images/products/prod_11101_61430_164462.jpg,https://myebrochure.co.uk/images/products.small/prod_11101_61430_164462.jpg,https://myebrochure.co.uk/images/products.hires/prod_11101_61430_164462.jpg,https://myebrochure.co.uk/images/brands/fotl_23.png,https://myebrochure.co.uk/images/products.hires/prod_61430_131494.jpg,https://myebrochure.co.uk/images/products.hires/prod_61430_131492.jpg,https://myebrochure.co.uk/images/products.hires/prod_61430_131493.jpg,,,,,,,,"<li>100&#37; combed ringspun cotton</li> <li>Soft hand feel</li> <li>Tailored fit</li> <li>Crew neck with 1x1 rib</li> <li>Self-fabric back neck tape</li> <li>New tear away back neck label</li> <li><b>Also available in ladies sizes code 61432, kids sizes code 61023 and girl&#39;s sizes code 61025</b></li>",61091000,MA
171707,0000001716153,61430,TSHIRT,T-SHIRTS,MSSTSH,MENS SHORT SLEEVE T-SHIRT,FOTL,Fruit Of The Loom,ME0028,40,Red,0012  ,3XL,Men's Iconic 150 T,2.85,1,12,36,08-04-2026 9:06,C,https://myebrochure.co.uk/images/colours/fotl/fotl-40.jpg,https://myebrochure.co.uk/images/products/prod_11101_61430_164462.jpg,https://myebrochure.co.uk/images/products.small/prod_11101_61430_164462.jpg,https://myebrochure.co.uk/images/products.hires/prod_11101_61430_164462.jpg,https://myebrochure.co.uk/images/brands/fotl_23.png,https://myebrochure.co.uk/images/products.hires/prod_61430_131494.jpg,https://myebrochure.co.uk/images/products.hires/prod_61430_131492.jpg,https://myebrochure.co.uk/images/products.hires/prod_61430_131493.jpg,,,,,,,,"<li>100&#37; combed ringspun cotton</li> <li>Soft hand feel</li> <li>Tailored fit</li> <li>Crew neck with 1x1 rib</li> <li>Self-fabric back neck tape</li> <li>New tear away back neck label</li> <li><b>Also available in ladies sizes code 61432, kids sizes code 61023 and girl&#39;s sizes code 61025</b></li>",61091000,MA
171708,0000001716160,61430,TSHIRT,T-SHIRTS,MSSTSH,MENS SHORT SLEEVE T-SHIRT,FOTL,Fruit Of The Loom,ME0028,40,Red,0012  ,4XL,Men's Iconic 150 T,2.85,1,12,36,08-04-2026 9:06,C,https://myebrochure.co.uk/images/colours/fotl/fotl-40.jpg,https://myebrochure.co.uk/images/products/prod_11101_61430_164462.jpg,https://myebrochure.co.uk/images/products.small/prod_11101_61430_164462.jpg,https://myebrochure.co.uk/images/products.hires/prod_11101_61430_164462.jpg,https://myebrochure.co.uk/images/brands/fotl_23.png,https://myebrochure.co.uk/images/products.hires/prod_61430_131494.jpg,https://myebrochure.co.uk/images/products.hires/prod_61430_131492.jpg,https://myebrochure.co.uk/images/products.hires/prod_61430_131493.jpg,,,,,,,,"<li>100&#37; combed ringspun cotton</li> <li>Soft hand feel</li> <li>Tailored fit</li> <li>Crew neck with 1x1 rib</li> <li>Self-fabric back neck tape</li> <li>New tear away back neck label</li> <li><b>Also available in ladies sizes code 61432, kids sizes code 61023 and girl&#39;s sizes code 61025</b></li>",61091000,MA
171710,0000001716184,61430,TSHIRT,T-SHIRTS,MSSTSH,MENS SHORT SLEEVE T-SHIRT,FOTL,Fruit Of The Loom,ME0028,47,Kelly Green,0012  ,Small,Men's Iconic 150 T,2.09,1,12,72,08-04-2026 9:06,C,https://myebrochure.co.uk/images/colours/fotl/fotl-47.jpg,https://myebrochure.co.uk/images/products/prod_11101_61430_164462.jpg,https://myebrochure.co.uk/images/products.small/prod_11101_61430_164462.jpg,https://myebrochure.co.uk/images/products.hires/prod_11101_61430_164462.jpg,https://myebrochure.co.uk/images/brands/fotl_23.png,https://myebrochure.co.uk/images/products.hires/prod_61430_131497.jpg,https://myebrochure.co.uk/images/products.hires/prod_61430_131495.jpg,https://myebrochure.co.uk/images/products.hires/prod_61430_131496.jpg,,,,,,,,"<li>100&#37; combed ringspun cotton</li> <li>Soft hand feel</li> <li>Tailored fit</li> <li>Crew neck with 1x1 rib</li> <li>Self-fabric back neck tape</li> <li>New tear away back neck label</li> <li><b>Also available in ladies sizes code 61432, kids sizes code 61023 and girl&#39;s sizes code 61025</b></li>",61091000,MA
171711,0000001716191,61430,TSHIRT,T-SHIRTS,MSSTSH,MENS SHORT SLEEVE T-SHIRT,FOTL,Fruit Of The Loom,ME0028,47,Kelly Green,0012  ,Medium,Men's Iconic 150 T,2.09,1,12,72,08-04-2026 9:06,C,https://myebrochure.co.uk/images/colours/fotl/fotl-47.jpg,https://myebrochure.co.uk/images/products/prod_11101_61430_164462.jpg,https://myebrochure.co.uk/images/products.small/prod_11101_61430_164462.jpg,https://myebrochure.co.uk/images/products.hires/prod_11101_61430_164462.jpg,https://myebrochure.co.uk/images/brands/fotl_23.png,https://myebrochure.co.uk/images/products.hires/prod_61430_131497.jpg,https://myebrochure.co.uk/images/products.hires/prod_61430_131495.jpg,https://myebrochure.co.uk/images/products.hires/prod_61430_131496.jpg,,,,,,,,"<li>100&#37; combed ringspun cotton</li> <li>Soft hand feel</li> <li>Tailored fit</li> <li>Crew neck with 1x1 rib</li> <li>Self-fabric back neck tape</li> <li>New tear away back neck label</li> <li><b>Also available in ladies sizes code 61432, kids sizes code 61023 and girl&#39;s sizes code 61025</b></li>",61091000,MA
171712,0000001716207,61430,TSHIRT,T-SHIRTS,MSSTSH,MENS SHORT SLEEVE T-SHIRT,FOTL,Fruit Of The Loom,ME0028,47,Kelly Green,0012  ,Large,Men's Iconic 150 T,2.09,1,12,72,08-04-2026 9:06,C,https://myebrochure.co.uk/images/colours/fotl/fotl-47.jpg,https://myebrochure.co.uk/images/products/prod_11101_61430_164462.jpg,https://myebrochure.co.uk/images/products.small/prod_11101_61430_164462.jpg,https://myebrochure.co.uk/images/products.hires/prod_11101_61430_164462.jpg,https://myebrochure.co.uk/images/brands/fotl_23.png,https://myebrochure.co.uk/images/products.hires/prod_61430_131497.jpg,https://myebrochure.co.uk/images/products.hires/prod_61430_131495.jpg,https://myebrochure.co.uk/images/products.hires/prod_61430_131496.jpg,,,,,,,,"<li>100&#37; combed ringspun cotton</li> <li>Soft hand feel</li> <li>Tailored fit</li> <li>Crew neck with 1x1 rib</li> <li>Self-fabric back neck tape</li> <li>New tear away back neck label</li> <li><b>Also available in ladies sizes code 61432, kids sizes code 61023 and girl&#39;s sizes code 61025</b></li>",61091000,MA
171713,0000001716214,61430,TSHIRT,T-SHIRTS,MSSTSH,MENS SHORT SLEEVE T-SHIRT,FOTL,Fruit Of The Loom,ME0028,47,Kelly Green,0012  ,XL,Men's Iconic 150 T,2.09,1,12,72,08-04-2026 9:06,C,https://myebrochure.co.uk/images/colours/fotl/fotl-47.jpg,https://myebrochure.co.uk/images/products/prod_11101_61430_164462.jpg,https://myebrochure.co.uk/images/products.small/prod_11101_61430_164462.jpg,https://myebrochure.co.uk/images/products.hires/prod_11101_61430_164462.jpg,https://myebrochure.co.uk/images/brands/fotl_23.png,https://myebrochure.co.uk/images/products.hires/prod_61430_131497.jpg,https://myebrochure.co.uk/images/products.hires/prod_61430_131495.jpg,https://myebrochure.co.uk/images/products.hires/prod_61430_131496.jpg,,,,,,,,"<li>100&#37; combed ringspun cotton</li> <li>Soft hand feel</li> <li>Tailored fit</li> <li>Crew neck with 1x1 rib</li> <li>Self-fabric back neck tape</li> <li>New tear away back neck label</li> <li><b>Also available in ladies sizes code 61432, kids sizes code 61023 and girl&#39;s sizes code 61025</b></li>",61091000,MA
171714,0000001716221,61430,TSHIRT,T-SHIRTS,MSSTSH,MENS SHORT SLEEVE T-SHIRT,FOTL,Fruit Of The Loom,ME0028,47,Kelly Green,0012  ,2XL,Men's Iconic 150 T,2.09,1,12,72,08-04-2026 9:06,C,https://myebrochure.co.uk/images/colours/fotl/fotl-47.jpg,https://myebrochure.co.uk/images/products/prod_11101_61430_164462.jpg,https://myebrochure.co.uk/images/products.small/prod_11101_61430_164462.jpg,https://myebrochure.co.uk/images/products.hires/prod_11101_61430_164462.jpg,https://myebrochure.co.uk/images/brands/fotl_23.png,https://myebrochure.co.uk/images/products.hires/prod_61430_131497.jpg,https://myebrochure.co.uk/images/products.hires/prod_61430_131495.jpg,https://myebrochure.co.uk/images/products.hires/prod_61430_131496.jpg,,,,,,,,"<li>100&#37; combed ringspun cotton</li> <li>Soft hand feel</li> <li>Tailored fit</li> <li>Crew neck with 1x1 rib</li> <li>Self-fabric back neck tape</li> <li>New tear away back neck label</li> <li><b>Also available in ladies sizes code 61432, kids sizes code 61023 and girl&#39;s sizes code 61025</b></li>",61091000,MA
171715,0000001716238,61430,TSHIRT,T-SHIRTS,MSSTSH,MENS SHORT SLEEVE T-SHIRT,FOTL,Fruit Of The Loom,ME0028,47,Kelly Green,0012  ,3XL,Men's Iconic 150 T,2.85,1,12,36,08-04-2026 9:06,C,https://myebrochure.co.uk/images/colours/fotl/fotl-47.jpg,https://myebrochure.co.uk/images/products/prod_11101_61430_164462.jpg,https://myebrochure.co.uk/images/products.small/prod_11101_61430_164462.jpg,https://myebrochure.co.uk/images/products.hires/prod_11101_61430_164462.jpg,https://myebrochure.co.uk/images/brands/fotl_23.png,https://myebrochure.co.uk/images/products.hires/prod_61430_131497.jpg,https://myebrochure.co.uk/images/products.hires/prod_61430_131495.jpg,https://myebrochure.co.uk/images/products.hires/prod_61430_131496.jpg,,,,,,,,"<li>100&#37; combed ringspun cotton</li> <li>Soft hand feel</li> <li>Tailored fit</li> <li>Crew neck with 1x1 rib</li> <li>Self-fabric back neck tape</li> <li>New tear away back neck label</li> <li><b>Also available in ladies sizes code 61432, kids sizes code 61023 and girl&#39;s sizes code 61025</b></li>",61091000,MA
171718,0000001716269,61430,TSHIRT,T-SHIRTS,MSSTSH,MENS SHORT SLEEVE T-SHIRT,FOTL,Fruit Of The Loom,ME0028,51,Royal,0012  ,Small,Men's Iconic 150 T,2.09,1,12,72,08-04-2026 9:06,C,https://myebrochure.co.uk/images/colours/fotl/fotl-51.jpg,https://myebrochure.co.uk/images/products/prod_11101_61430_164462.jpg,https://myebrochure.co.uk/images/products.small/prod_11101_61430_164462.jpg,https://myebrochure.co.uk/images/products.hires/prod_11101_61430_164462.jpg,https://myebrochure.co.uk/images/brands/fotl_23.png,https://myebrochure.co.uk/images/products.hires/prod_61430_131500.jpg,https://myebrochure.co.uk/images/products.hires/prod_61430_131498.jpg,https://myebrochure.co.uk/images/products.hires/prod_61430_131499.jpg,,,,,,,,"<li>100&#37; combed ringspun cotton</li> <li>Soft hand feel</li> <li>Tailored fit</li> <li>Crew neck with 1x1 rib</li> <li>Self-fabric back neck tape</li> <li>New tear away back neck label</li> <li><b>Also available in ladies sizes code 61432, kids sizes code 61023 and girl&#39;s sizes code 61025</b></li>",61091000,MA
171719,0000001716276,61430,TSHIRT,T-SHIRTS,MSSTSH,MENS SHORT SLEEVE T-SHIRT,FOTL,Fruit Of The Loom,ME0028,51,Royal,0012  ,Medium,Men's Iconic 150 T,2.09,1,12,72,08-04-2026 9:06,C,https://myebrochure.co.uk/images/colours/fotl/fotl-51.jpg,https://myebrochure.co.uk/images/products/prod_11101_61430_164462.jpg,https://myebrochure.co.uk/images/products.small/prod_11101_61430_164462.jpg,https://myebrochure.co.uk/images/products.hires/prod_11101_61430_164462.jpg,https://myebrochure.co.uk/images/brands/fotl_23.png,https://myebrochure.co.uk/images/products.hires/prod_61430_131500.jpg,https://myebrochure.co.uk/images/products.hires/prod_61430_131498.jpg,https://myebrochure.co.uk/images/products.hires/prod_61430_131499.jpg,,,,,,,,"<li>100&#37; combed ringspun cotton</li> <li>Soft hand feel</li> <li>Tailored fit</li> <li>Crew neck with 1x1 rib</li> <li>Self-fabric back neck tape</li> <li>New tear away back neck label</li> <li><b>Also available in ladies sizes code 61432, kids sizes code 61023 and girl&#39;s sizes code 61025</b></li>",61091000,MA
171720,0000001716283,61430,TSHIRT,T-SHIRTS,MSSTSH,MENS SHORT SLEEVE T-SHIRT,FOTL,Fruit Of The Loom,ME0028,51,Royal,0012  ,Large,Men's Iconic 150 T,2.09,1,12,72,08-04-2026 9:06,C,https://myebrochure.co.uk/images/colours/fotl/fotl-51.jpg,https://myebrochure.co.uk/images/products/prod_11101_61430_164462.jpg,https://myebrochure.co.uk/images/products.small/prod_11101_61430_164462.jpg,https://myebrochure.co.uk/images/products.hires/prod_11101_61430_164462.jpg,https://myebrochure.co.uk/images/brands/fotl_23.png,https://myebrochure.co.uk/images/products.hires/prod_61430_131500.jpg,https://myebrochure.co.uk/images/products.hires/prod_61430_131498.jpg,https://myebrochure.co.uk/images/products.hires/prod_61430_131499.jpg,,,,,,,,"<li>100&#37; combed ringspun cotton</li> <li>Soft hand feel</li> <li>Tailored fit</li> <li>Crew neck with 1x1 rib</li> <li>Self-fabric back neck tape</li> <li>New tear away back neck label</li> <li><b>Also available in ladies sizes code 61432, kids sizes code 61023 and girl&#39;s sizes code 61025</b></li>",61091000,MA
171721,0000001716290,61430,TSHIRT,T-SHIRTS,MSSTSH,MENS SHORT SLEEVE T-SHIRT,FOTL,Fruit Of The Loom,ME0028,51,Royal,0012  ,XL,Men's Iconic 150 T,2.09,1,12,72,08-04-2026 9:06,C,https://myebrochure.co.uk/images/colours/fotl/fotl-51.jpg,https://myebrochure.co.uk/images/products/prod_11101_61430_164462.jpg,https://myebrochure.co.uk/images/products.small/prod_11101_61430_164462.jpg,https://myebrochure.co.uk/images/products.hires/prod_11101_61430_164462.jpg,https://myebrochure.co.uk/images/brands/fotl_23.png,https://myebrochure.co.uk/images/products.hires/prod_61430_131500.jpg,https://myebrochure.co.uk/images/products.hires/prod_61430_131498.jpg,https://myebrochure.co.uk/images/products.hires/prod_61430_131499.jpg,,,,,,,,"<li>100&#37; combed ringspun cotton</li> <li>Soft hand feel</li> <li>Tailored fit</li> <li>Crew neck with 1x1 rib</li> <li>Self-fabric back neck tape</li> <li>New tear away back neck label</li> <li><b>Also available in ladies sizes code 61432, kids sizes code 61023 and girl&#39;s sizes code 61025</b></li>",61091000,MA
171722,0000001716306,61430,TSHIRT,T-SHIRTS,MSSTSH,MENS SHORT SLEEVE T-SHIRT,FOTL,Fruit Of The Loom,ME0028,51,Royal,0012  ,2XL,Men's Iconic 150 T,2.09,1,12,72,08-04-2026 9:06,C,https://myebrochure.co.uk/images/colours/fotl/fotl-51.jpg,https://myebrochure.co.uk/images/products/prod_11101_61430_164462.jpg,https://myebrochure.co.uk/images/products.small/prod_11101_61430_164462.jpg,https://myebrochure.co.uk/images/products.hires/prod_11101_61430_164462.jpg,https://myebrochure.co.uk/images/brands/fotl_23.png,https://myebrochure.co.uk/images/products.hires/prod_61430_131500.jpg,https://myebrochure.co.uk/images/products.hires/prod_61430_131498.jpg,https://myebrochure.co.uk/images/products.hires/prod_61430_131499.jpg,,,,,,,,"<li>100&#37; combed ringspun cotton</li> <li>Soft hand feel</li> <li>Tailored fit</li> <li>Crew neck with 1x1 rib</li> <li>Self-fabric back neck tape</li> <li>New tear away back neck label</li> <li><b>Also available in ladies sizes code 61432, kids sizes code 61023 and girl&#39;s sizes code 61025</b></li>",61091000,MA
171723,0000001716313,61430,TSHIRT,T-SHIRTS,MSSTSH,MENS SHORT SLEEVE T-SHIRT,FOTL,Fruit Of The Loom,ME0028,51,Royal,0012  ,3XL,Men's Iconic 150 T,2.85,1,12,36,08-04-2026 9:06,C,https://myebrochure.co.uk/images/colours/fotl/fotl-51.jpg,https://myebrochure.co.uk/images/products/prod_11101_61430_164462.jpg,https://myebrochure.co.uk/images/products.small/prod_11101_61430_164462.jpg,https://myebrochure.co.uk/images/products.hires/prod_11101_61430_164462.jpg,https://myebrochure.co.uk/images/brands/fotl_23.png,https://myebrochure.co.uk/images/products.hires/prod_61430_131500.jpg,https://myebrochure.co.uk/images/products.hires/prod_61430_131498.jpg,https://myebrochure.co.uk/images/products.hires/prod_61430_131499.jpg,,,,,,,,"<li>100&#37; combed ringspun cotton</li> <li>Soft hand feel</li> <li>Tailored fit</li> <li>Crew neck with 1x1 rib</li> <li>Self-fabric back neck tape</li> <li>New tear away back neck label</li> <li><b>Also available in ladies sizes code 61432, kids sizes code 61023 and girl&#39;s sizes code 61025</b></li>",61091000,MA
171726,0000001716344,61430,TSHIRT,T-SHIRTS,MSSTSH,MENS SHORT SLEEVE T-SHIRT,FOTL,Fruit Of The Loom,ME0028,59,Classic Olive,0012  ,Small,Men's Iconic 150 T,2.09,1,12,72,08-04-2026 9:06,C,https://myebrochure.co.uk/images/colours/fotl/fotl-59.jpg,https://myebrochure.co.uk/images/products/prod_11101_61430_164462.jpg,https://myebrochure.co.uk/images/products.small/prod_11101_61430_164462.jpg,https://myebrochure.co.uk/images/products.hires/prod_11101_61430_164462.jpg,https://myebrochure.co.uk/images/brands/fotl_23.png,https://myebrochure.co.uk/images/products.hires/prod_61430_131503.jpg,https://myebrochure.co.uk/images/products.hires/prod_61430_131501.jpg,https://myebrochure.co.uk/images/products.hires/prod_61430_131502.jpg,,,,,,,,"<li>100&#37; combed ringspun cotton</li> <li>Soft hand feel</li> <li>Tailored fit</li> <li>Crew neck with 1x1 rib</li> <li>Self-fabric back neck tape</li> <li>New tear away back neck label</li> <li><b>Also available in ladies sizes code 61432, kids sizes code 61023 and girl&#39;s sizes code 61025</b></li>",61091000,MA
171727,0000001716351,61430,TSHIRT,T-SHIRTS,MSSTSH,MENS SHORT SLEEVE T-SHIRT,FOTL,Fruit Of The Loom,ME0028,59,Classic Olive,0012  ,Medium,Men's Iconic 150 T,2.09,1,12,72,08-04-2026 9:06,C,https://myebrochure.co.uk/images/colours/fotl/fotl-59.jpg,https://myebrochure.co.uk/images/products/prod_11101_61430_164462.jpg,https://myebrochure.co.uk/images/products.small/prod_11101_61430_164462.jpg,https://myebrochure.co.uk/images/products.hires/prod_11101_61430_164462.jpg,https://myebrochure.co.uk/images/brands/fotl_23.png,https://myebrochure.co.uk/images/products.hires/prod_61430_131503.jpg,https://myebrochure.co.uk/images/products.hires/prod_61430_131501.jpg,https://myebrochure.co.uk/images/products.hires/prod_61430_131502.jpg,,,,,,,,"<li>100&#37; combed ringspun cotton</li> <li>Soft hand feel</li> <li>Tailored fit</li> <li>Crew neck with 1x1 rib</li> <li>Self-fabric back neck tape</li> <li>New tear away back neck label</li> <li><b>Also available in ladies sizes code 61432, kids sizes code 61023 and girl&#39;s sizes code 61025</b></li>",61091000,MA
171728,0000001716368,61430,TSHIRT,T-SHIRTS,MSSTSH,MENS SHORT SLEEVE T-SHIRT,FOTL,Fruit Of The Loom,ME0028,59,Classic Olive,0012  ,Large,Men's Iconic 150 T,2.09,1,12,72,08-04-2026 9:06,C,https://myebrochure.co.uk/images/colours/fotl/fotl-59.jpg,https://myebrochure.co.uk/images/products/prod_11101_61430_164462.jpg,https://myebrochure.co.uk/images/products.small/prod_11101_61430_164462.jpg,https://myebrochure.co.uk/images/products.hires/prod_11101_61430_164462.jpg,https://myebrochure.co.uk/images/brands/fotl_23.png,https://myebrochure.co.uk/images/products.hires/prod_61430_131503.jpg,https://myebrochure.co.uk/images/products.hires/prod_61430_131501.jpg,https://myebrochure.co.uk/images/products.hires/prod_61430_131502.jpg,,,,,,,,"<li>100&#37; combed ringspun cotton</li> <li>Soft hand feel</li> <li>Tailored fit</li> <li>Crew neck with 1x1 rib</li> <li>Self-fabric back neck tape</li> <li>New tear away back neck label</li> <li><b>Also available in ladies sizes code 61432, kids sizes code 61023 and girl&#39;s sizes code 61025</b></li>",61091000,MA
171729,0000001716375,61430,TSHIRT,T-SHIRTS,MSSTSH,MENS SHORT SLEEVE T-SHIRT,FOTL,Fruit Of The Loom,ME0028,59,Classic Olive,0012  ,XL,Men's Iconic 150 T,2.09,1,12,72,08-04-2026 9:06,C,https://myebrochure.co.uk/images/colours/fotl/fotl-59.jpg,https://myebrochure.co.uk/images/products/prod_11101_61430_164462.jpg,https://myebrochure.co.uk/images/products.small/prod_11101_61430_164462.jpg,https://myebrochure.co.uk/images/products.hires/prod_11101_61430_164462.jpg,https://myebrochure.co.uk/images/brands/fotl_23.png,https://myebrochure.co.uk/images/products.hires/prod_61430_131503.jpg,https://myebrochure.co.uk/images/products.hires/prod_61430_131501.jpg,https://myebrochure.co.uk/images/products.hires/prod_61430_131502.jpg,,,,,,,,"<li>100&#37; combed ringspun cotton</li> <li>Soft hand feel</li> <li>Tailored fit</li> <li>Crew neck with 1x1 rib</li> <li>Self-fabric back neck tape</li> <li>New tear away back neck label</li> <li><b>Also available in ladies sizes code 61432, kids sizes code 61023 and girl&#39;s sizes code 61025</b></li>",61091000,MA
171730,0000001716382,61430,TSHIRT,T-SHIRTS,MSSTSH,MENS SHORT SLEEVE T-SHIRT,FOTL,Fruit Of The Loom,ME0028,59,Classic Olive,0012  ,2XL,Men's Iconic 150 T,2.09,1,12,72,08-04-2026 9:06,C,https://myebrochure.co.uk/images/colours/fotl/fotl-59.jpg,https://myebrochure.co.uk/images/products/prod_11101_61430_164462.jpg,https://myebrochure.co.uk/images/products.small/prod_11101_61430_164462.jpg,https://myebrochure.co.uk/images/products.hires/prod_11101_61430_164462.jpg,https://myebrochure.co.uk/images/brands/fotl_23.png,https://myebrochure.co.uk/images/products.hires/prod_61430_131503.jpg,https://myebrochure.co.uk/images/products.hires/prod_61430_131501.jpg,https://myebrochure.co.uk/images/products.hires/prod_61430_131502.jpg,,,,,,,,"<li>100&#37; combed ringspun cotton</li> <li>Soft hand feel</li> <li>Tailored fit</li> <li>Crew neck with 1x1 rib</li> <li>Self-fabric back neck tape</li> <li>New tear away back neck label</li> <li><b>Also available in ladies sizes code 61432, kids sizes code 61023 and girl&#39;s sizes code 61025</b></li>",61091000,MA
171731,0000001716399,61430,TSHIRT,T-SHIRTS,MSSTSH,MENS SHORT SLEEVE T-SHIRT,FOTL,Fruit Of The Loom,ME0028,59,Classic Olive,0012  ,3XL,Men's Iconic 150 T,2.85,1,12,36,08-04-2026 9:06,C,https://myebrochure.co.uk/images/colours/fotl/fotl-59.jpg,https://myebrochure.co.uk/images/products/prod_11101_61430_164462.jpg,https://myebrochure.co.uk/images/products.small/prod_11101_61430_164462.jpg,https://myebrochure.co.uk/images/products.hires/prod_11101_61430_164462.jpg,https://myebrochure.co.uk/images/brands/fotl_23.png,https://myebrochure.co.uk/images/products.hires/prod_61430_131503.jpg,https://myebrochure.co.uk/images/products.hires/prod_61430_131501.jpg,https://myebrochure.co.uk/images/products.hires/prod_61430_131502.jpg,,,,,,,,"<li>100&#37; combed ringspun cotton</li> <li>Soft hand feel</li> <li>Tailored fit</li> <li>Crew neck with 1x1 rib</li> <li>Self-fabric back neck tape</li> <li>New tear away back neck label</li> <li><b>Also available in ladies sizes code 61432, kids sizes code 61023 and girl&#39;s sizes code 61025</b></li>",61091000,MA
171734,0000001716429,61430,TSHIRT,T-SHIRTS,MSSTSH,MENS SHORT SLEEVE T-SHIRT,FOTL,Fruit Of The Loom,ME0028,60,Natural,0012  ,Small,Men's Iconic 150 T,1.65,1,12,72,08-04-2026 9:06,C,https://myebrochure.co.uk/images/colours/fotl/fotl-60.jpg,https://myebrochure.co.uk/images/products/prod_11101_61430_164462.jpg,https://myebrochure.co.uk/images/products.small/prod_11101_61430_164462.jpg,https://myebrochure.co.uk/images/products.hires/prod_11101_61430_164462.jpg,https://myebrochure.co.uk/images/brands/fotl_23.png,https://myebrochure.co.uk/images/products.hires/prod_61430_132029.jpg,https://myebrochure.co.uk/images/products.hires/prod_61430_132028.jpg,https://myebrochure.co.uk/images/products.hires/prod_61430_132030.jpg,,,,,,,,"<li>100&#37; combed ringspun cotton</li> <li>Soft hand feel</li> <li>Tailored fit</li> <li>Crew neck with 1x1 rib</li> <li>Self-fabric back neck tape</li> <li>New tear away back neck label</li> <li><b>Also available in ladies sizes code 61432, kids sizes code 61023 and girl&#39;s sizes code 61025</b></li>",61091000,MA
171735,0000001716436,61430,TSHIRT,T-SHIRTS,MSSTSH,MENS SHORT SLEEVE T-SHIRT,FOTL,Fruit Of The Loom,ME0028,60,Natural,0012  ,Medium,Men's Iconic 150 T,1.65,1,12,72,08-04-2026 9:06,C,https://myebrochure.co.uk/images/colours/fotl/fotl-60.jpg,https://myebrochure.co.uk/images/products/prod_11101_61430_164462.jpg,https://myebrochure.co.uk/images/products.small/prod_11101_61430_164462.jpg,https://myebrochure.co.uk/images/products.hires/prod_11101_61430_164462.jpg,https://myebrochure.co.uk/images/brands/fotl_23.png,https://myebrochure.co.uk/images/products.hires/prod_61430_132029.jpg,https://myebrochure.co.uk/images/products.hires/prod_61430_132028.jpg,https://myebrochure.co.uk/images/products.hires/prod_61430_132030.jpg,,,,,,,,"<li>100&#37; combed ringspun cotton</li> <li>Soft hand feel</li> <li>Tailored fit</li> <li>Crew neck with 1x1 rib</li> <li>Self-fabric back neck tape</li> <li>New tear away back neck label</li> <li><b>Also available in ladies sizes code 61432, kids sizes code 61023 and girl&#39;s sizes code 61025</b></li>",61091000,MA
171736,0000001716443,61430,TSHIRT,T-SHIRTS,MSSTSH,MENS SHORT SLEEVE T-SHIRT,FOTL,Fruit Of The Loom,ME0028,60,Natural,0012  ,Large,Men's Iconic 150 T,1.65,1,12,72,08-04-2026 9:06,C,https://myebrochure.co.uk/images/colours/fotl/fotl-60.jpg,https://myebrochure.co.uk/images/products/prod_11101_61430_164462.jpg,https://myebrochure.co.uk/images/products.small/prod_11101_61430_164462.jpg,https://myebrochure.co.uk/images/products.hires/prod_11101_61430_164462.jpg,https://myebrochure.co.uk/images/brands/fotl_23.png,https://myebrochure.co.uk/images/products.hires/prod_61430_132029.jpg,https://myebrochure.co.uk/images/products.hires/prod_61430_132028.jpg,https://myebrochure.co.uk/images/products.hires/prod_61430_132030.jpg,,,,,,,,"<li>100&#37; combed ringspun cotton</li> <li>Soft hand feel</li> <li>Tailored fit</li> <li>Crew neck with 1x1 rib</li> <li>Self-fabric back neck tape</li> <li>New tear away back neck label</li> <li><b>Also available in ladies sizes code 61432, kids sizes code 61023 and girl&#39;s sizes code 61025</b></li>",61091000,MA
171737,0000001716450,61430,TSHIRT,T-SHIRTS,MSSTSH,MENS SHORT SLEEVE T-SHIRT,FOTL,Fruit Of The Loom,ME0028,60,Natural,0012  ,XL,Men's Iconic 150 T,1.65,1,12,72,08-04-2026 9:06,C,https://myebrochure.co.uk/images/colours/fotl/fotl-60.jpg,https://myebrochure.co.uk/images/products/prod_11101_61430_164462.jpg,https://myebrochure.co.uk/images/products.small/prod_11101_61430_164462.jpg,https://myebrochure.co.uk/images/products.hires/prod_11101_61430_164462.jpg,https://myebrochure.co.uk/images/brands/fotl_23.png,https://myebrochure.co.uk/images/products.hires/prod_61430_132029.jpg,https://myebrochure.co.uk/images/products.hires/prod_61430_132028.jpg,https://myebrochure.co.uk/images/products.hires/prod_61430_132030.jpg,,,,,,,,"<li>100&#37; combed ringspun cotton</li> <li>Soft hand feel</li> <li>Tailored fit</li> <li>Crew neck with 1x1 rib</li> <li>Self-fabric back neck tape</li> <li>New tear away back neck label</li> <li><b>Also available in ladies sizes code 61432, kids sizes code 61023 and girl&#39;s sizes code 61025</b></li>",61091000,MA
171738,0000001716467,61430,TSHIRT,T-SHIRTS,MSSTSH,MENS SHORT SLEEVE T-SHIRT,FOTL,Fruit Of The Loom,ME0028,60,Natural,0012  ,2XL,Men's Iconic 150 T,1.65,1,12,72,08-04-2026 9:06,C,https://myebrochure.co.uk/images/colours/fotl/fotl-60.jpg,https://myebrochure.co.uk/images/products/prod_11101_61430_164462.jpg,https://myebrochure.co.uk/images/products.small/prod_11101_61430_164462.jpg,https://myebrochure.co.uk/images/products.hires/prod_11101_61430_164462.jpg,https://myebrochure.co.uk/images/brands/fotl_23.png,https://myebrochure.co.uk/images/products.hires/prod_61430_132029.jpg,https://myebrochure.co.uk/images/products.hires/prod_61430_132028.jpg,https://myebrochure.co.uk/images/products.hires/prod_61430_132030.jpg,,,,,,,,"<li>100&#37; combed ringspun cotton</li> <li>Soft hand feel</li> <li>Tailored fit</li> <li>Crew neck with 1x1 rib</li> <li>Self-fabric back neck tape</li> <li>New tear away back neck label</li> <li><b>Also available in ladies sizes code 61432, kids sizes code 61023 and girl&#39;s sizes code 61025</b></li>",61091000,MA
171739,0000001716474,61430,TSHIRT,T-SHIRTS,MSSTSH,MENS SHORT SLEEVE T-SHIRT,FOTL,Fruit Of The Loom,ME0028,60,Natural,0012  ,3XL,Men's Iconic 150 T,2.28,1,12,36,08-04-2026 9:06,C,https://myebrochure.co.uk/images/colours/fotl/fotl-60.jpg,https://myebrochure.co.uk/images/products/prod_11101_61430_164462.jpg,https://myebrochure.co.uk/images/products.small/prod_11101_61430_164462.jpg,https://myebrochure.co.uk/images/products.hires/prod_11101_61430_164462.jpg,https://myebrochure.co.uk/images/brands/fotl_23.png,https://myebrochure.co.uk/images/products.hires/prod_61430_132029.jpg,https://myebrochure.co.uk/images/products.hires/prod_61430_132028.jpg,https://myebrochure.co.uk/images/products.hires/prod_61430_132030.jpg,,,,,,,,"<li>100&#37; combed ringspun cotton</li> <li>Soft hand feel</li> <li>Tailored fit</li> <li>Crew neck with 1x1 rib</li> <li>Self-fabric back neck tape</li> <li>New tear away back neck label</li> <li><b>Also available in ladies sizes code 61432, kids sizes code 61023 and girl&#39;s sizes code 61025</b></li>",61091000,MA
171742,0000001716504,61430,TSHIRT,T-SHIRTS,MSSTSH,MENS SHORT SLEEVE T-SHIRT,FOTL,Fruit Of The Loom,ME0028,CB,Colbalt Blue,0012  ,Small,Men's Iconic 150 T,2.09,1,12,72,08-04-2026 9:06,C,https://myebrochure.co.uk/images/colours/fotl/fotl-cb.jpg,https://myebrochure.co.uk/images/products/prod_11101_61430_164462.jpg,https://myebrochure.co.uk/images/products.small/prod_11101_61430_164462.jpg,https://myebrochure.co.uk/images/products.hires/prod_11101_61430_164462.jpg,https://myebrochure.co.uk/images/brands/fotl_23.png,https://myebrochure.co.uk/images/products.hires/prod_61430_131512.jpg,https://myebrochure.co.uk/images/products.hires/prod_61430_131510.jpg,https://myebrochure.co.uk/images/products.hires/prod_61430_131511.jpg,,,,,,,,"<li>100&#37; combed ringspun cotton</li> <li>Soft hand feel</li> <li>Tailored fit</li> <li>Crew neck with 1x1 rib</li> <li>Self-fabric back neck tape</li> <li>New tear away back neck label</li> <li><b>Also available in ladies sizes code 61432, kids sizes code 61023 and girl&#39;s sizes code 61025</b></li>",61091000,MA
171743,0000001716511,61430,TSHIRT,T-SHIRTS,MSSTSH,MENS SHORT SLEEVE T-SHIRT,FOTL,Fruit Of The Loom,ME0028,CB,Colbalt Blue,0012  ,Medium,Men's Iconic 150 T,2.09,1,12,72,08-04-2026 9:06,C,https://myebrochure.co.uk/images/colours/fotl/fotl-cb.jpg,https://myebrochure.co.uk/images/products/prod_11101_61430_164462.jpg,https://myebrochure.co.uk/images/products.small/prod_11101_61430_164462.jpg,https://myebrochure.co.uk/images/products.hires/prod_11101_61430_164462.jpg,https://myebrochure.co.uk/images/brands/fotl_23.png,https://myebrochure.co.uk/images/products.hires/prod_61430_131512.jpg,https://myebrochure.co.uk/images/products.hires/prod_61430_131510.jpg,https://myebrochure.co.uk/images/products.hires/prod_61430_131511.jpg,,,,,,,,"<li>100&#37; combed ringspun cotton</li> <li>Soft hand feel</li> <li>Tailored fit</li> <li>Crew neck with 1x1 rib</li> <li>Self-fabric back neck tape</li> <li>New tear away back neck label</li> <li><b>Also available in ladies sizes code 61432, kids sizes code 61023 and girl&#39;s sizes code 61025</b></li>",61091000,MA
171744,0000001716528,61430,TSHIRT,T-SHIRTS,MSSTSH,MENS SHORT SLEEVE T-SHIRT,FOTL,Fruit Of The Loom,ME0028,CB,Colbalt Blue,0012  ,Large,Men's Iconic 150 T,2.09,1,12,72,08-04-2026 9:06,C,https://myebrochure.co.uk/images/colours/fotl/fotl-cb.jpg,https://myebrochure.co.uk/images/products/prod_11101_61430_164462.jpg,https://myebrochure.co.uk/images/products.small/prod_11101_61430_164462.jpg,https://myebrochure.co.uk/images/products.hires/prod_11101_61430_164462.jpg,https://myebrochure.co.uk/images/brands/fotl_23.png,https://myebrochure.co.uk/images/products.hires/prod_61430_131512.jpg,https://myebrochure.co.uk/images/products.hires/prod_61430_131510.jpg,https://myebrochure.co.uk/images/products.hires/prod_61430_131511.jpg,,,,,,,,"<li>100&#37; combed ringspun cotton</li> <li>Soft hand feel</li> <li>Tailored fit</li> <li>Crew neck with 1x1 rib</li> <li>Self-fabric back neck tape</li> <li>New tear away back neck label</li> <li><b>Also available in ladies sizes code 61432, kids sizes code 61023 and girl&#39;s sizes code 61025</b></li>",61091000,MA
171745,0000001716535,61430,TSHIRT,T-SHIRTS,MSSTSH,MENS SHORT SLEEVE T-SHIRT,FOTL,Fruit Of The Loom,ME0028,CB,Colbalt Blue,0012  ,XL,Men's Iconic 150 T,2.09,1,12,72,08-04-2026 9:06,C,https://myebrochure.co.uk/images/colours/fotl/fotl-cb.jpg,https://myebrochure.co.uk/images/products/prod_11101_61430_164462.jpg,https://myebrochure.co.uk/images/products.small/prod_11101_61430_164462.jpg,https://myebrochure.co.uk/images/products.hires/prod_11101_61430_164462.jpg,https://myebrochure.co.uk/images/brands/fotl_23.png,https://myebrochure.co.uk/images/products.hires/prod_61430_131512.jpg,https://myebrochure.co.uk/images/products.hires/prod_61430_131510.jpg,https://myebrochure.co.uk/images/products.hires/prod_61430_131511.jpg,,,,,,,,"<li>100&#37; combed ringspun cotton</li> <li>Soft hand feel</li> <li>Tailored fit</li> <li>Crew neck with 1x1 rib</li> <li>Self-fabric back neck tape</li> <li>New tear away back neck label</li> <li><b>Also available in ladies sizes code 61432, kids sizes code 61023 and girl&#39;s sizes code 61025</b></li>",61091000,MA
171746,0000001716542,61430,TSHIRT,T-SHIRTS,MSSTSH,MENS SHORT SLEEVE T-SHIRT,FOTL,Fruit Of The Loom,ME0028,CB,Colbalt Blue,0012  ,2XL,Men's Iconic 150 T,2.09,1,12,72,08-04-2026 9:06,C,https://myebrochure.co.uk/images/colours/fotl/fotl-cb.jpg,https://myebrochure.co.uk/images/products/prod_11101_61430_164462.jpg,https://myebrochure.co.uk/images/products.small/prod_11101_61430_164462.jpg,https://myebrochure.co.uk/images/products.hires/prod_11101_61430_164462.jpg,https://myebrochure.co.uk/images/brands/fotl_23.png,https://myebrochure.co.uk/images/products.hires/prod_61430_131512.jpg,https://myebrochure.co.uk/images/products.hires/prod_61430_131510.jpg,https://myebrochure.co.uk/images/products.hires/prod_61430_131511.jpg,,,,,,,,"<li>100&#37; combed ringspun cotton</li> <li>Soft hand feel</li> <li>Tailored fit</li> <li>Crew neck with 1x1 rib</li> <li>Self-fabric back neck tape</li> <li>New tear away back neck label</li> <li><b>Also available in ladies sizes code 61432, kids sizes code 61023 and girl&#39;s sizes code 61025</b></li>",61091000,MA
171747,0000001716559,61430,TSHIRT,T-SHIRTS,MSSTSH,MENS SHORT SLEEVE T-SHIRT,FOTL,Fruit Of The Loom,ME0028,CB,Colbalt Blue,0012  ,3XL,Men's Iconic 150 T,2.85,1,12,36,08-04-2026 9:06,C,https://myebrochure.co.uk/images/colours/fotl/fotl-cb.jpg,https://myebrochure.co.uk/images/products/prod_11101_61430_164462.jpg,https://myebrochure.co.uk/images/products.small/prod_11101_61430_164462.jpg,https://myebrochure.co.uk/images/products.hires/prod_11101_61430_164462.jpg,https://myebrochure.co.uk/images/brands/fotl_23.png,https://myebrochure.co.uk/images/products.hires/prod_61430_131512.jpg,https://myebrochure.co.uk/images/products.hires/prod_61430_131510.jpg,https://myebrochure.co.uk/images/products.hires/prod_61430_131511.jpg,,,,,,,,"<li>100&#37; combed ringspun cotton</li> <li>Soft hand feel</li> <li>Tailored fit</li> <li>Crew neck with 1x1 rib</li> <li>Self-fabric back neck tape</li> <li>New tear away back neck label</li> <li><b>Also available in ladies sizes code 61432, kids sizes code 61023 and girl&#39;s sizes code 61025</b></li>",61091000,MA
171750,0000001716580,61430,TSHIRT,T-SHIRTS,MSSTSH,MENS SHORT SLEEVE T-SHIRT,FOTL,Fruit Of The Loom,ME0028,FR,Flame,0012  ,Small,Men's Iconic 150 T,2.09,1,12,72,08-04-2026 9:06,C,https://myebrochure.co.uk/images/colours/fotl/fotl-fr.jpg,https://myebrochure.co.uk/images/products/prod_11101_61430_164462.jpg,https://myebrochure.co.uk/images/products.small/prod_11101_61430_164462.jpg,https://myebrochure.co.uk/images/products.hires/prod_11101_61430_164462.jpg,https://myebrochure.co.uk/images/brands/fotl_23.png,https://myebrochure.co.uk/images/products.hires/prod_61430_131515.jpg,https://myebrochure.co.uk/images/products.hires/prod_61430_131513.jpg,https://myebrochure.co.uk/images/products.hires/prod_61430_131514.jpg,,,,,,,,"<li>100&#37; combed ringspun cotton</li> <li>Soft hand feel</li> <li>Tailored fit</li> <li>Crew neck with 1x1 rib</li> <li>Self-fabric back neck tape</li> <li>New tear away back neck label</li> <li><b>Also available in ladies sizes code 61432, kids sizes code 61023 and girl&#39;s sizes code 61025</b></li>",61091000,MA
171751,0000001716597,61430,TSHIRT,T-SHIRTS,MSSTSH,MENS SHORT SLEEVE T-SHIRT,FOTL,Fruit Of The Loom,ME0028,FR,Flame,0012  ,Medium,Men's Iconic 150 T,2.09,1,12,72,08-04-2026 9:06,C,https://myebrochure.co.uk/images/colours/fotl/fotl-fr.jpg,https://myebrochure.co.uk/images/products/prod_11101_61430_164462.jpg,https://myebrochure.co.uk/images/products.small/prod_11101_61430_164462.jpg,https://myebrochure.co.uk/images/products.hires/prod_11101_61430_164462.jpg,https://myebrochure.co.uk/images/brands/fotl_23.png,https://myebrochure.co.uk/images/products.hires/prod_61430_131515.jpg,https://myebrochure.co.uk/images/products.hires/prod_61430_131513.jpg,https://myebrochure.co.uk/images/products.hires/prod_61430_131514.jpg,,,,,,,,"<li>100&#37; combed ringspun cotton</li> <li>Soft hand feel</li> <li>Tailored fit</li> <li>Crew neck with 1x1 rib</li> <li>Self-fabric back neck tape</li> <li>New tear away back neck label</li> <li><b>Also available in ladies sizes code 61432, kids sizes code 61023 and girl&#39;s sizes code 61025</b></li>",61091000,MA
171752,0000001716603,61430,TSHIRT,T-SHIRTS,MSSTSH,MENS SHORT SLEEVE T-SHIRT,FOTL,Fruit Of The Loom,ME0028,FR,Flame,0012  ,Large,Men's Iconic 150 T,2.09,1,12,72,08-04-2026 9:06,C,https://myebrochure.co.uk/images/colours/fotl/fotl-fr.jpg,https://myebrochure.co.uk/images/products/prod_11101_61430_164462.jpg,https://myebrochure.co.uk/images/products.small/prod_11101_61430_164462.jpg,https://myebrochure.co.uk/images/products.hires/prod_11101_61430_164462.jpg,https://myebrochure.co.uk/images/brands/fotl_23.png,https://myebrochure.co.uk/images/products.hires/prod_61430_131515.jpg,https://myebrochure.co.uk/images/products.hires/prod_61430_131513.jpg,https://myebrochure.co.uk/images/products.hires/prod_61430_131514.jpg,,,,,,,,"<li>100&#37; combed ringspun cotton</li> <li>Soft hand feel</li> <li>Tailored fit</li> <li>Crew neck with 1x1 rib</li> <li>Self-fabric back neck tape</li> <li>New tear away back neck label</li> <li><b>Also available in ladies sizes code 61432, kids sizes code 61023 and girl&#39;s sizes code 61025</b></li>",61091000,MA
171753,0000001716610,61430,TSHIRT,T-SHIRTS,MSSTSH,MENS SHORT SLEEVE T-SHIRT,FOTL,Fruit Of The Loom,ME0028,FR,Flame,0012  ,XL,Men's Iconic 150 T,2.09,1,12,72,08-04-2026 9:06,C,https://myebrochure.co.uk/images/colours/fotl/fotl-fr.jpg,https://myebrochure.co.uk/images/products/prod_11101_61430_164462.jpg,https://myebrochure.co.uk/images/products.small/prod_11101_61430_164462.jpg,https://myebrochure.co.uk/images/products.hires/prod_11101_61430_164462.jpg,https://myebrochure.co.uk/images/brands/fotl_23.png,https://myebrochure.co.uk/images/products.hires/prod_61430_131515.jpg,https://myebrochure.co.uk/images/products.hires/prod_61430_131513.jpg,https://myebrochure.co.uk/images/products.hires/prod_61430_131514.jpg,,,,,,,,"<li>100&#37; combed ringspun cotton</li> <li>Soft hand feel</li> <li>Tailored fit</li> <li>Crew neck with 1x1 rib</li> <li>Self-fabric back neck tape</li> <li>New tear away back neck label</li> <li><b>Also available in ladies sizes code 61432, kids sizes code 61023 and girl&#39;s sizes code 61025</b></li>",61091000,MA
171754,0000001716627,61430,TSHIRT,T-SHIRTS,MSSTSH,MENS SHORT SLEEVE T-SHIRT,FOTL,Fruit Of The Loom,ME0028,FR,Flame,0012  ,2XL,Men's Iconic 150 T,2.09,1,12,72,08-04-2026 9:06,C,https://myebrochure.co.uk/images/colours/fotl/fotl-fr.jpg,https://myebrochure.co.uk/images/products/prod_11101_61430_164462.jpg,https://myebrochure.co.uk/images/products.small/prod_11101_61430_164462.jpg,https://myebrochure.co.uk/images/products.hires/prod_11101_61430_164462.jpg,https://myebrochure.co.uk/images/brands/fotl_23.png,https://myebrochure.co.uk/images/products.hires/prod_61430_131515.jpg,https://myebrochure.co.uk/images/products.hires/prod_61430_131513.jpg,https://myebrochure.co.uk/images/products.hires/prod_61430_131514.jpg,,,,,,,,"<li>100&#37; combed ringspun cotton</li> <li>Soft hand feel</li> <li>Tailored fit</li> <li>Crew neck with 1x1 rib</li> <li>Self-fabric back neck tape</li> <li>New tear away back neck label</li> <li><b>Also available in ladies sizes code 61432, kids sizes code 61023 and girl&#39;s sizes code 61025</b></li>",61091000,MA
171755,0000001716634,61430,TSHIRT,T-SHIRTS,MSSTSH,MENS SHORT SLEEVE T-SHIRT,FOTL,Fruit Of The Loom,ME0028,FR,Flame,0012  ,3XL,Men's Iconic 150 T,2.85,1,12,36,08-04-2026 9:06,C,https://myebrochure.co.uk/images/colours/fotl/fotl-fr.jpg,https://myebrochure.co.uk/images/products/prod_11101_61430_164462.jpg,https://myebrochure.co.uk/images/products.small/prod_11101_61430_164462.jpg,https://myebrochure.co.uk/images/products.hires/prod_11101_61430_164462.jpg,https://myebrochure.co.uk/images/brands/fotl_23.png,https://myebrochure.co.uk/images/products.hires/prod_61430_131515.jpg,https://myebrochure.co.uk/images/products.hires/prod_61430_131513.jpg,https://myebrochure.co.uk/images/products.hires/prod_61430_131514.jpg,,,,,,,,"<li>100&#37; combed ringspun cotton</li> <li>Soft hand feel</li> <li>Tailored fit</li> <li>Crew neck with 1x1 rib</li> <li>Self-fabric back neck tape</li> <li>New tear away back neck label</li> <li><b>Also available in ladies sizes code 61432, kids sizes code 61023 and girl&#39;s sizes code 61025</b></li>",61091000,MA
171758,0000001716665,61430,TSHIRT,T-SHIRTS,MSSTSH,MENS SHORT SLEEVE T-SHIRT,FOTL,Fruit Of The Loom,ME0028,94,Heather Grey,0012  ,Small,Men's Iconic 150 T,2.09,1,12,72,08-04-2026 9:06,C,https://myebrochure.co.uk/images/colours/fotl/fotl-94.jpg,https://myebrochure.co.uk/images/products/prod_11101_61430_164462.jpg,https://myebrochure.co.uk/images/products.small/prod_11101_61430_164462.jpg,https://myebrochure.co.uk/images/products.hires/prod_11101_61430_164462.jpg,https://myebrochure.co.uk/images/brands/fotl_23.png,https://myebrochure.co.uk/images/products.hires/prod_61430_131506.jpg,https://myebrochure.co.uk/images/products.hires/prod_61430_131504.jpg,https://myebrochure.co.uk/images/products.hires/prod_61430_131505.jpg,,,,,,,,"<li>100&#37; combed ringspun cotton</li> <li>Soft hand feel</li> <li>Tailored fit</li> <li>Crew neck with 1x1 rib</li> <li>Self-fabric back neck tape</li> <li>New tear away back neck label</li> <li><b>Also available in ladies sizes code 61432, kids sizes code 61023 and girl&#39;s sizes code 61025</b></li>",61091000,MA
171759,0000001716672,61430,TSHIRT,T-SHIRTS,MSSTSH,MENS SHORT SLEEVE T-SHIRT,FOTL,Fruit Of The Loom,ME0028,94,Heather Grey,0012  ,Medium,Men's Iconic 150 T,2.09,1,12,72,08-04-2026 9:06,C,https://myebrochure.co.uk/images/colours/fotl/fotl-94.jpg,https://myebrochure.co.uk/images/products/prod_11101_61430_164462.jpg,https://myebrochure.co.uk/images/products.small/prod_11101_61430_164462.jpg,https://myebrochure.co.uk/images/products.hires/prod_11101_61430_164462.jpg,https://myebrochure.co.uk/images/brands/fotl_23.png,https://myebrochure.co.uk/images/products.hires/prod_61430_131506.jpg,https://myebrochure.co.uk/images/products.hires/prod_61430_131504.jpg,https://myebrochure.co.uk/images/products.hires/prod_61430_131505.jpg,,,,,,,,"<li>100&#37; combed ringspun cotton</li> <li>Soft hand feel</li> <li>Tailored fit</li> <li>Crew neck with 1x1 rib</li> <li>Self-fabric back neck tape</li> <li>New tear away back neck label</li> <li><b>Also available in ladies sizes code 61432, kids sizes code 61023 and girl&#39;s sizes code 61025</b></li>",61091000,MA
171760,0000001716689,61430,TSHIRT,T-SHIRTS,MSSTSH,MENS SHORT SLEEVE T-SHIRT,FOTL,Fruit Of The Loom,ME0028,94,Heather Grey,0012  ,Large,Men's Iconic 150 T,2.09,1,12,72,08-04-2026 9:06,C,https://myebrochure.co.uk/images/colours/fotl/fotl-94.jpg,https://myebrochure.co.uk/images/products/prod_11101_61430_164462.jpg,https://myebrochure.co.uk/images/products.small/prod_11101_61430_164462.jpg,https://myebrochure.co.uk/images/products.hires/prod_11101_61430_164462.jpg,https://myebrochure.co.uk/images/brands/fotl_23.png,https://myebrochure.co.uk/images/products.hires/prod_61430_131506.jpg,https://myebrochure.co.uk/images/products.hires/prod_61430_131504.jpg,https://myebrochure.co.uk/images/products.hires/prod_61430_131505.jpg,,,,,,,,"<li>100&#37; combed ringspun cotton</li> <li>Soft hand feel</li> <li>Tailored fit</li> <li>Crew neck with 1x1 rib</li> <li>Self-fabric back neck tape</li> <li>New tear away back neck label</li> <li><b>Also available in ladies sizes code 61432, kids sizes code 61023 and girl&#39;s sizes code 61025</b></li>",61091000,MA
171761,0000001716696,61430,TSHIRT,T-SHIRTS,MSSTSH,MENS SHORT SLEEVE T-SHIRT,FOTL,Fruit Of The Loom,ME0028,94,Heather Grey,0012  ,XL,Men's Iconic 150 T,2.09,1,12,72,08-04-2026 9:06,C,https://myebrochure.co.uk/images/colours/fotl/fotl-94.jpg,https://myebrochure.co.uk/images/products/prod_11101_61430_164462.jpg,https://myebrochure.co.uk/images/products.small/prod_11101_61430_164462.jpg,https://myebrochure.co.uk/images/products.hires/prod_11101_61430_164462.jpg,https://myebrochure.co.uk/images/brands/fotl_23.png,https://myebrochure.co.uk/images/products.hires/prod_61430_131506.jpg,https://myebrochure.co.uk/images/products.hires/prod_61430_131504.jpg,https://myebrochure.co.uk/images/products.hires/prod_61430_131505.jpg,,,,,,,,"<li>100&#37; combed ringspun cotton</li> <li>Soft hand feel</li> <li>Tailored fit</li> <li>Crew neck with 1x1 rib</li> <li>Self-fabric back neck tape</li> <li>New tear away back neck label</li> <li><b>Also available in ladies sizes code 61432, kids sizes code 61023 and girl&#39;s sizes code 61025</b></li>",61091000,MA
171762,0000001716702,61430,TSHIRT,T-SHIRTS,MSSTSH,MENS SHORT SLEEVE T-SHIRT,FOTL,Fruit Of The Loom,ME0028,94,Heather Grey,0012  ,2XL,Men's Iconic 150 T,2.09,1,12,72,08-04-2026 9:06,C,https://myebrochure.co.uk/images/colours/fotl/fotl-94.jpg,https://myebrochure.co.uk/images/products/prod_11101_61430_164462.jpg,https://myebrochure.co.uk/images/products.small/prod_11101_61430_164462.jpg,https://myebrochure.co.uk/images/products.hires/prod_11101_61430_164462.jpg,https://myebrochure.co.uk/images/brands/fotl_23.png,https://myebrochure.co.uk/images/products.hires/prod_61430_131506.jpg,https://myebrochure.co.uk/images/products.hires/prod_61430_131504.jpg,https://myebrochure.co.uk/images/products.hires/prod_61430_131505.jpg,,,,,,,,"<li>100&#37; combed ringspun cotton</li> <li>Soft hand feel</li> <li>Tailored fit</li> <li>Crew neck with 1x1 rib</li> <li>Self-fabric back neck tape</li> <li>New tear away back neck label</li> <li><b>Also available in ladies sizes code 61432, kids sizes code 61023 and girl&#39;s sizes code 61025</b></li>",61091000,MA
171763,0000001716719,61430,TSHIRT,T-SHIRTS,MSSTSH,MENS SHORT SLEEVE T-SHIRT,FOTL,Fruit Of The Loom,ME0028,94,Heather Grey,0012  ,3XL,Men's Iconic 150 T,2.85,1,12,36,08-04-2026 9:06,C,https://myebrochure.co.uk/images/colours/fotl/fotl-94.jpg,https://myebrochure.co.uk/images/products/prod_11101_61430_164462.jpg,https://myebrochure.co.uk/images/products.small/prod_11101_61430_164462.jpg,https://myebrochure.co.uk/images/products.hires/prod_11101_61430_164462.jpg,https://myebrochure.co.uk/images/brands/fotl_23.png,https://myebrochure.co.uk/images/products.hires/prod_61430_131506.jpg,https://myebrochure.co.uk/images/products.hires/prod_61430_131504.jpg,https://myebrochure.co.uk/images/products.hires/prod_61430_131505.jpg,,,,,,,,"<li>100&#37; combed ringspun cotton</li> <li>Soft hand feel</li> <li>Tailored fit</li> <li>Crew neck with 1x1 rib</li> <li>Self-fabric back neck tape</li> <li>New tear away back neck label</li> <li><b>Also available in ladies sizes code 61432, kids sizes code 61023 and girl&#39;s sizes code 61025</b></li>",61091000,MA
171764,0000001716726,61430,TSHIRT,T-SHIRTS,MSSTSH,MENS SHORT SLEEVE T-SHIRT,FOTL,Fruit Of The Loom,ME0028,94,Heather Grey,0012  ,4XL,Men's Iconic 150 T,2.85,1,12,36,08-04-2026 9:06,C,https://myebrochure.co.uk/images/colours/fotl/fotl-94.jpg,https://myebrochure.co.uk/images/products/prod_11101_61430_164462.jpg,https://myebrochure.co.uk/images/products.small/prod_11101_61430_164462.jpg,https://myebrochure.co.uk/images/products.hires/prod_11101_61430_164462.jpg,https://myebrochure.co.uk/images/brands/fotl_23.png,https://myebrochure.co.uk/images/products.hires/prod_61430_131506.jpg,https://myebrochure.co.uk/images/products.hires/prod_61430_131504.jpg,https://myebrochure.co.uk/images/products.hires/prod_61430_131505.jpg,,,,,,,,"<li>100&#37; combed ringspun cotton</li> <li>Soft hand feel</li> <li>Tailored fit</li> <li>Crew neck with 1x1 rib</li> <li>Self-fabric back neck tape</li> <li>New tear away back neck label</li> <li><b>Also available in ladies sizes code 61432, kids sizes code 61023 and girl&#39;s sizes code 61025</b></li>",61091000,MA
171765,0000001716733,61430,TSHIRT,T-SHIRTS,MSSTSH,MENS SHORT SLEEVE T-SHIRT,FOTL,Fruit Of The Loom,ME0028,94,Heather Grey,0012  ,5XL,Men's Iconic 150 T,2.85,1,12,36,08-04-2026 9:06,C,https://myebrochure.co.uk/images/colours/fotl/fotl-94.jpg,https://myebrochure.co.uk/images/products/prod_11101_61430_164462.jpg,https://myebrochure.co.uk/images/products.small/prod_11101_61430_164462.jpg,https://myebrochure.co.uk/images/products.hires/prod_11101_61430_164462.jpg,https://myebrochure.co.uk/images/brands/fotl_23.png,https://myebrochure.co.uk/images/products.hires/prod_61430_131506.jpg,https://myebrochure.co.uk/images/products.hires/prod_61430_131504.jpg,https://myebrochure.co.uk/images/products.hires/prod_61430_131505.jpg,,,,,,,,"<li>100&#37; combed ringspun cotton</li> <li>Soft hand feel</li> <li>Tailored fit</li> <li>Crew neck with 1x1 rib</li> <li>Self-fabric back neck tape</li> <li>New tear away back neck label</li> <li><b>Also available in ladies sizes code 61432, kids sizes code 61023 and girl&#39;s sizes code 61025</b></li>",61091000,MA
171766,0000001716740,61430,TSHIRT,T-SHIRTS,MSSTSH,MENS SHORT SLEEVE T-SHIRT,FOTL,Fruit Of The Loom,ME0028,AZ,Deep Navy,0012  ,Small,Men's Iconic 150 T,2.09,1,12,72,08-04-2026 9:06,C,https://myebrochure.co.uk/images/colours/fotl/fotl-az.jpg,https://myebrochure.co.uk/images/products/prod_11101_61430_164462.jpg,https://myebrochure.co.uk/images/products.small/prod_11101_61430_164462.jpg,https://myebrochure.co.uk/images/products.hires/prod_11101_61430_164462.jpg,https://myebrochure.co.uk/images/brands/fotl_23.png,https://myebrochure.co.uk/images/products.hires/prod_61430_131509.jpg,https://myebrochure.co.uk/images/products.hires/prod_61430_131507.jpg,https://myebrochure.co.uk/images/products.hires/prod_61430_131508.jpg,,,,,,,,"<li>100&#37; combed ringspun cotton</li> <li>Soft hand feel</li> <li>Tailored fit</li> <li>Crew neck with 1x1 rib</li> <li>Self-fabric back neck tape</li> <li>New tear away back neck label</li> <li><b>Also available in ladies sizes code 61432, kids sizes code 61023 and girl&#39;s sizes code 61025</b></li>",61091000,MA
171767,0000001716757,61430,TSHIRT,T-SHIRTS,MSSTSH,MENS SHORT SLEEVE T-SHIRT,FOTL,Fruit Of The Loom,ME0028,AZ,Deep Navy,0012  ,Medium,Men's Iconic 150 T,2.09,1,12,72,08-04-2026 9:06,C,https://myebrochure.co.uk/images/colours/fotl/fotl-az.jpg,https://myebrochure.co.uk/images/products/prod_11101_61430_164462.jpg,https://myebrochure.co.uk/images/products.small/prod_11101_61430_164462.jpg,https://myebrochure.co.uk/images/products.hires/prod_11101_61430_164462.jpg,https://myebrochure.co.uk/images/brands/fotl_23.png,https://myebrochure.co.uk/images/products.hires/prod_61430_131509.jpg,https://myebrochure.co.uk/images/products.hires/prod_61430_131507.jpg,https://myebrochure.co.uk/images/products.hires/prod_61430_131508.jpg,,,,,,,,"<li>100&#37; combed ringspun cotton</li> <li>Soft hand feel</li> <li>Tailored fit</li> <li>Crew neck with 1x1 rib</li> <li>Self-fabric back neck tape</li> <li>New tear away back neck label</li> <li><b>Also available in ladies sizes code 61432, kids sizes code 61023 and girl&#39;s sizes code 61025</b></li>",61091000,MA
171768,0000001716764,61430,TSHIRT,T-SHIRTS,MSSTSH,MENS SHORT SLEEVE T-SHIRT,FOTL,Fruit Of The Loom,ME0028,AZ,Deep Navy,0012  ,Large,Men's Iconic 150 T,2.09,1,12,72,08-04-2026 9:06,C,https://myebrochure.co.uk/images/colours/fotl/fotl-az.jpg,https://myebrochure.co.uk/images/products/prod_11101_61430_164462.jpg,https://myebrochure.co.uk/images/products.small/prod_11101_61430_164462.jpg,https://myebrochure.co.uk/images/products.hires/prod_11101_61430_164462.jpg,https://myebrochure.co.uk/images/brands/fotl_23.png,https://myebrochure.co.uk/images/products.hires/prod_61430_131509.jpg,https://myebrochure.co.uk/images/products.hires/prod_61430_131507.jpg,https://myebrochure.co.uk/images/products.hires/prod_61430_131508.jpg,,,,,,,,"<li>100&#37; combed ringspun cotton</li> <li>Soft hand feel</li> <li>Tailored fit</li> <li>Crew neck with 1x1 rib</li> <li>Self-fabric back neck tape</li> <li>New tear away back neck label</li> <li><b>Also available in ladies sizes code 61432, kids sizes code 61023 and girl&#39;s sizes code 61025</b></li>",61091000,MA
171769,0000001716771,61430,TSHIRT,T-SHIRTS,MSSTSH,MENS SHORT SLEEVE T-SHIRT,FOTL,Fruit Of The Loom,ME0028,AZ,Deep Navy,0012  ,XL,Men's Iconic 150 T,2.09,1,12,72,08-04-2026 9:06,C,https://myebrochure.co.uk/images/colours/fotl/fotl-az.jpg,https://myebrochure.co.uk/images/products/prod_11101_61430_164462.jpg,https://myebrochure.co.uk/images/products.small/prod_11101_61430_164462.jpg,https://myebrochure.co.uk/images/products.hires/prod_11101_61430_164462.jpg,https://myebrochure.co.uk/images/brands/fotl_23.png,https://myebrochure.co.uk/images/products.hires/prod_61430_131509.jpg,https://myebrochure.co.uk/images/products.hires/prod_61430_131507.jpg,https://myebrochure.co.uk/images/products.hires/prod_61430_131508.jpg,,,,,,,,"<li>100&#37; combed ringspun cotton</li> <li>Soft hand feel</li> <li>Tailored fit</li> <li>Crew neck with 1x1 rib</li> <li>Self-fabric back neck tape</li> <li>New tear away back neck label</li> <li><b>Also available in ladies sizes code 61432, kids sizes code 61023 and girl&#39;s sizes code 61025</b></li>",61091000,MA
171770,0000001716788,61430,TSHIRT,T-SHIRTS,MSSTSH,MENS SHORT SLEEVE T-SHIRT,FOTL,Fruit Of The Loom,ME0028,AZ,Deep Navy,0012  ,2XL,Men's Iconic 150 T,2.09,1,12,72,08-04-2026 9:06,C,https://myebrochure.co.uk/images/colours/fotl/fotl-az.jpg,https://myebrochure.co.uk/images/products/prod_11101_61430_164462.jpg,https://myebrochure.co.uk/images/products.small/prod_11101_61430_164462.jpg,https://myebrochure.co.uk/images/products.hires/prod_11101_61430_164462.jpg,https://myebrochure.co.uk/images/brands/fotl_23.png,https://myebrochure.co.uk/images/products.hires/prod_61430_131509.jpg,https://myebrochure.co.uk/images/products.hires/prod_61430_131507.jpg,https://myebrochure.co.uk/images/products.hires/prod_61430_131508.jpg,,,,,,,,"<li>100&#37; combed ringspun cotton</li> <li>Soft hand feel</li> <li>Tailored fit</li> <li>Crew neck with 1x1 rib</li> <li>Self-fabric back neck tape</li> <li>New tear away back neck label</li> <li><b>Also available in ladies sizes code 61432, kids sizes code 61023 and girl&#39;s sizes code 61025</b></li>",61091000,MA
171771,0000001716795,61430,TSHIRT,T-SHIRTS,MSSTSH,MENS SHORT SLEEVE T-SHIRT,FOTL,Fruit Of The Loom,ME0028,AZ,Deep Navy,0012  ,3XL,Men's Iconic 150 T,2.85,1,12,36,08-04-2026 9:06,C,https://myebrochure.co.uk/images/colours/fotl/fotl-az.jpg,https://myebrochure.co.uk/images/products/prod_11101_61430_164462.jpg,https://myebrochure.co.uk/images/products.small/prod_11101_61430_164462.jpg,https://myebrochure.co.uk/images/products.hires/prod_11101_61430_164462.jpg,https://myebrochure.co.uk/images/brands/fotl_23.png,https://myebrochure.co.uk/images/products.hires/prod_61430_131509.jpg,https://myebrochure.co.uk/images/products.hires/prod_61430_131507.jpg,https://myebrochure.co.uk/images/products.hires/prod_61430_131508.jpg,,,,,,,,"<li>100&#37; combed ringspun cotton</li> <li>Soft hand feel</li> <li>Tailored fit</li> <li>Crew neck with 1x1 rib</li> <li>Self-fabric back neck tape</li> <li>New tear away back neck label</li> <li><b>Also available in ladies sizes code 61432, kids sizes code 61023 and girl&#39;s sizes code 61025</b></li>",61091000,MA
171772,0000001716801,61430,TSHIRT,T-SHIRTS,MSSTSH,MENS SHORT SLEEVE T-SHIRT,FOTL,Fruit Of The Loom,ME0028,AZ,Deep Navy,0012  ,4XL,Men's Iconic 150 T,2.85,1,12,36,08-04-2026 9:06,C,https://myebrochure.co.uk/images/colours/fotl/fotl-az.jpg,https://myebrochure.co.uk/images/products/prod_11101_61430_164462.jpg,https://myebrochure.co.uk/images/products.small/prod_11101_61430_164462.jpg,https://myebrochure.co.uk/images/products.hires/prod_11101_61430_164462.jpg,https://myebrochure.co.uk/images/brands/fotl_23.png,https://myebrochure.co.uk/images/products.hires/prod_61430_131509.jpg,https://myebrochure.co.uk/images/products.hires/prod_61430_131507.jpg,https://myebrochure.co.uk/images/products.hires/prod_61430_131508.jpg,,,,,,,,"<li>100&#37; combed ringspun cotton</li> <li>Soft hand feel</li> <li>Tailored fit</li> <li>Crew neck with 1x1 rib</li> <li>Self-fabric back neck tape</li> <li>New tear away back neck label</li> <li><b>Also available in ladies sizes code 61432, kids sizes code 61023 and girl&#39;s sizes code 61025</b></li>",61091000,MA
171774,0000001716825,61430,TSHIRT,T-SHIRTS,MSSTSH,MENS SHORT SLEEVE T-SHIRT,FOTL,Fruit Of The Loom,ME0028,GL,Light Graphite,0012  ,Small,Men's Iconic 150 T,2.09,1,12,72,08-04-2026 9:06,C,https://myebrochure.co.uk/images/colours/fotl/fotl-gl.jpg,https://myebrochure.co.uk/images/products/prod_11101_61430_164462.jpg,https://myebrochure.co.uk/images/products.small/prod_11101_61430_164462.jpg,https://myebrochure.co.uk/images/products.hires/prod_11101_61430_164462.jpg,https://myebrochure.co.uk/images/brands/fotl_23.png,https://myebrochure.co.uk/images/products.hires/prod_61430_131518.jpg,https://myebrochure.co.uk/images/products.hires/prod_61430_131516.jpg,https://myebrochure.co.uk/images/products.hires/prod_61430_131517.jpg,,,,,,,,"<li>100&#37; combed ringspun cotton</li> <li>Soft hand feel</li> <li>Tailored fit</li> <li>Crew neck with 1x1 rib</li> <li>Self-fabric back neck tape</li> <li>New tear away back neck label</li> <li><b>Also available in ladies sizes code 61432, kids sizes code 61023 and girl&#39;s sizes code 61025</b></li>",61091000,MA
171775,0000001716832,61430,TSHIRT,T-SHIRTS,MSSTSH,MENS SHORT SLEEVE T-SHIRT,FOTL,Fruit Of The Loom,ME0028,GL,Light Graphite,0012  ,Medium,Men's Iconic 150 T,2.09,1,12,72,08-04-2026 9:06,C,https://myebrochure.co.uk/images/colours/fotl/fotl-gl.jpg,https://myebrochure.co.uk/images/products/prod_11101_61430_164462.jpg,https://myebrochure.co.uk/images/products.small/prod_11101_61430_164462.jpg,https://myebrochure.co.uk/images/products.hires/prod_11101_61430_164462.jpg,https://myebrochure.co.uk/images/brands/fotl_23.png,https://myebrochure.co.uk/images/products.hires/prod_61430_131518.jpg,https://myebrochure.co.uk/images/products.hires/prod_61430_131516.jpg,https://myebrochure.co.uk/images/products.hires/prod_61430_131517.jpg,,,,,,,,"<li>100&#37; combed ringspun cotton</li> <li>Soft hand feel</li> <li>Tailored fit</li> <li>Crew neck with 1x1 rib</li> <li>Self-fabric back neck tape</li> <li>New tear away back neck label</li> <li><b>Also available in ladies sizes code 61432, kids sizes code 61023 and girl&#39;s sizes code 61025</b></li>",61091000,MA
171776,0000001716849,61430,TSHIRT,T-SHIRTS,MSSTSH,MENS SHORT SLEEVE T-SHIRT,FOTL,Fruit Of The Loom,ME0028,GL,Light Graphite,0012  ,Large,Men's Iconic 150 T,2.09,1,12,72,08-04-2026 9:06,C,https://myebrochure.co.uk/images/colours/fotl/fotl-gl.jpg,https://myebrochure.co.uk/images/products/prod_11101_61430_164462.jpg,https://myebrochure.co.uk/images/products.small/prod_11101_61430_164462.jpg,https://myebrochure.co.uk/images/products.hires/prod_11101_61430_164462.jpg,https://myebrochure.co.uk/images/brands/fotl_23.png,https://myebrochure.co.uk/images/products.hires/prod_61430_131518.jpg,https://myebrochure.co.uk/images/products.hires/prod_61430_131516.jpg,https://myebrochure.co.uk/images/products.hires/prod_61430_131517.jpg,,,,,,,,"<li>100&#37; combed ringspun cotton</li> <li>Soft hand feel</li> <li>Tailored fit</li> <li>Crew neck with 1x1 rib</li> <li>Self-fabric back neck tape</li> <li>New tear away back neck label</li> <li><b>Also available in ladies sizes code 61432, kids sizes code 61023 and girl&#39;s sizes code 61025</b></li>",61091000,MA
171777,0000001716856,61430,TSHIRT,T-SHIRTS,MSSTSH,MENS SHORT SLEEVE T-SHIRT,FOTL,Fruit Of The Loom,ME0028,GL,Light Graphite,0012  ,XL,Men's Iconic 150 T,2.09,1,12,72,08-04-2026 9:06,C,https://myebrochure.co.uk/images/colours/fotl/fotl-gl.jpg,https://myebrochure.co.uk/images/products/prod_11101_61430_164462.jpg,https://myebrochure.co.uk/images/products.small/prod_11101_61430_164462.jpg,https://myebrochure.co.uk/images/products.hires/prod_11101_61430_164462.jpg,https://myebrochure.co.uk/images/brands/fotl_23.png,https://myebrochure.co.uk/images/products.hires/prod_61430_131518.jpg,https://myebrochure.co.uk/images/products.hires/prod_61430_131516.jpg,https://myebrochure.co.uk/images/products.hires/prod_61430_131517.jpg,,,,,,,,"<li>100&#37; combed ringspun cotton</li> <li>Soft hand feel</li> <li>Tailored fit</li> <li>Crew neck with 1x1 rib</li> <li>Self-fabric back neck tape</li> <li>New tear away back neck label</li> <li><b>Also available in ladies sizes code 61432, kids sizes code 61023 and girl&#39;s sizes code 61025</b></li>",61091000,MA
171778,0000001716863,61430,TSHIRT,T-SHIRTS,MSSTSH,MENS SHORT SLEEVE T-SHIRT,FOTL,Fruit Of The Loom,ME0028,GL,Light Graphite,0012  ,2XL,Men's Iconic 150 T,2.09,1,12,72,08-04-2026 9:06,C,https://myebrochure.co.uk/images/colours/fotl/fotl-gl.jpg,https://myebrochure.co.uk/images/products/prod_11101_61430_164462.jpg,https://myebrochure.co.uk/images/products.small/prod_11101_61430_164462.jpg,https://myebrochure.co.uk/images/products.hires/prod_11101_61430_164462.jpg,https://myebrochure.co.uk/images/brands/fotl_23.png,https://myebrochure.co.uk/images/products.hires/prod_61430_131518.jpg,https://myebrochure.co.uk/images/products.hires/prod_61430_131516.jpg,https://myebrochure.co.uk/images/products.hires/prod_61430_131517.jpg,,,,,,,,"<li>100&#37; combed ringspun cotton</li> <li>Soft hand feel</li> <li>Tailored fit</li> <li>Crew neck with 1x1 rib</li> <li>Self-fabric back neck tape</li> <li>New tear away back neck label</li> <li><b>Also available in ladies sizes code 61432, kids sizes code 61023 and girl&#39;s sizes code 61025</b></li>",61091000,MA
171779,0000001716870,61430,TSHIRT,T-SHIRTS,MSSTSH,MENS SHORT SLEEVE T-SHIRT,FOTL,Fruit Of The Loom,ME0028,GL,Light Graphite,0012  ,3XL,Men's Iconic 150 T,2.85,1,12,36,08-04-2026 9:06,C,https://myebrochure.co.uk/images/colours/fotl/fotl-gl.jpg,https://myebrochure.co.uk/images/products/prod_11101_61430_164462.jpg,https://myebrochure.co.uk/images/products.small/prod_11101_61430_164462.jpg,https://myebrochure.co.uk/images/products.hires/prod_11101_61430_164462.jpg,https://myebrochure.co.uk/images/brands/fotl_23.png,https://myebrochure.co.uk/images/products.hires/prod_61430_131518.jpg,https://myebrochure.co.uk/images/products.hires/prod_61430_131516.jpg,https://myebrochure.co.uk/images/products.hires/prod_61430_131517.jpg,,,,,,,,"<li>100&#37; combed ringspun cotton</li> <li>Soft hand feel</li> <li>Tailored fit</li> <li>Crew neck with 1x1 rib</li> <li>Self-fabric back neck tape</li> <li>New tear away back neck label</li> <li><b>Also available in ladies sizes code 61432, kids sizes code 61023 and girl&#39;s sizes code 61025</b></li>",61091000,MA
171782,0000001716900,61430,TSHIRT,T-SHIRTS,MSSTSH,MENS SHORT SLEEVE T-SHIRT,FOTL,Fruit Of The Loom,ME0028,TM,Forest Green,0012  ,Small,Men's Iconic 150 T,2.09,1,12,72,08-04-2026 9:06,C,https://myebrochure.co.uk/images/colours/fotl/fotl-tm.jpg,https://myebrochure.co.uk/images/products/prod_11101_61430_164462.jpg,https://myebrochure.co.uk/images/products.small/prod_11101_61430_164462.jpg,https://myebrochure.co.uk/images/products.hires/prod_11101_61430_164462.jpg,https://myebrochure.co.uk/images/brands/fotl_23.png,https://myebrochure.co.uk/images/products.hires/prod_61430_131530.jpg,https://myebrochure.co.uk/images/products.hires/prod_61430_131528.jpg,https://myebrochure.co.uk/images/products.hires/prod_61430_131529.jpg,,,,,,,,"<li>100&#37; combed ringspun cotton</li> <li>Soft hand feel</li> <li>Tailored fit</li> <li>Crew neck with 1x1 rib</li> <li>Self-fabric back neck tape</li> <li>New tear away back neck label</li> <li><b>Also available in ladies sizes code 61432, kids sizes code 61023 and girl&#39;s sizes code 61025</b></li>",61091000,MA
171783,0000001716917,61430,TSHIRT,T-SHIRTS,MSSTSH,MENS SHORT SLEEVE T-SHIRT,FOTL,Fruit Of The Loom,ME0028,TM,Forest Green,0012  ,Medium,Men's Iconic 150 T,2.09,1,12,72,08-04-2026 9:06,C,https://myebrochure.co.uk/images/colours/fotl/fotl-tm.jpg,https://myebrochure.co.uk/images/products/prod_11101_61430_164462.jpg,https://myebrochure.co.uk/images/products.small/prod_11101_61430_164462.jpg,https://myebrochure.co.uk/images/products.hires/prod_11101_61430_164462.jpg,https://myebrochure.co.uk/images/brands/fotl_23.png,https://myebrochure.co.uk/images/products.hires/prod_61430_131530.jpg,https://myebrochure.co.uk/images/products.hires/prod_61430_131528.jpg,https://myebrochure.co.uk/images/products.hires/prod_61430_131529.jpg,,,,,,,,"<li>100&#37; combed ringspun cotton</li> <li>Soft hand feel</li> <li>Tailored fit</li> <li>Crew neck with 1x1 rib</li> <li>Self-fabric back neck tape</li> <li>New tear away back neck label</li> <li><b>Also available in ladies sizes code 61432, kids sizes code 61023 and girl&#39;s sizes code 61025</b></li>",61091000,MA
171784,0000001716924,61430,TSHIRT,T-SHIRTS,MSSTSH,MENS SHORT SLEEVE T-SHIRT,FOTL,Fruit Of The Loom,ME0028,TM,Forest Green,0012  ,Large,Men's Iconic 150 T,2.09,1,12,72,08-04-2026 9:06,C,https://myebrochure.co.uk/images/colours/fotl/fotl-tm.jpg,https://myebrochure.co.uk/images/products/prod_11101_61430_164462.jpg,https://myebrochure.co.uk/images/products.small/prod_11101_61430_164462.jpg,https://myebrochure.co.uk/images/products.hires/prod_11101_61430_164462.jpg,https://myebrochure.co.uk/images/brands/fotl_23.png,https://myebrochure.co.uk/images/products.hires/prod_61430_131530.jpg,https://myebrochure.co.uk/images/products.hires/prod_61430_131528.jpg,https://myebrochure.co.uk/images/products.hires/prod_61430_131529.jpg,,,,,,,,"<li>100&#37; combed ringspun cotton</li> <li>Soft hand feel</li> <li>Tailored fit</li> <li>Crew neck with 1x1 rib</li> <li>Self-fabric back neck tape</li> <li>New tear away back neck label</li> <li><b>Also available in ladies sizes code 61432, kids sizes code 61023 and girl&#39;s sizes code 61025</b></li>",61091000,MA
171785,0000001716931,61430,TSHIRT,T-SHIRTS,MSSTSH,MENS SHORT SLEEVE T-SHIRT,FOTL,Fruit Of The Loom,ME0028,TM,Forest Green,0012  ,XL,Men's Iconic 150 T,2.09,1,12,72,08-04-2026 9:06,C,https://myebrochure.co.uk/images/colours/fotl/fotl-tm.jpg,https://myebrochure.co.uk/images/products/prod_11101_61430_164462.jpg,https://myebrochure.co.uk/images/products.small/prod_11101_61430_164462.jpg,https://myebrochure.co.uk/images/products.hires/prod_11101_61430_164462.jpg,https://myebrochure.co.uk/images/brands/fotl_23.png,https://myebrochure.co.uk/images/products.hires/prod_61430_131530.jpg,https://myebrochure.co.uk/images/products.hires/prod_61430_131528.jpg,https://myebrochure.co.uk/images/products.hires/prod_61430_131529.jpg,,,,,,,,"<li>100&#37; combed ringspun cotton</li> <li>Soft hand feel</li> <li>Tailored fit</li> <li>Crew neck with 1x1 rib</li> <li>Self-fabric back neck tape</li> <li>New tear away back neck label</li> <li><b>Also available in ladies sizes code 61432, kids sizes code 61023 and girl&#39;s sizes code 61025</b></li>",61091000,MA
171786,0000001716948,61430,TSHIRT,T-SHIRTS,MSSTSH,MENS SHORT SLEEVE T-SHIRT,FOTL,Fruit Of The Loom,ME0028,TM,Forest Green,0012  ,2XL,Men's Iconic 150 T,2.09,1,12,72,08-04-2026 9:06,C,https://myebrochure.co.uk/images/colours/fotl/fotl-tm.jpg,https://myebrochure.co.uk/images/products/prod_11101_61430_164462.jpg,https://myebrochure.co.uk/images/products.small/prod_11101_61430_164462.jpg,https://myebrochure.co.uk/images/products.hires/prod_11101_61430_164462.jpg,https://myebrochure.co.uk/images/brands/fotl_23.png,https://myebrochure.co.uk/images/products.hires/prod_61430_131530.jpg,https://myebrochure.co.uk/images/products.hires/prod_61430_131528.jpg,https://myebrochure.co.uk/images/products.hires/prod_61430_131529.jpg,,,,,,,,"<li>100&#37; combed ringspun cotton</li> <li>Soft hand feel</li> <li>Tailored fit</li> <li>Crew neck with 1x1 rib</li> <li>Self-fabric back neck tape</li> <li>New tear away back neck label</li> <li><b>Also available in ladies sizes code 61432, kids sizes code 61023 and girl&#39;s sizes code 61025</b></li>",61091000,MA
171787,0000001716955,61430,TSHIRT,T-SHIRTS,MSSTSH,MENS SHORT SLEEVE T-SHIRT,FOTL,Fruit Of The Loom,ME0028,TM,Forest Green,0012  ,3XL,Men's Iconic 150 T,2.85,1,12,36,08-04-2026 9:06,C,https://myebrochure.co.uk/images/colours/fotl/fotl-tm.jpg,https://myebrochure.co.uk/images/products/prod_11101_61430_164462.jpg,https://myebrochure.co.uk/images/products.small/prod_11101_61430_164462.jpg,https://myebrochure.co.uk/images/products.hires/prod_11101_61430_164462.jpg,https://myebrochure.co.uk/images/brands/fotl_23.png,https://myebrochure.co.uk/images/products.hires/prod_61430_131530.jpg,https://myebrochure.co.uk/images/products.hires/prod_61430_131528.jpg,https://myebrochure.co.uk/images/products.hires/prod_61430_131529.jpg,,,,,,,,"<li>100&#37; combed ringspun cotton</li> <li>Soft hand feel</li> <li>Tailored fit</li> <li>Crew neck with 1x1 rib</li> <li>Self-fabric back neck tape</li> <li>New tear away back neck label</li> <li><b>Also available in ladies sizes code 61432, kids sizes code 61023 and girl&#39;s sizes code 61025</b></li>",61091000,MA
171790,0000001716986,61430,TSHIRT,T-SHIRTS,MSSTSH,MENS SHORT SLEEVE T-SHIRT,FOTL,Fruit Of The Loom,ME0028,XW,Zinc,0012  ,Small,Men's Iconic 150 T,2.09,1,12,72,08-04-2026 9:06,C,https://myebrochure.co.uk/images/colours/fotl/fotl-xw.jpg,https://myebrochure.co.uk/images/products/prod_11101_61430_164462.jpg,https://myebrochure.co.uk/images/products.small/prod_11101_61430_164462.jpg,https://myebrochure.co.uk/images/products.hires/prod_11101_61430_164462.jpg,https://myebrochure.co.uk/images/brands/fotl_23.png,https://myebrochure.co.uk/images/products.hires/prod_61430_131536.jpg,https://myebrochure.co.uk/images/products.hires/prod_61430_131534.jpg,https://myebrochure.co.uk/images/products.hires/prod_61430_131535.jpg,,,,,,,,"<li>100&#37; combed ringspun cotton</li> <li>Soft hand feel</li> <li>Tailored fit</li> <li>Crew neck with 1x1 rib</li> <li>Self-fabric back neck tape</li> <li>New tear away back neck label</li> <li><b>Also available in ladies sizes code 61432, kids sizes code 61023 and girl&#39;s sizes code 61025</b></li>",61091000,MA
171791,0000001716993,61430,TSHIRT,T-SHIRTS,MSSTSH,MENS SHORT SLEEVE T-SHIRT,FOTL,Fruit Of The Loom,ME0028,XW,Zinc,0012  ,Medium,Men's Iconic 150 T,2.09,1,12,72,08-04-2026 9:06,C,https://myebrochure.co.uk/images/colours/fotl/fotl-xw.jpg,https://myebrochure.co.uk/images/products/prod_11101_61430_164462.jpg,https://myebrochure.co.uk/images/products.small/prod_11101_61430_164462.jpg,https://myebrochure.co.uk/images/products.hires/prod_11101_61430_164462.jpg,https://myebrochure.co.uk/images/brands/fotl_23.png,https://myebrochure.co.uk/images/products.hires/prod_61430_131536.jpg,https://myebrochure.co.uk/images/products.hires/prod_61430_131534.jpg,https://myebrochure.co.uk/images/products.hires/prod_61430_131535.jpg,,,,,,,,"<li>100&#37; combed ringspun cotton</li> <li>Soft hand feel</li> <li>Tailored fit</li> <li>Crew neck with 1x1 rib</li> <li>Self-fabric back neck tape</li> <li>New tear away back neck label</li> <li><b>Also available in ladies sizes code 61432, kids sizes code 61023 and girl&#39;s sizes code 61025</b></li>",61091000,MA
171792,0000001717006,61430,TSHIRT,T-SHIRTS,MSSTSH,MENS SHORT SLEEVE T-SHIRT,FOTL,Fruit Of The Loom,ME0028,XW,Zinc,0012  ,Large,Men's Iconic 150 T,2.09,1,12,72,08-04-2026 9:06,C,https://myebrochure.co.uk/images/colours/fotl/fotl-xw.jpg,https://myebrochure.co.uk/images/products/prod_11101_61430_164462.jpg,https://myebrochure.co.uk/images/products.small/prod_11101_61430_164462.jpg,https://myebrochure.co.uk/images/products.hires/prod_11101_61430_164462.jpg,https://myebrochure.co.uk/images/brands/fotl_23.png,https://myebrochure.co.uk/images/products.hires/prod_61430_131536.jpg,https://myebrochure.co.uk/images/products.hires/prod_61430_131534.jpg,https://myebrochure.co.uk/images/products.hires/prod_61430_131535.jpg,,,,,,,,"<li>100&#37; combed ringspun cotton</li> <li>Soft hand feel</li> <li>Tailored fit</li> <li>Crew neck with 1x1 rib</li> <li>Self-fabric back neck tape</li> <li>New tear away back neck label</li> <li><b>Also available in ladies sizes code 61432, kids sizes code 61023 and girl&#39;s sizes code 61025</b></li>",61091000,MA
171793,0000001717013,61430,TSHIRT,T-SHIRTS,MSSTSH,MENS SHORT SLEEVE T-SHIRT,FOTL,Fruit Of The Loom,ME0028,XW,Zinc,0012  ,XL,Men's Iconic 150 T,2.09,1,12,72,08-04-2026 9:06,C,https://myebrochure.co.uk/images/colours/fotl/fotl-xw.jpg,https://myebrochure.co.uk/images/products/prod_11101_61430_164462.jpg,https://myebrochure.co.uk/images/products.small/prod_11101_61430_164462.jpg,https://myebrochure.co.uk/images/products.hires/prod_11101_61430_164462.jpg,https://myebrochure.co.uk/images/brands/fotl_23.png,https://myebrochure.co.uk/images/products.hires/prod_61430_131536.jpg,https://myebrochure.co.uk/images/products.hires/prod_61430_131534.jpg,https://myebrochure.co.uk/images/products.hires/prod_61430_131535.jpg,,,,,,,,"<li>100&#37; combed ringspun cotton</li> <li>Soft hand feel</li> <li>Tailored fit</li> <li>Crew neck with 1x1 rib</li> <li>Self-fabric back neck tape</li> <li>New tear away back neck label</li> <li><b>Also available in ladies sizes code 61432, kids sizes code 61023 and girl&#39;s sizes code 61025</b></li>",61091000,MA
171794,0000001717020,61430,TSHIRT,T-SHIRTS,MSSTSH,MENS SHORT SLEEVE T-SHIRT,FOTL,Fruit Of The Loom,ME0028,XW,Zinc,0012  ,2XL,Men's Iconic 150 T,2.09,1,12,72,08-04-2026 9:06,C,https://myebrochure.co.uk/images/colours/fotl/fotl-xw.jpg,https://myebrochure.co.uk/images/products/prod_11101_61430_164462.jpg,https://myebrochure.co.uk/images/products.small/prod_11101_61430_164462.jpg,https://myebrochure.co.uk/images/products.hires/prod_11101_61430_164462.jpg,https://myebrochure.co.uk/images/brands/fotl_23.png,https://myebrochure.co.uk/images/products.hires/prod_61430_131536.jpg,https://myebrochure.co.uk/images/products.hires/prod_61430_131534.jpg,https://myebrochure.co.uk/images/products.hires/prod_61430_131535.jpg,,,,,,,,"<li>100&#37; combed ringspun cotton</li> <li>Soft hand feel</li> <li>Tailored fit</li> <li>Crew neck with 1x1 rib</li> <li>Self-fabric back neck tape</li> <li>New tear away back neck label</li> <li><b>Also available in ladies sizes code 61432, kids sizes code 61023 and girl&#39;s sizes code 61025</b></li>",61091000,MA
171795,0000001717037,61430,TSHIRT,T-SHIRTS,MSSTSH,MENS SHORT SLEEVE T-SHIRT,FOTL,Fruit Of The Loom,ME0028,XW,Zinc,0012  ,3XL,Men's Iconic 150 T,2.85,1,12,36,08-04-2026 9:06,C,https://myebrochure.co.uk/images/colours/fotl/fotl-xw.jpg,https://myebrochure.co.uk/images/products/prod_11101_61430_164462.jpg,https://myebrochure.co.uk/images/products.small/prod_11101_61430_164462.jpg,https://myebrochure.co.uk/images/products.hires/prod_11101_61430_164462.jpg,https://myebrochure.co.uk/images/brands/fotl_23.png,https://myebrochure.co.uk/images/products.hires/prod_61430_131536.jpg,https://myebrochure.co.uk/images/products.hires/prod_61430_131534.jpg,https://myebrochure.co.uk/images/products.hires/prod_61430_131535.jpg,,,,,,,,"<li>100&#37; combed ringspun cotton</li> <li>Soft hand feel</li> <li>Tailored fit</li> <li>Crew neck with 1x1 rib</li> <li>Self-fabric back neck tape</li> <li>New tear away back neck label</li> <li><b>Also available in ladies sizes code 61432, kids sizes code 61023 and girl&#39;s sizes code 61025</b></li>",61091000,MA
171798,0000001717068,61430,TSHIRT,T-SHIRTS,MSSTSH,MENS SHORT SLEEVE T-SHIRT,FOTL,Fruit Of The Loom,ME0028,HD,Dark Heather,0012  ,Small,Men's Iconic 150 T,2.09,1,12,72,08-04-2026 9:06,C,https://myebrochure.co.uk/images/colours/fotl/fotl-hd.jpg,https://myebrochure.co.uk/images/products/prod_11101_61430_164462.jpg,https://myebrochure.co.uk/images/products.small/prod_11101_61430_164462.jpg,https://myebrochure.co.uk/images/products.hires/prod_11101_61430_164462.jpg,https://myebrochure.co.uk/images/brands/fotl_23.png,https://myebrochure.co.uk/images/products.hires/prod_61430_131524.jpg,https://myebrochure.co.uk/images/products.hires/prod_61430_131522.jpg,https://myebrochure.co.uk/images/products.hires/prod_61430_131523.jpg,,,,,,,,"<li>100&#37; combed ringspun cotton</li> <li>Soft hand feel</li> <li>Tailored fit</li> <li>Crew neck with 1x1 rib</li> <li>Self-fabric back neck tape</li> <li>New tear away back neck label</li> <li><b>Also available in ladies sizes code 61432, kids sizes code 61023 and girl&#39;s sizes code 61025</b></li>",61091000,MA
171799,0000001717075,61430,TSHIRT,T-SHIRTS,MSSTSH,MENS SHORT SLEEVE T-SHIRT,FOTL,Fruit Of The Loom,ME0028,HD,Dark Heather,0012  ,Medium,Men's Iconic 150 T,2.09,1,12,72,08-04-2026 9:06,C,https://myebrochure.co.uk/images/colours/fotl/fotl-hd.jpg,https://myebrochure.co.uk/images/products/prod_11101_61430_164462.jpg,https://myebrochure.co.uk/images/products.small/prod_11101_61430_164462.jpg,https://myebrochure.co.uk/images/products.hires/prod_11101_61430_164462.jpg,https://myebrochure.co.uk/images/brands/fotl_23.png,https://myebrochure.co.uk/images/products.hires/prod_61430_131524.jpg,https://myebrochure.co.uk/images/products.hires/prod_61430_131522.jpg,https://myebrochure.co.uk/images/products.hires/prod_61430_131523.jpg,,,,,,,,"<li>100&#37; combed ringspun cotton</li> <li>Soft hand feel</li> <li>Tailored fit</li> <li>Crew neck with 1x1 rib</li> <li>Self-fabric back neck tape</li> <li>New tear away back neck label</li> <li><b>Also available in ladies sizes code 61432, kids sizes code 61023 and girl&#39;s sizes code 61025</b></li>",61091000,MA
171800,0000001717082,61430,TSHIRT,T-SHIRTS,MSSTSH,MENS SHORT SLEEVE T-SHIRT,FOTL,Fruit Of The Loom,ME0028,HD,Dark Heather,0012  ,Large,Men's Iconic 150 T,2.09,1,12,72,08-04-2026 9:06,C,https://myebrochure.co.uk/images/colours/fotl/fotl-hd.jpg,https://myebrochure.co.uk/images/products/prod_11101_61430_164462.jpg,https://myebrochure.co.uk/images/products.small/prod_11101_61430_164462.jpg,https://myebrochure.co.uk/images/products.hires/prod_11101_61430_164462.jpg,https://myebrochure.co.uk/images/brands/fotl_23.png,https://myebrochure.co.uk/images/products.hires/prod_61430_131524.jpg,https://myebrochure.co.uk/images/products.hires/prod_61430_131522.jpg,https://myebrochure.co.uk/images/products.hires/prod_61430_131523.jpg,,,,,,,,"<li>100&#37; combed ringspun cotton</li> <li>Soft hand feel</li> <li>Tailored fit</li> <li>Crew neck with 1x1 rib</li> <li>Self-fabric back neck tape</li> <li>New tear away back neck label</li> <li><b>Also available in ladies sizes code 61432, kids sizes code 61023 and girl&#39;s sizes code 61025</b></li>",61091000,MA
171801,0000001717099,61430,TSHIRT,T-SHIRTS,MSSTSH,MENS SHORT SLEEVE T-SHIRT,FOTL,Fruit Of The Loom,ME0028,HD,Dark Heather,0012  ,XL,Men's Iconic 150 T,2.09,1,12,72,08-04-2026 9:06,C,https://myebrochure.co.uk/images/colours/fotl/fotl-hd.jpg,https://myebrochure.co.uk/images/products/prod_11101_61430_164462.jpg,https://myebrochure.co.uk/images/products.small/prod_11101_61430_164462.jpg,https://myebrochure.co.uk/images/products.hires/prod_11101_61430_164462.jpg,https://myebrochure.co.uk/images/brands/fotl_23.png,https://myebrochure.co.uk/images/products.hires/prod_61430_131524.jpg,https://myebrochure.co.uk/images/products.hires/prod_61430_131522.jpg,https://myebrochure.co.uk/images/products.hires/prod_61430_131523.jpg,,,,,,,,"<li>100&#37; combed ringspun cotton</li> <li>Soft hand feel</li> <li>Tailored fit</li> <li>Crew neck with 1x1 rib</li> <li>Self-fabric back neck tape</li> <li>New tear away back neck label</li> <li><b>Also available in ladies sizes code 61432, kids sizes code 61023 and girl&#39;s sizes code 61025</b></li>",61091000,MA
171802,0000001717105,61430,TSHIRT,T-SHIRTS,MSSTSH,MENS SHORT SLEEVE T-SHIRT,FOTL,Fruit Of The Loom,ME0028,HD,Dark Heather,0012  ,2XL,Men's Iconic 150 T,2.09,1,12,72,08-04-2026 9:06,C,https://myebrochure.co.uk/images/colours/fotl/fotl-hd.jpg,https://myebrochure.co.uk/images/products/prod_11101_61430_164462.jpg,https://myebrochure.co.uk/images/products.small/prod_11101_61430_164462.jpg,https://myebrochure.co.uk/images/products.hires/prod_11101_61430_164462.jpg,https://myebrochure.co.uk/images/brands/fotl_23.png,https://myebrochure.co.uk/images/products.hires/prod_61430_131524.jpg,https://myebrochure.co.uk/images/products.hires/prod_61430_131522.jpg,https://myebrochure.co.uk/images/products.hires/prod_61430_131523.jpg,,,,,,,,"<li>100&#37; combed ringspun cotton</li> <li>Soft hand feel</li> <li>Tailored fit</li> <li>Crew neck with 1x1 rib</li> <li>Self-fabric back neck tape</li> <li>New tear away back neck label</li> <li><b>Also available in ladies sizes code 61432, kids sizes code 61023 and girl&#39;s sizes code 61025</b></li>",61091000,MA
171803,0000001717112,61430,TSHIRT,T-SHIRTS,MSSTSH,MENS SHORT SLEEVE T-SHIRT,FOTL,Fruit Of The Loom,ME0028,HD,Dark Heather,0012  ,3XL,Men's Iconic 150 T,2.85,1,12,36,08-04-2026 9:06,C,https://myebrochure.co.uk/images/colours/fotl/fotl-hd.jpg,https://myebrochure.co.uk/images/products/prod_11101_61430_164462.jpg,https://myebrochure.co.uk/images/products.small/prod_11101_61430_164462.jpg,https://myebrochure.co.uk/images/products.hires/prod_11101_61430_164462.jpg,https://myebrochure.co.uk/images/brands/fotl_23.png,https://myebrochure.co.uk/images/products.hires/prod_61430_131524.jpg,https://myebrochure.co.uk/images/products.hires/prod_61430_131522.jpg,https://myebrochure.co.uk/images/products.hires/prod_61430_131523.jpg,,,,,,,,"<li>100&#37; combed ringspun cotton</li> <li>Soft hand feel</li> <li>Tailored fit</li> <li>Crew neck with 1x1 rib</li> <li>Self-fabric back neck tape</li> <li>New tear away back neck label</li> <li><b>Also available in ladies sizes code 61432, kids sizes code 61023 and girl&#39;s sizes code 61025</b></li>",61091000,MA
171806,0000001717143,61430,TSHIRT,T-SHIRTS,MSSTSH,MENS SHORT SLEEVE T-SHIRT,FOTL,Fruit Of The Loom,ME0028,HP,Heather Purple,0012  ,Small,Men's Iconic 150 T,2.09,1,12,72,08-04-2026 9:06,C,https://myebrochure.co.uk/images/colours/fotl/fotl-hp.jpg,https://myebrochure.co.uk/images/products/prod_11101_61430_164462.jpg,https://myebrochure.co.uk/images/products.small/prod_11101_61430_164462.jpg,https://myebrochure.co.uk/images/products.hires/prod_11101_61430_164462.jpg,https://myebrochure.co.uk/images/brands/fotl_23.png,https://myebrochure.co.uk/images/products.hires/prod_61430_131527.jpg,https://myebrochure.co.uk/images/products.hires/prod_61430_131525.jpg,https://myebrochure.co.uk/images/products.hires/prod_61430_131526.jpg,,,,,,,,"<li>100&#37; combed ringspun cotton</li> <li>Soft hand feel</li> <li>Tailored fit</li> <li>Crew neck with 1x1 rib</li> <li>Self-fabric back neck tape</li> <li>New tear away back neck label</li> <li><b>Also available in ladies sizes code 61432, kids sizes code 61023 and girl&#39;s sizes code 61025</b></li>",61091000,MA
171807,0000001717150,61430,TSHIRT,T-SHIRTS,MSSTSH,MENS SHORT SLEEVE T-SHIRT,FOTL,Fruit Of The Loom,ME0028,HP,Heather Purple,0012  ,Medium,Men's Iconic 150 T,2.09,1,12,72,08-04-2026 9:06,C,https://myebrochure.co.uk/images/colours/fotl/fotl-hp.jpg,https://myebrochure.co.uk/images/products/prod_11101_61430_164462.jpg,https://myebrochure.co.uk/images/products.small/prod_11101_61430_164462.jpg,https://myebrochure.co.uk/images/products.hires/prod_11101_61430_164462.jpg,https://myebrochure.co.uk/images/brands/fotl_23.png,https://myebrochure.co.uk/images/products.hires/prod_61430_131527.jpg,https://myebrochure.co.uk/images/products.hires/prod_61430_131525.jpg,https://myebrochure.co.uk/images/products.hires/prod_61430_131526.jpg,,,,,,,,"<li>100&#37; combed ringspun cotton</li> <li>Soft hand feel</li> <li>Tailored fit</li> <li>Crew neck with 1x1 rib</li> <li>Self-fabric back neck tape</li> <li>New tear away back neck label</li> <li><b>Also available in ladies sizes code 61432, kids sizes code 61023 and girl&#39;s sizes code 61025</b></li>",61091000,MA
171808,0000001717167,61430,TSHIRT,T-SHIRTS,MSSTSH,MENS SHORT SLEEVE T-SHIRT,FOTL,Fruit Of The Loom,ME0028,HP,Heather Purple,0012  ,Large,Men's Iconic 150 T,2.09,1,12,72,08-04-2026 9:06,C,https://myebrochure.co.uk/images/colours/fotl/fotl-hp.jpg,https://myebrochure.co.uk/images/products/prod_11101_61430_164462.jpg,https://myebrochure.co.uk/images/products.small/prod_11101_61430_164462.jpg,https://myebrochure.co.uk/images/products.hires/prod_11101_61430_164462.jpg,https://myebrochure.co.uk/images/brands/fotl_23.png,https://myebrochure.co.uk/images/products.hires/prod_61430_131527.jpg,https://myebrochure.co.uk/images/products.hires/prod_61430_131525.jpg,https://myebrochure.co.uk/images/products.hires/prod_61430_131526.jpg,,,,,,,,"<li>100&#37; combed ringspun cotton</li> <li>Soft hand feel</li> <li>Tailored fit</li> <li>Crew neck with 1x1 rib</li> <li>Self-fabric back neck tape</li> <li>New tear away back neck label</li> <li><b>Also available in ladies sizes code 61432, kids sizes code 61023 and girl&#39;s sizes code 61025</b></li>",61091000,MA
171809,0000001717174,61430,TSHIRT,T-SHIRTS,MSSTSH,MENS SHORT SLEEVE T-SHIRT,FOTL,Fruit Of The Loom,ME0028,HP,Heather Purple,0012  ,XL,Men's Iconic 150 T,2.09,1,12,72,08-04-2026 9:06,C,https://myebrochure.co.uk/images/colours/fotl/fotl-hp.jpg,https://myebrochure.co.uk/images/products/prod_11101_61430_164462.jpg,https://myebrochure.co.uk/images/products.small/prod_11101_61430_164462.jpg,https://myebrochure.co.uk/images/products.hires/prod_11101_61430_164462.jpg,https://myebrochure.co.uk/images/brands/fotl_23.png,https://myebrochure.co.uk/images/products.hires/prod_61430_131527.jpg,https://myebrochure.co.uk/images/products.hires/prod_61430_131525.jpg,https://myebrochure.co.uk/images/products.hires/prod_61430_131526.jpg,,,,,,,,"<li>100&#37; combed ringspun cotton</li> <li>Soft hand feel</li> <li>Tailored fit</li> <li>Crew neck with 1x1 rib</li> <li>Self-fabric back neck tape</li> <li>New tear away back neck label</li> <li><b>Also available in ladies sizes code 61432, kids sizes code 61023 and girl&#39;s sizes code 61025</b></li>",61091000,MA
171810,0000001717181,61430,TSHIRT,T-SHIRTS,MSSTSH,MENS SHORT SLEEVE T-SHIRT,FOTL,Fruit Of The Loom,ME0028,HP,Heather Purple,0012  ,2XL,Men's Iconic 150 T,2.09,1,12,72,08-04-2026 9:06,C,https://myebrochure.co.uk/images/colours/fotl/fotl-hp.jpg,https://myebrochure.co.uk/images/products/prod_11101_61430_164462.jpg,https://myebrochure.co.uk/images/products.small/prod_11101_61430_164462.jpg,https://myebrochure.co.uk/images/products.hires/prod_11101_61430_164462.jpg,https://myebrochure.co.uk/images/brands/fotl_23.png,https://myebrochure.co.uk/images/products.hires/prod_61430_131527.jpg,https://myebrochure.co.uk/images/products.hires/prod_61430_131525.jpg,https://myebrochure.co.uk/images/products.hires/prod_61430_131526.jpg,,,,,,,,"<li>100&#37; combed ringspun cotton</li> <li>Soft hand feel</li> <li>Tailored fit</li> <li>Crew neck with 1x1 rib</li> <li>Self-fabric back neck tape</li> <li>New tear away back neck label</li> <li><b>Also available in ladies sizes code 61432, kids sizes code 61023 and girl&#39;s sizes code 61025</b></li>",61091000,MA
171814,0000001717228,61430,TSHIRT,T-SHIRTS,MSSTSH,MENS SHORT SLEEVE T-SHIRT,FOTL,Fruit Of The Loom,ME0028,H1,Heather Burgundy,0012  ,Small,Men's Iconic 150 T,2.09,1,12,72,08-04-2026 9:06,C,https://myebrochure.co.uk/images/colours/fotl/fotl-h1.jpg,https://myebrochure.co.uk/images/products/prod_11101_61430_164462.jpg,https://myebrochure.co.uk/images/products.small/prod_11101_61430_164462.jpg,https://myebrochure.co.uk/images/products.hires/prod_11101_61430_164462.jpg,https://myebrochure.co.uk/images/brands/fotl_23.png,https://myebrochure.co.uk/images/products.hires/prod_61430_131521.jpg,https://myebrochure.co.uk/images/products.hires/prod_61430_131519.jpg,https://myebrochure.co.uk/images/products.hires/prod_61430_131520.jpg,,,,,,,,"<li>100&#37; combed ringspun cotton</li> <li>Soft hand feel</li> <li>Tailored fit</li> <li>Crew neck with 1x1 rib</li> <li>Self-fabric back neck tape</li> <li>New tear away back neck label</li> <li><b>Also available in ladies sizes code 61432, kids sizes code 61023 and girl&#39;s sizes code 61025</b></li>",61091000,MA
171815,0000001717235,61430,TSHIRT,T-SHIRTS,MSSTSH,MENS SHORT SLEEVE T-SHIRT,FOTL,Fruit Of The Loom,ME0028,H1,Heather Burgundy,0012  ,Medium,Men's Iconic 150 T,2.09,1,12,72,08-04-2026 9:06,C,https://myebrochure.co.uk/images/colours/fotl/fotl-h1.jpg,https://myebrochure.co.uk/images/products/prod_11101_61430_164462.jpg,https://myebrochure.co.uk/images/products.small/prod_11101_61430_164462.jpg,https://myebrochure.co.uk/images/products.hires/prod_11101_61430_164462.jpg,https://myebrochure.co.uk/images/brands/fotl_23.png,https://myebrochure.co.uk/images/products.hires/prod_61430_131521.jpg,https://myebrochure.co.uk/images/products.hires/prod_61430_131519.jpg,https://myebrochure.co.uk/images/products.hires/prod_61430_131520.jpg,,,,,,,,"<li>100&#37; combed ringspun cotton</li> <li>Soft hand feel</li> <li>Tailored fit</li> <li>Crew neck with 1x1 rib</li> <li>Self-fabric back neck tape</li> <li>New tear away back neck label</li> <li><b>Also available in ladies sizes code 61432, kids sizes code 61023 and girl&#39;s sizes code 61025</b></li>",61091000,MA
171816,0000001717242,61430,TSHIRT,T-SHIRTS,MSSTSH,MENS SHORT SLEEVE T-SHIRT,FOTL,Fruit Of The Loom,ME0028,H1,Heather Burgundy,0012  ,Large,Men's Iconic 150 T,2.09,1,12,72,08-04-2026 9:06,C,https://myebrochure.co.uk/images/colours/fotl/fotl-h1.jpg,https://myebrochure.co.uk/images/products/prod_11101_61430_164462.jpg,https://myebrochure.co.uk/images/products.small/prod_11101_61430_164462.jpg,https://myebrochure.co.uk/images/products.hires/prod_11101_61430_164462.jpg,https://myebrochure.co.uk/images/brands/fotl_23.png,https://myebrochure.co.uk/images/products.hires/prod_61430_131521.jpg,https://myebrochure.co.uk/images/products.hires/prod_61430_131519.jpg,https://myebrochure.co.uk/images/products.hires/prod_61430_131520.jpg,,,,,,,,"<li>100&#37; combed ringspun cotton</li> <li>Soft hand feel</li> <li>Tailored fit</li> <li>Crew neck with 1x1 rib</li> <li>Self-fabric back neck tape</li> <li>New tear away back neck label</li> <li><b>Also available in ladies sizes code 61432, kids sizes code 61023 and girl&#39;s sizes code 61025</b></li>",61091000,MA
171817,0000001717259,61430,TSHIRT,T-SHIRTS,MSSTSH,MENS SHORT SLEEVE T-SHIRT,FOTL,Fruit Of The Loom,ME0028,H1,Heather Burgundy,0012  ,XL,Men's Iconic 150 T,2.09,1,12,72,08-04-2026 9:06,C,https://myebrochure.co.uk/images/colours/fotl/fotl-h1.jpg,https://myebrochure.co.uk/images/products/prod_11101_61430_164462.jpg,https://myebrochure.co.uk/images/products.small/prod_11101_61430_164462.jpg,https://myebrochure.co.uk/images/products.hires/prod_11101_61430_164462.jpg,https://myebrochure.co.uk/images/brands/fotl_23.png,https://myebrochure.co.uk/images/products.hires/prod_61430_131521.jpg,https://myebrochure.co.uk/images/products.hires/prod_61430_131519.jpg,https://myebrochure.co.uk/images/products.hires/prod_61430_131520.jpg,,,,,,,,"<li>100&#37; combed ringspun cotton</li> <li>Soft hand feel</li> <li>Tailored fit</li> <li>Crew neck with 1x1 rib</li> <li>Self-fabric back neck tape</li> <li>New tear away back neck label</li> <li><b>Also available in ladies sizes code 61432, kids sizes code 61023 and girl&#39;s sizes code 61025</b></li>",61091000,MA
171818,0000001717266,61430,TSHIRT,T-SHIRTS,MSSTSH,MENS SHORT SLEEVE T-SHIRT,FOTL,Fruit Of The Loom,ME0028,H1,Heather Burgundy,0012  ,2XL,Men's Iconic 150 T,2.09,1,12,72,08-04-2026 9:06,C,https://myebrochure.co.uk/images/colours/fotl/fotl-h1.jpg,https://myebrochure.co.uk/images/products/prod_11101_61430_164462.jpg,https://myebrochure.co.uk/images/products.small/prod_11101_61430_164462.jpg,https://myebrochure.co.uk/images/products.hires/prod_11101_61430_164462.jpg,https://myebrochure.co.uk/images/brands/fotl_23.png,https://myebrochure.co.uk/images/products.hires/prod_61430_131521.jpg,https://myebrochure.co.uk/images/products.hires/prod_61430_131519.jpg,https://myebrochure.co.uk/images/products.hires/prod_61430_131520.jpg,,,,,,,,"<li>100&#37; combed ringspun cotton</li> <li>Soft hand feel</li> <li>Tailored fit</li> <li>Crew neck with 1x1 rib</li> <li>Self-fabric back neck tape</li> <li>New tear away back neck label</li> <li><b>Also available in ladies sizes code 61432, kids sizes code 61023 and girl&#39;s sizes code 61025</b></li>",61091000,MA
175897,0000001758054,61430,TSHIRT,T-SHIRTS,MSSTSH,MENS SHORT SLEEVE T-SHIRT,FOTL,Fruit Of The Loom,ME0028,VF,Vintage Heather Navy,0012  ,Small,Men's Iconic 150 T,2.09,1,12,72,08-04-2026 9:06,C,https://myebrochure.co.uk/images/colours/fotl/fotl-vf.jpg,https://myebrochure.co.uk/images/products/prod_11101_61430_164462.jpg,https://myebrochure.co.uk/images/products.small/prod_11101_61430_164462.jpg,https://myebrochure.co.uk/images/products.hires/prod_11101_61430_164462.jpg,https://myebrochure.co.uk/images/brands/fotl_23.png,https://myebrochure.co.uk/images/products.hires/prod_61430_131533.jpg,https://myebrochure.co.uk/images/products.hires/prod_61430_131531.jpg,https://myebrochure.co.uk/images/products.hires/prod_61430_131532.jpg,,,,,,,,"<li>100&#37; combed ringspun cotton</li> <li>Soft hand feel</li> <li>Tailored fit</li> <li>Crew neck with 1x1 rib</li> <li>Self-fabric back neck tape</li> <li>New tear away back neck label</li> <li><b>Also available in ladies sizes code 61432, kids sizes code 61023 and girl&#39;s sizes code 61025</b></li>",61091000,MA
175898,0000001758061,61430,TSHIRT,T-SHIRTS,MSSTSH,MENS SHORT SLEEVE T-SHIRT,FOTL,Fruit Of The Loom,ME0028,VF,Vintage Heather Navy,0012  ,Medium,Men's Iconic 150 T,2.09,1,12,72,08-04-2026 9:06,C,https://myebrochure.co.uk/images/colours/fotl/fotl-vf.jpg,https://myebrochure.co.uk/images/products/prod_11101_61430_164462.jpg,https://myebrochure.co.uk/images/products.small/prod_11101_61430_164462.jpg,https://myebrochure.co.uk/images/products.hires/prod_11101_61430_164462.jpg,https://myebrochure.co.uk/images/brands/fotl_23.png,https://myebrochure.co.uk/images/products.hires/prod_61430_131533.jpg,https://myebrochure.co.uk/images/products.hires/prod_61430_131531.jpg,https://myebrochure.co.uk/images/products.hires/prod_61430_131532.jpg,,,,,,,,"<li>100&#37; combed ringspun cotton</li> <li>Soft hand feel</li> <li>Tailored fit</li> <li>Crew neck with 1x1 rib</li> <li>Self-fabric back neck tape</li> <li>New tear away back neck label</li> <li><b>Also available in ladies sizes code 61432, kids sizes code 61023 and girl&#39;s sizes code 61025</b></li>",61091000,MA
175899,0000001758078,61430,TSHIRT,T-SHIRTS,MSSTSH,MENS SHORT SLEEVE T-SHIRT,FOTL,Fruit Of The Loom,ME0028,VF,Vintage Heather Navy,0012  ,Large,Men's Iconic 150 T,2.09,1,12,72,08-04-2026 9:06,C,https://myebrochure.co.uk/images/colours/fotl/fotl-vf.jpg,https://myebrochure.co.uk/images/products/prod_11101_61430_164462.jpg,https://myebrochure.co.uk/images/products.small/prod_11101_61430_164462.jpg,https://myebrochure.co.uk/images/products.hires/prod_11101_61430_164462.jpg,https://myebrochure.co.uk/images/brands/fotl_23.png,https://myebrochure.co.uk/images/products.hires/prod_61430_131533.jpg,https://myebrochure.co.uk/images/products.hires/prod_61430_131531.jpg,https://myebrochure.co.uk/images/products.hires/prod_61430_131532.jpg,,,,,,,,"<li>100&#37; combed ringspun cotton</li> <li>Soft hand feel</li> <li>Tailored fit</li> <li>Crew neck with 1x1 rib</li> <li>Self-fabric back neck tape</li> <li>New tear away back neck label</li> <li><b>Also available in ladies sizes code 61432, kids sizes code 61023 and girl&#39;s sizes code 61025</b></li>",61091000,MA
175900,0000001758085,61430,TSHIRT,T-SHIRTS,MSSTSH,MENS SHORT SLEEVE T-SHIRT,FOTL,Fruit Of The Loom,ME0028,VF,Vintage Heather Navy,0012  ,XL,Men's Iconic 150 T,2.09,1,12,72,08-04-2026 9:06,C,https://myebrochure.co.uk/images/colours/fotl/fotl-vf.jpg,https://myebrochure.co.uk/images/products/prod_11101_61430_164462.jpg,https://myebrochure.co.uk/images/products.small/prod_11101_61430_164462.jpg,https://myebrochure.co.uk/images/products.hires/prod_11101_61430_164462.jpg,https://myebrochure.co.uk/images/brands/fotl_23.png,https://myebrochure.co.uk/images/products.hires/prod_61430_131533.jpg,https://myebrochure.co.uk/images/products.hires/prod_61430_131531.jpg,https://myebrochure.co.uk/images/products.hires/prod_61430_131532.jpg,,,,,,,,"<li>100&#37; combed ringspun cotton</li> <li>Soft hand feel</li> <li>Tailored fit</li> <li>Crew neck with 1x1 rib</li> <li>Self-fabric back neck tape</li> <li>New tear away back neck label</li> <li><b>Also available in ladies sizes code 61432, kids sizes code 61023 and girl&#39;s sizes code 61025</b></li>",61091000,MA
175901,0000001758092,61430,TSHIRT,T-SHIRTS,MSSTSH,MENS SHORT SLEEVE T-SHIRT,FOTL,Fruit Of The Loom,ME0028,VF,Vintage Heather Navy,0012  ,2XL,Men's Iconic 150 T,2.09,1,12,72,08-04-2026 9:06,C,https://myebrochure.co.uk/images/colours/fotl/fotl-vf.jpg,https://myebrochure.co.uk/images/products/prod_11101_61430_164462.jpg,https://myebrochure.co.uk/images/products.small/prod_11101_61430_164462.jpg,https://myebrochure.co.uk/images/products.hires/prod_11101_61430_164462.jpg,https://myebrochure.co.uk/images/brands/fotl_23.png,https://myebrochure.co.uk/images/products.hires/prod_61430_131533.jpg,https://myebrochure.co.uk/images/products.hires/prod_61430_131531.jpg,https://myebrochure.co.uk/images/products.hires/prod_61430_131532.jpg,,,,,,,,"<li>100&#37; combed ringspun cotton</li> <li>Soft hand feel</li> <li>Tailored fit</li> <li>Crew neck with 1x1 rib</li> <li>Self-fabric back neck tape</li> <li>New tear away back neck label</li> <li><b>Also available in ladies sizes code 61432, kids sizes code 61023 and girl&#39;s sizes code 61025</b></li>",61091000,MA
175905,0000001758139,61430,TSHIRT,T-SHIRTS,MSSTSH,MENS SHORT SLEEVE T-SHIRT,FOTL,Fruit Of The Loom,ME0028,R6,Retro Heather Royal,0012  ,Small,Men's Iconic 150 T,2.09,1,12,72,08-04-2026 9:06,C,https://myebrochure.co.uk/images/colours/fotl/fotl-r6.jpg,https://myebrochure.co.uk/images/products/prod_11101_61430_164462.jpg,https://myebrochure.co.uk/images/products.small/prod_11101_61430_164462.jpg,https://myebrochure.co.uk/images/products.hires/prod_11101_61430_164462.jpg,https://myebrochure.co.uk/images/brands/fotl_23.png,https://myebrochure.co.uk/images/products.hires/prod_61430_132032.jpg,https://myebrochure.co.uk/images/products.hires/prod_61430_132031.jpg,https://myebrochure.co.uk/images/products.hires/prod_61430_132033.jpg,,,,,,,,"<li>100&#37; combed ringspun cotton</li> <li>Soft hand feel</li> <li>Tailored fit</li> <li>Crew neck with 1x1 rib</li> <li>Self-fabric back neck tape</li> <li>New tear away back neck label</li> <li><b>Also available in ladies sizes code 61432, kids sizes code 61023 and girl&#39;s sizes code 61025</b></li>",61091000,MA
175906,0000001758146,61430,TSHIRT,T-SHIRTS,MSSTSH,MENS SHORT SLEEVE T-SHIRT,FOTL,Fruit Of The Loom,ME0028,R6,Retro Heather Royal,0012  ,Medium,Men's Iconic 150 T,2.09,1,12,72,08-04-2026 9:06,C,https://myebrochure.co.uk/images/colours/fotl/fotl-r6.jpg,https://myebrochure.co.uk/images/products/prod_11101_61430_164462.jpg,https://myebrochure.co.uk/images/products.small/prod_11101_61430_164462.jpg,https://myebrochure.co.uk/images/products.hires/prod_11101_61430_164462.jpg,https://myebrochure.co.uk/images/brands/fotl_23.png,https://myebrochure.co.uk/images/products.hires/prod_61430_132032.jpg,https://myebrochure.co.uk/images/products.hires/prod_61430_132031.jpg,https://myebrochure.co.uk/images/products.hires/prod_61430_132033.jpg,,,,,,,,"<li>100&#37; combed ringspun cotton</li> <li>Soft hand feel</li> <li>Tailored fit</li> <li>Crew neck with 1x1 rib</li> <li>Self-fabric back neck tape</li> <li>New tear away back neck label</li> <li><b>Also available in ladies sizes code 61432, kids sizes code 61023 and girl&#39;s sizes code 61025</b></li>",61091000,MA
175907,0000001758153,61430,TSHIRT,T-SHIRTS,MSSTSH,MENS SHORT SLEEVE T-SHIRT,FOTL,Fruit Of The Loom,ME0028,R6,Retro Heather Royal,0012  ,Large,Men's Iconic 150 T,2.09,1,12,72,08-04-2026 9:06,C,https://myebrochure.co.uk/images/colours/fotl/fotl-r6.jpg,https://myebrochure.co.uk/images/products/prod_11101_61430_164462.jpg,https://myebrochure.co.uk/images/products.small/prod_11101_61430_164462.jpg,https://myebrochure.co.uk/images/products.hires/prod_11101_61430_164462.jpg,https://myebrochure.co.uk/images/brands/fotl_23.png,https://myebrochure.co.uk/images/products.hires/prod_61430_132032.jpg,https://myebrochure.co.uk/images/products.hires/prod_61430_132031.jpg,https://myebrochure.co.uk/images/products.hires/prod_61430_132033.jpg,,,,,,,,"<li>100&#37; combed ringspun cotton</li> <li>Soft hand feel</li> <li>Tailored fit</li> <li>Crew neck with 1x1 rib</li> <li>Self-fabric back neck tape</li> <li>New tear away back neck label</li> <li><b>Also available in ladies sizes code 61432, kids sizes code 61023 and girl&#39;s sizes code 61025</b></li>",61091000,MA
175908,0000001758160,61430,TSHIRT,T-SHIRTS,MSSTSH,MENS SHORT SLEEVE T-SHIRT,FOTL,Fruit Of The Loom,ME0028,R6,Retro Heather Royal,0012  ,XL,Men's Iconic 150 T,2.09,1,12,72,08-04-2026 9:06,C,https://myebrochure.co.uk/images/colours/fotl/fotl-r6.jpg,https://myebrochure.co.uk/images/products/prod_11101_61430_164462.jpg,https://myebrochure.co.uk/images/products.small/prod_11101_61430_164462.jpg,https://myebrochure.co.uk/images/products.hires/prod_11101_61430_164462.jpg,https://myebrochure.co.uk/images/brands/fotl_23.png,https://myebrochure.co.uk/images/products.hires/prod_61430_132032.jpg,https://myebrochure.co.uk/images/products.hires/prod_61430_132031.jpg,https://myebrochure.co.uk/images/products.hires/prod_61430_132033.jpg,,,,,,,,"<li>100&#37; combed ringspun cotton</li> <li>Soft hand feel</li> <li>Tailored fit</li> <li>Crew neck with 1x1 rib</li> <li>Self-fabric back neck tape</li> <li>New tear away back neck label</li> <li><b>Also available in ladies sizes code 61432, kids sizes code 61023 and girl&#39;s sizes code 61025</b></li>",61091000,MA
175909,0000001758177,61430,TSHIRT,T-SHIRTS,MSSTSH,MENS SHORT SLEEVE T-SHIRT,FOTL,Fruit Of The Loom,ME0028,R6,Retro Heather Royal,0012  ,2XL,Men's Iconic 150 T,2.09,1,12,72,08-04-2026 9:06,C,https://myebrochure.co.uk/images/colours/fotl/fotl-r6.jpg,https://myebrochure.co.uk/images/products/prod_11101_61430_164462.jpg,https://myebrochure.co.uk/images/products.small/prod_11101_61430_164462.jpg,https://myebrochure.co.uk/images/products.hires/prod_11101_61430_164462.jpg,https://myebrochure.co.uk/images/brands/fotl_23.png,https://myebrochure.co.uk/images/products.hires/prod_61430_132032.jpg,https://myebrochure.co.uk/images/products.hires/prod_61430_132031.jpg,https://myebrochure.co.uk/images/products.hires/prod_61430_132033.jpg,,,,,,,,"<li>100&#37; combed ringspun cotton</li> <li>Soft hand feel</li> <li>Tailored fit</li> <li>Crew neck with 1x1 rib</li> <li>Self-fabric back neck tape</li> <li>New tear away back neck label</li> <li><b>Also available in ladies sizes code 61432, kids sizes code 61023 and girl&#39;s sizes code 61025</b></li>",61091000,MA
175913,0000001758214,61430,TSHIRT,T-SHIRTS,MSSTSH,MENS SHORT SLEEVE T-SHIRT,FOTL,Fruit Of The Loom,ME0028,RX,Retro Heather Green,0012  ,Small,Men's Iconic 150 T,2.09,1,12,72,08-04-2026 9:06,C,https://myebrochure.co.uk/images/colours/fotl/fotl-rx.jpg,https://myebrochure.co.uk/images/products/prod_11101_61430_164462.jpg,https://myebrochure.co.uk/images/products.small/prod_11101_61430_164462.jpg,https://myebrochure.co.uk/images/products.hires/prod_11101_61430_164462.jpg,https://myebrochure.co.uk/images/brands/fotl_23.png,https://myebrochure.co.uk/images/products.hires/prod_61430_132035.jpg,https://myebrochure.co.uk/images/products.hires/prod_61430_132034.jpg,https://myebrochure.co.uk/images/products.hires/prod_61430_132036.jpg,,,,,,,,"<li>100&#37; combed ringspun cotton</li> <li>Soft hand feel</li> <li>Tailored fit</li> <li>Crew neck with 1x1 rib</li> <li>Self-fabric back neck tape</li> <li>New tear away back neck label</li> <li><b>Also available in ladies sizes code 61432, kids sizes code 61023 and girl&#39;s sizes code 61025</b></li>",61091000,MA
175914,0000001758221,61430,TSHIRT,T-SHIRTS,MSSTSH,MENS SHORT SLEEVE T-SHIRT,FOTL,Fruit Of The Loom,ME0028,RX,Retro Heather Green,0012  ,Medium,Men's Iconic 150 T,2.09,1,12,72,08-04-2026 9:06,C,https://myebrochure.co.uk/images/colours/fotl/fotl-rx.jpg,https://myebrochure.co.uk/images/products/prod_11101_61430_164462.jpg,https://myebrochure.co.uk/images/products.small/prod_11101_61430_164462.jpg,https://myebrochure.co.uk/images/products.hires/prod_11101_61430_164462.jpg,https://myebrochure.co.uk/images/brands/fotl_23.png,https://myebrochure.co.uk/images/products.hires/prod_61430_132035.jpg,https://myebrochure.co.uk/images/products.hires/prod_61430_132034.jpg,https://myebrochure.co.uk/images/products.hires/prod_61430_132036.jpg,,,,,,,,"<li>100&#37; combed ringspun cotton</li> <li>Soft hand feel</li> <li>Tailored fit</li> <li>Crew neck with 1x1 rib</li> <li>Self-fabric back neck tape</li> <li>New tear away back neck label</li> <li><b>Also available in ladies sizes code 61432, kids sizes code 61023 and girl&#39;s sizes code 61025</b></li>",61091000,MA
175915,0000001758238,61430,TSHIRT,T-SHIRTS,MSSTSH,MENS SHORT SLEEVE T-SHIRT,FOTL,Fruit Of The Loom,ME0028,RX,Retro Heather Green,0012  ,Large,Men's Iconic 150 T,2.09,1,12,72,08-04-2026 9:06,C,https://myebrochure.co.uk/images/colours/fotl/fotl-rx.jpg,https://myebrochure.co.uk/images/products/prod_11101_61430_164462.jpg,https://myebrochure.co.uk/images/products.small/prod_11101_61430_164462.jpg,https://myebrochure.co.uk/images/products.hires/prod_11101_61430_164462.jpg,https://myebrochure.co.uk/images/brands/fotl_23.png,https://myebrochure.co.uk/images/products.hires/prod_61430_132035.jpg,https://myebrochure.co.uk/images/products.hires/prod_61430_132034.jpg,https://myebrochure.co.uk/images/products.hires/prod_61430_132036.jpg,,,,,,,,"<li>100&#37; combed ringspun cotton</li> <li>Soft hand feel</li> <li>Tailored fit</li> <li>Crew neck with 1x1 rib</li> <li>Self-fabric back neck tape</li> <li>New tear away back neck label</li> <li><b>Also available in ladies sizes code 61432, kids sizes code 61023 and girl&#39;s sizes code 61025</b></li>",61091000,MA
175916,0000001758245,61430,TSHIRT,T-SHIRTS,MSSTSH,MENS SHORT SLEEVE T-SHIRT,FOTL,Fruit Of The Loom,ME0028,RX,Retro Heather Green,0012  ,XL,Men's Iconic 150 T,2.09,1,12,72,08-04-2026 9:06,C,https://myebrochure.co.uk/images/colours/fotl/fotl-rx.jpg,https://myebrochure.co.uk/images/products/prod_11101_61430_164462.jpg,https://myebrochure.co.uk/images/products.small/prod_11101_61430_164462.jpg,https://myebrochure.co.uk/images/products.hires/prod_11101_61430_164462.jpg,https://myebrochure.co.uk/images/brands/fotl_23.png,https://myebrochure.co.uk/images/products.hires/prod_61430_132035.jpg,https://myebrochure.co.uk/images/products.hires/prod_61430_132034.jpg,https://myebrochure.co.uk/images/products.hires/prod_61430_132036.jpg,,,,,,,,"<li>100&#37; combed ringspun cotton</li> <li>Soft hand feel</li> <li>Tailored fit</li> <li>Crew neck with 1x1 rib</li> <li>Self-fabric back neck tape</li> <li>New tear away back neck label</li> <li><b>Also available in ladies sizes code 61432, kids sizes code 61023 and girl&#39;s sizes code 61025</b></li>",61091000,MA
175917,0000001758252,61430,TSHIRT,T-SHIRTS,MSSTSH,MENS SHORT SLEEVE T-SHIRT,FOTL,Fruit Of The Loom,ME0028,RX,Retro Heather Green,0012  ,2XL,Men's Iconic 150 T,2.09,1,12,72,08-04-2026 9:06,C,https://myebrochure.co.uk/images/colours/fotl/fotl-rx.jpg,https://myebrochure.co.uk/images/products/prod_11101_61430_164462.jpg,https://myebrochure.co.uk/images/products.small/prod_11101_61430_164462.jpg,https://myebrochure.co.uk/images/products.hires/prod_11101_61430_164462.jpg,https://myebrochure.co.uk/images/brands/fotl_23.png,https://myebrochure.co.uk/images/products.hires/prod_61430_132035.jpg,https://myebrochure.co.uk/images/products.hires/prod_61430_132034.jpg,https://myebrochure.co.uk/images/products.hires/prod_61430_132036.jpg,,,,,,,,"<li>100&#37; combed ringspun cotton</li> <li>Soft hand feel</li> <li>Tailored fit</li> <li>Crew neck with 1x1 rib</li> <li>Self-fabric back neck tape</li> <li>New tear away back neck label</li> <li><b>Also available in ladies sizes code 61432, kids sizes code 61023 and girl&#39;s sizes code 61025</b></li>",61091000,MA
175921,0000001758290,61430,TSHIRT,T-SHIRTS,MSSTSH,MENS SHORT SLEEVE T-SHIRT,FOTL,Fruit Of The Loom,ME0028,VH,Vintage Heather Red,0012  ,Small,Men's Iconic 150 T,2.09,1,12,72,08-04-2026 9:06,C,https://myebrochure.co.uk/images/colours/fotl/fotl-vh.jpg,https://myebrochure.co.uk/images/products/prod_11101_61430_164462.jpg,https://myebrochure.co.uk/images/products.small/prod_11101_61430_164462.jpg,https://myebrochure.co.uk/images/products.hires/prod_11101_61430_164462.jpg,https://myebrochure.co.uk/images/brands/fotl_23.png,https://myebrochure.co.uk/images/products.hires/prod_61430_132038.jpg,https://myebrochure.co.uk/images/products.hires/prod_61430_132037.jpg,https://myebrochure.co.uk/images/products.hires/prod_61430_132039.jpg,,,,,,,,"<li>100&#37; combed ringspun cotton</li> <li>Soft hand feel</li> <li>Tailored fit</li> <li>Crew neck with 1x1 rib</li> <li>Self-fabric back neck tape</li> <li>New tear away back neck label</li> <li><b>Also available in ladies sizes code 61432, kids sizes code 61023 and girl&#39;s sizes code 61025</b></li>",61091000,MA
175922,0000001758306,61430,TSHIRT,T-SHIRTS,MSSTSH,MENS SHORT SLEEVE T-SHIRT,FOTL,Fruit Of The Loom,ME0028,VH,Vintage Heather Red,0012  ,Medium,Men's Iconic 150 T,2.09,1,12,72,08-04-2026 9:06,C,https://myebrochure.co.uk/images/colours/fotl/fotl-vh.jpg,https://myebrochure.co.uk/images/products/prod_11101_61430_164462.jpg,https://myebrochure.co.uk/images/products.small/prod_11101_61430_164462.jpg,https://myebrochure.co.uk/images/products.hires/prod_11101_61430_164462.jpg,https://myebrochure.co.uk/images/brands/fotl_23.png,https://myebrochure.co.uk/images/products.hires/prod_61430_132038.jpg,https://myebrochure.co.uk/images/products.hires/prod_61430_132037.jpg,https://myebrochure.co.uk/images/products.hires/prod_61430_132039.jpg,,,,,,,,"<li>100&#37; combed ringspun cotton</li> <li>Soft hand feel</li> <li>Tailored fit</li> <li>Crew neck with 1x1 rib</li> <li>Self-fabric back neck tape</li> <li>New tear away back neck label</li> <li><b>Also available in ladies sizes code 61432, kids sizes code 61023 and girl&#39;s sizes code 61025</b></li>",61091000,MA
175923,0000001758313,61430,TSHIRT,T-SHIRTS,MSSTSH,MENS SHORT SLEEVE T-SHIRT,FOTL,Fruit Of The Loom,ME0028,VH,Vintage Heather Red,0012  ,Large,Men's Iconic 150 T,2.09,1,12,72,08-04-2026 9:06,C,https://myebrochure.co.uk/images/colours/fotl/fotl-vh.jpg,https://myebrochure.co.uk/images/products/prod_11101_61430_164462.jpg,https://myebrochure.co.uk/images/products.small/prod_11101_61430_164462.jpg,https://myebrochure.co.uk/images/products.hires/prod_11101_61430_164462.jpg,https://myebrochure.co.uk/images/brands/fotl_23.png,https://myebrochure.co.uk/images/products.hires/prod_61430_132038.jpg,https://myebrochure.co.uk/images/products.hires/prod_61430_132037.jpg,https://myebrochure.co.uk/images/products.hires/prod_61430_132039.jpg,,,,,,,,"<li>100&#37; combed ringspun cotton</li> <li>Soft hand feel</li> <li>Tailored fit</li> <li>Crew neck with 1x1 rib</li> <li>Self-fabric back neck tape</li> <li>New tear away back neck label</li> <li><b>Also available in ladies sizes code 61432, kids sizes code 61023 and girl&#39;s sizes code 61025</b></li>",61091000,MA
175924,0000001758320,61430,TSHIRT,T-SHIRTS,MSSTSH,MENS SHORT SLEEVE T-SHIRT,FOTL,Fruit Of The Loom,ME0028,VH,Vintage Heather Red,0012  ,XL,Men's Iconic 150 T,2.09,1,12,72,08-04-2026 9:06,C,https://myebrochure.co.uk/images/colours/fotl/fotl-vh.jpg,https://myebrochure.co.uk/images/products/prod_11101_61430_164462.jpg,https://myebrochure.co.uk/images/products.small/prod_11101_61430_164462.jpg,https://myebrochure.co.uk/images/products.hires/prod_11101_61430_164462.jpg,https://myebrochure.co.uk/images/brands/fotl_23.png,https://myebrochure.co.uk/images/products.hires/prod_61430_132038.jpg,https://myebrochure.co.uk/images/products.hires/prod_61430_132037.jpg,https://myebrochure.co.uk/images/products.hires/prod_61430_132039.jpg,,,,,,,,"<li>100&#37; combed ringspun cotton</li> <li>Soft hand feel</li> <li>Tailored fit</li> <li>Crew neck with 1x1 rib</li> <li>Self-fabric back neck tape</li> <li>New tear away back neck label</li> <li><b>Also available in ladies sizes code 61432, kids sizes code 61023 and girl&#39;s sizes code 61025</b></li>",61091000,MA
175925,0000001758337,61430,TSHIRT,T-SHIRTS,MSSTSH,MENS SHORT SLEEVE T-SHIRT,FOTL,Fruit Of The Loom,ME0028,VH,Vintage Heather Red,0012  ,2XL,Men's Iconic 150 T,2.09,1,12,72,08-04-2026 9:06,C,https://myebrochure.co.uk/images/colours/fotl/fotl-vh.jpg,https://myebrochure.co.uk/images/products/prod_11101_61430_164462.jpg,https://myebrochure.co.uk/images/products.small/prod_11101_61430_164462.jpg,https://myebrochure.co.uk/images/products.hires/prod_11101_61430_164462.jpg,https://myebrochure.co.uk/images/brands/fotl_23.png,https://myebrochure.co.uk/images/products.hires/prod_61430_132038.jpg,https://myebrochure.co.uk/images/products.hires/prod_61430_132037.jpg,https://myebrochure.co.uk/images/products.hires/prod_61430_132039.jpg,,,,,,,,"<li>100&#37; combed ringspun cotton</li> <li>Soft hand feel</li> <li>Tailored fit</li> <li>Crew neck with 1x1 rib</li> <li>Self-fabric back neck tape</li> <li>New tear away back neck label</li> <li><b>Also available in ladies sizes code 61432, kids sizes code 61023 and girl&#39;s sizes code 61025</b></li>",61091000,MA
183520,0000001834413,61430,TSHIRT,T-SHIRTS,MSSTSH,MENS SHORT SLEEVE T-SHIRT,FOTL,Fruit Of The Loom,ME0028,32,Navy Blue,0012  ,Small,Men's Iconic 150 T,2.09,1,12,72,08-04-2026 9:06,C,https://myebrochure.co.uk/images/colours/fotl/fotl-32.jpg,https://myebrochure.co.uk/images/products/prod_11101_61430_164462.jpg,https://myebrochure.co.uk/images/products.small/prod_11101_61430_164462.jpg,https://myebrochure.co.uk/images/products.hires/prod_11101_61430_164462.jpg,https://myebrochure.co.uk/images/brands/fotl_23.png,https://myebrochure.co.uk/images/products.hires/prod_61430_142206.jpg,https://myebrochure.co.uk/images/products.hires/prod_61430_142205.jpg,https://myebrochure.co.uk/images/products.hires/prod_61430_142207.jpg,,,,,,,,"<li>100&#37; combed ringspun cotton</li> <li>Soft hand feel</li> <li>Tailored fit</li> <li>Crew neck with 1x1 rib</li> <li>Self-fabric back neck tape</li> <li>New tear away back neck label</li> <li><b>Also available in ladies sizes code 61432, kids sizes code 61023 and girl&#39;s sizes code 61025</b></li>",61091000,MA
183521,0000001834420,61430,TSHIRT,T-SHIRTS,MSSTSH,MENS SHORT SLEEVE T-SHIRT,FOTL,Fruit Of The Loom,ME0028,32,Navy Blue,0012  ,Medium,Men's Iconic 150 T,2.09,1,12,72,08-04-2026 9:06,C,https://myebrochure.co.uk/images/colours/fotl/fotl-32.jpg,https://myebrochure.co.uk/images/products/prod_11101_61430_164462.jpg,https://myebrochure.co.uk/images/products.small/prod_11101_61430_164462.jpg,https://myebrochure.co.uk/images/products.hires/prod_11101_61430_164462.jpg,https://myebrochure.co.uk/images/brands/fotl_23.png,https://myebrochure.co.uk/images/products.hires/prod_61430_142206.jpg,https://myebrochure.co.uk/images/products.hires/prod_61430_142205.jpg,https://myebrochure.co.uk/images/products.hires/prod_61430_142207.jpg,,,,,,,,"<li>100&#37; combed ringspun cotton</li> <li>Soft hand feel</li> <li>Tailored fit</li> <li>Crew neck with 1x1 rib</li> <li>Self-fabric back neck tape</li> <li>New tear away back neck label</li> <li><b>Also available in ladies sizes code 61432, kids sizes code 61023 and girl&#39;s sizes code 61025</b></li>",61091000,MA
183522,0000001834437,61430,TSHIRT,T-SHIRTS,MSSTSH,MENS SHORT SLEEVE T-SHIRT,FOTL,Fruit Of The Loom,ME0028,32,Navy Blue,0012  ,Large,Men's Iconic 150 T,2.09,1,12,72,08-04-2026 9:06,C,https://myebrochure.co.uk/images/colours/fotl/fotl-32.jpg,https://myebrochure.co.uk/images/products/prod_11101_61430_164462.jpg,https://myebrochure.co.uk/images/products.small/prod_11101_61430_164462.jpg,https://myebrochure.co.uk/images/products.hires/prod_11101_61430_164462.jpg,https://myebrochure.co.uk/images/brands/fotl_23.png,https://myebrochure.co.uk/images/products.hires/prod_61430_142206.jpg,https://myebrochure.co.uk/images/products.hires/prod_61430_142205.jpg,https://myebrochure.co.uk/images/products.hires/prod_61430_142207.jpg,,,,,,,,"<li>100&#37; combed ringspun cotton</li> <li>Soft hand feel</li> <li>Tailored fit</li> <li>Crew neck with 1x1 rib</li> <li>Self-fabric back neck tape</li> <li>New tear away back neck label</li> <li><b>Also available in ladies sizes code 61432, kids sizes code 61023 and girl&#39;s sizes code 61025</b></li>",61091000,MA
183523,0000001834444,61430,TSHIRT,T-SHIRTS,MSSTSH,MENS SHORT SLEEVE T-SHIRT,FOTL,Fruit Of The Loom,ME0028,32,Navy Blue,0012  ,XL,Men's Iconic 150 T,2.09,1,12,72,08-04-2026 9:06,C,https://myebrochure.co.uk/images/colours/fotl/fotl-32.jpg,https://myebrochure.co.uk/images/products/prod_11101_61430_164462.jpg,https://myebrochure.co.uk/images/products.small/prod_11101_61430_164462.jpg,https://myebrochure.co.uk/images/products.hires/prod_11101_61430_164462.jpg,https://myebrochure.co.uk/images/brands/fotl_23.png,https://myebrochure.co.uk/images/products.hires/prod_61430_142206.jpg,https://myebrochure.co.uk/images/products.hires/prod_61430_142205.jpg,https://myebrochure.co.uk/images/products.hires/prod_61430_142207.jpg,,,,,,,,"<li>100&#37; combed ringspun cotton</li> <li>Soft hand feel</li> <li>Tailored fit</li> <li>Crew neck with 1x1 rib</li> <li>Self-fabric back neck tape</li> <li>New tear away back neck label</li> <li><b>Also available in ladies sizes code 61432, kids sizes code 61023 and girl&#39;s sizes code 61025</b></li>",61091000,MA
183524,0000001834451,61430,TSHIRT,T-SHIRTS,MSSTSH,MENS SHORT SLEEVE T-SHIRT,FOTL,Fruit Of The Loom,ME0028,32,Navy Blue,0012  ,2XL,Men's Iconic 150 T,2.09,1,12,72,08-04-2026 9:06,C,https://myebrochure.co.uk/images/colours/fotl/fotl-32.jpg,https://myebrochure.co.uk/images/products/prod_11101_61430_164462.jpg,https://myebrochure.co.uk/images/products.small/prod_11101_61430_164462.jpg,https://myebrochure.co.uk/images/products.hires/prod_11101_61430_164462.jpg,https://myebrochure.co.uk/images/brands/fotl_23.png,https://myebrochure.co.uk/images/products.hires/prod_61430_142206.jpg,https://myebrochure.co.uk/images/products.hires/prod_61430_142205.jpg,https://myebrochure.co.uk/images/products.hires/prod_61430_142207.jpg,,,,,,,,"<li>100&#37; combed ringspun cotton</li> <li>Soft hand feel</li> <li>Tailored fit</li> <li>Crew neck with 1x1 rib</li> <li>Self-fabric back neck tape</li> <li>New tear away back neck label</li> <li><b>Also available in ladies sizes code 61432, kids sizes code 61023 and girl&#39;s sizes code 61025</b></li>",61091000,MA
183525,0000001834468,61430,TSHIRT,T-SHIRTS,MSSTSH,MENS SHORT SLEEVE T-SHIRT,FOTL,Fruit Of The Loom,ME0028,32,Navy Blue,0012  ,3XL,Men's Iconic 150 T,2.85,1,12,36,08-04-2026 9:06,C,https://myebrochure.co.uk/images/colours/fotl/fotl-32.jpg,https://myebrochure.co.uk/images/products/prod_11101_61430_164462.jpg,https://myebrochure.co.uk/images/products.small/prod_11101_61430_164462.jpg,https://myebrochure.co.uk/images/products.hires/prod_11101_61430_164462.jpg,https://myebrochure.co.uk/images/brands/fotl_23.png,https://myebrochure.co.uk/images/products.hires/prod_61430_142206.jpg,https://myebrochure.co.uk/images/products.hires/prod_61430_142205.jpg,https://myebrochure.co.uk/images/products.hires/prod_61430_142207.jpg,,,,,,,,"<li>100&#37; combed ringspun cotton</li> <li>Soft hand feel</li> <li>Tailored fit</li> <li>Crew neck with 1x1 rib</li> <li>Self-fabric back neck tape</li> <li>New tear away back neck label</li> <li><b>Also available in ladies sizes code 61432, kids sizes code 61023 and girl&#39;s sizes code 61025</b></li>",61091000,MA
183528,0000001834499,61430,TSHIRT,T-SHIRTS,MSSTSH,MENS SHORT SLEEVE T-SHIRT,FOTL,Fruit Of The Loom,ME0028,41,Burgundy,0012  ,Small,Men's Iconic 150 T,2.09,1,12,72,08-04-2026 9:06,C,https://myebrochure.co.uk/images/colours/fotl/fotl-41.jpg,https://myebrochure.co.uk/images/products/prod_11101_61430_164462.jpg,https://myebrochure.co.uk/images/products.small/prod_11101_61430_164462.jpg,https://myebrochure.co.uk/images/products.hires/prod_11101_61430_164462.jpg,https://myebrochure.co.uk/images/brands/fotl_23.png,https://myebrochure.co.uk/images/products.hires/prod_61430_142209.jpg,https://myebrochure.co.uk/images/products.hires/prod_61430_142208.jpg,,,,,,,,,"<li>100&#37; combed ringspun cotton</li> <li>Soft hand feel</li> <li>Tailored fit</li> <li>Crew neck with 1x1 rib</li> <li>Self-fabric back neck tape</li> <li>New tear away back neck label</li> <li><b>Also available in ladies sizes code 61432, kids sizes code 61023 and girl&#39;s sizes code 61025</b></li>",61091000,MA
183529,0000001834505,61430,TSHIRT,T-SHIRTS,MSSTSH,MENS SHORT SLEEVE T-SHIRT,FOTL,Fruit Of The Loom,ME0028,41,Burgundy,0012  ,Medium,Men's Iconic 150 T,2.09,1,12,72,08-04-2026 9:06,C,https://myebrochure.co.uk/images/colours/fotl/fotl-41.jpg,https://myebrochure.co.uk/images/products/prod_11101_61430_164462.jpg,https://myebrochure.co.uk/images/products.small/prod_11101_61430_164462.jpg,https://myebrochure.co.uk/images/products.hires/prod_11101_61430_164462.jpg,https://myebrochure.co.uk/images/brands/fotl_23.png,https://myebrochure.co.uk/images/products.hires/prod_61430_142209.jpg,https://myebrochure.co.uk/images/products.hires/prod_61430_142208.jpg,,,,,,,,,"<li>100&#37; combed ringspun cotton</li> <li>Soft hand feel</li> <li>Tailored fit</li> <li>Crew neck with 1x1 rib</li> <li>Self-fabric back neck tape</li> <li>New tear away back neck label</li> <li><b>Also available in ladies sizes code 61432, kids sizes code 61023 and girl&#39;s sizes code 61025</b></li>",61091000,MA
183530,0000001834512,61430,TSHIRT,T-SHIRTS,MSSTSH,MENS SHORT SLEEVE T-SHIRT,FOTL,Fruit Of The Loom,ME0028,41,Burgundy,0012  ,Large,Men's Iconic 150 T,2.09,1,12,72,08-04-2026 9:06,C,https://myebrochure.co.uk/images/colours/fotl/fotl-41.jpg,https://myebrochure.co.uk/images/products/prod_11101_61430_164462.jpg,https://myebrochure.co.uk/images/products.small/prod_11101_61430_164462.jpg,https://myebrochure.co.uk/images/products.hires/prod_11101_61430_164462.jpg,https://myebrochure.co.uk/images/brands/fotl_23.png,https://myebrochure.co.uk/images/products.hires/prod_61430_142209.jpg,https://myebrochure.co.uk/images/products.hires/prod_61430_142208.jpg,,,,,,,,,"<li>100&#37; combed ringspun cotton</li> <li>Soft hand feel</li> <li>Tailored fit</li> <li>Crew neck with 1x1 rib</li> <li>Self-fabric back neck tape</li> <li>New tear away back neck label</li> <li><b>Also available in ladies sizes code 61432, kids sizes code 61023 and girl&#39;s sizes code 61025</b></li>",61091000,MA
183531,0000001834529,61430,TSHIRT,T-SHIRTS,MSSTSH,MENS SHORT SLEEVE T-SHIRT,FOTL,Fruit Of The Loom,ME0028,41,Burgundy,0012  ,XL,Men's Iconic 150 T,2.09,1,12,72,08-04-2026 9:06,C,https://myebrochure.co.uk/images/colours/fotl/fotl-41.jpg,https://myebrochure.co.uk/images/products/prod_11101_61430_164462.jpg,https://myebrochure.co.uk/images/products.small/prod_11101_61430_164462.jpg,https://myebrochure.co.uk/images/products.hires/prod_11101_61430_164462.jpg,https://myebrochure.co.uk/images/brands/fotl_23.png,https://myebrochure.co.uk/images/products.hires/prod_61430_142209.jpg,https://myebrochure.co.uk/images/products.hires/prod_61430_142208.jpg,,,,,,,,,"<li>100&#37; combed ringspun cotton</li> <li>Soft hand feel</li> <li>Tailored fit</li> <li>Crew neck with 1x1 rib</li> <li>Self-fabric back neck tape</li> <li>New tear away back neck label</li> <li><b>Also available in ladies sizes code 61432, kids sizes code 61023 and girl&#39;s sizes code 61025</b></li>",61091000,MA
183532,0000001834536,61430,TSHIRT,T-SHIRTS,MSSTSH,MENS SHORT SLEEVE T-SHIRT,FOTL,Fruit Of The Loom,ME0028,41,Burgundy,0012  ,2XL,Men's Iconic 150 T,2.09,1,12,72,08-04-2026 9:06,C,https://myebrochure.co.uk/images/colours/fotl/fotl-41.jpg,https://myebrochure.co.uk/images/products/prod_11101_61430_164462.jpg,https://myebrochure.co.uk/images/products.small/prod_11101_61430_164462.jpg,https://myebrochure.co.uk/images/products.hires/prod_11101_61430_164462.jpg,https://myebrochure.co.uk/images/brands/fotl_23.png,https://myebrochure.co.uk/images/products.hires/prod_61430_142209.jpg,https://myebrochure.co.uk/images/products.hires/prod_61430_142208.jpg,,,,,,,,,"<li>100&#37; combed ringspun cotton</li> <li>Soft hand feel</li> <li>Tailored fit</li> <li>Crew neck with 1x1 rib</li> <li>Self-fabric back neck tape</li> <li>New tear away back neck label</li> <li><b>Also available in ladies sizes code 61432, kids sizes code 61023 and girl&#39;s sizes code 61025</b></li>",61091000,MA
183533,0000001834543,61430,TSHIRT,T-SHIRTS,MSSTSH,MENS SHORT SLEEVE T-SHIRT,FOTL,Fruit Of The Loom,ME0028,41,Burgundy,0012  ,3XL,Men's Iconic 150 T,2.85,1,12,36,08-04-2026 9:06,C,https://myebrochure.co.uk/images/colours/fotl/fotl-41.jpg,https://myebrochure.co.uk/images/products/prod_11101_61430_164462.jpg,https://myebrochure.co.uk/images/products.small/prod_11101_61430_164462.jpg,https://myebrochure.co.uk/images/products.hires/prod_11101_61430_164462.jpg,https://myebrochure.co.uk/images/brands/fotl_23.png,https://myebrochure.co.uk/images/products.hires/prod_61430_142209.jpg,https://myebrochure.co.uk/images/products.hires/prod_61430_142208.jpg,,,,,,,,,"<li>100&#37; combed ringspun cotton</li> <li>Soft hand feel</li> <li>Tailored fit</li> <li>Crew neck with 1x1 rib</li> <li>Self-fabric back neck tape</li> <li>New tear away back neck label</li> <li><b>Also available in ladies sizes code 61432, kids sizes code 61023 and girl&#39;s sizes code 61025</b></li>",61091000,MA
183536,0000001834574,61430,TSHIRT,T-SHIRTS,MSSTSH,MENS SHORT SLEEVE T-SHIRT,FOTL,Fruit Of The Loom,ME0028,NE,Neomint,0012  ,Small,Men's Iconic 150 T,2.09,1,12,72,08-04-2026 9:06,C,https://myebrochure.co.uk/images/colours/fotl/fotl-ne.jpg,https://myebrochure.co.uk/images/products/prod_11101_61430_164462.jpg,https://myebrochure.co.uk/images/products.small/prod_11101_61430_164462.jpg,https://myebrochure.co.uk/images/products.hires/prod_11101_61430_164462.jpg,https://myebrochure.co.uk/images/brands/fotl_23.png,https://myebrochure.co.uk/images/products.hires/prod_11101_61430_149191.jpg,https://myebrochure.co.uk/images/products.hires/prod_11101_61430_149190.jpg,https://myebrochure.co.uk/images/products.hires/prod_11101_61430_149192.jpg,,,,,,,,"<li>100&#37; combed ringspun cotton</li> <li>Soft hand feel</li> <li>Tailored fit</li> <li>Crew neck with 1x1 rib</li> <li>Self-fabric back neck tape</li> <li>New tear away back neck label</li> <li><b>Also available in ladies sizes code 61432, kids sizes code 61023 and girl&#39;s sizes code 61025</b></li>",61091000,MA
183537,0000001834581,61430,TSHIRT,T-SHIRTS,MSSTSH,MENS SHORT SLEEVE T-SHIRT,FOTL,Fruit Of The Loom,ME0028,NE,Neomint,0012  ,Medium,Men's Iconic 150 T,2.09,1,12,72,08-04-2026 9:06,C,https://myebrochure.co.uk/images/colours/fotl/fotl-ne.jpg,https://myebrochure.co.uk/images/products/prod_11101_61430_164462.jpg,https://myebrochure.co.uk/images/products.small/prod_11101_61430_164462.jpg,https://myebrochure.co.uk/images/products.hires/prod_11101_61430_164462.jpg,https://myebrochure.co.uk/images/brands/fotl_23.png,https://myebrochure.co.uk/images/products.hires/prod_11101_61430_149191.jpg,https://myebrochure.co.uk/images/products.hires/prod_11101_61430_149190.jpg,https://myebrochure.co.uk/images/products.hires/prod_11101_61430_149192.jpg,,,,,,,,"<li>100&#37; combed ringspun cotton</li> <li>Soft hand feel</li> <li>Tailored fit</li> <li>Crew neck with 1x1 rib</li> <li>Self-fabric back neck tape</li> <li>New tear away back neck label</li> <li><b>Also available in ladies sizes code 61432, kids sizes code 61023 and girl&#39;s sizes code 61025</b></li>",61091000,MA
183538,0000001834598,61430,TSHIRT,T-SHIRTS,MSSTSH,MENS SHORT SLEEVE T-SHIRT,FOTL,Fruit Of The Loom,ME0028,NE,Neomint,0012  ,Large,Men's Iconic 150 T,2.09,1,12,72,08-04-2026 9:06,C,https://myebrochure.co.uk/images/colours/fotl/fotl-ne.jpg,https://myebrochure.co.uk/images/products/prod_11101_61430_164462.jpg,https://myebrochure.co.uk/images/products.small/prod_11101_61430_164462.jpg,https://myebrochure.co.uk/images/products.hires/prod_11101_61430_164462.jpg,https://myebrochure.co.uk/images/brands/fotl_23.png,https://myebrochure.co.uk/images/products.hires/prod_11101_61430_149191.jpg,https://myebrochure.co.uk/images/products.hires/prod_11101_61430_149190.jpg,https://myebrochure.co.uk/images/products.hires/prod_11101_61430_149192.jpg,,,,,,,,"<li>100&#37; combed ringspun cotton</li> <li>Soft hand feel</li> <li>Tailored fit</li> <li>Crew neck with 1x1 rib</li> <li>Self-fabric back neck tape</li> <li>New tear away back neck label</li> <li><b>Also available in ladies sizes code 61432, kids sizes code 61023 and girl&#39;s sizes code 61025</b></li>",61091000,MA
183539,0000001834604,61430,TSHIRT,T-SHIRTS,MSSTSH,MENS SHORT SLEEVE T-SHIRT,FOTL,Fruit Of The Loom,ME0028,NE,Neomint,0012  ,XL,Men's Iconic 150 T,2.09,1,12,72,08-04-2026 9:06,C,https://myebrochure.co.uk/images/colours/fotl/fotl-ne.jpg,https://myebrochure.co.uk/images/products/prod_11101_61430_164462.jpg,https://myebrochure.co.uk/images/products.small/prod_11101_61430_164462.jpg,https://myebrochure.co.uk/images/products.hires/prod_11101_61430_164462.jpg,https://myebrochure.co.uk/images/brands/fotl_23.png,https://myebrochure.co.uk/images/products.hires/prod_11101_61430_149191.jpg,https://myebrochure.co.uk/images/products.hires/prod_11101_61430_149190.jpg,https://myebrochure.co.uk/images/products.hires/prod_11101_61430_149192.jpg,,,,,,,,"<li>100&#37; combed ringspun cotton</li> <li>Soft hand feel</li> <li>Tailored fit</li> <li>Crew neck with 1x1 rib</li> <li>Self-fabric back neck tape</li> <li>New tear away back neck label</li> <li><b>Also available in ladies sizes code 61432, kids sizes code 61023 and girl&#39;s sizes code 61025</b></li>",61091000,MA
183540,0000001834611,61430,TSHIRT,T-SHIRTS,MSSTSH,MENS SHORT SLEEVE T-SHIRT,FOTL,Fruit Of The Loom,ME0028,NE,Neomint,0012  ,2XL,Men's Iconic 150 T,2.09,1,12,72,08-04-2026 9:06,C,https://myebrochure.co.uk/images/colours/fotl/fotl-ne.jpg,https://myebrochure.co.uk/images/products/prod_11101_61430_164462.jpg,https://myebrochure.co.uk/images/products.small/prod_11101_61430_164462.jpg,https://myebrochure.co.uk/images/products.hires/prod_11101_61430_164462.jpg,https://myebrochure.co.uk/images/brands/fotl_23.png,https://myebrochure.co.uk/images/products.hires/prod_11101_61430_149191.jpg,https://myebrochure.co.uk/images/products.hires/prod_11101_61430_149190.jpg,https://myebrochure.co.uk/images/products.hires/prod_11101_61430_149192.jpg,,,,,,,,"<li>100&#37; combed ringspun cotton</li> <li>Soft hand feel</li> <li>Tailored fit</li> <li>Crew neck with 1x1 rib</li> <li>Self-fabric back neck tape</li> <li>New tear away back neck label</li> <li><b>Also available in ladies sizes code 61432, kids sizes code 61023 and girl&#39;s sizes code 61025</b></li>",61091000,MA
183541,0000001834628,61430,TSHIRT,T-SHIRTS,MSSTSH,MENS SHORT SLEEVE T-SHIRT,FOTL,Fruit Of The Loom,ME0028,NE,Neomint,0012  ,3XL,Men's Iconic 150 T,2.85,1,12,36,08-04-2026 9:06,C,https://myebrochure.co.uk/images/colours/fotl/fotl-ne.jpg,https://myebrochure.co.uk/images/products/prod_11101_61430_164462.jpg,https://myebrochure.co.uk/images/products.small/prod_11101_61430_164462.jpg,https://myebrochure.co.uk/images/products.hires/prod_11101_61430_164462.jpg,https://myebrochure.co.uk/images/brands/fotl_23.png,https://myebrochure.co.uk/images/products.hires/prod_11101_61430_149191.jpg,https://myebrochure.co.uk/images/products.hires/prod_11101_61430_149190.jpg,https://myebrochure.co.uk/images/products.hires/prod_11101_61430_149192.jpg,,,,,,,,"<li>100&#37; combed ringspun cotton</li> <li>Soft hand feel</li> <li>Tailored fit</li> <li>Crew neck with 1x1 rib</li> <li>Self-fabric back neck tape</li> <li>New tear away back neck label</li> <li><b>Also available in ladies sizes code 61432, kids sizes code 61023 and girl&#39;s sizes code 61025</b></li>",61091000,MA
197023,0000001970050,61430,TSHIRT,T-SHIRTS,MSSTSH,MENS SHORT SLEEVE T-SHIRT,FOTL,Fruit Of The Loom,ME0028,9K,Athletic Heather,0012  ,Small,Men's Iconic 150 T,2.09,1,12,72,08-04-2026 9:06,C,https://myebrochure.co.uk/images/colours/fotl/fotl-9k.jpg,https://myebrochure.co.uk/images/products/prod_11101_61430_164462.jpg,https://myebrochure.co.uk/images/products.small/prod_11101_61430_164462.jpg,https://myebrochure.co.uk/images/products.hires/prod_11101_61430_164462.jpg,https://myebrochure.co.uk/images/brands/fotl_23.png,https://myebrochure.co.uk/images/products.hires/prod_11101_61430_153581.jpg,https://myebrochure.co.uk/images/products.hires/prod_11101_61430_153580.jpg,https://myebrochure.co.uk/images/products.hires/prod_11101_61430_153582.jpg,,,,,,,,"<li>100&#37; combed ringspun cotton</li> <li>Soft hand feel</li> <li>Tailored fit</li> <li>Crew neck with 1x1 rib</li> <li>Self-fabric back neck tape</li> <li>New tear away back neck label</li> <li><b>Also available in ladies sizes code 61432, kids sizes code 61023 and girl&#39;s sizes code 61025</b></li>",61091000,MA
197024,0000001970067,61430,TSHIRT,T-SHIRTS,MSSTSH,MENS SHORT SLEEVE T-SHIRT,FOTL,Fruit Of The Loom,ME0028,9K,Athletic Heather,0012  ,Medium,Men's Iconic 150 T,2.09,1,12,72,08-04-2026 9:06,C,https://myebrochure.co.uk/images/colours/fotl/fotl-9k.jpg,https://myebrochure.co.uk/images/products/prod_11101_61430_164462.jpg,https://myebrochure.co.uk/images/products.small/prod_11101_61430_164462.jpg,https://myebrochure.co.uk/images/products.hires/prod_11101_61430_164462.jpg,https://myebrochure.co.uk/images/brands/fotl_23.png,https://myebrochure.co.uk/images/products.hires/prod_11101_61430_153581.jpg,https://myebrochure.co.uk/images/products.hires/prod_11101_61430_153580.jpg,https://myebrochure.co.uk/images/products.hires/prod_11101_61430_153582.jpg,,,,,,,,"<li>100&#37; combed ringspun cotton</li> <li>Soft hand feel</li> <li>Tailored fit</li> <li>Crew neck with 1x1 rib</li> <li>Self-fabric back neck tape</li> <li>New tear away back neck label</li> <li><b>Also available in ladies sizes code 61432, kids sizes code 61023 and girl&#39;s sizes code 61025</b></li>",61091000,MA
197025,0000001970074,61430,TSHIRT,T-SHIRTS,MSSTSH,MENS SHORT SLEEVE T-SHIRT,FOTL,Fruit Of The Loom,ME0028,9K,Athletic Heather,0012  ,Large,Men's Iconic 150 T,2.09,1,12,72,08-04-2026 9:06,C,https://myebrochure.co.uk/images/colours/fotl/fotl-9k.jpg,https://myebrochure.co.uk/images/products/prod_11101_61430_164462.jpg,https://myebrochure.co.uk/images/products.small/prod_11101_61430_164462.jpg,https://myebrochure.co.uk/images/products.hires/prod_11101_61430_164462.jpg,https://myebrochure.co.uk/images/brands/fotl_23.png,https://myebrochure.co.uk/images/products.hires/prod_11101_61430_153581.jpg,https://myebrochure.co.uk/images/products.hires/prod_11101_61430_153580.jpg,https://myebrochure.co.uk/images/products.hires/prod_11101_61430_153582.jpg,,,,,,,,"<li>100&#37; combed ringspun cotton</li> <li>Soft hand feel</li> <li>Tailored fit</li> <li>Crew neck with 1x1 rib</li> <li>Self-fabric back neck tape</li> <li>New tear away back neck label</li> <li><b>Also available in ladies sizes code 61432, kids sizes code 61023 and girl&#39;s sizes code 61025</b></li>",61091000,MA
197026,0000001970081,61430,TSHIRT,T-SHIRTS,MSSTSH,MENS SHORT SLEEVE T-SHIRT,FOTL,Fruit Of The Loom,ME0028,9K,Athletic Heather,0012  ,XL,Men's Iconic 150 T,2.09,1,12,72,08-04-2026 9:06,C,https://myebrochure.co.uk/images/colours/fotl/fotl-9k.jpg,https://myebrochure.co.uk/images/products/prod_11101_61430_164462.jpg,https://myebrochure.co.uk/images/products.small/prod_11101_61430_164462.jpg,https://myebrochure.co.uk/images/products.hires/prod_11101_61430_164462.jpg,https://myebrochure.co.uk/images/brands/fotl_23.png,https://myebrochure.co.uk/images/products.hires/prod_11101_61430_153581.jpg,https://myebrochure.co.uk/images/products.hires/prod_11101_61430_153580.jpg,https://myebrochure.co.uk/images/products.hires/prod_11101_61430_153582.jpg,,,,,,,,"<li>100&#37; combed ringspun cotton</li> <li>Soft hand feel</li> <li>Tailored fit</li> <li>Crew neck with 1x1 rib</li> <li>Self-fabric back neck tape</li> <li>New tear away back neck label</li> <li><b>Also available in ladies sizes code 61432, kids sizes code 61023 and girl&#39;s sizes code 61025</b></li>",61091000,MA
197027,0000001970098,61430,TSHIRT,T-SHIRTS,MSSTSH,MENS SHORT SLEEVE T-SHIRT,FOTL,Fruit Of The Loom,ME0028,9K,Athletic Heather,0012  ,2XL,Men's Iconic 150 T,2.09,1,12,72,08-04-2026 9:06,C,https://myebrochure.co.uk/images/colours/fotl/fotl-9k.jpg,https://myebrochure.co.uk/images/products/prod_11101_61430_164462.jpg,https://myebrochure.co.uk/images/products.small/prod_11101_61430_164462.jpg,https://myebrochure.co.uk/images/products.hires/prod_11101_61430_164462.jpg,https://myebrochure.co.uk/images/brands/fotl_23.png,https://myebrochure.co.uk/images/products.hires/prod_11101_61430_153581.jpg,https://myebrochure.co.uk/images/products.hires/prod_11101_61430_153580.jpg,https://myebrochure.co.uk/images/products.hires/prod_11101_61430_153582.jpg,,,,,,,,"<li>100&#37; combed ringspun cotton</li> <li>Soft hand feel</li> <li>Tailored fit</li> <li>Crew neck with 1x1 rib</li> <li>Self-fabric back neck tape</li> <li>New tear away back neck label</li> <li><b>Also available in ladies sizes code 61432, kids sizes code 61023 and girl&#39;s sizes code 61025</b></li>",61091000,MA
197028,0000001970104,61430,TSHIRT,T-SHIRTS,MSSTSH,MENS SHORT SLEEVE T-SHIRT,FOTL,Fruit Of The Loom,ME0028,9K,Athletic Heather,0012  ,3XL,Men's Iconic 150 T,2.85,1,12,36,08-04-2026 9:06,C,https://myebrochure.co.uk/images/colours/fotl/fotl-9k.jpg,https://myebrochure.co.uk/images/products/prod_11101_61430_164462.jpg,https://myebrochure.co.uk/images/products.small/prod_11101_61430_164462.jpg,https://myebrochure.co.uk/images/products.hires/prod_11101_61430_164462.jpg,https://myebrochure.co.uk/images/brands/fotl_23.png,https://myebrochure.co.uk/images/products.hires/prod_11101_61430_153581.jpg,https://myebrochure.co.uk/images/products.hires/prod_11101_61430_153580.jpg,https://myebrochure.co.uk/images/products.hires/prod_11101_61430_153582.jpg,,,,,,,,"<li>100&#37; combed ringspun cotton</li> <li>Soft hand feel</li> <li>Tailored fit</li> <li>Crew neck with 1x1 rib</li> <li>Self-fabric back neck tape</li> <li>New tear away back neck label</li> <li><b>Also available in ladies sizes code 61432, kids sizes code 61023 and girl&#39;s sizes code 61025</b></li>",61091000,MA
200578,0000002005638,61430,TSHIRT,T-SHIRTS,MSSTSH,MENS SHORT SLEEVE T-SHIRT,FOTL,Fruit Of The Loom,ME0028,ZU,Azure Blue,0012  ,Small,Men's Iconic 150 T,2.09,1,12,72,08-04-2026 9:06,C,https://myebrochure.co.uk/images/colours/fotl/fotl-zu.jpg,https://myebrochure.co.uk/images/products/prod_11101_61430_164462.jpg,https://myebrochure.co.uk/images/products.small/prod_11101_61430_164462.jpg,https://myebrochure.co.uk/images/products.hires/prod_11101_61430_164462.jpg,https://myebrochure.co.uk/images/brands/fotl_23.png,https://myebrochure.co.uk/images/products.hires/prod_11101_61430_157241.jpg,https://myebrochure.co.uk/images/products.hires/prod_11101_61430_157240.jpg,https://myebrochure.co.uk/images/products.hires/prod_11101_61430_157242.jpg,,,,,,,,"<li>100&#37; combed ringspun cotton</li> <li>Soft hand feel</li> <li>Tailored fit</li> <li>Crew neck with 1x1 rib</li> <li>Self-fabric back neck tape</li> <li>New tear away back neck label</li> <li><b>Also available in ladies sizes code 61432, kids sizes code 61023 and girl&#39;s sizes code 61025</b></li>",61091000,MA
200579,0000002005645,61430,TSHIRT,T-SHIRTS,MSSTSH,MENS SHORT SLEEVE T-SHIRT,FOTL,Fruit Of The Loom,ME0028,ZU,Azure Blue,0012  ,Medium,Men's Iconic 150 T,2.09,1,12,72,08-04-2026 9:06,C,https://myebrochure.co.uk/images/colours/fotl/fotl-zu.jpg,https://myebrochure.co.uk/images/products/prod_11101_61430_164462.jpg,https://myebrochure.co.uk/images/products.small/prod_11101_61430_164462.jpg,https://myebrochure.co.uk/images/products.hires/prod_11101_61430_164462.jpg,https://myebrochure.co.uk/images/brands/fotl_23.png,https://myebrochure.co.uk/images/products.hires/prod_11101_61430_157241.jpg,https://myebrochure.co.uk/images/products.hires/prod_11101_61430_157240.jpg,https://myebrochure.co.uk/images/products.hires/prod_11101_61430_157242.jpg,,,,,,,,"<li>100&#37; combed ringspun cotton</li> <li>Soft hand feel</li> <li>Tailored fit</li> <li>Crew neck with 1x1 rib</li> <li>Self-fabric back neck tape</li> <li>New tear away back neck label</li> <li><b>Also available in ladies sizes code 61432, kids sizes code 61023 and girl&#39;s sizes code 61025</b></li>",61091000,MA
200580,0000002005652,61430,TSHIRT,T-SHIRTS,MSSTSH,MENS SHORT SLEEVE T-SHIRT,FOTL,Fruit Of The Loom,ME0028,ZU,Azure Blue,0012  ,Large,Men's Iconic 150 T,2.09,1,12,72,08-04-2026 9:06,C,https://myebrochure.co.uk/images/colours/fotl/fotl-zu.jpg,https://myebrochure.co.uk/images/products/prod_11101_61430_164462.jpg,https://myebrochure.co.uk/images/products.small/prod_11101_61430_164462.jpg,https://myebrochure.co.uk/images/products.hires/prod_11101_61430_164462.jpg,https://myebrochure.co.uk/images/brands/fotl_23.png,https://myebrochure.co.uk/images/products.hires/prod_11101_61430_157241.jpg,https://myebrochure.co.uk/images/products.hires/prod_11101_61430_157240.jpg,https://myebrochure.co.uk/images/products.hires/prod_11101_61430_157242.jpg,,,,,,,,"<li>100&#37; combed ringspun cotton</li> <li>Soft hand feel</li> <li>Tailored fit</li> <li>Crew neck with 1x1 rib</li> <li>Self-fabric back neck tape</li> <li>New tear away back neck label</li> <li><b>Also available in ladies sizes code 61432, kids sizes code 61023 and girl&#39;s sizes code 61025</b></li>",61091000,MA
200581,0000002005669,61430,TSHIRT,T-SHIRTS,MSSTSH,MENS SHORT SLEEVE T-SHIRT,FOTL,Fruit Of The Loom,ME0028,ZU,Azure Blue,0012  ,XL,Men's Iconic 150 T,2.09,1,12,72,08-04-2026 9:06,C,https://myebrochure.co.uk/images/colours/fotl/fotl-zu.jpg,https://myebrochure.co.uk/images/products/prod_11101_61430_164462.jpg,https://myebrochure.co.uk/images/products.small/prod_11101_61430_164462.jpg,https://myebrochure.co.uk/images/products.hires/prod_11101_61430_164462.jpg,https://myebrochure.co.uk/images/brands/fotl_23.png,https://myebrochure.co.uk/images/products.hires/prod_11101_61430_157241.jpg,https://myebrochure.co.uk/images/products.hires/prod_11101_61430_157240.jpg,https://myebrochure.co.uk/images/products.hires/prod_11101_61430_157242.jpg,,,,,,,,"<li>100&#37; combed ringspun cotton</li> <li>Soft hand feel</li> <li>Tailored fit</li> <li>Crew neck with 1x1 rib</li> <li>Self-fabric back neck tape</li> <li>New tear away back neck label</li> <li><b>Also available in ladies sizes code 61432, kids sizes code 61023 and girl&#39;s sizes code 61025</b></li>",61091000,MA
200582,0000002005676,61430,TSHIRT,T-SHIRTS,MSSTSH,MENS SHORT SLEEVE T-SHIRT,FOTL,Fruit Of The Loom,ME0028,ZU,Azure Blue,0012  ,2XL,Men's Iconic 150 T,2.09,1,12,72,08-04-2026 9:06,C,https://myebrochure.co.uk/images/colours/fotl/fotl-zu.jpg,https://myebrochure.co.uk/images/products/prod_11101_61430_164462.jpg,https://myebrochure.co.uk/images/products.small/prod_11101_61430_164462.jpg,https://myebrochure.co.uk/images/products.hires/prod_11101_61430_164462.jpg,https://myebrochure.co.uk/images/brands/fotl_23.png,https://myebrochure.co.uk/images/products.hires/prod_11101_61430_157241.jpg,https://myebrochure.co.uk/images/products.hires/prod_11101_61430_157240.jpg,https://myebrochure.co.uk/images/products.hires/prod_11101_61430_157242.jpg,,,,,,,,"<li>100&#37; combed ringspun cotton</li> <li>Soft hand feel</li> <li>Tailored fit</li> <li>Crew neck with 1x1 rib</li> <li>Self-fabric back neck tape</li> <li>New tear away back neck label</li> <li><b>Also available in ladies sizes code 61432, kids sizes code 61023 and girl&#39;s sizes code 61025</b></li>",61091000,MA
200583,0000002005683,61430,TSHIRT,T-SHIRTS,MSSTSH,MENS SHORT SLEEVE T-SHIRT,FOTL,Fruit Of The Loom,ME0028,ZU,Azure Blue,0012  ,3XL,Men's Iconic 150 T,2.85,1,12,36,08-04-2026 9:06,C,https://myebrochure.co.uk/images/colours/fotl/fotl-zu.jpg,https://myebrochure.co.uk/images/products/prod_11101_61430_164462.jpg,https://myebrochure.co.uk/images/products.small/prod_11101_61430_164462.jpg,https://myebrochure.co.uk/images/products.hires/prod_11101_61430_164462.jpg,https://myebrochure.co.uk/images/brands/fotl_23.png,https://myebrochure.co.uk/images/products.hires/prod_11101_61430_157241.jpg,https://myebrochure.co.uk/images/products.hires/prod_11101_61430_157240.jpg,https://myebrochure.co.uk/images/products.hires/prod_11101_61430_157242.jpg,,,,,,,,"<li>100&#37; combed ringspun cotton</li> <li>Soft hand feel</li> <li>Tailored fit</li> <li>Crew neck with 1x1 rib</li> <li>Self-fabric back neck tape</li> <li>New tear away back neck label</li> <li><b>Also available in ladies sizes code 61432, kids sizes code 61023 and girl&#39;s sizes code 61025</b></li>",61091000,MA
200586,0000002005713,61430,TSHIRT,T-SHIRTS,MSSTSH,MENS SHORT SLEEVE T-SHIRT,FOTL,Fruit Of The Loom,ME0028,PR,Powder Rose,0012  ,Small,Men's Iconic 150 T,2.09,1,12,72,08-04-2026 9:06,C,https://myebrochure.co.uk/images/colours/fotl/fotl-pr.jpg,https://myebrochure.co.uk/images/products/prod_11101_61430_164462.jpg,https://myebrochure.co.uk/images/products.small/prod_11101_61430_164462.jpg,https://myebrochure.co.uk/images/products.hires/prod_11101_61430_164462.jpg,https://myebrochure.co.uk/images/brands/fotl_23.png,https://myebrochure.co.uk/images/products.hires/prod_11101_61430_157235.jpg,https://myebrochure.co.uk/images/products.hires/prod_11101_61430_157234.jpg,https://myebrochure.co.uk/images/products.hires/prod_11101_61430_157236.jpg,,,,,,,,"<li>100&#37; combed ringspun cotton</li> <li>Soft hand feel</li> <li>Tailored fit</li> <li>Crew neck with 1x1 rib</li> <li>Self-fabric back neck tape</li> <li>New tear away back neck label</li> <li><b>Also available in ladies sizes code 61432, kids sizes code 61023 and girl&#39;s sizes code 61025</b></li>",61091000,MA
200587,0000002005720,61430,TSHIRT,T-SHIRTS,MSSTSH,MENS SHORT SLEEVE T-SHIRT,FOTL,Fruit Of The Loom,ME0028,PR,Powder Rose,0012  ,Medium,Men's Iconic 150 T,2.09,1,12,72,08-04-2026 9:06,C,https://myebrochure.co.uk/images/colours/fotl/fotl-pr.jpg,https://myebrochure.co.uk/images/products/prod_11101_61430_164462.jpg,https://myebrochure.co.uk/images/products.small/prod_11101_61430_164462.jpg,https://myebrochure.co.uk/images/products.hires/prod_11101_61430_164462.jpg,https://myebrochure.co.uk/images/brands/fotl_23.png,https://myebrochure.co.uk/images/products.hires/prod_11101_61430_157235.jpg,https://myebrochure.co.uk/images/products.hires/prod_11101_61430_157234.jpg,https://myebrochure.co.uk/images/products.hires/prod_11101_61430_157236.jpg,,,,,,,,"<li>100&#37; combed ringspun cotton</li> <li>Soft hand feel</li> <li>Tailored fit</li> <li>Crew neck with 1x1 rib</li> <li>Self-fabric back neck tape</li> <li>New tear away back neck label</li> <li><b>Also available in ladies sizes code 61432, kids sizes code 61023 and girl&#39;s sizes code 61025</b></li>",61091000,MA
200588,0000002005737,61430,TSHIRT,T-SHIRTS,MSSTSH,MENS SHORT SLEEVE T-SHIRT,FOTL,Fruit Of The Loom,ME0028,PR,Powder Rose,0012  ,Large,Men's Iconic 150 T,2.09,1,12,72,08-04-2026 9:06,C,https://myebrochure.co.uk/images/colours/fotl/fotl-pr.jpg,https://myebrochure.co.uk/images/products/prod_11101_61430_164462.jpg,https://myebrochure.co.uk/images/products.small/prod_11101_61430_164462.jpg,https://myebrochure.co.uk/images/products.hires/prod_11101_61430_164462.jpg,https://myebrochure.co.uk/images/brands/fotl_23.png,https://myebrochure.co.uk/images/products.hires/prod_11101_61430_157235.jpg,https://myebrochure.co.uk/images/products.hires/prod_11101_61430_157234.jpg,https://myebrochure.co.uk/images/products.hires/prod_11101_61430_157236.jpg,,,,,,,,"<li>100&#37; combed ringspun cotton</li> <li>Soft hand feel</li> <li>Tailored fit</li> <li>Crew neck with 1x1 rib</li> <li>Self-fabric back neck tape</li> <li>New tear away back neck label</li> <li><b>Also available in ladies sizes code 61432, kids sizes code 61023 and girl&#39;s sizes code 61025</b></li>",61091000,MA
200589,0000002005744,61430,TSHIRT,T-SHIRTS,MSSTSH,MENS SHORT SLEEVE T-SHIRT,FOTL,Fruit Of The Loom,ME0028,PR,Powder Rose,0012  ,XL,Men's Iconic 150 T,2.09,1,12,72,08-04-2026 9:06,C,https://myebrochure.co.uk/images/colours/fotl/fotl-pr.jpg,https://myebrochure.co.uk/images/products/prod_11101_61430_164462.jpg,https://myebrochure.co.uk/images/products.small/prod_11101_61430_164462.jpg,https://myebrochure.co.uk/images/products.hires/prod_11101_61430_164462.jpg,https://myebrochure.co.uk/images/brands/fotl_23.png,https://myebrochure.co.uk/images/products.hires/prod_11101_61430_157235.jpg,https://myebrochure.co.uk/images/products.hires/prod_11101_61430_157234.jpg,https://myebrochure.co.uk/images/products.hires/prod_11101_61430_157236.jpg,,,,,,,,"<li>100&#37; combed ringspun cotton</li> <li>Soft hand feel</li> <li>Tailored fit</li> <li>Crew neck with 1x1 rib</li> <li>Self-fabric back neck tape</li> <li>New tear away back neck label</li> <li><b>Also available in ladies sizes code 61432, kids sizes code 61023 and girl&#39;s sizes code 61025</b></li>",61091000,MA
200590,0000002005751,61430,TSHIRT,T-SHIRTS,MSSTSH,MENS SHORT SLEEVE T-SHIRT,FOTL,Fruit Of The Loom,ME0028,PR,Powder Rose,0012  ,2XL,Men's Iconic 150 T,2.09,1,12,72,08-04-2026 9:06,C,https://myebrochure.co.uk/images/colours/fotl/fotl-pr.jpg,https://myebrochure.co.uk/images/products/prod_11101_61430_164462.jpg,https://myebrochure.co.uk/images/products.small/prod_11101_61430_164462.jpg,https://myebrochure.co.uk/images/products.hires/prod_11101_61430_164462.jpg,https://myebrochure.co.uk/images/brands/fotl_23.png,https://myebrochure.co.uk/images/products.hires/prod_11101_61430_157235.jpg,https://myebrochure.co.uk/images/products.hires/prod_11101_61430_157234.jpg,https://myebrochure.co.uk/images/products.hires/prod_11101_61430_157236.jpg,,,,,,,,"<li>100&#37; combed ringspun cotton</li> <li>Soft hand feel</li> <li>Tailored fit</li> <li>Crew neck with 1x1 rib</li> <li>Self-fabric back neck tape</li> <li>New tear away back neck label</li> <li><b>Also available in ladies sizes code 61432, kids sizes code 61023 and girl&#39;s sizes code 61025</b></li>",61091000,MA
200591,0000002005768,61430,TSHIRT,T-SHIRTS,MSSTSH,MENS SHORT SLEEVE T-SHIRT,FOTL,Fruit Of The Loom,ME0028,PR,Powder Rose,0012  ,3XL,Men's Iconic 150 T,2.85,1,12,36,08-04-2026 9:06,C,https://myebrochure.co.uk/images/colours/fotl/fotl-pr.jpg,https://myebrochure.co.uk/images/products/prod_11101_61430_164462.jpg,https://myebrochure.co.uk/images/products.small/prod_11101_61430_164462.jpg,https://myebrochure.co.uk/images/products.hires/prod_11101_61430_164462.jpg,https://myebrochure.co.uk/images/brands/fotl_23.png,https://myebrochure.co.uk/images/products.hires/prod_11101_61430_157235.jpg,https://myebrochure.co.uk/images/products.hires/prod_11101_61430_157234.jpg,https://myebrochure.co.uk/images/products.hires/prod_11101_61430_157236.jpg,,,,,,,,"<li>100&#37; combed ringspun cotton</li> <li>Soft hand feel</li> <li>Tailored fit</li> <li>Crew neck with 1x1 rib</li> <li>Self-fabric back neck tape</li> <li>New tear away back neck label</li> <li><b>Also available in ladies sizes code 61432, kids sizes code 61023 and girl&#39;s sizes code 61025</b></li>",61091000,MA
200866,0000002008516,61430,TSHIRT,T-SHIRTS,MSSTSH,MENS SHORT SLEEVE T-SHIRT,FOTL,Fruit Of The Loom,ME0028,SLR,Soft Lavender,0012  ,Small,Men's Iconic 150 T,2.09,1,12,72,08-04-2026 9:06,C,https://myebrochure.co.uk/images/colours/fotl/fotl-slr.jpg,https://myebrochure.co.uk/images/products/prod_11101_61430_164462.jpg,https://myebrochure.co.uk/images/products.small/prod_11101_61430_164462.jpg,https://myebrochure.co.uk/images/products.hires/prod_11101_61430_164462.jpg,https://myebrochure.co.uk/images/brands/fotl_23.png,https://myebrochure.co.uk/images/products.hires/prod_11101_61430_157238.jpg,https://myebrochure.co.uk/images/products.hires/prod_11101_61430_157237.jpg,https://myebrochure.co.uk/images/products.hires/prod_11101_61430_157239.jpg,,,,,,,,"<li>100&#37; combed ringspun cotton</li> <li>Soft hand feel</li> <li>Tailored fit</li> <li>Crew neck with 1x1 rib</li> <li>Self-fabric back neck tape</li> <li>New tear away back neck label</li> <li><b>Also available in ladies sizes code 61432, kids sizes code 61023 and girl&#39;s sizes code 61025</b></li>",61091000,MA
200867,0000002008523,61430,TSHIRT,T-SHIRTS,MSSTSH,MENS SHORT SLEEVE T-SHIRT,FOTL,Fruit Of The Loom,ME0028,SLR,Soft Lavender,0012  ,Medium,Men's Iconic 150 T,2.09,1,12,72,08-04-2026 9:06,C,https://myebrochure.co.uk/images/colours/fotl/fotl-slr.jpg,https://myebrochure.co.uk/images/products/prod_11101_61430_164462.jpg,https://myebrochure.co.uk/images/products.small/prod_11101_61430_164462.jpg,https://myebrochure.co.uk/images/products.hires/prod_11101_61430_164462.jpg,https://myebrochure.co.uk/images/brands/fotl_23.png,https://myebrochure.co.uk/images/products.hires/prod_11101_61430_157238.jpg,https://myebrochure.co.uk/images/products.hires/prod_11101_61430_157237.jpg,https://myebrochure.co.uk/images/products.hires/prod_11101_61430_157239.jpg,,,,,,,,"<li>100&#37; combed ringspun cotton</li> <li>Soft hand feel</li> <li>Tailored fit</li> <li>Crew neck with 1x1 rib</li> <li>Self-fabric back neck tape</li> <li>New tear away back neck label</li> <li><b>Also available in ladies sizes code 61432, kids sizes code 61023 and girl&#39;s sizes code 61025</b></li>",61091000,MA
200868,0000002008530,61430,TSHIRT,T-SHIRTS,MSSTSH,MENS SHORT SLEEVE T-SHIRT,FOTL,Fruit Of The Loom,ME0028,SLR,Soft Lavender,0012  ,Large,Men's Iconic 150 T,2.09,1,12,72,08-04-2026 9:06,C,https://myebrochure.co.uk/images/colours/fotl/fotl-slr.jpg,https://myebrochure.co.uk/images/products/prod_11101_61430_164462.jpg,https://myebrochure.co.uk/images/products.small/prod_11101_61430_164462.jpg,https://myebrochure.co.uk/images/products.hires/prod_11101_61430_164462.jpg,https://myebrochure.co.uk/images/brands/fotl_23.png,https://myebrochure.co.uk/images/products.hires/prod_11101_61430_157238.jpg,https://myebrochure.co.uk/images/products.hires/prod_11101_61430_157237.jpg,https://myebrochure.co.uk/images/products.hires/prod_11101_61430_157239.jpg,,,,,,,,"<li>100&#37; combed ringspun cotton</li> <li>Soft hand feel</li> <li>Tailored fit</li> <li>Crew neck with 1x1 rib</li> <li>Self-fabric back neck tape</li> <li>New tear away back neck label</li> <li><b>Also available in ladies sizes code 61432, kids sizes code 61023 and girl&#39;s sizes code 61025</b></li>",61091000,MA
200869,0000002008547,61430,TSHIRT,T-SHIRTS,MSSTSH,MENS SHORT SLEEVE T-SHIRT,FOTL,Fruit Of The Loom,ME0028,SLR,Soft Lavender,0012  ,XL,Men's Iconic 150 T,2.09,1,12,72,08-04-2026 9:06,C,https://myebrochure.co.uk/images/colours/fotl/fotl-slr.jpg,https://myebrochure.co.uk/images/products/prod_11101_61430_164462.jpg,https://myebrochure.co.uk/images/products.small/prod_11101_61430_164462.jpg,https://myebrochure.co.uk/images/products.hires/prod_11101_61430_164462.jpg,https://myebrochure.co.uk/images/brands/fotl_23.png,https://myebrochure.co.uk/images/products.hires/prod_11101_61430_157238.jpg,https://myebrochure.co.uk/images/products.hires/prod_11101_61430_157237.jpg,https://myebrochure.co.uk/images/products.hires/prod_11101_61430_157239.jpg,,,,,,,,"<li>100&#37; combed ringspun cotton</li> <li>Soft hand feel</li> <li>Tailored fit</li> <li>Crew neck with 1x1 rib</li> <li>Self-fabric back neck tape</li> <li>New tear away back neck label</li> <li><b>Also available in ladies sizes code 61432, kids sizes code 61023 and girl&#39;s sizes code 61025</b></li>",61091000,MA
200870,0000002008554,61430,TSHIRT,T-SHIRTS,MSSTSH,MENS SHORT SLEEVE T-SHIRT,FOTL,Fruit Of The Loom,ME0028,SLR,Soft Lavender,0012  ,2XL,Men's Iconic 150 T,2.09,1,12,72,08-04-2026 9:06,C,https://myebrochure.co.uk/images/colours/fotl/fotl-slr.jpg,https://myebrochure.co.uk/images/products/prod_11101_61430_164462.jpg,https://myebrochure.co.uk/images/products.small/prod_11101_61430_164462.jpg,https://myebrochure.co.uk/images/products.hires/prod_11101_61430_164462.jpg,https://myebrochure.co.uk/images/brands/fotl_23.png,https://myebrochure.co.uk/images/products.hires/prod_11101_61430_157238.jpg,https://myebrochure.co.uk/images/products.hires/prod_11101_61430_157237.jpg,https://myebrochure.co.uk/images/products.hires/prod_11101_61430_157239.jpg,,,,,,,,"<li>100&#37; combed ringspun cotton</li> <li>Soft hand feel</li> <li>Tailored fit</li> <li>Crew neck with 1x1 rib</li> <li>Self-fabric back neck tape</li> <li>New tear away back neck label</li> <li><b>Also available in ladies sizes code 61432, kids sizes code 61023 and girl&#39;s sizes code 61025</b></li>",61091000,MA
200871,0000002008561,61430,TSHIRT,T-SHIRTS,MSSTSH,MENS SHORT SLEEVE T-SHIRT,FOTL,Fruit Of The Loom,ME0028,SLR,Soft Lavender,0012  ,3XL,Men's Iconic 150 T,2.85,1,12,36,08-04-2026 9:06,C,https://myebrochure.co.uk/images/colours/fotl/fotl-slr.jpg,https://myebrochure.co.uk/images/products/prod_11101_61430_164462.jpg,https://myebrochure.co.uk/images/products.small/prod_11101_61430_164462.jpg,https://myebrochure.co.uk/images/products.hires/prod_11101_61430_164462.jpg,https://myebrochure.co.uk/images/brands/fotl_23.png,https://myebrochure.co.uk/images/products.hires/prod_11101_61430_157238.jpg,https://myebrochure.co.uk/images/products.hires/prod_11101_61430_157237.jpg,https://myebrochure.co.uk/images/products.hires/prod_11101_61430_157239.jpg,,,,,,,,"<li>100&#37; combed ringspun cotton</li> <li>Soft hand feel</li> <li>Tailored fit</li> <li>Crew neck with 1x1 rib</li> <li>Self-fabric back neck tape</li> <li>New tear away back neck label</li> <li><b>Also available in ladies sizes code 61432, kids sizes code 61023 and girl&#39;s sizes code 61025</b></li>",61091000,MA
208340,0000002083292,61430,TSHIRT,T-SHIRTS,MSSTSH,MENS SHORT SLEEVE T-SHIRT,FOTL,Fruit Of The Loom,ME0028,JS,Sage,0012  ,Small,Men's Iconic 150 T,2.09,1,12,72,08-04-2026 9:06,C,https://myebrochure.co.uk/images/colours/fotl/fotl-js.jpg,https://myebrochure.co.uk/images/products/prod_11101_61430_164462.jpg,https://myebrochure.co.uk/images/products.small/prod_11101_61430_164462.jpg,https://myebrochure.co.uk/images/products.hires/prod_11101_61430_164462.jpg,https://myebrochure.co.uk/images/brands/fotl_23.png,https://myebrochure.co.uk/images/products.hires/prod_11101_61430_168059.jpg,https://myebrochure.co.uk/images/products.hires/prod_11101_61430_168058.jpg,https://myebrochure.co.uk/images/products.hires/prod_11101_61430_168060.jpg,,,,,,,,"<li>100&#37; combed ringspun cotton</li> <li>Soft hand feel</li> <li>Tailored fit</li> <li>Crew neck with 1x1 rib</li> <li>Self-fabric back neck tape</li> <li>New tear away back neck label</li> <li><b>Also available in ladies sizes code 61432, kids sizes code 61023 and girl&#39;s sizes code 61025</b></li>",61091000,MA
208341,0000002083308,61430,TSHIRT,T-SHIRTS,MSSTSH,MENS SHORT SLEEVE T-SHIRT,FOTL,Fruit Of The Loom,ME0028,JS,Sage,0012  ,Medium,Men's Iconic 150 T,2.09,1,12,72,08-04-2026 9:06,C,https://myebrochure.co.uk/images/colours/fotl/fotl-js.jpg,https://myebrochure.co.uk/images/products/prod_11101_61430_164462.jpg,https://myebrochure.co.uk/images/products.small/prod_11101_61430_164462.jpg,https://myebrochure.co.uk/images/products.hires/prod_11101_61430_164462.jpg,https://myebrochure.co.uk/images/brands/fotl_23.png,https://myebrochure.co.uk/images/products.hires/prod_11101_61430_168059.jpg,https://myebrochure.co.uk/images/products.hires/prod_11101_61430_168058.jpg,https://myebrochure.co.uk/images/products.hires/prod_11101_61430_168060.jpg,,,,,,,,"<li>100&#37; combed ringspun cotton</li> <li>Soft hand feel</li> <li>Tailored fit</li> <li>Crew neck with 1x1 rib</li> <li>Self-fabric back neck tape</li> <li>New tear away back neck label</li> <li><b>Also available in ladies sizes code 61432, kids sizes code 61023 and girl&#39;s sizes code 61025</b></li>",61091000,MA
208342,0000002083315,61430,TSHIRT,T-SHIRTS,MSSTSH,MENS SHORT SLEEVE T-SHIRT,FOTL,Fruit Of The Loom,ME0028,JS,Sage,0012  ,Large,Men's Iconic 150 T,2.09,1,12,72,08-04-2026 9:06,C,https://myebrochure.co.uk/images/colours/fotl/fotl-js.jpg,https://myebrochure.co.uk/images/products/prod_11101_61430_164462.jpg,https://myebrochure.co.uk/images/products.small/prod_11101_61430_164462.jpg,https://myebrochure.co.uk/images/products.hires/prod_11101_61430_164462.jpg,https://myebrochure.co.uk/images/brands/fotl_23.png,https://myebrochure.co.uk/images/products.hires/prod_11101_61430_168059.jpg,https://myebrochure.co.uk/images/products.hires/prod_11101_61430_168058.jpg,https://myebrochure.co.uk/images/products.hires/prod_11101_61430_168060.jpg,,,,,,,,"<li>100&#37; combed ringspun cotton</li> <li>Soft hand feel</li> <li>Tailored fit</li> <li>Crew neck with 1x1 rib</li> <li>Self-fabric back neck tape</li> <li>New tear away back neck label</li> <li><b>Also available in ladies sizes code 61432, kids sizes code 61023 and girl&#39;s sizes code 61025</b></li>",61091000,MA
208343,0000002083322,61430,TSHIRT,T-SHIRTS,MSSTSH,MENS SHORT SLEEVE T-SHIRT,FOTL,Fruit Of The Loom,ME0028,JS,Sage,0012  ,XL,Men's Iconic 150 T,2.09,1,12,72,08-04-2026 9:06,C,https://myebrochure.co.uk/images/colours/fotl/fotl-js.jpg,https://myebrochure.co.uk/images/products/prod_11101_61430_164462.jpg,https://myebrochure.co.uk/images/products.small/prod_11101_61430_164462.jpg,https://myebrochure.co.uk/images/products.hires/prod_11101_61430_164462.jpg,https://myebrochure.co.uk/images/brands/fotl_23.png,https://myebrochure.co.uk/images/products.hires/prod_11101_61430_168059.jpg,https://myebrochure.co.uk/images/products.hires/prod_11101_61430_168058.jpg,https://myebrochure.co.uk/images/products.hires/prod_11101_61430_168060.jpg,,,,,,,,"<li>100&#37; combed ringspun cotton</li> <li>Soft hand feel</li> <li>Tailored fit</li> <li>Crew neck with 1x1 rib</li> <li>Self-fabric back neck tape</li> <li>New tear away back neck label</li> <li><b>Also available in ladies sizes code 61432, kids sizes code 61023 and girl&#39;s sizes code 61025</b></li>",61091000,MA
208344,0000002083339,61430,TSHIRT,T-SHIRTS,MSSTSH,MENS SHORT SLEEVE T-SHIRT,FOTL,Fruit Of The Loom,ME0028,JS,Sage,0012  ,2XL,Men's Iconic 150 T,2.09,1,12,72,08-04-2026 9:06,C,https://myebrochure.co.uk/images/colours/fotl/fotl-js.jpg,https://myebrochure.co.uk/images/products/prod_11101_61430_164462.jpg,https://myebrochure.co.uk/images/products.small/prod_11101_61430_164462.jpg,https://myebrochure.co.uk/images/products.hires/prod_11101_61430_164462.jpg,https://myebrochure.co.uk/images/brands/fotl_23.png,https://myebrochure.co.uk/images/products.hires/prod_11101_61430_168059.jpg,https://myebrochure.co.uk/images/products.hires/prod_11101_61430_168058.jpg,https://myebrochure.co.uk/images/products.hires/prod_11101_61430_168060.jpg,,,,,,,,"<li>100&#37; combed ringspun cotton</li> <li>Soft hand feel</li> <li>Tailored fit</li> <li>Crew neck with 1x1 rib</li> <li>Self-fabric back neck tape</li> <li>New tear away back neck label</li> <li><b>Also available in ladies sizes code 61432, kids sizes code 61023 and girl&#39;s sizes code 61025</b></li>",61091000,MA
208345,0000002083346,61430,TSHIRT,T-SHIRTS,MSSTSH,MENS SHORT SLEEVE T-SHIRT,FOTL,Fruit Of The Loom,ME0028,JS,Sage,0012  ,3XL,Men's Iconic 150 T,2.85,1,12,36,08-04-2026 9:06,C,https://myebrochure.co.uk/images/colours/fotl/fotl-js.jpg,https://myebrochure.co.uk/images/products/prod_11101_61430_164462.jpg,https://myebrochure.co.uk/images/products.small/prod_11101_61430_164462.jpg,https://myebrochure.co.uk/images/products.hires/prod_11101_61430_164462.jpg,https://myebrochure.co.uk/images/brands/fotl_23.png,https://myebrochure.co.uk/images/products.hires/prod_11101_61430_168059.jpg,https://myebrochure.co.uk/images/products.hires/prod_11101_61430_168058.jpg,https://myebrochure.co.uk/images/products.hires/prod_11101_61430_168060.jpg,,,,,,,,"<li>100&#37; combed ringspun cotton</li> <li>Soft hand feel</li> <li>Tailored fit</li> <li>Crew neck with 1x1 rib</li> <li>Self-fabric back neck tape</li> <li>New tear away back neck label</li> <li><b>Also available in ladies sizes code 61432, kids sizes code 61023 and girl&#39;s sizes code 61025</b></li>",61091000,MA
208348,0000002083377,61430,TSHIRT,T-SHIRTS,MSSTSH,MENS SHORT SLEEVE T-SHIRT,FOTL,Fruit Of The Loom,ME0028,MK,Mineral Blue,0012  ,Small,Men's Iconic 150 T,2.09,1,12,72,08-04-2026 9:06,C,https://myebrochure.co.uk/images/colours/fotl/fotl-mk.jpg,https://myebrochure.co.uk/images/products/prod_11101_61430_164462.jpg,https://myebrochure.co.uk/images/products.small/prod_11101_61430_164462.jpg,https://myebrochure.co.uk/images/products.hires/prod_11101_61430_164462.jpg,https://myebrochure.co.uk/images/brands/fotl_23.png,https://myebrochure.co.uk/images/products.hires/prod_11101_61430_168062.jpg,https://myebrochure.co.uk/images/products.hires/prod_11101_61430_168061.jpg,https://myebrochure.co.uk/images/products.hires/prod_11101_61430_168063.jpg,,,,,,,,"<li>100&#37; combed ringspun cotton</li> <li>Soft hand feel</li> <li>Tailored fit</li> <li>Crew neck with 1x1 rib</li> <li>Self-fabric back neck tape</li> <li>New tear away back neck label</li> <li><b>Also available in ladies sizes code 61432, kids sizes code 61023 and girl&#39;s sizes code 61025</b></li>",61091000,MA
208349,0000002083384,61430,TSHIRT,T-SHIRTS,MSSTSH,MENS SHORT SLEEVE T-SHIRT,FOTL,Fruit Of The Loom,ME0028,MK,Mineral Blue,0012  ,Medium,Men's Iconic 150 T,2.09,1,12,72,08-04-2026 9:06,C,https://myebrochure.co.uk/images/colours/fotl/fotl-mk.jpg,https://myebrochure.co.uk/images/products/prod_11101_61430_164462.jpg,https://myebrochure.co.uk/images/products.small/prod_11101_61430_164462.jpg,https://myebrochure.co.uk/images/products.hires/prod_11101_61430_164462.jpg,https://myebrochure.co.uk/images/brands/fotl_23.png,https://myebrochure.co.uk/images/products.hires/prod_11101_61430_168062.jpg,https://myebrochure.co.uk/images/products.hires/prod_11101_61430_168061.jpg,https://myebrochure.co.uk/images/products.hires/prod_11101_61430_168063.jpg,,,,,,,,"<li>100&#37; combed ringspun cotton</li> <li>Soft hand feel</li> <li>Tailored fit</li> <li>Crew neck with 1x1 rib</li> <li>Self-fabric back neck tape</li> <li>New tear away back neck label</li> <li><b>Also available in ladies sizes code 61432, kids sizes code 61023 and girl&#39;s sizes code 61025</b></li>",61091000,MA
208350,0000002083391,61430,TSHIRT,T-SHIRTS,MSSTSH,MENS SHORT SLEEVE T-SHIRT,FOTL,Fruit Of The Loom,ME0028,MK,Mineral Blue,0012  ,Large,Men's Iconic 150 T,2.09,1,12,72,08-04-2026 9:06,C,https://myebrochure.co.uk/images/colours/fotl/fotl-mk.jpg,https://myebrochure.co.uk/images/products/prod_11101_61430_164462.jpg,https://myebrochure.co.uk/images/products.small/prod_11101_61430_164462.jpg,https://myebrochure.co.uk/images/products.hires/prod_11101_61430_164462.jpg,https://myebrochure.co.uk/images/brands/fotl_23.png,https://myebrochure.co.uk/images/products.hires/prod_11101_61430_168062.jpg,https://myebrochure.co.uk/images/products.hires/prod_11101_61430_168061.jpg,https://myebrochure.co.uk/images/products.hires/prod_11101_61430_168063.jpg,,,,,,,,"<li>100&#37; combed ringspun cotton</li> <li>Soft hand feel</li> <li>Tailored fit</li> <li>Crew neck with 1x1 rib</li> <li>Self-fabric back neck tape</li> <li>New tear away back neck label</li> <li><b>Also available in ladies sizes code 61432, kids sizes code 61023 and girl&#39;s sizes code 61025</b></li>",61091000,MA
208351,0000002083407,61430,TSHIRT,T-SHIRTS,MSSTSH,MENS SHORT SLEEVE T-SHIRT,FOTL,Fruit Of The Loom,ME0028,MK,Mineral Blue,0012  ,XL,Men's Iconic 150 T,2.09,1,12,72,08-04-2026 9:06,C,https://myebrochure.co.uk/images/colours/fotl/fotl-mk.jpg,https://myebrochure.co.uk/images/products/prod_11101_61430_164462.jpg,https://myebrochure.co.uk/images/products.small/prod_11101_61430_164462.jpg,https://myebrochure.co.uk/images/products.hires/prod_11101_61430_164462.jpg,https://myebrochure.co.uk/images/brands/fotl_23.png,https://myebrochure.co.uk/images/products.hires/prod_11101_61430_168062.jpg,https://myebrochure.co.uk/images/products.hires/prod_11101_61430_168061.jpg,https://myebrochure.co.uk/images/products.hires/prod_11101_61430_168063.jpg,,,,,,,,"<li>100&#37; combed ringspun cotton</li> <li>Soft hand feel</li> <li>Tailored fit</li> <li>Crew neck with 1x1 rib</li> <li>Self-fabric back neck tape</li> <li>New tear away back neck label</li> <li><b>Also available in ladies sizes code 61432, kids sizes code 61023 and girl&#39;s sizes code 61025</b></li>",61091000,MA
208352,0000002083414,61430,TSHIRT,T-SHIRTS,MSSTSH,MENS SHORT SLEEVE T-SHIRT,FOTL,Fruit Of The Loom,ME0028,MK,Mineral Blue,0012  ,2XL,Men's Iconic 150 T,2.09,1,12,72,08-04-2026 9:06,C,https://myebrochure.co.uk/images/colours/fotl/fotl-mk.jpg,https://myebrochure.co.uk/images/products/prod_11101_61430_164462.jpg,https://myebrochure.co.uk/images/products.small/prod_11101_61430_164462.jpg,https://myebrochure.co.uk/images/products.hires/prod_11101_61430_164462.jpg,https://myebrochure.co.uk/images/brands/fotl_23.png,https://myebrochure.co.uk/images/products.hires/prod_11101_61430_168062.jpg,https://myebrochure.co.uk/images/products.hires/prod_11101_61430_168061.jpg,https://myebrochure.co.uk/images/products.hires/prod_11101_61430_168063.jpg,,,,,,,,"<li>100&#37; combed ringspun cotton</li> <li>Soft hand feel</li> <li>Tailored fit</li> <li>Crew neck with 1x1 rib</li> <li>Self-fabric back neck tape</li> <li>New tear away back neck label</li> <li><b>Also available in ladies sizes code 61432, kids sizes code 61023 and girl&#39;s sizes code 61025</b></li>",61091000,MA
208353,0000002083421,61430,TSHIRT,T-SHIRTS,MSSTSH,MENS SHORT SLEEVE T-SHIRT,FOTL,Fruit Of The Loom,ME0028,MK,Mineral Blue,0012  ,3XL,Men's Iconic 150 T,2.85,1,12,36,08-04-2026 9:06,C,https://myebrochure.co.uk/images/colours/fotl/fotl-mk.jpg,https://myebrochure.co.uk/images/products/prod_11101_61430_164462.jpg,https://myebrochure.co.uk/images/products.small/prod_11101_61430_164462.jpg,https://myebrochure.co.uk/images/products.hires/prod_11101_61430_164462.jpg,https://myebrochure.co.uk/images/brands/fotl_23.png,https://myebrochure.co.uk/images/products.hires/prod_11101_61430_168062.jpg,https://myebrochure.co.uk/images/products.hires/prod_11101_61430_168061.jpg,https://myebrochure.co.uk/images/products.hires/prod_11101_61430_168063.jpg,,,,,,,,"<li>100&#37; combed ringspun cotton</li> <li>Soft hand feel</li> <li>Tailored fit</li> <li>Crew neck with 1x1 rib</li> <li>Self-fabric back neck tape</li> <li>New tear away back neck label</li> <li><b>Also available in ladies sizes code 61432, kids sizes code 61023 and girl&#39;s sizes code 61025</b></li>",61091000,MA
