UID,Barcode,SPC,Department Code,Department,Sub-department Code,Sub Department,Brand Code,Brand,Style Code,Colour Code,Colour Name,Size Scale,Size,Description,BTC Price,VAT Code,Pack Quantity,Carton Quantity,Last Changed Date,Stock Status,colour_code_url,image_url_medium_res,image_url_low_res,image_url_high_res,brand image,colour image 01,colour image 02,colour image 03,colour image 04,colour image 05,colour image 06,colour image 07,colour image 08,colour image 09,colour image 10,bullet points,Commodity Code,Origin
3056,0000000030564,61036,TSHIRT,T-SHIRTS,MSSTSH,MENS SHORT SLEEVE T-SHIRT,FOTL,Fruit Of The Loom,MS0020,YT,Sky Blue,0012  ,Small,Men's Valueweight T,2.23,1,12,72,08/04/2026 09:03:08,C,https://myebrochure.co.uk/images/colours/fotl/fotl-yt.jpg,https://myebrochure.co.uk/images/products/prod_15001_61036_166543.jpg,https://myebrochure.co.uk/images/products.small/prod_15001_61036_166543.jpg,https://myebrochure.co.uk/images/products.hires/prod_15001_61036_166543.jpg,https://myebrochure.co.uk/images/brands/fotl_23.png,https://myebrochure.co.uk/images/products.hires/prod_61036_141699.jpg,https://myebrochure.co.uk/images/products.hires/prod_61036_141698.jpg,https://myebrochure.co.uk/images/products.hires/prod_61036_141700.jpg,,,,,,,,"<li>Crew neck with Cotton/ LYCRA&reg; rib</li> <li>Self&#45;fabric neck tape</li> <li>Fine knit gauge for enhanced printability</li> <li><b>Also available in ladies&#39; sizes code 61372, children&#39;s sizes code 61033 and girl&#39;s sizes code 61005</b></li>",61091000,MA
3057,0000000030571,61036,TSHIRT,T-SHIRTS,MSSTSH,MENS SHORT SLEEVE T-SHIRT,FOTL,Fruit Of The Loom,MS0020,YT,Sky Blue,0012  ,Medium,Men's Valueweight T,2.23,1,12,72,08/04/2026 09:03:08,C,https://myebrochure.co.uk/images/colours/fotl/fotl-yt.jpg,https://myebrochure.co.uk/images/products/prod_15001_61036_166543.jpg,https://myebrochure.co.uk/images/products.small/prod_15001_61036_166543.jpg,https://myebrochure.co.uk/images/products.hires/prod_15001_61036_166543.jpg,https://myebrochure.co.uk/images/brands/fotl_23.png,https://myebrochure.co.uk/images/products.hires/prod_61036_141699.jpg,https://myebrochure.co.uk/images/products.hires/prod_61036_141698.jpg,https://myebrochure.co.uk/images/products.hires/prod_61036_141700.jpg,,,,,,,,"<li>Crew neck with Cotton/ LYCRA&reg; rib</li> <li>Self&#45;fabric neck tape</li> <li>Fine knit gauge for enhanced printability</li> <li><b>Also available in ladies&#39; sizes code 61372, children&#39;s sizes code 61033 and girl&#39;s sizes code 61005</b></li>",61091000,MA
3058,0000000030588,61036,TSHIRT,T-SHIRTS,MSSTSH,MENS SHORT SLEEVE T-SHIRT,FOTL,Fruit Of The Loom,MS0020,YT,Sky Blue,0012  ,Large,Men's Valueweight T,2.23,1,12,72,08/04/2026 09:03:08,C,https://myebrochure.co.uk/images/colours/fotl/fotl-yt.jpg,https://myebrochure.co.uk/images/products/prod_15001_61036_166543.jpg,https://myebrochure.co.uk/images/products.small/prod_15001_61036_166543.jpg,https://myebrochure.co.uk/images/products.hires/prod_15001_61036_166543.jpg,https://myebrochure.co.uk/images/brands/fotl_23.png,https://myebrochure.co.uk/images/products.hires/prod_61036_141699.jpg,https://myebrochure.co.uk/images/products.hires/prod_61036_141698.jpg,https://myebrochure.co.uk/images/products.hires/prod_61036_141700.jpg,,,,,,,,"<li>Crew neck with Cotton/ LYCRA&reg; rib</li> <li>Self&#45;fabric neck tape</li> <li>Fine knit gauge for enhanced printability</li> <li><b>Also available in ladies&#39; sizes code 61372, children&#39;s sizes code 61033 and girl&#39;s sizes code 61005</b></li>",61091000,MA
3059,0000000030595,61036,TSHIRT,T-SHIRTS,MSSTSH,MENS SHORT SLEEVE T-SHIRT,FOTL,Fruit Of The Loom,MS0020,YT,Sky Blue,0012  ,XL,Men's Valueweight T,2.23,1,12,72,08/04/2026 09:03:08,C,https://myebrochure.co.uk/images/colours/fotl/fotl-yt.jpg,https://myebrochure.co.uk/images/products/prod_15001_61036_166543.jpg,https://myebrochure.co.uk/images/products.small/prod_15001_61036_166543.jpg,https://myebrochure.co.uk/images/products.hires/prod_15001_61036_166543.jpg,https://myebrochure.co.uk/images/brands/fotl_23.png,https://myebrochure.co.uk/images/products.hires/prod_61036_141699.jpg,https://myebrochure.co.uk/images/products.hires/prod_61036_141698.jpg,https://myebrochure.co.uk/images/products.hires/prod_61036_141700.jpg,,,,,,,,"<li>Crew neck with Cotton/ LYCRA&reg; rib</li> <li>Self&#45;fabric neck tape</li> <li>Fine knit gauge for enhanced printability</li> <li><b>Also available in ladies&#39; sizes code 61372, children&#39;s sizes code 61033 and girl&#39;s sizes code 61005</b></li>",61091000,MA
3060,0000000030601,61036,TSHIRT,T-SHIRTS,MSSTSH,MENS SHORT SLEEVE T-SHIRT,FOTL,Fruit Of The Loom,MS0020,YT,Sky Blue,0012  ,2XL,Men's Valueweight T,2.23,1,12,72,08/04/2026 09:03:08,C,https://myebrochure.co.uk/images/colours/fotl/fotl-yt.jpg,https://myebrochure.co.uk/images/products/prod_15001_61036_166543.jpg,https://myebrochure.co.uk/images/products.small/prod_15001_61036_166543.jpg,https://myebrochure.co.uk/images/products.hires/prod_15001_61036_166543.jpg,https://myebrochure.co.uk/images/brands/fotl_23.png,https://myebrochure.co.uk/images/products.hires/prod_61036_141699.jpg,https://myebrochure.co.uk/images/products.hires/prod_61036_141698.jpg,https://myebrochure.co.uk/images/products.hires/prod_61036_141700.jpg,,,,,,,,"<li>Crew neck with Cotton/ LYCRA&reg; rib</li> <li>Self&#45;fabric neck tape</li> <li>Fine knit gauge for enhanced printability</li> <li><b>Also available in ladies&#39; sizes code 61372, children&#39;s sizes code 61033 and girl&#39;s sizes code 61005</b></li>",61091000,MA
3062,0000000030625,61036,TSHIRT,T-SHIRTS,MSSTSH,MENS SHORT SLEEVE T-SHIRT,FOTL,Fruit Of The Loom,MS0020,3M,Khaki,0012  ,Small,Men's Valueweight T,2.23,1,12,72,08/04/2026 09:03:08,C,https://myebrochure.co.uk/images/colours/fotl/fotl-3m.jpg,https://myebrochure.co.uk/images/products/prod_15001_61036_166543.jpg,https://myebrochure.co.uk/images/products.small/prod_15001_61036_166543.jpg,https://myebrochure.co.uk/images/products.hires/prod_15001_61036_166543.jpg,https://myebrochure.co.uk/images/brands/fotl_23.png,https://myebrochure.co.uk/images/products.hires/prod_61036_141633.jpg,https://myebrochure.co.uk/images/products.hires/prod_61036_141632.jpg,https://myebrochure.co.uk/images/products.hires/prod_61036_141634.jpg,https://myebrochure.co.uk/images/products.hires/prod_15001_61036_166544.jpg,,,,,,,"<li>Crew neck with Cotton/ LYCRA&reg; rib</li> <li>Self&#45;fabric neck tape</li> <li>Fine knit gauge for enhanced printability</li> <li><b>Also available in ladies&#39; sizes code 61372, children&#39;s sizes code 61033 and girl&#39;s sizes code 61005</b></li>",61091000,MA
3063,0000000030632,61036,TSHIRT,T-SHIRTS,MSSTSH,MENS SHORT SLEEVE T-SHIRT,FOTL,Fruit Of The Loom,MS0020,3M,Khaki,0012  ,Medium,Men's Valueweight T,2.23,1,12,72,08/04/2026 09:03:08,C,https://myebrochure.co.uk/images/colours/fotl/fotl-3m.jpg,https://myebrochure.co.uk/images/products/prod_15001_61036_166543.jpg,https://myebrochure.co.uk/images/products.small/prod_15001_61036_166543.jpg,https://myebrochure.co.uk/images/products.hires/prod_15001_61036_166543.jpg,https://myebrochure.co.uk/images/brands/fotl_23.png,https://myebrochure.co.uk/images/products.hires/prod_61036_141633.jpg,https://myebrochure.co.uk/images/products.hires/prod_61036_141632.jpg,https://myebrochure.co.uk/images/products.hires/prod_61036_141634.jpg,https://myebrochure.co.uk/images/products.hires/prod_15001_61036_166544.jpg,,,,,,,"<li>Crew neck with Cotton/ LYCRA&reg; rib</li> <li>Self&#45;fabric neck tape</li> <li>Fine knit gauge for enhanced printability</li> <li><b>Also available in ladies&#39; sizes code 61372, children&#39;s sizes code 61033 and girl&#39;s sizes code 61005</b></li>",61091000,MA
3064,0000000030649,61036,TSHIRT,T-SHIRTS,MSSTSH,MENS SHORT SLEEVE T-SHIRT,FOTL,Fruit Of The Loom,MS0020,3M,Khaki,0012  ,Large,Men's Valueweight T,2.23,1,12,72,08/04/2026 09:03:08,C,https://myebrochure.co.uk/images/colours/fotl/fotl-3m.jpg,https://myebrochure.co.uk/images/products/prod_15001_61036_166543.jpg,https://myebrochure.co.uk/images/products.small/prod_15001_61036_166543.jpg,https://myebrochure.co.uk/images/products.hires/prod_15001_61036_166543.jpg,https://myebrochure.co.uk/images/brands/fotl_23.png,https://myebrochure.co.uk/images/products.hires/prod_61036_141633.jpg,https://myebrochure.co.uk/images/products.hires/prod_61036_141632.jpg,https://myebrochure.co.uk/images/products.hires/prod_61036_141634.jpg,https://myebrochure.co.uk/images/products.hires/prod_15001_61036_166544.jpg,,,,,,,"<li>Crew neck with Cotton/ LYCRA&reg; rib</li> <li>Self&#45;fabric neck tape</li> <li>Fine knit gauge for enhanced printability</li> <li><b>Also available in ladies&#39; sizes code 61372, children&#39;s sizes code 61033 and girl&#39;s sizes code 61005</b></li>",61091000,MA
3065,0000000030656,61036,TSHIRT,T-SHIRTS,MSSTSH,MENS SHORT SLEEVE T-SHIRT,FOTL,Fruit Of The Loom,MS0020,3M,Khaki,0012  ,XL,Men's Valueweight T,2.23,1,12,72,08/04/2026 09:03:08,C,https://myebrochure.co.uk/images/colours/fotl/fotl-3m.jpg,https://myebrochure.co.uk/images/products/prod_15001_61036_166543.jpg,https://myebrochure.co.uk/images/products.small/prod_15001_61036_166543.jpg,https://myebrochure.co.uk/images/products.hires/prod_15001_61036_166543.jpg,https://myebrochure.co.uk/images/brands/fotl_23.png,https://myebrochure.co.uk/images/products.hires/prod_61036_141633.jpg,https://myebrochure.co.uk/images/products.hires/prod_61036_141632.jpg,https://myebrochure.co.uk/images/products.hires/prod_61036_141634.jpg,https://myebrochure.co.uk/images/products.hires/prod_15001_61036_166544.jpg,,,,,,,"<li>Crew neck with Cotton/ LYCRA&reg; rib</li> <li>Self&#45;fabric neck tape</li> <li>Fine knit gauge for enhanced printability</li> <li><b>Also available in ladies&#39; sizes code 61372, children&#39;s sizes code 61033 and girl&#39;s sizes code 61005</b></li>",61091000,MA
3066,0000000030663,61036,TSHIRT,T-SHIRTS,MSSTSH,MENS SHORT SLEEVE T-SHIRT,FOTL,Fruit Of The Loom,MS0020,3M,Khaki,0012  ,2XL,Men's Valueweight T,2.23,1,12,72,08/04/2026 09:03:08,C,https://myebrochure.co.uk/images/colours/fotl/fotl-3m.jpg,https://myebrochure.co.uk/images/products/prod_15001_61036_166543.jpg,https://myebrochure.co.uk/images/products.small/prod_15001_61036_166543.jpg,https://myebrochure.co.uk/images/products.hires/prod_15001_61036_166543.jpg,https://myebrochure.co.uk/images/brands/fotl_23.png,https://myebrochure.co.uk/images/products.hires/prod_61036_141633.jpg,https://myebrochure.co.uk/images/products.hires/prod_61036_141632.jpg,https://myebrochure.co.uk/images/products.hires/prod_61036_141634.jpg,https://myebrochure.co.uk/images/products.hires/prod_15001_61036_166544.jpg,,,,,,,"<li>Crew neck with Cotton/ LYCRA&reg; rib</li> <li>Self&#45;fabric neck tape</li> <li>Fine knit gauge for enhanced printability</li> <li><b>Also available in ladies&#39; sizes code 61372, children&#39;s sizes code 61033 and girl&#39;s sizes code 61005</b></li>",61091000,MA
3068,0000000030687,61036,TSHIRT,T-SHIRTS,MSSTSH,MENS SHORT SLEEVE T-SHIRT,FOTL,Fruit Of The Loom,MS0020,SUN,Sunflower,0012  ,Small,Men's Valueweight T,2.23,1,12,72,08/04/2026 09:03:08,C,https://myebrochure.co.uk/images/colours/fotl/fotl-sun.jpg,https://myebrochure.co.uk/images/products/prod_15001_61036_166543.jpg,https://myebrochure.co.uk/images/products.small/prod_15001_61036_166543.jpg,https://myebrochure.co.uk/images/products.hires/prod_15001_61036_166543.jpg,https://myebrochure.co.uk/images/brands/fotl_23.png,https://myebrochure.co.uk/images/products.hires/prod_61036_141624.jpg,https://myebrochure.co.uk/images/products.hires/prod_61036_141623.jpg,https://myebrochure.co.uk/images/products.hires/prod_61036_141625.jpg,,,,,,,,"<li>Crew neck with Cotton/ LYCRA&reg; rib</li> <li>Self&#45;fabric neck tape</li> <li>Fine knit gauge for enhanced printability</li> <li><b>Also available in ladies&#39; sizes code 61372, children&#39;s sizes code 61033 and girl&#39;s sizes code 61005</b></li>",61091000,MA
3069,0000000030694,61036,TSHIRT,T-SHIRTS,MSSTSH,MENS SHORT SLEEVE T-SHIRT,FOTL,Fruit Of The Loom,MS0020,SUN,Sunflower,0012  ,Medium,Men's Valueweight T,2.23,1,12,72,08/04/2026 09:03:08,C,https://myebrochure.co.uk/images/colours/fotl/fotl-sun.jpg,https://myebrochure.co.uk/images/products/prod_15001_61036_166543.jpg,https://myebrochure.co.uk/images/products.small/prod_15001_61036_166543.jpg,https://myebrochure.co.uk/images/products.hires/prod_15001_61036_166543.jpg,https://myebrochure.co.uk/images/brands/fotl_23.png,https://myebrochure.co.uk/images/products.hires/prod_61036_141624.jpg,https://myebrochure.co.uk/images/products.hires/prod_61036_141623.jpg,https://myebrochure.co.uk/images/products.hires/prod_61036_141625.jpg,,,,,,,,"<li>Crew neck with Cotton/ LYCRA&reg; rib</li> <li>Self&#45;fabric neck tape</li> <li>Fine knit gauge for enhanced printability</li> <li><b>Also available in ladies&#39; sizes code 61372, children&#39;s sizes code 61033 and girl&#39;s sizes code 61005</b></li>",61091000,MA
3070,0000000030700,61036,TSHIRT,T-SHIRTS,MSSTSH,MENS SHORT SLEEVE T-SHIRT,FOTL,Fruit Of The Loom,MS0020,SUN,Sunflower,0012  ,Large,Men's Valueweight T,2.23,1,12,72,08/04/2026 09:03:08,C,https://myebrochure.co.uk/images/colours/fotl/fotl-sun.jpg,https://myebrochure.co.uk/images/products/prod_15001_61036_166543.jpg,https://myebrochure.co.uk/images/products.small/prod_15001_61036_166543.jpg,https://myebrochure.co.uk/images/products.hires/prod_15001_61036_166543.jpg,https://myebrochure.co.uk/images/brands/fotl_23.png,https://myebrochure.co.uk/images/products.hires/prod_61036_141624.jpg,https://myebrochure.co.uk/images/products.hires/prod_61036_141623.jpg,https://myebrochure.co.uk/images/products.hires/prod_61036_141625.jpg,,,,,,,,"<li>Crew neck with Cotton/ LYCRA&reg; rib</li> <li>Self&#45;fabric neck tape</li> <li>Fine knit gauge for enhanced printability</li> <li><b>Also available in ladies&#39; sizes code 61372, children&#39;s sizes code 61033 and girl&#39;s sizes code 61005</b></li>",61091000,MA
3071,0000000030717,61036,TSHIRT,T-SHIRTS,MSSTSH,MENS SHORT SLEEVE T-SHIRT,FOTL,Fruit Of The Loom,MS0020,SUN,Sunflower,0012  ,XL,Men's Valueweight T,2.23,1,12,72,08/04/2026 09:03:08,C,https://myebrochure.co.uk/images/colours/fotl/fotl-sun.jpg,https://myebrochure.co.uk/images/products/prod_15001_61036_166543.jpg,https://myebrochure.co.uk/images/products.small/prod_15001_61036_166543.jpg,https://myebrochure.co.uk/images/products.hires/prod_15001_61036_166543.jpg,https://myebrochure.co.uk/images/brands/fotl_23.png,https://myebrochure.co.uk/images/products.hires/prod_61036_141624.jpg,https://myebrochure.co.uk/images/products.hires/prod_61036_141623.jpg,https://myebrochure.co.uk/images/products.hires/prod_61036_141625.jpg,,,,,,,,"<li>Crew neck with Cotton/ LYCRA&reg; rib</li> <li>Self&#45;fabric neck tape</li> <li>Fine knit gauge for enhanced printability</li> <li><b>Also available in ladies&#39; sizes code 61372, children&#39;s sizes code 61033 and girl&#39;s sizes code 61005</b></li>",61091000,MA
3072,0000000030724,61036,TSHIRT,T-SHIRTS,MSSTSH,MENS SHORT SLEEVE T-SHIRT,FOTL,Fruit Of The Loom,MS0020,SUN,Sunflower,0012  ,2XL,Men's Valueweight T,2.23,1,12,72,08/04/2026 09:03:08,C,https://myebrochure.co.uk/images/colours/fotl/fotl-sun.jpg,https://myebrochure.co.uk/images/products/prod_15001_61036_166543.jpg,https://myebrochure.co.uk/images/products.small/prod_15001_61036_166543.jpg,https://myebrochure.co.uk/images/products.hires/prod_15001_61036_166543.jpg,https://myebrochure.co.uk/images/brands/fotl_23.png,https://myebrochure.co.uk/images/products.hires/prod_61036_141624.jpg,https://myebrochure.co.uk/images/products.hires/prod_61036_141623.jpg,https://myebrochure.co.uk/images/products.hires/prod_61036_141625.jpg,,,,,,,,"<li>Crew neck with Cotton/ LYCRA&reg; rib</li> <li>Self&#45;fabric neck tape</li> <li>Fine knit gauge for enhanced printability</li> <li><b>Also available in ladies&#39; sizes code 61372, children&#39;s sizes code 61033 and girl&#39;s sizes code 61005</b></li>",61091000,MA
3074,0000000030748,61036,TSHIRT,T-SHIRTS,MSSTSH,MENS SHORT SLEEVE T-SHIRT,FOTL,Fruit Of The Loom,MS0020,44,Orange,0012  ,Small,Men's Valueweight T,2.23,1,12,72,08/04/2026 09:03:08,C,https://myebrochure.co.uk/images/colours/fotl/fotl-44.jpg,https://myebrochure.co.uk/images/products/prod_15001_61036_166543.jpg,https://myebrochure.co.uk/images/products.small/prod_15001_61036_166543.jpg,https://myebrochure.co.uk/images/products.hires/prod_15001_61036_166543.jpg,https://myebrochure.co.uk/images/brands/fotl_23.png,https://myebrochure.co.uk/images/products.hires/prod_61036_141642.jpg,https://myebrochure.co.uk/images/products.hires/prod_61036_141641.jpg,https://myebrochure.co.uk/images/products.hires/prod_61036_141643.jpg,https://myebrochure.co.uk/images/products.hires/prod_15001_61036_166546.jpg,,,,,,,"<li>Crew neck with Cotton/ LYCRA&reg; rib</li> <li>Self&#45;fabric neck tape</li> <li>Fine knit gauge for enhanced printability</li> <li><b>Also available in ladies&#39; sizes code 61372, children&#39;s sizes code 61033 and girl&#39;s sizes code 61005</b></li>",61091000,MA
3075,0000000030755,61036,TSHIRT,T-SHIRTS,MSSTSH,MENS SHORT SLEEVE T-SHIRT,FOTL,Fruit Of The Loom,MS0020,44,Orange,0012  ,Medium,Men's Valueweight T,2.23,1,12,72,08/04/2026 09:03:08,C,https://myebrochure.co.uk/images/colours/fotl/fotl-44.jpg,https://myebrochure.co.uk/images/products/prod_15001_61036_166543.jpg,https://myebrochure.co.uk/images/products.small/prod_15001_61036_166543.jpg,https://myebrochure.co.uk/images/products.hires/prod_15001_61036_166543.jpg,https://myebrochure.co.uk/images/brands/fotl_23.png,https://myebrochure.co.uk/images/products.hires/prod_61036_141642.jpg,https://myebrochure.co.uk/images/products.hires/prod_61036_141641.jpg,https://myebrochure.co.uk/images/products.hires/prod_61036_141643.jpg,https://myebrochure.co.uk/images/products.hires/prod_15001_61036_166546.jpg,,,,,,,"<li>Crew neck with Cotton/ LYCRA&reg; rib</li> <li>Self&#45;fabric neck tape</li> <li>Fine knit gauge for enhanced printability</li> <li><b>Also available in ladies&#39; sizes code 61372, children&#39;s sizes code 61033 and girl&#39;s sizes code 61005</b></li>",61091000,MA
3076,0000000030762,61036,TSHIRT,T-SHIRTS,MSSTSH,MENS SHORT SLEEVE T-SHIRT,FOTL,Fruit Of The Loom,MS0020,44,Orange,0012  ,Large,Men's Valueweight T,2.23,1,12,72,08/04/2026 09:03:08,C,https://myebrochure.co.uk/images/colours/fotl/fotl-44.jpg,https://myebrochure.co.uk/images/products/prod_15001_61036_166543.jpg,https://myebrochure.co.uk/images/products.small/prod_15001_61036_166543.jpg,https://myebrochure.co.uk/images/products.hires/prod_15001_61036_166543.jpg,https://myebrochure.co.uk/images/brands/fotl_23.png,https://myebrochure.co.uk/images/products.hires/prod_61036_141642.jpg,https://myebrochure.co.uk/images/products.hires/prod_61036_141641.jpg,https://myebrochure.co.uk/images/products.hires/prod_61036_141643.jpg,https://myebrochure.co.uk/images/products.hires/prod_15001_61036_166546.jpg,,,,,,,"<li>Crew neck with Cotton/ LYCRA&reg; rib</li> <li>Self&#45;fabric neck tape</li> <li>Fine knit gauge for enhanced printability</li> <li><b>Also available in ladies&#39; sizes code 61372, children&#39;s sizes code 61033 and girl&#39;s sizes code 61005</b></li>",61091000,MA
3077,0000000030779,61036,TSHIRT,T-SHIRTS,MSSTSH,MENS SHORT SLEEVE T-SHIRT,FOTL,Fruit Of The Loom,MS0020,44,Orange,0012  ,XL,Men's Valueweight T,2.23,1,12,72,08/04/2026 09:03:08,C,https://myebrochure.co.uk/images/colours/fotl/fotl-44.jpg,https://myebrochure.co.uk/images/products/prod_15001_61036_166543.jpg,https://myebrochure.co.uk/images/products.small/prod_15001_61036_166543.jpg,https://myebrochure.co.uk/images/products.hires/prod_15001_61036_166543.jpg,https://myebrochure.co.uk/images/brands/fotl_23.png,https://myebrochure.co.uk/images/products.hires/prod_61036_141642.jpg,https://myebrochure.co.uk/images/products.hires/prod_61036_141641.jpg,https://myebrochure.co.uk/images/products.hires/prod_61036_141643.jpg,https://myebrochure.co.uk/images/products.hires/prod_15001_61036_166546.jpg,,,,,,,"<li>Crew neck with Cotton/ LYCRA&reg; rib</li> <li>Self&#45;fabric neck tape</li> <li>Fine knit gauge for enhanced printability</li> <li><b>Also available in ladies&#39; sizes code 61372, children&#39;s sizes code 61033 and girl&#39;s sizes code 61005</b></li>",61091000,MA
3078,0000000030786,61036,TSHIRT,T-SHIRTS,MSSTSH,MENS SHORT SLEEVE T-SHIRT,FOTL,Fruit Of The Loom,MS0020,44,Orange,0012  ,2XL,Men's Valueweight T,2.23,1,12,72,08/04/2026 09:03:08,C,https://myebrochure.co.uk/images/colours/fotl/fotl-44.jpg,https://myebrochure.co.uk/images/products/prod_15001_61036_166543.jpg,https://myebrochure.co.uk/images/products.small/prod_15001_61036_166543.jpg,https://myebrochure.co.uk/images/products.hires/prod_15001_61036_166543.jpg,https://myebrochure.co.uk/images/brands/fotl_23.png,https://myebrochure.co.uk/images/products.hires/prod_61036_141642.jpg,https://myebrochure.co.uk/images/products.hires/prod_61036_141641.jpg,https://myebrochure.co.uk/images/products.hires/prod_61036_141643.jpg,https://myebrochure.co.uk/images/products.hires/prod_15001_61036_166546.jpg,,,,,,,"<li>Crew neck with Cotton/ LYCRA&reg; rib</li> <li>Self&#45;fabric neck tape</li> <li>Fine knit gauge for enhanced printability</li> <li><b>Also available in ladies&#39; sizes code 61372, children&#39;s sizes code 61033 and girl&#39;s sizes code 61005</b></li>",61091000,MA
3080,0000000030809,61036,TSHIRT,T-SHIRTS,MSSTSH,MENS SHORT SLEEVE T-SHIRT,FOTL,Fruit Of The Loom,MS0020,51,Royal,0012  ,Small,Men's Valueweight T,2.23,1,12,72,08/04/2026 09:03:08,C,https://myebrochure.co.uk/images/colours/fotl/fotl-51.jpg,https://myebrochure.co.uk/images/products/prod_15001_61036_166543.jpg,https://myebrochure.co.uk/images/products.small/prod_15001_61036_166543.jpg,https://myebrochure.co.uk/images/products.hires/prod_15001_61036_166543.jpg,https://myebrochure.co.uk/images/brands/fotl_23.png,https://myebrochure.co.uk/images/products.hires/prod_61036_141648.jpg,https://myebrochure.co.uk/images/products.hires/prod_61036_141647.jpg,https://myebrochure.co.uk/images/products.hires/prod_61036_141649.jpg,,,,,,,,"<li>Crew neck with Cotton/ LYCRA&reg; rib</li> <li>Self&#45;fabric neck tape</li> <li>Fine knit gauge for enhanced printability</li> <li><b>Also available in ladies&#39; sizes code 61372, children&#39;s sizes code 61033 and girl&#39;s sizes code 61005</b></li>",61091000,MA
3081,0000000030816,61036,TSHIRT,T-SHIRTS,MSSTSH,MENS SHORT SLEEVE T-SHIRT,FOTL,Fruit Of The Loom,MS0020,51,Royal,0012  ,Medium,Men's Valueweight T,2.23,1,12,72,08/04/2026 09:03:08,C,https://myebrochure.co.uk/images/colours/fotl/fotl-51.jpg,https://myebrochure.co.uk/images/products/prod_15001_61036_166543.jpg,https://myebrochure.co.uk/images/products.small/prod_15001_61036_166543.jpg,https://myebrochure.co.uk/images/products.hires/prod_15001_61036_166543.jpg,https://myebrochure.co.uk/images/brands/fotl_23.png,https://myebrochure.co.uk/images/products.hires/prod_61036_141648.jpg,https://myebrochure.co.uk/images/products.hires/prod_61036_141647.jpg,https://myebrochure.co.uk/images/products.hires/prod_61036_141649.jpg,,,,,,,,"<li>Crew neck with Cotton/ LYCRA&reg; rib</li> <li>Self&#45;fabric neck tape</li> <li>Fine knit gauge for enhanced printability</li> <li><b>Also available in ladies&#39; sizes code 61372, children&#39;s sizes code 61033 and girl&#39;s sizes code 61005</b></li>",61091000,MA
3082,0000000030823,61036,TSHIRT,T-SHIRTS,MSSTSH,MENS SHORT SLEEVE T-SHIRT,FOTL,Fruit Of The Loom,MS0020,51,Royal,0012  ,Large,Men's Valueweight T,2.23,1,12,72,08/04/2026 09:03:08,C,https://myebrochure.co.uk/images/colours/fotl/fotl-51.jpg,https://myebrochure.co.uk/images/products/prod_15001_61036_166543.jpg,https://myebrochure.co.uk/images/products.small/prod_15001_61036_166543.jpg,https://myebrochure.co.uk/images/products.hires/prod_15001_61036_166543.jpg,https://myebrochure.co.uk/images/brands/fotl_23.png,https://myebrochure.co.uk/images/products.hires/prod_61036_141648.jpg,https://myebrochure.co.uk/images/products.hires/prod_61036_141647.jpg,https://myebrochure.co.uk/images/products.hires/prod_61036_141649.jpg,,,,,,,,"<li>Crew neck with Cotton/ LYCRA&reg; rib</li> <li>Self&#45;fabric neck tape</li> <li>Fine knit gauge for enhanced printability</li> <li><b>Also available in ladies&#39; sizes code 61372, children&#39;s sizes code 61033 and girl&#39;s sizes code 61005</b></li>",61091000,MA
3083,0000000030830,61036,TSHIRT,T-SHIRTS,MSSTSH,MENS SHORT SLEEVE T-SHIRT,FOTL,Fruit Of The Loom,MS0020,51,Royal,0012  ,XL,Men's Valueweight T,2.23,1,12,72,08/04/2026 09:03:08,C,https://myebrochure.co.uk/images/colours/fotl/fotl-51.jpg,https://myebrochure.co.uk/images/products/prod_15001_61036_166543.jpg,https://myebrochure.co.uk/images/products.small/prod_15001_61036_166543.jpg,https://myebrochure.co.uk/images/products.hires/prod_15001_61036_166543.jpg,https://myebrochure.co.uk/images/brands/fotl_23.png,https://myebrochure.co.uk/images/products.hires/prod_61036_141648.jpg,https://myebrochure.co.uk/images/products.hires/prod_61036_141647.jpg,https://myebrochure.co.uk/images/products.hires/prod_61036_141649.jpg,,,,,,,,"<li>Crew neck with Cotton/ LYCRA&reg; rib</li> <li>Self&#45;fabric neck tape</li> <li>Fine knit gauge for enhanced printability</li> <li><b>Also available in ladies&#39; sizes code 61372, children&#39;s sizes code 61033 and girl&#39;s sizes code 61005</b></li>",61091000,MA
3084,0000000030847,61036,TSHIRT,T-SHIRTS,MSSTSH,MENS SHORT SLEEVE T-SHIRT,FOTL,Fruit Of The Loom,MS0020,51,Royal,0012  ,2XL,Men's Valueweight T,2.23,1,12,72,08/04/2026 09:03:08,C,https://myebrochure.co.uk/images/colours/fotl/fotl-51.jpg,https://myebrochure.co.uk/images/products/prod_15001_61036_166543.jpg,https://myebrochure.co.uk/images/products.small/prod_15001_61036_166543.jpg,https://myebrochure.co.uk/images/products.hires/prod_15001_61036_166543.jpg,https://myebrochure.co.uk/images/brands/fotl_23.png,https://myebrochure.co.uk/images/products.hires/prod_61036_141648.jpg,https://myebrochure.co.uk/images/products.hires/prod_61036_141647.jpg,https://myebrochure.co.uk/images/products.hires/prod_61036_141649.jpg,,,,,,,,"<li>Crew neck with Cotton/ LYCRA&reg; rib</li> <li>Self&#45;fabric neck tape</li> <li>Fine knit gauge for enhanced printability</li> <li><b>Also available in ladies&#39; sizes code 61372, children&#39;s sizes code 61033 and girl&#39;s sizes code 61005</b></li>",61091000,MA
3086,0000000030861,61036,TSHIRT,T-SHIRTS,MSSTSH,MENS SHORT SLEEVE T-SHIRT,FOTL,Fruit Of The Loom,MS0020,AZ,Deep Navy,0012  ,Small,Men's Valueweight T,2.23,1,12,72,08/04/2026 09:03:08,C,https://myebrochure.co.uk/images/colours/fotl/fotl-az.jpg,https://myebrochure.co.uk/images/products/prod_15001_61036_166543.jpg,https://myebrochure.co.uk/images/products.small/prod_15001_61036_166543.jpg,https://myebrochure.co.uk/images/products.hires/prod_15001_61036_166543.jpg,https://myebrochure.co.uk/images/brands/fotl_23.png,https://myebrochure.co.uk/images/products.hires/prod_61036_141663.jpg,https://myebrochure.co.uk/images/products.hires/prod_61036_141662.jpg,https://myebrochure.co.uk/images/products.hires/prod_61036_141664.jpg,https://myebrochure.co.uk/images/products.hires/prod_15001_61036_166542.jpg,,,,,,,"<li>Crew neck with Cotton/ LYCRA&reg; rib</li> <li>Self&#45;fabric neck tape</li> <li>Fine knit gauge for enhanced printability</li> <li><b>Also available in ladies&#39; sizes code 61372, children&#39;s sizes code 61033 and girl&#39;s sizes code 61005</b></li>",61091000,MA
3087,0000000030878,61036,TSHIRT,T-SHIRTS,MSSTSH,MENS SHORT SLEEVE T-SHIRT,FOTL,Fruit Of The Loom,MS0020,AZ,Deep Navy,0012  ,Medium,Men's Valueweight T,2.23,1,12,72,08/04/2026 09:03:08,C,https://myebrochure.co.uk/images/colours/fotl/fotl-az.jpg,https://myebrochure.co.uk/images/products/prod_15001_61036_166543.jpg,https://myebrochure.co.uk/images/products.small/prod_15001_61036_166543.jpg,https://myebrochure.co.uk/images/products.hires/prod_15001_61036_166543.jpg,https://myebrochure.co.uk/images/brands/fotl_23.png,https://myebrochure.co.uk/images/products.hires/prod_61036_141663.jpg,https://myebrochure.co.uk/images/products.hires/prod_61036_141662.jpg,https://myebrochure.co.uk/images/products.hires/prod_61036_141664.jpg,https://myebrochure.co.uk/images/products.hires/prod_15001_61036_166542.jpg,,,,,,,"<li>Crew neck with Cotton/ LYCRA&reg; rib</li> <li>Self&#45;fabric neck tape</li> <li>Fine knit gauge for enhanced printability</li> <li><b>Also available in ladies&#39; sizes code 61372, children&#39;s sizes code 61033 and girl&#39;s sizes code 61005</b></li>",61091000,MA
3088,0000000030885,61036,TSHIRT,T-SHIRTS,MSSTSH,MENS SHORT SLEEVE T-SHIRT,FOTL,Fruit Of The Loom,MS0020,AZ,Deep Navy,0012  ,Large,Men's Valueweight T,2.23,1,12,72,08/04/2026 09:03:08,C,https://myebrochure.co.uk/images/colours/fotl/fotl-az.jpg,https://myebrochure.co.uk/images/products/prod_15001_61036_166543.jpg,https://myebrochure.co.uk/images/products.small/prod_15001_61036_166543.jpg,https://myebrochure.co.uk/images/products.hires/prod_15001_61036_166543.jpg,https://myebrochure.co.uk/images/brands/fotl_23.png,https://myebrochure.co.uk/images/products.hires/prod_61036_141663.jpg,https://myebrochure.co.uk/images/products.hires/prod_61036_141662.jpg,https://myebrochure.co.uk/images/products.hires/prod_61036_141664.jpg,https://myebrochure.co.uk/images/products.hires/prod_15001_61036_166542.jpg,,,,,,,"<li>Crew neck with Cotton/ LYCRA&reg; rib</li> <li>Self&#45;fabric neck tape</li> <li>Fine knit gauge for enhanced printability</li> <li><b>Also available in ladies&#39; sizes code 61372, children&#39;s sizes code 61033 and girl&#39;s sizes code 61005</b></li>",61091000,MA
3089,0000000030892,61036,TSHIRT,T-SHIRTS,MSSTSH,MENS SHORT SLEEVE T-SHIRT,FOTL,Fruit Of The Loom,MS0020,AZ,Deep Navy,0012  ,XL,Men's Valueweight T,2.23,1,12,72,08/04/2026 09:03:08,C,https://myebrochure.co.uk/images/colours/fotl/fotl-az.jpg,https://myebrochure.co.uk/images/products/prod_15001_61036_166543.jpg,https://myebrochure.co.uk/images/products.small/prod_15001_61036_166543.jpg,https://myebrochure.co.uk/images/products.hires/prod_15001_61036_166543.jpg,https://myebrochure.co.uk/images/brands/fotl_23.png,https://myebrochure.co.uk/images/products.hires/prod_61036_141663.jpg,https://myebrochure.co.uk/images/products.hires/prod_61036_141662.jpg,https://myebrochure.co.uk/images/products.hires/prod_61036_141664.jpg,https://myebrochure.co.uk/images/products.hires/prod_15001_61036_166542.jpg,,,,,,,"<li>Crew neck with Cotton/ LYCRA&reg; rib</li> <li>Self&#45;fabric neck tape</li> <li>Fine knit gauge for enhanced printability</li> <li><b>Also available in ladies&#39; sizes code 61372, children&#39;s sizes code 61033 and girl&#39;s sizes code 61005</b></li>",61091000,MA
3090,0000000030908,61036,TSHIRT,T-SHIRTS,MSSTSH,MENS SHORT SLEEVE T-SHIRT,FOTL,Fruit Of The Loom,MS0020,AZ,Deep Navy,0012  ,2XL,Men's Valueweight T,2.23,1,12,72,08/04/2026 09:03:08,C,https://myebrochure.co.uk/images/colours/fotl/fotl-az.jpg,https://myebrochure.co.uk/images/products/prod_15001_61036_166543.jpg,https://myebrochure.co.uk/images/products.small/prod_15001_61036_166543.jpg,https://myebrochure.co.uk/images/products.hires/prod_15001_61036_166543.jpg,https://myebrochure.co.uk/images/brands/fotl_23.png,https://myebrochure.co.uk/images/products.hires/prod_61036_141663.jpg,https://myebrochure.co.uk/images/products.hires/prod_61036_141662.jpg,https://myebrochure.co.uk/images/products.hires/prod_61036_141664.jpg,https://myebrochure.co.uk/images/products.hires/prod_15001_61036_166542.jpg,,,,,,,"<li>Crew neck with Cotton/ LYCRA&reg; rib</li> <li>Self&#45;fabric neck tape</li> <li>Fine knit gauge for enhanced printability</li> <li><b>Also available in ladies&#39; sizes code 61372, children&#39;s sizes code 61033 and girl&#39;s sizes code 61005</b></li>",61091000,MA
3092,0000000030922,61036,TSHIRT,T-SHIRTS,MSSTSH,MENS SHORT SLEEVE T-SHIRT,FOTL,Fruit Of The Loom,MS0020,PE,Purple,0012  ,Small,Men's Valueweight T,2.23,1,12,72,08/04/2026 09:03:08,C,https://myebrochure.co.uk/images/colours/fotl/fotl-pe.jpg,https://myebrochure.co.uk/images/products/prod_15001_61036_166543.jpg,https://myebrochure.co.uk/images/products.small/prod_15001_61036_166543.jpg,https://myebrochure.co.uk/images/products.hires/prod_15001_61036_166543.jpg,https://myebrochure.co.uk/images/brands/fotl_23.png,https://myebrochure.co.uk/images/products.hires/prod_61036_141684.jpg,https://myebrochure.co.uk/images/products.hires/prod_61036_141683.jpg,https://myebrochure.co.uk/images/products.hires/prod_61036_141685.jpg,,,,,,,,"<li>Crew neck with Cotton/ LYCRA&reg; rib</li> <li>Self&#45;fabric neck tape</li> <li>Fine knit gauge for enhanced printability</li> <li><b>Also available in ladies&#39; sizes code 61372, children&#39;s sizes code 61033 and girl&#39;s sizes code 61005</b></li>",61091000,MA
3093,0000000030939,61036,TSHIRT,T-SHIRTS,MSSTSH,MENS SHORT SLEEVE T-SHIRT,FOTL,Fruit Of The Loom,MS0020,PE,Purple,0012  ,Medium,Men's Valueweight T,2.23,1,12,72,08/04/2026 09:03:08,C,https://myebrochure.co.uk/images/colours/fotl/fotl-pe.jpg,https://myebrochure.co.uk/images/products/prod_15001_61036_166543.jpg,https://myebrochure.co.uk/images/products.small/prod_15001_61036_166543.jpg,https://myebrochure.co.uk/images/products.hires/prod_15001_61036_166543.jpg,https://myebrochure.co.uk/images/brands/fotl_23.png,https://myebrochure.co.uk/images/products.hires/prod_61036_141684.jpg,https://myebrochure.co.uk/images/products.hires/prod_61036_141683.jpg,https://myebrochure.co.uk/images/products.hires/prod_61036_141685.jpg,,,,,,,,"<li>Crew neck with Cotton/ LYCRA&reg; rib</li> <li>Self&#45;fabric neck tape</li> <li>Fine knit gauge for enhanced printability</li> <li><b>Also available in ladies&#39; sizes code 61372, children&#39;s sizes code 61033 and girl&#39;s sizes code 61005</b></li>",61091000,MA
3094,0000000030946,61036,TSHIRT,T-SHIRTS,MSSTSH,MENS SHORT SLEEVE T-SHIRT,FOTL,Fruit Of The Loom,MS0020,PE,Purple,0012  ,Large,Men's Valueweight T,2.23,1,12,72,08/04/2026 09:03:08,C,https://myebrochure.co.uk/images/colours/fotl/fotl-pe.jpg,https://myebrochure.co.uk/images/products/prod_15001_61036_166543.jpg,https://myebrochure.co.uk/images/products.small/prod_15001_61036_166543.jpg,https://myebrochure.co.uk/images/products.hires/prod_15001_61036_166543.jpg,https://myebrochure.co.uk/images/brands/fotl_23.png,https://myebrochure.co.uk/images/products.hires/prod_61036_141684.jpg,https://myebrochure.co.uk/images/products.hires/prod_61036_141683.jpg,https://myebrochure.co.uk/images/products.hires/prod_61036_141685.jpg,,,,,,,,"<li>Crew neck with Cotton/ LYCRA&reg; rib</li> <li>Self&#45;fabric neck tape</li> <li>Fine knit gauge for enhanced printability</li> <li><b>Also available in ladies&#39; sizes code 61372, children&#39;s sizes code 61033 and girl&#39;s sizes code 61005</b></li>",61091000,MA
3095,0000000030953,61036,TSHIRT,T-SHIRTS,MSSTSH,MENS SHORT SLEEVE T-SHIRT,FOTL,Fruit Of The Loom,MS0020,PE,Purple,0012  ,XL,Men's Valueweight T,2.23,1,12,72,08/04/2026 09:03:08,C,https://myebrochure.co.uk/images/colours/fotl/fotl-pe.jpg,https://myebrochure.co.uk/images/products/prod_15001_61036_166543.jpg,https://myebrochure.co.uk/images/products.small/prod_15001_61036_166543.jpg,https://myebrochure.co.uk/images/products.hires/prod_15001_61036_166543.jpg,https://myebrochure.co.uk/images/brands/fotl_23.png,https://myebrochure.co.uk/images/products.hires/prod_61036_141684.jpg,https://myebrochure.co.uk/images/products.hires/prod_61036_141683.jpg,https://myebrochure.co.uk/images/products.hires/prod_61036_141685.jpg,,,,,,,,"<li>Crew neck with Cotton/ LYCRA&reg; rib</li> <li>Self&#45;fabric neck tape</li> <li>Fine knit gauge for enhanced printability</li> <li><b>Also available in ladies&#39; sizes code 61372, children&#39;s sizes code 61033 and girl&#39;s sizes code 61005</b></li>",61091000,MA
3096,0000000030960,61036,TSHIRT,T-SHIRTS,MSSTSH,MENS SHORT SLEEVE T-SHIRT,FOTL,Fruit Of The Loom,MS0020,PE,Purple,0012  ,2XL,Men's Valueweight T,2.23,1,12,72,08/04/2026 09:03:08,C,https://myebrochure.co.uk/images/colours/fotl/fotl-pe.jpg,https://myebrochure.co.uk/images/products/prod_15001_61036_166543.jpg,https://myebrochure.co.uk/images/products.small/prod_15001_61036_166543.jpg,https://myebrochure.co.uk/images/products.hires/prod_15001_61036_166543.jpg,https://myebrochure.co.uk/images/brands/fotl_23.png,https://myebrochure.co.uk/images/products.hires/prod_61036_141684.jpg,https://myebrochure.co.uk/images/products.hires/prod_61036_141683.jpg,https://myebrochure.co.uk/images/products.hires/prod_61036_141685.jpg,,,,,,,,"<li>Crew neck with Cotton/ LYCRA&reg; rib</li> <li>Self&#45;fabric neck tape</li> <li>Fine knit gauge for enhanced printability</li> <li><b>Also available in ladies&#39; sizes code 61372, children&#39;s sizes code 61033 and girl&#39;s sizes code 61005</b></li>",61091000,MA
3103,0000000031035,61036,TSHIRT,T-SHIRTS,MSSTSH,MENS SHORT SLEEVE T-SHIRT,FOTL,Fruit Of The Loom,MS0020,47,Kelly Green,0012  ,Small,Men's Valueweight T,2.23,1,12,72,08/04/2026 09:03:08,C,https://myebrochure.co.uk/images/colours/fotl/fotl-47.jpg,https://myebrochure.co.uk/images/products/prod_15001_61036_166543.jpg,https://myebrochure.co.uk/images/products.small/prod_15001_61036_166543.jpg,https://myebrochure.co.uk/images/products.hires/prod_15001_61036_166543.jpg,https://myebrochure.co.uk/images/brands/fotl_23.png,https://myebrochure.co.uk/images/products.hires/prod_61036_141645.jpg,https://myebrochure.co.uk/images/products.hires/prod_61036_141644.jpg,https://myebrochure.co.uk/images/products.hires/prod_61036_141646.jpg,,,,,,,,"<li>Crew neck with Cotton/ LYCRA&reg; rib</li> <li>Self&#45;fabric neck tape</li> <li>Fine knit gauge for enhanced printability</li> <li><b>Also available in ladies&#39; sizes code 61372, children&#39;s sizes code 61033 and girl&#39;s sizes code 61005</b></li>",61091000,MA
3104,0000000031042,61036,TSHIRT,T-SHIRTS,MSSTSH,MENS SHORT SLEEVE T-SHIRT,FOTL,Fruit Of The Loom,MS0020,47,Kelly Green,0012  ,Medium,Men's Valueweight T,2.23,1,12,72,08/04/2026 09:03:08,C,https://myebrochure.co.uk/images/colours/fotl/fotl-47.jpg,https://myebrochure.co.uk/images/products/prod_15001_61036_166543.jpg,https://myebrochure.co.uk/images/products.small/prod_15001_61036_166543.jpg,https://myebrochure.co.uk/images/products.hires/prod_15001_61036_166543.jpg,https://myebrochure.co.uk/images/brands/fotl_23.png,https://myebrochure.co.uk/images/products.hires/prod_61036_141645.jpg,https://myebrochure.co.uk/images/products.hires/prod_61036_141644.jpg,https://myebrochure.co.uk/images/products.hires/prod_61036_141646.jpg,,,,,,,,"<li>Crew neck with Cotton/ LYCRA&reg; rib</li> <li>Self&#45;fabric neck tape</li> <li>Fine knit gauge for enhanced printability</li> <li><b>Also available in ladies&#39; sizes code 61372, children&#39;s sizes code 61033 and girl&#39;s sizes code 61005</b></li>",61091000,MA
3105,0000000031059,61036,TSHIRT,T-SHIRTS,MSSTSH,MENS SHORT SLEEVE T-SHIRT,FOTL,Fruit Of The Loom,MS0020,47,Kelly Green,0012  ,Large,Men's Valueweight T,2.23,1,12,72,08/04/2026 09:03:08,C,https://myebrochure.co.uk/images/colours/fotl/fotl-47.jpg,https://myebrochure.co.uk/images/products/prod_15001_61036_166543.jpg,https://myebrochure.co.uk/images/products.small/prod_15001_61036_166543.jpg,https://myebrochure.co.uk/images/products.hires/prod_15001_61036_166543.jpg,https://myebrochure.co.uk/images/brands/fotl_23.png,https://myebrochure.co.uk/images/products.hires/prod_61036_141645.jpg,https://myebrochure.co.uk/images/products.hires/prod_61036_141644.jpg,https://myebrochure.co.uk/images/products.hires/prod_61036_141646.jpg,,,,,,,,"<li>Crew neck with Cotton/ LYCRA&reg; rib</li> <li>Self&#45;fabric neck tape</li> <li>Fine knit gauge for enhanced printability</li> <li><b>Also available in ladies&#39; sizes code 61372, children&#39;s sizes code 61033 and girl&#39;s sizes code 61005</b></li>",61091000,MA
3106,0000000031066,61036,TSHIRT,T-SHIRTS,MSSTSH,MENS SHORT SLEEVE T-SHIRT,FOTL,Fruit Of The Loom,MS0020,47,Kelly Green,0012  ,XL,Men's Valueweight T,2.23,1,12,72,08/04/2026 09:03:08,C,https://myebrochure.co.uk/images/colours/fotl/fotl-47.jpg,https://myebrochure.co.uk/images/products/prod_15001_61036_166543.jpg,https://myebrochure.co.uk/images/products.small/prod_15001_61036_166543.jpg,https://myebrochure.co.uk/images/products.hires/prod_15001_61036_166543.jpg,https://myebrochure.co.uk/images/brands/fotl_23.png,https://myebrochure.co.uk/images/products.hires/prod_61036_141645.jpg,https://myebrochure.co.uk/images/products.hires/prod_61036_141644.jpg,https://myebrochure.co.uk/images/products.hires/prod_61036_141646.jpg,,,,,,,,"<li>Crew neck with Cotton/ LYCRA&reg; rib</li> <li>Self&#45;fabric neck tape</li> <li>Fine knit gauge for enhanced printability</li> <li><b>Also available in ladies&#39; sizes code 61372, children&#39;s sizes code 61033 and girl&#39;s sizes code 61005</b></li>",61091000,MA
3107,0000000031073,61036,TSHIRT,T-SHIRTS,MSSTSH,MENS SHORT SLEEVE T-SHIRT,FOTL,Fruit Of The Loom,MS0020,47,Kelly Green,0012  ,2XL,Men's Valueweight T,2.23,1,12,72,08/04/2026 09:03:08,C,https://myebrochure.co.uk/images/colours/fotl/fotl-47.jpg,https://myebrochure.co.uk/images/products/prod_15001_61036_166543.jpg,https://myebrochure.co.uk/images/products.small/prod_15001_61036_166543.jpg,https://myebrochure.co.uk/images/products.hires/prod_15001_61036_166543.jpg,https://myebrochure.co.uk/images/brands/fotl_23.png,https://myebrochure.co.uk/images/products.hires/prod_61036_141645.jpg,https://myebrochure.co.uk/images/products.hires/prod_61036_141644.jpg,https://myebrochure.co.uk/images/products.hires/prod_61036_141646.jpg,,,,,,,,"<li>Crew neck with Cotton/ LYCRA&reg; rib</li> <li>Self&#45;fabric neck tape</li> <li>Fine knit gauge for enhanced printability</li> <li><b>Also available in ladies&#39; sizes code 61372, children&#39;s sizes code 61033 and girl&#39;s sizes code 61005</b></li>",61091000,MA
3114,0000000031141,61036,TSHIRT,T-SHIRTS,MSSTSH,MENS SHORT SLEEVE T-SHIRT,FOTL,Fruit Of The Loom,MS0020,BGR,Bottle Green,0012  ,Small,Men's Valueweight T,2.23,1,12,72,08/04/2026 09:03:08,C,https://myebrochure.co.uk/images/colours/fotl/fotl-bgr.jpg,https://myebrochure.co.uk/images/products/prod_15001_61036_166543.jpg,https://myebrochure.co.uk/images/products.small/prod_15001_61036_166543.jpg,https://myebrochure.co.uk/images/products.hires/prod_15001_61036_166543.jpg,https://myebrochure.co.uk/images/brands/fotl_23.png,https://myebrochure.co.uk/images/products.hires/prod_61036_141630.jpg,https://myebrochure.co.uk/images/products.hires/prod_61036_141629.jpg,https://myebrochure.co.uk/images/products.hires/prod_61036_141631.jpg,,,,,,,,"<li>Crew neck with Cotton/ LYCRA&reg; rib</li> <li>Self&#45;fabric neck tape</li> <li>Fine knit gauge for enhanced printability</li> <li><b>Also available in ladies&#39; sizes code 61372, children&#39;s sizes code 61033 and girl&#39;s sizes code 61005</b></li>",61091000,MA
3115,0000000031158,61036,TSHIRT,T-SHIRTS,MSSTSH,MENS SHORT SLEEVE T-SHIRT,FOTL,Fruit Of The Loom,MS0020,BGR,Bottle Green,0012  ,Medium,Men's Valueweight T,2.23,1,12,72,08/04/2026 09:03:08,C,https://myebrochure.co.uk/images/colours/fotl/fotl-bgr.jpg,https://myebrochure.co.uk/images/products/prod_15001_61036_166543.jpg,https://myebrochure.co.uk/images/products.small/prod_15001_61036_166543.jpg,https://myebrochure.co.uk/images/products.hires/prod_15001_61036_166543.jpg,https://myebrochure.co.uk/images/brands/fotl_23.png,https://myebrochure.co.uk/images/products.hires/prod_61036_141630.jpg,https://myebrochure.co.uk/images/products.hires/prod_61036_141629.jpg,https://myebrochure.co.uk/images/products.hires/prod_61036_141631.jpg,,,,,,,,"<li>Crew neck with Cotton/ LYCRA&reg; rib</li> <li>Self&#45;fabric neck tape</li> <li>Fine knit gauge for enhanced printability</li> <li><b>Also available in ladies&#39; sizes code 61372, children&#39;s sizes code 61033 and girl&#39;s sizes code 61005</b></li>",61091000,MA
3116,0000000031165,61036,TSHIRT,T-SHIRTS,MSSTSH,MENS SHORT SLEEVE T-SHIRT,FOTL,Fruit Of The Loom,MS0020,BGR,Bottle Green,0012  ,Large,Men's Valueweight T,2.23,1,12,72,08/04/2026 09:03:08,C,https://myebrochure.co.uk/images/colours/fotl/fotl-bgr.jpg,https://myebrochure.co.uk/images/products/prod_15001_61036_166543.jpg,https://myebrochure.co.uk/images/products.small/prod_15001_61036_166543.jpg,https://myebrochure.co.uk/images/products.hires/prod_15001_61036_166543.jpg,https://myebrochure.co.uk/images/brands/fotl_23.png,https://myebrochure.co.uk/images/products.hires/prod_61036_141630.jpg,https://myebrochure.co.uk/images/products.hires/prod_61036_141629.jpg,https://myebrochure.co.uk/images/products.hires/prod_61036_141631.jpg,,,,,,,,"<li>Crew neck with Cotton/ LYCRA&reg; rib</li> <li>Self&#45;fabric neck tape</li> <li>Fine knit gauge for enhanced printability</li> <li><b>Also available in ladies&#39; sizes code 61372, children&#39;s sizes code 61033 and girl&#39;s sizes code 61005</b></li>",61091000,MA
3117,0000000031172,61036,TSHIRT,T-SHIRTS,MSSTSH,MENS SHORT SLEEVE T-SHIRT,FOTL,Fruit Of The Loom,MS0020,BGR,Bottle Green,0012  ,XL,Men's Valueweight T,2.23,1,12,72,08/04/2026 09:03:08,C,https://myebrochure.co.uk/images/colours/fotl/fotl-bgr.jpg,https://myebrochure.co.uk/images/products/prod_15001_61036_166543.jpg,https://myebrochure.co.uk/images/products.small/prod_15001_61036_166543.jpg,https://myebrochure.co.uk/images/products.hires/prod_15001_61036_166543.jpg,https://myebrochure.co.uk/images/brands/fotl_23.png,https://myebrochure.co.uk/images/products.hires/prod_61036_141630.jpg,https://myebrochure.co.uk/images/products.hires/prod_61036_141629.jpg,https://myebrochure.co.uk/images/products.hires/prod_61036_141631.jpg,,,,,,,,"<li>Crew neck with Cotton/ LYCRA&reg; rib</li> <li>Self&#45;fabric neck tape</li> <li>Fine knit gauge for enhanced printability</li> <li><b>Also available in ladies&#39; sizes code 61372, children&#39;s sizes code 61033 and girl&#39;s sizes code 61005</b></li>",61091000,MA
3118,0000000031189,61036,TSHIRT,T-SHIRTS,MSSTSH,MENS SHORT SLEEVE T-SHIRT,FOTL,Fruit Of The Loom,MS0020,BGR,Bottle Green,0012  ,2XL,Men's Valueweight T,2.23,1,12,72,08/04/2026 09:03:08,C,https://myebrochure.co.uk/images/colours/fotl/fotl-bgr.jpg,https://myebrochure.co.uk/images/products/prod_15001_61036_166543.jpg,https://myebrochure.co.uk/images/products.small/prod_15001_61036_166543.jpg,https://myebrochure.co.uk/images/products.hires/prod_15001_61036_166543.jpg,https://myebrochure.co.uk/images/brands/fotl_23.png,https://myebrochure.co.uk/images/products.hires/prod_61036_141630.jpg,https://myebrochure.co.uk/images/products.hires/prod_61036_141629.jpg,https://myebrochure.co.uk/images/products.hires/prod_61036_141631.jpg,,,,,,,,"<li>Crew neck with Cotton/ LYCRA&reg; rib</li> <li>Self&#45;fabric neck tape</li> <li>Fine knit gauge for enhanced printability</li> <li><b>Also available in ladies&#39; sizes code 61372, children&#39;s sizes code 61033 and girl&#39;s sizes code 61005</b></li>",61091000,MA
3120,0000000031202,61036,TSHIRT,T-SHIRTS,MSSTSH,MENS SHORT SLEEVE T-SHIRT,FOTL,Fruit Of The Loom,MS0020,40,Red,0012  ,Small,Men's Valueweight T,2.23,1,12,72,08/04/2026 09:03:08,C,https://myebrochure.co.uk/images/colours/fotl/fotl-40.jpg,https://myebrochure.co.uk/images/products/prod_15001_61036_166543.jpg,https://myebrochure.co.uk/images/products.small/prod_15001_61036_166543.jpg,https://myebrochure.co.uk/images/products.hires/prod_15001_61036_166543.jpg,https://myebrochure.co.uk/images/brands/fotl_23.png,https://myebrochure.co.uk/images/products.hires/prod_61036_141636.jpg,https://myebrochure.co.uk/images/products.hires/prod_61036_141635.jpg,https://myebrochure.co.uk/images/products.hires/prod_61036_141637.jpg,https://myebrochure.co.uk/images/products.hires/prod_15001_61036_166545.jpg,,,,,,,"<li>Crew neck with Cotton/ LYCRA&reg; rib</li> <li>Self&#45;fabric neck tape</li> <li>Fine knit gauge for enhanced printability</li> <li><b>Also available in ladies&#39; sizes code 61372, children&#39;s sizes code 61033 and girl&#39;s sizes code 61005</b></li>",61091000,MA
3121,0000000031219,61036,TSHIRT,T-SHIRTS,MSSTSH,MENS SHORT SLEEVE T-SHIRT,FOTL,Fruit Of The Loom,MS0020,40,Red,0012  ,Medium,Men's Valueweight T,2.23,1,12,72,08/04/2026 09:03:08,C,https://myebrochure.co.uk/images/colours/fotl/fotl-40.jpg,https://myebrochure.co.uk/images/products/prod_15001_61036_166543.jpg,https://myebrochure.co.uk/images/products.small/prod_15001_61036_166543.jpg,https://myebrochure.co.uk/images/products.hires/prod_15001_61036_166543.jpg,https://myebrochure.co.uk/images/brands/fotl_23.png,https://myebrochure.co.uk/images/products.hires/prod_61036_141636.jpg,https://myebrochure.co.uk/images/products.hires/prod_61036_141635.jpg,https://myebrochure.co.uk/images/products.hires/prod_61036_141637.jpg,https://myebrochure.co.uk/images/products.hires/prod_15001_61036_166545.jpg,,,,,,,"<li>Crew neck with Cotton/ LYCRA&reg; rib</li> <li>Self&#45;fabric neck tape</li> <li>Fine knit gauge for enhanced printability</li> <li><b>Also available in ladies&#39; sizes code 61372, children&#39;s sizes code 61033 and girl&#39;s sizes code 61005</b></li>",61091000,MA
3122,0000000031226,61036,TSHIRT,T-SHIRTS,MSSTSH,MENS SHORT SLEEVE T-SHIRT,FOTL,Fruit Of The Loom,MS0020,40,Red,0012  ,Large,Men's Valueweight T,2.23,1,12,72,08/04/2026 09:03:08,C,https://myebrochure.co.uk/images/colours/fotl/fotl-40.jpg,https://myebrochure.co.uk/images/products/prod_15001_61036_166543.jpg,https://myebrochure.co.uk/images/products.small/prod_15001_61036_166543.jpg,https://myebrochure.co.uk/images/products.hires/prod_15001_61036_166543.jpg,https://myebrochure.co.uk/images/brands/fotl_23.png,https://myebrochure.co.uk/images/products.hires/prod_61036_141636.jpg,https://myebrochure.co.uk/images/products.hires/prod_61036_141635.jpg,https://myebrochure.co.uk/images/products.hires/prod_61036_141637.jpg,https://myebrochure.co.uk/images/products.hires/prod_15001_61036_166545.jpg,,,,,,,"<li>Crew neck with Cotton/ LYCRA&reg; rib</li> <li>Self&#45;fabric neck tape</li> <li>Fine knit gauge for enhanced printability</li> <li><b>Also available in ladies&#39; sizes code 61372, children&#39;s sizes code 61033 and girl&#39;s sizes code 61005</b></li>",61091000,MA
3123,0000000031233,61036,TSHIRT,T-SHIRTS,MSSTSH,MENS SHORT SLEEVE T-SHIRT,FOTL,Fruit Of The Loom,MS0020,40,Red,0012  ,XL,Men's Valueweight T,2.23,1,12,72,08/04/2026 09:03:08,C,https://myebrochure.co.uk/images/colours/fotl/fotl-40.jpg,https://myebrochure.co.uk/images/products/prod_15001_61036_166543.jpg,https://myebrochure.co.uk/images/products.small/prod_15001_61036_166543.jpg,https://myebrochure.co.uk/images/products.hires/prod_15001_61036_166543.jpg,https://myebrochure.co.uk/images/brands/fotl_23.png,https://myebrochure.co.uk/images/products.hires/prod_61036_141636.jpg,https://myebrochure.co.uk/images/products.hires/prod_61036_141635.jpg,https://myebrochure.co.uk/images/products.hires/prod_61036_141637.jpg,https://myebrochure.co.uk/images/products.hires/prod_15001_61036_166545.jpg,,,,,,,"<li>Crew neck with Cotton/ LYCRA&reg; rib</li> <li>Self&#45;fabric neck tape</li> <li>Fine knit gauge for enhanced printability</li> <li><b>Also available in ladies&#39; sizes code 61372, children&#39;s sizes code 61033 and girl&#39;s sizes code 61005</b></li>",61091000,MA
3124,0000000031240,61036,TSHIRT,T-SHIRTS,MSSTSH,MENS SHORT SLEEVE T-SHIRT,FOTL,Fruit Of The Loom,MS0020,40,Red,0012  ,2XL,Men's Valueweight T,2.23,1,12,72,08/04/2026 09:03:08,C,https://myebrochure.co.uk/images/colours/fotl/fotl-40.jpg,https://myebrochure.co.uk/images/products/prod_15001_61036_166543.jpg,https://myebrochure.co.uk/images/products.small/prod_15001_61036_166543.jpg,https://myebrochure.co.uk/images/products.hires/prod_15001_61036_166543.jpg,https://myebrochure.co.uk/images/brands/fotl_23.png,https://myebrochure.co.uk/images/products.hires/prod_61036_141636.jpg,https://myebrochure.co.uk/images/products.hires/prod_61036_141635.jpg,https://myebrochure.co.uk/images/products.hires/prod_61036_141637.jpg,https://myebrochure.co.uk/images/products.hires/prod_15001_61036_166545.jpg,,,,,,,"<li>Crew neck with Cotton/ LYCRA&reg; rib</li> <li>Self&#45;fabric neck tape</li> <li>Fine knit gauge for enhanced printability</li> <li><b>Also available in ladies&#39; sizes code 61372, children&#39;s sizes code 61033 and girl&#39;s sizes code 61005</b></li>",61091000,MA
3126,0000000031264,61036,TSHIRT,T-SHIRTS,MSSTSH,MENS SHORT SLEEVE T-SHIRT,FOTL,Fruit Of The Loom,MS0020,41,Burgundy,0012  ,Small,Men's Valueweight T,2.23,1,12,72,08/04/2026 09:03:08,C,https://myebrochure.co.uk/images/colours/fotl/fotl-41.jpg,https://myebrochure.co.uk/images/products/prod_15001_61036_166543.jpg,https://myebrochure.co.uk/images/products.small/prod_15001_61036_166543.jpg,https://myebrochure.co.uk/images/products.hires/prod_15001_61036_166543.jpg,https://myebrochure.co.uk/images/brands/fotl_23.png,https://myebrochure.co.uk/images/products.hires/prod_61036_141639.jpg,https://myebrochure.co.uk/images/products.hires/prod_61036_141638.jpg,https://myebrochure.co.uk/images/products.hires/prod_61036_141640.jpg,,,,,,,,"<li>Crew neck with Cotton/ LYCRA&reg; rib</li> <li>Self&#45;fabric neck tape</li> <li>Fine knit gauge for enhanced printability</li> <li><b>Also available in ladies&#39; sizes code 61372, children&#39;s sizes code 61033 and girl&#39;s sizes code 61005</b></li>",61091000,MA
3127,0000000031271,61036,TSHIRT,T-SHIRTS,MSSTSH,MENS SHORT SLEEVE T-SHIRT,FOTL,Fruit Of The Loom,MS0020,41,Burgundy,0012  ,Medium,Men's Valueweight T,2.23,1,12,72,08/04/2026 09:03:08,C,https://myebrochure.co.uk/images/colours/fotl/fotl-41.jpg,https://myebrochure.co.uk/images/products/prod_15001_61036_166543.jpg,https://myebrochure.co.uk/images/products.small/prod_15001_61036_166543.jpg,https://myebrochure.co.uk/images/products.hires/prod_15001_61036_166543.jpg,https://myebrochure.co.uk/images/brands/fotl_23.png,https://myebrochure.co.uk/images/products.hires/prod_61036_141639.jpg,https://myebrochure.co.uk/images/products.hires/prod_61036_141638.jpg,https://myebrochure.co.uk/images/products.hires/prod_61036_141640.jpg,,,,,,,,"<li>Crew neck with Cotton/ LYCRA&reg; rib</li> <li>Self&#45;fabric neck tape</li> <li>Fine knit gauge for enhanced printability</li> <li><b>Also available in ladies&#39; sizes code 61372, children&#39;s sizes code 61033 and girl&#39;s sizes code 61005</b></li>",61091000,MA
3128,0000000031288,61036,TSHIRT,T-SHIRTS,MSSTSH,MENS SHORT SLEEVE T-SHIRT,FOTL,Fruit Of The Loom,MS0020,41,Burgundy,0012  ,Large,Men's Valueweight T,2.23,1,12,72,08/04/2026 09:03:08,C,https://myebrochure.co.uk/images/colours/fotl/fotl-41.jpg,https://myebrochure.co.uk/images/products/prod_15001_61036_166543.jpg,https://myebrochure.co.uk/images/products.small/prod_15001_61036_166543.jpg,https://myebrochure.co.uk/images/products.hires/prod_15001_61036_166543.jpg,https://myebrochure.co.uk/images/brands/fotl_23.png,https://myebrochure.co.uk/images/products.hires/prod_61036_141639.jpg,https://myebrochure.co.uk/images/products.hires/prod_61036_141638.jpg,https://myebrochure.co.uk/images/products.hires/prod_61036_141640.jpg,,,,,,,,"<li>Crew neck with Cotton/ LYCRA&reg; rib</li> <li>Self&#45;fabric neck tape</li> <li>Fine knit gauge for enhanced printability</li> <li><b>Also available in ladies&#39; sizes code 61372, children&#39;s sizes code 61033 and girl&#39;s sizes code 61005</b></li>",61091000,MA
3129,0000000031295,61036,TSHIRT,T-SHIRTS,MSSTSH,MENS SHORT SLEEVE T-SHIRT,FOTL,Fruit Of The Loom,MS0020,41,Burgundy,0012  ,XL,Men's Valueweight T,2.23,1,12,72,08/04/2026 09:03:08,C,https://myebrochure.co.uk/images/colours/fotl/fotl-41.jpg,https://myebrochure.co.uk/images/products/prod_15001_61036_166543.jpg,https://myebrochure.co.uk/images/products.small/prod_15001_61036_166543.jpg,https://myebrochure.co.uk/images/products.hires/prod_15001_61036_166543.jpg,https://myebrochure.co.uk/images/brands/fotl_23.png,https://myebrochure.co.uk/images/products.hires/prod_61036_141639.jpg,https://myebrochure.co.uk/images/products.hires/prod_61036_141638.jpg,https://myebrochure.co.uk/images/products.hires/prod_61036_141640.jpg,,,,,,,,"<li>Crew neck with Cotton/ LYCRA&reg; rib</li> <li>Self&#45;fabric neck tape</li> <li>Fine knit gauge for enhanced printability</li> <li><b>Also available in ladies&#39; sizes code 61372, children&#39;s sizes code 61033 and girl&#39;s sizes code 61005</b></li>",61091000,MA
3130,0000000031301,61036,TSHIRT,T-SHIRTS,MSSTSH,MENS SHORT SLEEVE T-SHIRT,FOTL,Fruit Of The Loom,MS0020,41,Burgundy,0012  ,2XL,Men's Valueweight T,2.23,1,12,72,08/04/2026 09:03:08,C,https://myebrochure.co.uk/images/colours/fotl/fotl-41.jpg,https://myebrochure.co.uk/images/products/prod_15001_61036_166543.jpg,https://myebrochure.co.uk/images/products.small/prod_15001_61036_166543.jpg,https://myebrochure.co.uk/images/products.hires/prod_15001_61036_166543.jpg,https://myebrochure.co.uk/images/brands/fotl_23.png,https://myebrochure.co.uk/images/products.hires/prod_61036_141639.jpg,https://myebrochure.co.uk/images/products.hires/prod_61036_141638.jpg,https://myebrochure.co.uk/images/products.hires/prod_61036_141640.jpg,,,,,,,,"<li>Crew neck with Cotton/ LYCRA&reg; rib</li> <li>Self&#45;fabric neck tape</li> <li>Fine knit gauge for enhanced printability</li> <li><b>Also available in ladies&#39; sizes code 61372, children&#39;s sizes code 61033 and girl&#39;s sizes code 61005</b></li>",61091000,MA
3132,0000000031325,61036,TSHIRT,T-SHIRTS,MSSTSH,MENS SHORT SLEEVE T-SHIRT,FOTL,Fruit Of The Loom,MS0020,GL,Light Graphite,0012  ,Small,Men's Valueweight T,2.23,1,12,72,08/04/2026 09:03:08,C,https://myebrochure.co.uk/images/colours/fotl/fotl-gl.jpg,https://myebrochure.co.uk/images/products/prod_15001_61036_166543.jpg,https://myebrochure.co.uk/images/products.small/prod_15001_61036_166543.jpg,https://myebrochure.co.uk/images/products.hires/prod_15001_61036_166543.jpg,https://myebrochure.co.uk/images/brands/fotl_23.png,https://myebrochure.co.uk/images/products.hires/prod_61036_141717.jpg,https://myebrochure.co.uk/images/products.hires/prod_61036_141716.jpg,https://myebrochure.co.uk/images/products.hires/prod_61036_141718.jpg,,,,,,,,"<li>Crew neck with Cotton/ LYCRA&reg; rib</li> <li>Self&#45;fabric neck tape</li> <li>Fine knit gauge for enhanced printability</li> <li><b>Also available in ladies&#39; sizes code 61372, children&#39;s sizes code 61033 and girl&#39;s sizes code 61005</b></li>",61091000,MA
3133,0000000031332,61036,TSHIRT,T-SHIRTS,MSSTSH,MENS SHORT SLEEVE T-SHIRT,FOTL,Fruit Of The Loom,MS0020,GL,Light Graphite,0012  ,Medium,Men's Valueweight T,2.23,1,12,72,08/04/2026 09:03:08,C,https://myebrochure.co.uk/images/colours/fotl/fotl-gl.jpg,https://myebrochure.co.uk/images/products/prod_15001_61036_166543.jpg,https://myebrochure.co.uk/images/products.small/prod_15001_61036_166543.jpg,https://myebrochure.co.uk/images/products.hires/prod_15001_61036_166543.jpg,https://myebrochure.co.uk/images/brands/fotl_23.png,https://myebrochure.co.uk/images/products.hires/prod_61036_141717.jpg,https://myebrochure.co.uk/images/products.hires/prod_61036_141716.jpg,https://myebrochure.co.uk/images/products.hires/prod_61036_141718.jpg,,,,,,,,"<li>Crew neck with Cotton/ LYCRA&reg; rib</li> <li>Self&#45;fabric neck tape</li> <li>Fine knit gauge for enhanced printability</li> <li><b>Also available in ladies&#39; sizes code 61372, children&#39;s sizes code 61033 and girl&#39;s sizes code 61005</b></li>",61091000,MA
3134,0000000031349,61036,TSHIRT,T-SHIRTS,MSSTSH,MENS SHORT SLEEVE T-SHIRT,FOTL,Fruit Of The Loom,MS0020,GL,Light Graphite,0012  ,Large,Men's Valueweight T,2.23,1,12,72,08/04/2026 09:03:08,C,https://myebrochure.co.uk/images/colours/fotl/fotl-gl.jpg,https://myebrochure.co.uk/images/products/prod_15001_61036_166543.jpg,https://myebrochure.co.uk/images/products.small/prod_15001_61036_166543.jpg,https://myebrochure.co.uk/images/products.hires/prod_15001_61036_166543.jpg,https://myebrochure.co.uk/images/brands/fotl_23.png,https://myebrochure.co.uk/images/products.hires/prod_61036_141717.jpg,https://myebrochure.co.uk/images/products.hires/prod_61036_141716.jpg,https://myebrochure.co.uk/images/products.hires/prod_61036_141718.jpg,,,,,,,,"<li>Crew neck with Cotton/ LYCRA&reg; rib</li> <li>Self&#45;fabric neck tape</li> <li>Fine knit gauge for enhanced printability</li> <li><b>Also available in ladies&#39; sizes code 61372, children&#39;s sizes code 61033 and girl&#39;s sizes code 61005</b></li>",61091000,MA
3135,0000000031356,61036,TSHIRT,T-SHIRTS,MSSTSH,MENS SHORT SLEEVE T-SHIRT,FOTL,Fruit Of The Loom,MS0020,GL,Light Graphite,0012  ,XL,Men's Valueweight T,2.23,1,12,72,08/04/2026 09:03:08,C,https://myebrochure.co.uk/images/colours/fotl/fotl-gl.jpg,https://myebrochure.co.uk/images/products/prod_15001_61036_166543.jpg,https://myebrochure.co.uk/images/products.small/prod_15001_61036_166543.jpg,https://myebrochure.co.uk/images/products.hires/prod_15001_61036_166543.jpg,https://myebrochure.co.uk/images/brands/fotl_23.png,https://myebrochure.co.uk/images/products.hires/prod_61036_141717.jpg,https://myebrochure.co.uk/images/products.hires/prod_61036_141716.jpg,https://myebrochure.co.uk/images/products.hires/prod_61036_141718.jpg,,,,,,,,"<li>Crew neck with Cotton/ LYCRA&reg; rib</li> <li>Self&#45;fabric neck tape</li> <li>Fine knit gauge for enhanced printability</li> <li><b>Also available in ladies&#39; sizes code 61372, children&#39;s sizes code 61033 and girl&#39;s sizes code 61005</b></li>",61091000,MA
3136,0000000031363,61036,TSHIRT,T-SHIRTS,MSSTSH,MENS SHORT SLEEVE T-SHIRT,FOTL,Fruit Of The Loom,MS0020,GL,Light Graphite,0012  ,2XL,Men's Valueweight T,2.23,1,12,72,08/04/2026 09:03:08,C,https://myebrochure.co.uk/images/colours/fotl/fotl-gl.jpg,https://myebrochure.co.uk/images/products/prod_15001_61036_166543.jpg,https://myebrochure.co.uk/images/products.small/prod_15001_61036_166543.jpg,https://myebrochure.co.uk/images/products.hires/prod_15001_61036_166543.jpg,https://myebrochure.co.uk/images/brands/fotl_23.png,https://myebrochure.co.uk/images/products.hires/prod_61036_141717.jpg,https://myebrochure.co.uk/images/products.hires/prod_61036_141716.jpg,https://myebrochure.co.uk/images/products.hires/prod_61036_141718.jpg,,,,,,,,"<li>Crew neck with Cotton/ LYCRA&reg; rib</li> <li>Self&#45;fabric neck tape</li> <li>Fine knit gauge for enhanced printability</li> <li><b>Also available in ladies&#39; sizes code 61372, children&#39;s sizes code 61033 and girl&#39;s sizes code 61005</b></li>",61091000,MA
3144,0000000031448,61036,TSHIRT,T-SHIRTS,MSSTSH,MENS SHORT SLEEVE T-SHIRT,FOTL,Fruit Of The Loom,MS0020,BX,Brick Red,0012  ,Small,Men's Valueweight T,2.23,1,12,72,08/04/2026 09:03:08,C,https://myebrochure.co.uk/images/colours/fotl/fotl-bx.jpg,https://myebrochure.co.uk/images/products/prod_15001_61036_166543.jpg,https://myebrochure.co.uk/images/products.small/prod_15001_61036_166543.jpg,https://myebrochure.co.uk/images/products.hires/prod_15001_61036_166543.jpg,https://myebrochure.co.uk/images/brands/fotl_23.png,https://myebrochure.co.uk/images/products.hires/prod_61036_141666.jpg,https://myebrochure.co.uk/images/products.hires/prod_61036_141665.jpg,https://myebrochure.co.uk/images/products.hires/prod_61036_141667.jpg,,,,,,,,"<li>Crew neck with Cotton/ LYCRA&reg; rib</li> <li>Self&#45;fabric neck tape</li> <li>Fine knit gauge for enhanced printability</li> <li><b>Also available in ladies&#39; sizes code 61372, children&#39;s sizes code 61033 and girl&#39;s sizes code 61005</b></li>",61091000,MA
3145,0000000031455,61036,TSHIRT,T-SHIRTS,MSSTSH,MENS SHORT SLEEVE T-SHIRT,FOTL,Fruit Of The Loom,MS0020,BX,Brick Red,0012  ,Medium,Men's Valueweight T,2.23,1,12,72,08/04/2026 09:03:08,C,https://myebrochure.co.uk/images/colours/fotl/fotl-bx.jpg,https://myebrochure.co.uk/images/products/prod_15001_61036_166543.jpg,https://myebrochure.co.uk/images/products.small/prod_15001_61036_166543.jpg,https://myebrochure.co.uk/images/products.hires/prod_15001_61036_166543.jpg,https://myebrochure.co.uk/images/brands/fotl_23.png,https://myebrochure.co.uk/images/products.hires/prod_61036_141666.jpg,https://myebrochure.co.uk/images/products.hires/prod_61036_141665.jpg,https://myebrochure.co.uk/images/products.hires/prod_61036_141667.jpg,,,,,,,,"<li>Crew neck with Cotton/ LYCRA&reg; rib</li> <li>Self&#45;fabric neck tape</li> <li>Fine knit gauge for enhanced printability</li> <li><b>Also available in ladies&#39; sizes code 61372, children&#39;s sizes code 61033 and girl&#39;s sizes code 61005</b></li>",61091000,MA
3146,0000000031462,61036,TSHIRT,T-SHIRTS,MSSTSH,MENS SHORT SLEEVE T-SHIRT,FOTL,Fruit Of The Loom,MS0020,BX,Brick Red,0012  ,Large,Men's Valueweight T,2.23,1,12,72,08/04/2026 09:03:08,C,https://myebrochure.co.uk/images/colours/fotl/fotl-bx.jpg,https://myebrochure.co.uk/images/products/prod_15001_61036_166543.jpg,https://myebrochure.co.uk/images/products.small/prod_15001_61036_166543.jpg,https://myebrochure.co.uk/images/products.hires/prod_15001_61036_166543.jpg,https://myebrochure.co.uk/images/brands/fotl_23.png,https://myebrochure.co.uk/images/products.hires/prod_61036_141666.jpg,https://myebrochure.co.uk/images/products.hires/prod_61036_141665.jpg,https://myebrochure.co.uk/images/products.hires/prod_61036_141667.jpg,,,,,,,,"<li>Crew neck with Cotton/ LYCRA&reg; rib</li> <li>Self&#45;fabric neck tape</li> <li>Fine knit gauge for enhanced printability</li> <li><b>Also available in ladies&#39; sizes code 61372, children&#39;s sizes code 61033 and girl&#39;s sizes code 61005</b></li>",61091000,MA
3147,0000000031479,61036,TSHIRT,T-SHIRTS,MSSTSH,MENS SHORT SLEEVE T-SHIRT,FOTL,Fruit Of The Loom,MS0020,BX,Brick Red,0012  ,XL,Men's Valueweight T,2.23,1,12,72,08/04/2026 09:03:08,C,https://myebrochure.co.uk/images/colours/fotl/fotl-bx.jpg,https://myebrochure.co.uk/images/products/prod_15001_61036_166543.jpg,https://myebrochure.co.uk/images/products.small/prod_15001_61036_166543.jpg,https://myebrochure.co.uk/images/products.hires/prod_15001_61036_166543.jpg,https://myebrochure.co.uk/images/brands/fotl_23.png,https://myebrochure.co.uk/images/products.hires/prod_61036_141666.jpg,https://myebrochure.co.uk/images/products.hires/prod_61036_141665.jpg,https://myebrochure.co.uk/images/products.hires/prod_61036_141667.jpg,,,,,,,,"<li>Crew neck with Cotton/ LYCRA&reg; rib</li> <li>Self&#45;fabric neck tape</li> <li>Fine knit gauge for enhanced printability</li> <li><b>Also available in ladies&#39; sizes code 61372, children&#39;s sizes code 61033 and girl&#39;s sizes code 61005</b></li>",61091000,MA
3148,0000000031486,61036,TSHIRT,T-SHIRTS,MSSTSH,MENS SHORT SLEEVE T-SHIRT,FOTL,Fruit Of The Loom,MS0020,BX,Brick Red,0012  ,2XL,Men's Valueweight T,2.23,1,12,72,08/04/2026 09:03:08,C,https://myebrochure.co.uk/images/colours/fotl/fotl-bx.jpg,https://myebrochure.co.uk/images/products/prod_15001_61036_166543.jpg,https://myebrochure.co.uk/images/products.small/prod_15001_61036_166543.jpg,https://myebrochure.co.uk/images/products.hires/prod_15001_61036_166543.jpg,https://myebrochure.co.uk/images/brands/fotl_23.png,https://myebrochure.co.uk/images/products.hires/prod_61036_141666.jpg,https://myebrochure.co.uk/images/products.hires/prod_61036_141665.jpg,https://myebrochure.co.uk/images/products.hires/prod_61036_141667.jpg,,,,,,,,"<li>Crew neck with Cotton/ LYCRA&reg; rib</li> <li>Self&#45;fabric neck tape</li> <li>Fine knit gauge for enhanced printability</li> <li><b>Also available in ladies&#39; sizes code 61372, children&#39;s sizes code 61033 and girl&#39;s sizes code 61005</b></li>",61091000,MA
3150,0000000031509,61036,TSHIRT,T-SHIRTS,MSSTSH,MENS SHORT SLEEVE T-SHIRT,FOTL,Fruit Of The Loom,MS0020,59,Classic Olive,0012  ,Small,Men's Valueweight T,2.23,1,12,72,08/04/2026 09:03:08,C,https://myebrochure.co.uk/images/colours/fotl/fotl-59.jpg,https://myebrochure.co.uk/images/products/prod_15001_61036_166543.jpg,https://myebrochure.co.uk/images/products.small/prod_15001_61036_166543.jpg,https://myebrochure.co.uk/images/products.hires/prod_15001_61036_166543.jpg,https://myebrochure.co.uk/images/brands/fotl_23.png,https://myebrochure.co.uk/images/products.hires/prod_61036_141657.jpg,https://myebrochure.co.uk/images/products.hires/prod_61036_141656.jpg,https://myebrochure.co.uk/images/products.hires/prod_61036_141658.jpg,,,,,,,,"<li>Crew neck with Cotton/ LYCRA&reg; rib</li> <li>Self&#45;fabric neck tape</li> <li>Fine knit gauge for enhanced printability</li> <li><b>Also available in ladies&#39; sizes code 61372, children&#39;s sizes code 61033 and girl&#39;s sizes code 61005</b></li>",61091000,MA
3151,0000000031516,61036,TSHIRT,T-SHIRTS,MSSTSH,MENS SHORT SLEEVE T-SHIRT,FOTL,Fruit Of The Loom,MS0020,59,Classic Olive,0012  ,Medium,Men's Valueweight T,2.23,1,12,72,08/04/2026 09:03:08,C,https://myebrochure.co.uk/images/colours/fotl/fotl-59.jpg,https://myebrochure.co.uk/images/products/prod_15001_61036_166543.jpg,https://myebrochure.co.uk/images/products.small/prod_15001_61036_166543.jpg,https://myebrochure.co.uk/images/products.hires/prod_15001_61036_166543.jpg,https://myebrochure.co.uk/images/brands/fotl_23.png,https://myebrochure.co.uk/images/products.hires/prod_61036_141657.jpg,https://myebrochure.co.uk/images/products.hires/prod_61036_141656.jpg,https://myebrochure.co.uk/images/products.hires/prod_61036_141658.jpg,,,,,,,,"<li>Crew neck with Cotton/ LYCRA&reg; rib</li> <li>Self&#45;fabric neck tape</li> <li>Fine knit gauge for enhanced printability</li> <li><b>Also available in ladies&#39; sizes code 61372, children&#39;s sizes code 61033 and girl&#39;s sizes code 61005</b></li>",61091000,MA
3152,0000000031523,61036,TSHIRT,T-SHIRTS,MSSTSH,MENS SHORT SLEEVE T-SHIRT,FOTL,Fruit Of The Loom,MS0020,59,Classic Olive,0012  ,Large,Men's Valueweight T,2.23,1,12,72,08/04/2026 09:03:08,C,https://myebrochure.co.uk/images/colours/fotl/fotl-59.jpg,https://myebrochure.co.uk/images/products/prod_15001_61036_166543.jpg,https://myebrochure.co.uk/images/products.small/prod_15001_61036_166543.jpg,https://myebrochure.co.uk/images/products.hires/prod_15001_61036_166543.jpg,https://myebrochure.co.uk/images/brands/fotl_23.png,https://myebrochure.co.uk/images/products.hires/prod_61036_141657.jpg,https://myebrochure.co.uk/images/products.hires/prod_61036_141656.jpg,https://myebrochure.co.uk/images/products.hires/prod_61036_141658.jpg,,,,,,,,"<li>Crew neck with Cotton/ LYCRA&reg; rib</li> <li>Self&#45;fabric neck tape</li> <li>Fine knit gauge for enhanced printability</li> <li><b>Also available in ladies&#39; sizes code 61372, children&#39;s sizes code 61033 and girl&#39;s sizes code 61005</b></li>",61091000,MA
3153,0000000031530,61036,TSHIRT,T-SHIRTS,MSSTSH,MENS SHORT SLEEVE T-SHIRT,FOTL,Fruit Of The Loom,MS0020,59,Classic Olive,0012  ,XL,Men's Valueweight T,2.23,1,12,72,08/04/2026 09:03:08,C,https://myebrochure.co.uk/images/colours/fotl/fotl-59.jpg,https://myebrochure.co.uk/images/products/prod_15001_61036_166543.jpg,https://myebrochure.co.uk/images/products.small/prod_15001_61036_166543.jpg,https://myebrochure.co.uk/images/products.hires/prod_15001_61036_166543.jpg,https://myebrochure.co.uk/images/brands/fotl_23.png,https://myebrochure.co.uk/images/products.hires/prod_61036_141657.jpg,https://myebrochure.co.uk/images/products.hires/prod_61036_141656.jpg,https://myebrochure.co.uk/images/products.hires/prod_61036_141658.jpg,,,,,,,,"<li>Crew neck with Cotton/ LYCRA&reg; rib</li> <li>Self&#45;fabric neck tape</li> <li>Fine knit gauge for enhanced printability</li> <li><b>Also available in ladies&#39; sizes code 61372, children&#39;s sizes code 61033 and girl&#39;s sizes code 61005</b></li>",61091000,MA
3154,0000000031547,61036,TSHIRT,T-SHIRTS,MSSTSH,MENS SHORT SLEEVE T-SHIRT,FOTL,Fruit Of The Loom,MS0020,59,Classic Olive,0012  ,2XL,Men's Valueweight T,2.23,1,12,72,08/04/2026 09:03:08,C,https://myebrochure.co.uk/images/colours/fotl/fotl-59.jpg,https://myebrochure.co.uk/images/products/prod_15001_61036_166543.jpg,https://myebrochure.co.uk/images/products.small/prod_15001_61036_166543.jpg,https://myebrochure.co.uk/images/products.hires/prod_15001_61036_166543.jpg,https://myebrochure.co.uk/images/brands/fotl_23.png,https://myebrochure.co.uk/images/products.hires/prod_61036_141657.jpg,https://myebrochure.co.uk/images/products.hires/prod_61036_141656.jpg,https://myebrochure.co.uk/images/products.hires/prod_61036_141658.jpg,,,,,,,,"<li>Crew neck with Cotton/ LYCRA&reg; rib</li> <li>Self&#45;fabric neck tape</li> <li>Fine knit gauge for enhanced printability</li> <li><b>Also available in ladies&#39; sizes code 61372, children&#39;s sizes code 61033 and girl&#39;s sizes code 61005</b></li>",61091000,MA
3156,0000000031561,61036,TSHIRT,T-SHIRTS,MSSTSH,MENS SHORT SLEEVE T-SHIRT,FOTL,Fruit Of The Loom,MS0020,CQ,Chocolate,0012  ,Small,Men's Valueweight T,2.23,1,12,72,08/04/2026 09:03:08,C,https://myebrochure.co.uk/images/colours/fotl/fotl-cq.jpg,https://myebrochure.co.uk/images/products/prod_15001_61036_166543.jpg,https://myebrochure.co.uk/images/products.small/prod_15001_61036_166543.jpg,https://myebrochure.co.uk/images/products.hires/prod_15001_61036_166543.jpg,https://myebrochure.co.uk/images/brands/fotl_23.png,https://myebrochure.co.uk/images/products.hires/prod_61036_141669.jpg,https://myebrochure.co.uk/images/products.hires/prod_61036_141668.jpg,https://myebrochure.co.uk/images/products.hires/prod_61036_141670.jpg,https://myebrochure.co.uk/images/products.hires/prod_15001_61036_166547.jpg,,,,,,,"<li>Crew neck with Cotton/ LYCRA&reg; rib</li> <li>Self&#45;fabric neck tape</li> <li>Fine knit gauge for enhanced printability</li> <li><b>Also available in ladies&#39; sizes code 61372, children&#39;s sizes code 61033 and girl&#39;s sizes code 61005</b></li>",61091000,MA
3157,0000000031578,61036,TSHIRT,T-SHIRTS,MSSTSH,MENS SHORT SLEEVE T-SHIRT,FOTL,Fruit Of The Loom,MS0020,CQ,Chocolate,0012  ,Medium,Men's Valueweight T,2.23,1,12,72,08/04/2026 09:03:08,C,https://myebrochure.co.uk/images/colours/fotl/fotl-cq.jpg,https://myebrochure.co.uk/images/products/prod_15001_61036_166543.jpg,https://myebrochure.co.uk/images/products.small/prod_15001_61036_166543.jpg,https://myebrochure.co.uk/images/products.hires/prod_15001_61036_166543.jpg,https://myebrochure.co.uk/images/brands/fotl_23.png,https://myebrochure.co.uk/images/products.hires/prod_61036_141669.jpg,https://myebrochure.co.uk/images/products.hires/prod_61036_141668.jpg,https://myebrochure.co.uk/images/products.hires/prod_61036_141670.jpg,https://myebrochure.co.uk/images/products.hires/prod_15001_61036_166547.jpg,,,,,,,"<li>Crew neck with Cotton/ LYCRA&reg; rib</li> <li>Self&#45;fabric neck tape</li> <li>Fine knit gauge for enhanced printability</li> <li><b>Also available in ladies&#39; sizes code 61372, children&#39;s sizes code 61033 and girl&#39;s sizes code 61005</b></li>",61091000,MA
3158,0000000031585,61036,TSHIRT,T-SHIRTS,MSSTSH,MENS SHORT SLEEVE T-SHIRT,FOTL,Fruit Of The Loom,MS0020,CQ,Chocolate,0012  ,Large,Men's Valueweight T,2.23,1,12,72,08/04/2026 09:03:08,C,https://myebrochure.co.uk/images/colours/fotl/fotl-cq.jpg,https://myebrochure.co.uk/images/products/prod_15001_61036_166543.jpg,https://myebrochure.co.uk/images/products.small/prod_15001_61036_166543.jpg,https://myebrochure.co.uk/images/products.hires/prod_15001_61036_166543.jpg,https://myebrochure.co.uk/images/brands/fotl_23.png,https://myebrochure.co.uk/images/products.hires/prod_61036_141669.jpg,https://myebrochure.co.uk/images/products.hires/prod_61036_141668.jpg,https://myebrochure.co.uk/images/products.hires/prod_61036_141670.jpg,https://myebrochure.co.uk/images/products.hires/prod_15001_61036_166547.jpg,,,,,,,"<li>Crew neck with Cotton/ LYCRA&reg; rib</li> <li>Self&#45;fabric neck tape</li> <li>Fine knit gauge for enhanced printability</li> <li><b>Also available in ladies&#39; sizes code 61372, children&#39;s sizes code 61033 and girl&#39;s sizes code 61005</b></li>",61091000,MA
3159,0000000031592,61036,TSHIRT,T-SHIRTS,MSSTSH,MENS SHORT SLEEVE T-SHIRT,FOTL,Fruit Of The Loom,MS0020,CQ,Chocolate,0012  ,XL,Men's Valueweight T,2.23,1,12,72,08/04/2026 09:03:08,C,https://myebrochure.co.uk/images/colours/fotl/fotl-cq.jpg,https://myebrochure.co.uk/images/products/prod_15001_61036_166543.jpg,https://myebrochure.co.uk/images/products.small/prod_15001_61036_166543.jpg,https://myebrochure.co.uk/images/products.hires/prod_15001_61036_166543.jpg,https://myebrochure.co.uk/images/brands/fotl_23.png,https://myebrochure.co.uk/images/products.hires/prod_61036_141669.jpg,https://myebrochure.co.uk/images/products.hires/prod_61036_141668.jpg,https://myebrochure.co.uk/images/products.hires/prod_61036_141670.jpg,https://myebrochure.co.uk/images/products.hires/prod_15001_61036_166547.jpg,,,,,,,"<li>Crew neck with Cotton/ LYCRA&reg; rib</li> <li>Self&#45;fabric neck tape</li> <li>Fine knit gauge for enhanced printability</li> <li><b>Also available in ladies&#39; sizes code 61372, children&#39;s sizes code 61033 and girl&#39;s sizes code 61005</b></li>",61091000,MA
3160,0000000031608,61036,TSHIRT,T-SHIRTS,MSSTSH,MENS SHORT SLEEVE T-SHIRT,FOTL,Fruit Of The Loom,MS0020,CQ,Chocolate,0012  ,2XL,Men's Valueweight T,2.23,1,12,72,08/04/2026 09:03:08,C,https://myebrochure.co.uk/images/colours/fotl/fotl-cq.jpg,https://myebrochure.co.uk/images/products/prod_15001_61036_166543.jpg,https://myebrochure.co.uk/images/products.small/prod_15001_61036_166543.jpg,https://myebrochure.co.uk/images/products.hires/prod_15001_61036_166543.jpg,https://myebrochure.co.uk/images/brands/fotl_23.png,https://myebrochure.co.uk/images/products.hires/prod_61036_141669.jpg,https://myebrochure.co.uk/images/products.hires/prod_61036_141668.jpg,https://myebrochure.co.uk/images/products.hires/prod_61036_141670.jpg,https://myebrochure.co.uk/images/products.hires/prod_15001_61036_166547.jpg,,,,,,,"<li>Crew neck with Cotton/ LYCRA&reg; rib</li> <li>Self&#45;fabric neck tape</li> <li>Fine knit gauge for enhanced printability</li> <li><b>Also available in ladies&#39; sizes code 61372, children&#39;s sizes code 61033 and girl&#39;s sizes code 61005</b></li>",61091000,MA
3162,0000000031622,61036,TSHIRT,T-SHIRTS,MSSTSH,MENS SHORT SLEEVE T-SHIRT,FOTL,Fruit Of The Loom,MS0020,30,White,0012  ,Small,Men's Valueweight T,1.78,1,12,72,08/04/2026 09:03:08,C,https://myebrochure.co.uk/images/colours/fotl/fotl-30.jpg,https://myebrochure.co.uk/images/products/prod_15001_61036_166543.jpg,https://myebrochure.co.uk/images/products.small/prod_15001_61036_166543.jpg,https://myebrochure.co.uk/images/products.hires/prod_15001_61036_166543.jpg,https://myebrochure.co.uk/images/brands/fotl_23.png,https://myebrochure.co.uk/images/products.hires/prod_61036_141618.jpg,https://myebrochure.co.uk/images/products.hires/prod_61036_141617.jpg,https://myebrochure.co.uk/images/products.hires/prod_61036_141619.jpg,https://myebrochure.co.uk/images/products.hires/prod_15001_61036_166541.jpg,,,,,,,"<li>Crew neck with Cotton/ LYCRA&reg; rib</li> <li>Self&#45;fabric neck tape</li> <li>Fine knit gauge for enhanced printability</li> <li><b>Also available in ladies&#39; sizes code 61372, children&#39;s sizes code 61033 and girl&#39;s sizes code 61005</b></li>",61091000,MA
3163,0000000031639,61036,TSHIRT,T-SHIRTS,MSSTSH,MENS SHORT SLEEVE T-SHIRT,FOTL,Fruit Of The Loom,MS0020,30,White,0012  ,Medium,Men's Valueweight T,1.78,1,12,72,08/04/2026 09:03:08,C,https://myebrochure.co.uk/images/colours/fotl/fotl-30.jpg,https://myebrochure.co.uk/images/products/prod_15001_61036_166543.jpg,https://myebrochure.co.uk/images/products.small/prod_15001_61036_166543.jpg,https://myebrochure.co.uk/images/products.hires/prod_15001_61036_166543.jpg,https://myebrochure.co.uk/images/brands/fotl_23.png,https://myebrochure.co.uk/images/products.hires/prod_61036_141618.jpg,https://myebrochure.co.uk/images/products.hires/prod_61036_141617.jpg,https://myebrochure.co.uk/images/products.hires/prod_61036_141619.jpg,https://myebrochure.co.uk/images/products.hires/prod_15001_61036_166541.jpg,,,,,,,"<li>Crew neck with Cotton/ LYCRA&reg; rib</li> <li>Self&#45;fabric neck tape</li> <li>Fine knit gauge for enhanced printability</li> <li><b>Also available in ladies&#39; sizes code 61372, children&#39;s sizes code 61033 and girl&#39;s sizes code 61005</b></li>",61091000,MA
3164,0000000031646,61036,TSHIRT,T-SHIRTS,MSSTSH,MENS SHORT SLEEVE T-SHIRT,FOTL,Fruit Of The Loom,MS0020,30,White,0012  ,Large,Men's Valueweight T,1.78,1,12,72,08/04/2026 09:03:08,C,https://myebrochure.co.uk/images/colours/fotl/fotl-30.jpg,https://myebrochure.co.uk/images/products/prod_15001_61036_166543.jpg,https://myebrochure.co.uk/images/products.small/prod_15001_61036_166543.jpg,https://myebrochure.co.uk/images/products.hires/prod_15001_61036_166543.jpg,https://myebrochure.co.uk/images/brands/fotl_23.png,https://myebrochure.co.uk/images/products.hires/prod_61036_141618.jpg,https://myebrochure.co.uk/images/products.hires/prod_61036_141617.jpg,https://myebrochure.co.uk/images/products.hires/prod_61036_141619.jpg,https://myebrochure.co.uk/images/products.hires/prod_15001_61036_166541.jpg,,,,,,,"<li>Crew neck with Cotton/ LYCRA&reg; rib</li> <li>Self&#45;fabric neck tape</li> <li>Fine knit gauge for enhanced printability</li> <li><b>Also available in ladies&#39; sizes code 61372, children&#39;s sizes code 61033 and girl&#39;s sizes code 61005</b></li>",61091000,MA
3165,0000000031653,61036,TSHIRT,T-SHIRTS,MSSTSH,MENS SHORT SLEEVE T-SHIRT,FOTL,Fruit Of The Loom,MS0020,30,White,0012  ,XL,Men's Valueweight T,1.78,1,12,72,08/04/2026 09:03:08,C,https://myebrochure.co.uk/images/colours/fotl/fotl-30.jpg,https://myebrochure.co.uk/images/products/prod_15001_61036_166543.jpg,https://myebrochure.co.uk/images/products.small/prod_15001_61036_166543.jpg,https://myebrochure.co.uk/images/products.hires/prod_15001_61036_166543.jpg,https://myebrochure.co.uk/images/brands/fotl_23.png,https://myebrochure.co.uk/images/products.hires/prod_61036_141618.jpg,https://myebrochure.co.uk/images/products.hires/prod_61036_141617.jpg,https://myebrochure.co.uk/images/products.hires/prod_61036_141619.jpg,https://myebrochure.co.uk/images/products.hires/prod_15001_61036_166541.jpg,,,,,,,"<li>Crew neck with Cotton/ LYCRA&reg; rib</li> <li>Self&#45;fabric neck tape</li> <li>Fine knit gauge for enhanced printability</li> <li><b>Also available in ladies&#39; sizes code 61372, children&#39;s sizes code 61033 and girl&#39;s sizes code 61005</b></li>",61091000,MA
3166,0000000031660,61036,TSHIRT,T-SHIRTS,MSSTSH,MENS SHORT SLEEVE T-SHIRT,FOTL,Fruit Of The Loom,MS0020,30,White,0012  ,2XL,Men's Valueweight T,1.78,1,12,72,08/04/2026 09:03:08,C,https://myebrochure.co.uk/images/colours/fotl/fotl-30.jpg,https://myebrochure.co.uk/images/products/prod_15001_61036_166543.jpg,https://myebrochure.co.uk/images/products.small/prod_15001_61036_166543.jpg,https://myebrochure.co.uk/images/products.hires/prod_15001_61036_166543.jpg,https://myebrochure.co.uk/images/brands/fotl_23.png,https://myebrochure.co.uk/images/products.hires/prod_61036_141618.jpg,https://myebrochure.co.uk/images/products.hires/prod_61036_141617.jpg,https://myebrochure.co.uk/images/products.hires/prod_61036_141619.jpg,https://myebrochure.co.uk/images/products.hires/prod_15001_61036_166541.jpg,,,,,,,"<li>Crew neck with Cotton/ LYCRA&reg; rib</li> <li>Self&#45;fabric neck tape</li> <li>Fine knit gauge for enhanced printability</li> <li><b>Also available in ladies&#39; sizes code 61372, children&#39;s sizes code 61033 and girl&#39;s sizes code 61005</b></li>",61091000,MA
3167,0000000031677,61036,TSHIRT,T-SHIRTS,MSSTSH,MENS SHORT SLEEVE T-SHIRT,FOTL,Fruit Of The Loom,MS0020,30,White,0012  ,3XL,Men's Valueweight T,2.29,1,12,36,08/04/2026 09:03:08,C,https://myebrochure.co.uk/images/colours/fotl/fotl-30.jpg,https://myebrochure.co.uk/images/products/prod_15001_61036_166543.jpg,https://myebrochure.co.uk/images/products.small/prod_15001_61036_166543.jpg,https://myebrochure.co.uk/images/products.hires/prod_15001_61036_166543.jpg,https://myebrochure.co.uk/images/brands/fotl_23.png,https://myebrochure.co.uk/images/products.hires/prod_61036_141618.jpg,https://myebrochure.co.uk/images/products.hires/prod_61036_141617.jpg,https://myebrochure.co.uk/images/products.hires/prod_61036_141619.jpg,https://myebrochure.co.uk/images/products.hires/prod_15001_61036_166541.jpg,,,,,,,"<li>Crew neck with Cotton/ LYCRA&reg; rib</li> <li>Self&#45;fabric neck tape</li> <li>Fine knit gauge for enhanced printability</li> <li><b>Also available in ladies&#39; sizes code 61372, children&#39;s sizes code 61033 and girl&#39;s sizes code 61005</b></li>",61091000,MA
3168,0000000031684,61036,TSHIRT,T-SHIRTS,MSSTSH,MENS SHORT SLEEVE T-SHIRT,FOTL,Fruit Of The Loom,MS0020,60,Natural,0012  ,Small,Men's Valueweight T,1.78,1,12,72,08/04/2026 09:03:08,C,https://myebrochure.co.uk/images/colours/fotl/fotl-60.jpg,https://myebrochure.co.uk/images/products/prod_15001_61036_166543.jpg,https://myebrochure.co.uk/images/products.small/prod_15001_61036_166543.jpg,https://myebrochure.co.uk/images/products.hires/prod_15001_61036_166543.jpg,https://myebrochure.co.uk/images/brands/fotl_23.png,https://myebrochure.co.uk/images/products.hires/prod_61036_141660.jpg,https://myebrochure.co.uk/images/products.hires/prod_61036_141659.jpg,https://myebrochure.co.uk/images/products.hires/prod_61036_141661.jpg,,,,,,,,"<li>Crew neck with Cotton/ LYCRA&reg; rib</li> <li>Self&#45;fabric neck tape</li> <li>Fine knit gauge for enhanced printability</li> <li><b>Also available in ladies&#39; sizes code 61372, children&#39;s sizes code 61033 and girl&#39;s sizes code 61005</b></li>",61091000,MA
3169,0000000031691,61036,TSHIRT,T-SHIRTS,MSSTSH,MENS SHORT SLEEVE T-SHIRT,FOTL,Fruit Of The Loom,MS0020,60,Natural,0012  ,Medium,Men's Valueweight T,1.78,1,12,72,08/04/2026 09:03:08,C,https://myebrochure.co.uk/images/colours/fotl/fotl-60.jpg,https://myebrochure.co.uk/images/products/prod_15001_61036_166543.jpg,https://myebrochure.co.uk/images/products.small/prod_15001_61036_166543.jpg,https://myebrochure.co.uk/images/products.hires/prod_15001_61036_166543.jpg,https://myebrochure.co.uk/images/brands/fotl_23.png,https://myebrochure.co.uk/images/products.hires/prod_61036_141660.jpg,https://myebrochure.co.uk/images/products.hires/prod_61036_141659.jpg,https://myebrochure.co.uk/images/products.hires/prod_61036_141661.jpg,,,,,,,,"<li>Crew neck with Cotton/ LYCRA&reg; rib</li> <li>Self&#45;fabric neck tape</li> <li>Fine knit gauge for enhanced printability</li> <li><b>Also available in ladies&#39; sizes code 61372, children&#39;s sizes code 61033 and girl&#39;s sizes code 61005</b></li>",61091000,MA
3170,0000000031707,61036,TSHIRT,T-SHIRTS,MSSTSH,MENS SHORT SLEEVE T-SHIRT,FOTL,Fruit Of The Loom,MS0020,60,Natural,0012  ,Large,Men's Valueweight T,1.78,1,12,72,08/04/2026 09:03:08,C,https://myebrochure.co.uk/images/colours/fotl/fotl-60.jpg,https://myebrochure.co.uk/images/products/prod_15001_61036_166543.jpg,https://myebrochure.co.uk/images/products.small/prod_15001_61036_166543.jpg,https://myebrochure.co.uk/images/products.hires/prod_15001_61036_166543.jpg,https://myebrochure.co.uk/images/brands/fotl_23.png,https://myebrochure.co.uk/images/products.hires/prod_61036_141660.jpg,https://myebrochure.co.uk/images/products.hires/prod_61036_141659.jpg,https://myebrochure.co.uk/images/products.hires/prod_61036_141661.jpg,,,,,,,,"<li>Crew neck with Cotton/ LYCRA&reg; rib</li> <li>Self&#45;fabric neck tape</li> <li>Fine knit gauge for enhanced printability</li> <li><b>Also available in ladies&#39; sizes code 61372, children&#39;s sizes code 61033 and girl&#39;s sizes code 61005</b></li>",61091000,MA
3171,0000000031714,61036,TSHIRT,T-SHIRTS,MSSTSH,MENS SHORT SLEEVE T-SHIRT,FOTL,Fruit Of The Loom,MS0020,60,Natural,0012  ,XL,Men's Valueweight T,1.78,1,12,72,08/04/2026 09:03:08,C,https://myebrochure.co.uk/images/colours/fotl/fotl-60.jpg,https://myebrochure.co.uk/images/products/prod_15001_61036_166543.jpg,https://myebrochure.co.uk/images/products.small/prod_15001_61036_166543.jpg,https://myebrochure.co.uk/images/products.hires/prod_15001_61036_166543.jpg,https://myebrochure.co.uk/images/brands/fotl_23.png,https://myebrochure.co.uk/images/products.hires/prod_61036_141660.jpg,https://myebrochure.co.uk/images/products.hires/prod_61036_141659.jpg,https://myebrochure.co.uk/images/products.hires/prod_61036_141661.jpg,,,,,,,,"<li>Crew neck with Cotton/ LYCRA&reg; rib</li> <li>Self&#45;fabric neck tape</li> <li>Fine knit gauge for enhanced printability</li> <li><b>Also available in ladies&#39; sizes code 61372, children&#39;s sizes code 61033 and girl&#39;s sizes code 61005</b></li>",61091000,MA
3172,0000000031721,61036,TSHIRT,T-SHIRTS,MSSTSH,MENS SHORT SLEEVE T-SHIRT,FOTL,Fruit Of The Loom,MS0020,60,Natural,0012  ,2XL,Men's Valueweight T,1.78,1,12,72,08/04/2026 09:03:08,C,https://myebrochure.co.uk/images/colours/fotl/fotl-60.jpg,https://myebrochure.co.uk/images/products/prod_15001_61036_166543.jpg,https://myebrochure.co.uk/images/products.small/prod_15001_61036_166543.jpg,https://myebrochure.co.uk/images/products.hires/prod_15001_61036_166543.jpg,https://myebrochure.co.uk/images/brands/fotl_23.png,https://myebrochure.co.uk/images/products.hires/prod_61036_141660.jpg,https://myebrochure.co.uk/images/products.hires/prod_61036_141659.jpg,https://myebrochure.co.uk/images/products.hires/prod_61036_141661.jpg,,,,,,,,"<li>Crew neck with Cotton/ LYCRA&reg; rib</li> <li>Self&#45;fabric neck tape</li> <li>Fine knit gauge for enhanced printability</li> <li><b>Also available in ladies&#39; sizes code 61372, children&#39;s sizes code 61033 and girl&#39;s sizes code 61005</b></li>",61091000,MA
3180,0000000031806,61036,TSHIRT,T-SHIRTS,MSSTSH,MENS SHORT SLEEVE T-SHIRT,FOTL,Fruit Of The Loom,MS0020,94,Heather Grey,0012  ,Small,Men's Valueweight T,2.23,1,12,72,08/04/2026 09:03:08,C,https://myebrochure.co.uk/images/colours/fotl/fotl-94.jpg,https://myebrochure.co.uk/images/products/prod_15001_61036_166543.jpg,https://myebrochure.co.uk/images/products.small/prod_15001_61036_166543.jpg,https://myebrochure.co.uk/images/products.hires/prod_15001_61036_166543.jpg,https://myebrochure.co.uk/images/brands/fotl_23.png,https://myebrochure.co.uk/images/products.hires/prod_61036_141714.jpg,https://myebrochure.co.uk/images/products.hires/prod_61036_141713.jpg,https://myebrochure.co.uk/images/products.hires/prod_61036_141715.jpg,,,,,,,,"<li>Crew neck with Cotton/ LYCRA&reg; rib</li> <li>Self&#45;fabric neck tape</li> <li>Fine knit gauge for enhanced printability</li> <li><b>Also available in ladies&#39; sizes code 61372, children&#39;s sizes code 61033 and girl&#39;s sizes code 61005</b></li>",61091000,MA
3181,0000000031813,61036,TSHIRT,T-SHIRTS,MSSTSH,MENS SHORT SLEEVE T-SHIRT,FOTL,Fruit Of The Loom,MS0020,94,Heather Grey,0012  ,Medium,Men's Valueweight T,2.23,1,12,72,08/04/2026 09:03:08,C,https://myebrochure.co.uk/images/colours/fotl/fotl-94.jpg,https://myebrochure.co.uk/images/products/prod_15001_61036_166543.jpg,https://myebrochure.co.uk/images/products.small/prod_15001_61036_166543.jpg,https://myebrochure.co.uk/images/products.hires/prod_15001_61036_166543.jpg,https://myebrochure.co.uk/images/brands/fotl_23.png,https://myebrochure.co.uk/images/products.hires/prod_61036_141714.jpg,https://myebrochure.co.uk/images/products.hires/prod_61036_141713.jpg,https://myebrochure.co.uk/images/products.hires/prod_61036_141715.jpg,,,,,,,,"<li>Crew neck with Cotton/ LYCRA&reg; rib</li> <li>Self&#45;fabric neck tape</li> <li>Fine knit gauge for enhanced printability</li> <li><b>Also available in ladies&#39; sizes code 61372, children&#39;s sizes code 61033 and girl&#39;s sizes code 61005</b></li>",61091000,MA
3182,0000000031820,61036,TSHIRT,T-SHIRTS,MSSTSH,MENS SHORT SLEEVE T-SHIRT,FOTL,Fruit Of The Loom,MS0020,94,Heather Grey,0012  ,Large,Men's Valueweight T,2.23,1,12,72,08/04/2026 09:03:08,C,https://myebrochure.co.uk/images/colours/fotl/fotl-94.jpg,https://myebrochure.co.uk/images/products/prod_15001_61036_166543.jpg,https://myebrochure.co.uk/images/products.small/prod_15001_61036_166543.jpg,https://myebrochure.co.uk/images/products.hires/prod_15001_61036_166543.jpg,https://myebrochure.co.uk/images/brands/fotl_23.png,https://myebrochure.co.uk/images/products.hires/prod_61036_141714.jpg,https://myebrochure.co.uk/images/products.hires/prod_61036_141713.jpg,https://myebrochure.co.uk/images/products.hires/prod_61036_141715.jpg,,,,,,,,"<li>Crew neck with Cotton/ LYCRA&reg; rib</li> <li>Self&#45;fabric neck tape</li> <li>Fine knit gauge for enhanced printability</li> <li><b>Also available in ladies&#39; sizes code 61372, children&#39;s sizes code 61033 and girl&#39;s sizes code 61005</b></li>",61091000,MA
3183,0000000031837,61036,TSHIRT,T-SHIRTS,MSSTSH,MENS SHORT SLEEVE T-SHIRT,FOTL,Fruit Of The Loom,MS0020,94,Heather Grey,0012  ,XL,Men's Valueweight T,2.23,1,12,72,08/04/2026 09:03:08,C,https://myebrochure.co.uk/images/colours/fotl/fotl-94.jpg,https://myebrochure.co.uk/images/products/prod_15001_61036_166543.jpg,https://myebrochure.co.uk/images/products.small/prod_15001_61036_166543.jpg,https://myebrochure.co.uk/images/products.hires/prod_15001_61036_166543.jpg,https://myebrochure.co.uk/images/brands/fotl_23.png,https://myebrochure.co.uk/images/products.hires/prod_61036_141714.jpg,https://myebrochure.co.uk/images/products.hires/prod_61036_141713.jpg,https://myebrochure.co.uk/images/products.hires/prod_61036_141715.jpg,,,,,,,,"<li>Crew neck with Cotton/ LYCRA&reg; rib</li> <li>Self&#45;fabric neck tape</li> <li>Fine knit gauge for enhanced printability</li> <li><b>Also available in ladies&#39; sizes code 61372, children&#39;s sizes code 61033 and girl&#39;s sizes code 61005</b></li>",61091000,MA
3184,0000000031844,61036,TSHIRT,T-SHIRTS,MSSTSH,MENS SHORT SLEEVE T-SHIRT,FOTL,Fruit Of The Loom,MS0020,94,Heather Grey,0012  ,2XL,Men's Valueweight T,2.23,1,12,72,08/04/2026 09:03:08,C,https://myebrochure.co.uk/images/colours/fotl/fotl-94.jpg,https://myebrochure.co.uk/images/products/prod_15001_61036_166543.jpg,https://myebrochure.co.uk/images/products.small/prod_15001_61036_166543.jpg,https://myebrochure.co.uk/images/products.hires/prod_15001_61036_166543.jpg,https://myebrochure.co.uk/images/brands/fotl_23.png,https://myebrochure.co.uk/images/products.hires/prod_61036_141714.jpg,https://myebrochure.co.uk/images/products.hires/prod_61036_141713.jpg,https://myebrochure.co.uk/images/products.hires/prod_61036_141715.jpg,,,,,,,,"<li>Crew neck with Cotton/ LYCRA&reg; rib</li> <li>Self&#45;fabric neck tape</li> <li>Fine knit gauge for enhanced printability</li> <li><b>Also available in ladies&#39; sizes code 61372, children&#39;s sizes code 61033 and girl&#39;s sizes code 61005</b></li>",61091000,MA
3185,0000000031851,61036,TSHIRT,T-SHIRTS,MSSTSH,MENS SHORT SLEEVE T-SHIRT,FOTL,Fruit Of The Loom,MS0020,94,Heather Grey,0012  ,3XL,Men's Valueweight T,3.02,1,12,36,08/04/2026 09:03:08,C,https://myebrochure.co.uk/images/colours/fotl/fotl-94.jpg,https://myebrochure.co.uk/images/products/prod_15001_61036_166543.jpg,https://myebrochure.co.uk/images/products.small/prod_15001_61036_166543.jpg,https://myebrochure.co.uk/images/products.hires/prod_15001_61036_166543.jpg,https://myebrochure.co.uk/images/brands/fotl_23.png,https://myebrochure.co.uk/images/products.hires/prod_61036_141714.jpg,https://myebrochure.co.uk/images/products.hires/prod_61036_141713.jpg,https://myebrochure.co.uk/images/products.hires/prod_61036_141715.jpg,,,,,,,,"<li>Crew neck with Cotton/ LYCRA&reg; rib</li> <li>Self&#45;fabric neck tape</li> <li>Fine knit gauge for enhanced printability</li> <li><b>Also available in ladies&#39; sizes code 61372, children&#39;s sizes code 61033 and girl&#39;s sizes code 61005</b></li>",61091000,MA
3206,0000000032063,61036,TSHIRT,T-SHIRTS,MSSTSH,MENS SHORT SLEEVE T-SHIRT,FOTL,Fruit Of The Loom,MS0020,36,Black,0012  ,Small,Men's Valueweight T,2.23,1,12,72,08/04/2026 09:03:08,C,https://myebrochure.co.uk/images/colours/fotl/fotl-36.jpg,https://myebrochure.co.uk/images/products/prod_15001_61036_166543.jpg,https://myebrochure.co.uk/images/products.small/prod_15001_61036_166543.jpg,https://myebrochure.co.uk/images/products.hires/prod_15001_61036_166543.jpg,https://myebrochure.co.uk/images/brands/fotl_23.png,https://myebrochure.co.uk/images/products.hires/prod_61036_141627.jpg,https://myebrochure.co.uk/images/products.hires/prod_61036_141626.jpg,https://myebrochure.co.uk/images/products.hires/prod_61036_141628.jpg,,,,,,,,"<li>Crew neck with Cotton/ LYCRA&reg; rib</li> <li>Self&#45;fabric neck tape</li> <li>Fine knit gauge for enhanced printability</li> <li><b>Also available in ladies&#39; sizes code 61372, children&#39;s sizes code 61033 and girl&#39;s sizes code 61005</b></li>",61091000,MA
3207,0000000032070,61036,TSHIRT,T-SHIRTS,MSSTSH,MENS SHORT SLEEVE T-SHIRT,FOTL,Fruit Of The Loom,MS0020,36,Black,0012  ,Medium,Men's Valueweight T,2.23,1,12,72,08/04/2026 09:03:08,C,https://myebrochure.co.uk/images/colours/fotl/fotl-36.jpg,https://myebrochure.co.uk/images/products/prod_15001_61036_166543.jpg,https://myebrochure.co.uk/images/products.small/prod_15001_61036_166543.jpg,https://myebrochure.co.uk/images/products.hires/prod_15001_61036_166543.jpg,https://myebrochure.co.uk/images/brands/fotl_23.png,https://myebrochure.co.uk/images/products.hires/prod_61036_141627.jpg,https://myebrochure.co.uk/images/products.hires/prod_61036_141626.jpg,https://myebrochure.co.uk/images/products.hires/prod_61036_141628.jpg,,,,,,,,"<li>Crew neck with Cotton/ LYCRA&reg; rib</li> <li>Self&#45;fabric neck tape</li> <li>Fine knit gauge for enhanced printability</li> <li><b>Also available in ladies&#39; sizes code 61372, children&#39;s sizes code 61033 and girl&#39;s sizes code 61005</b></li>",61091000,MA
3208,0000000032087,61036,TSHIRT,T-SHIRTS,MSSTSH,MENS SHORT SLEEVE T-SHIRT,FOTL,Fruit Of The Loom,MS0020,36,Black,0012  ,Large,Men's Valueweight T,2.23,1,12,72,08/04/2026 09:03:08,C,https://myebrochure.co.uk/images/colours/fotl/fotl-36.jpg,https://myebrochure.co.uk/images/products/prod_15001_61036_166543.jpg,https://myebrochure.co.uk/images/products.small/prod_15001_61036_166543.jpg,https://myebrochure.co.uk/images/products.hires/prod_15001_61036_166543.jpg,https://myebrochure.co.uk/images/brands/fotl_23.png,https://myebrochure.co.uk/images/products.hires/prod_61036_141627.jpg,https://myebrochure.co.uk/images/products.hires/prod_61036_141626.jpg,https://myebrochure.co.uk/images/products.hires/prod_61036_141628.jpg,,,,,,,,"<li>Crew neck with Cotton/ LYCRA&reg; rib</li> <li>Self&#45;fabric neck tape</li> <li>Fine knit gauge for enhanced printability</li> <li><b>Also available in ladies&#39; sizes code 61372, children&#39;s sizes code 61033 and girl&#39;s sizes code 61005</b></li>",61091000,MA
3209,0000000032094,61036,TSHIRT,T-SHIRTS,MSSTSH,MENS SHORT SLEEVE T-SHIRT,FOTL,Fruit Of The Loom,MS0020,36,Black,0012  ,XL,Men's Valueweight T,2.23,1,12,72,08/04/2026 09:03:08,C,https://myebrochure.co.uk/images/colours/fotl/fotl-36.jpg,https://myebrochure.co.uk/images/products/prod_15001_61036_166543.jpg,https://myebrochure.co.uk/images/products.small/prod_15001_61036_166543.jpg,https://myebrochure.co.uk/images/products.hires/prod_15001_61036_166543.jpg,https://myebrochure.co.uk/images/brands/fotl_23.png,https://myebrochure.co.uk/images/products.hires/prod_61036_141627.jpg,https://myebrochure.co.uk/images/products.hires/prod_61036_141626.jpg,https://myebrochure.co.uk/images/products.hires/prod_61036_141628.jpg,,,,,,,,"<li>Crew neck with Cotton/ LYCRA&reg; rib</li> <li>Self&#45;fabric neck tape</li> <li>Fine knit gauge for enhanced printability</li> <li><b>Also available in ladies&#39; sizes code 61372, children&#39;s sizes code 61033 and girl&#39;s sizes code 61005</b></li>",61091000,MA
3210,0000000032100,61036,TSHIRT,T-SHIRTS,MSSTSH,MENS SHORT SLEEVE T-SHIRT,FOTL,Fruit Of The Loom,MS0020,36,Black,0012  ,2XL,Men's Valueweight T,2.23,1,12,72,08/04/2026 09:03:08,C,https://myebrochure.co.uk/images/colours/fotl/fotl-36.jpg,https://myebrochure.co.uk/images/products/prod_15001_61036_166543.jpg,https://myebrochure.co.uk/images/products.small/prod_15001_61036_166543.jpg,https://myebrochure.co.uk/images/products.hires/prod_15001_61036_166543.jpg,https://myebrochure.co.uk/images/brands/fotl_23.png,https://myebrochure.co.uk/images/products.hires/prod_61036_141627.jpg,https://myebrochure.co.uk/images/products.hires/prod_61036_141626.jpg,https://myebrochure.co.uk/images/products.hires/prod_61036_141628.jpg,,,,,,,,"<li>Crew neck with Cotton/ LYCRA&reg; rib</li> <li>Self&#45;fabric neck tape</li> <li>Fine knit gauge for enhanced printability</li> <li><b>Also available in ladies&#39; sizes code 61372, children&#39;s sizes code 61033 and girl&#39;s sizes code 61005</b></li>",61091000,MA
3211,0000000032117,61036,TSHIRT,T-SHIRTS,MSSTSH,MENS SHORT SLEEVE T-SHIRT,FOTL,Fruit Of The Loom,MS0020,36,Black,0012  ,3XL,Men's Valueweight T,3.02,1,12,36,08/04/2026 09:03:08,C,https://myebrochure.co.uk/images/colours/fotl/fotl-36.jpg,https://myebrochure.co.uk/images/products/prod_15001_61036_166543.jpg,https://myebrochure.co.uk/images/products.small/prod_15001_61036_166543.jpg,https://myebrochure.co.uk/images/products.hires/prod_15001_61036_166543.jpg,https://myebrochure.co.uk/images/brands/fotl_23.png,https://myebrochure.co.uk/images/products.hires/prod_61036_141627.jpg,https://myebrochure.co.uk/images/products.hires/prod_61036_141626.jpg,https://myebrochure.co.uk/images/products.hires/prod_61036_141628.jpg,,,,,,,,"<li>Crew neck with Cotton/ LYCRA&reg; rib</li> <li>Self&#45;fabric neck tape</li> <li>Fine knit gauge for enhanced printability</li> <li><b>Also available in ladies&#39; sizes code 61372, children&#39;s sizes code 61033 and girl&#39;s sizes code 61005</b></li>",61091000,MA
3212,0000000032124,61036,TSHIRT,T-SHIRTS,MSSTSH,MENS SHORT SLEEVE T-SHIRT,FOTL,Fruit Of The Loom,MS0020,32,Navy Blue,0012  ,Small,Men's Valueweight T,2.23,1,12,72,08/04/2026 09:03:08,C,https://myebrochure.co.uk/images/colours/fotl/fotl-32.jpg,https://myebrochure.co.uk/images/products/prod_15001_61036_166543.jpg,https://myebrochure.co.uk/images/products.small/prod_15001_61036_166543.jpg,https://myebrochure.co.uk/images/products.hires/prod_15001_61036_166543.jpg,https://myebrochure.co.uk/images/brands/fotl_23.png,https://myebrochure.co.uk/images/products.hires/prod_61036_141621.jpg,https://myebrochure.co.uk/images/products.hires/prod_61036_141620.jpg,https://myebrochure.co.uk/images/products.hires/prod_61036_141622.jpg,,,,,,,,"<li>Crew neck with Cotton/ LYCRA&reg; rib</li> <li>Self&#45;fabric neck tape</li> <li>Fine knit gauge for enhanced printability</li> <li><b>Also available in ladies&#39; sizes code 61372, children&#39;s sizes code 61033 and girl&#39;s sizes code 61005</b></li>",61091000,MA
3213,0000000032131,61036,TSHIRT,T-SHIRTS,MSSTSH,MENS SHORT SLEEVE T-SHIRT,FOTL,Fruit Of The Loom,MS0020,32,Navy Blue,0012  ,Medium,Men's Valueweight T,2.23,1,12,72,08/04/2026 09:03:08,C,https://myebrochure.co.uk/images/colours/fotl/fotl-32.jpg,https://myebrochure.co.uk/images/products/prod_15001_61036_166543.jpg,https://myebrochure.co.uk/images/products.small/prod_15001_61036_166543.jpg,https://myebrochure.co.uk/images/products.hires/prod_15001_61036_166543.jpg,https://myebrochure.co.uk/images/brands/fotl_23.png,https://myebrochure.co.uk/images/products.hires/prod_61036_141621.jpg,https://myebrochure.co.uk/images/products.hires/prod_61036_141620.jpg,https://myebrochure.co.uk/images/products.hires/prod_61036_141622.jpg,,,,,,,,"<li>Crew neck with Cotton/ LYCRA&reg; rib</li> <li>Self&#45;fabric neck tape</li> <li>Fine knit gauge for enhanced printability</li> <li><b>Also available in ladies&#39; sizes code 61372, children&#39;s sizes code 61033 and girl&#39;s sizes code 61005</b></li>",61091000,MA
3214,0000000032148,61036,TSHIRT,T-SHIRTS,MSSTSH,MENS SHORT SLEEVE T-SHIRT,FOTL,Fruit Of The Loom,MS0020,32,Navy Blue,0012  ,Large,Men's Valueweight T,2.23,1,12,72,08/04/2026 09:03:08,C,https://myebrochure.co.uk/images/colours/fotl/fotl-32.jpg,https://myebrochure.co.uk/images/products/prod_15001_61036_166543.jpg,https://myebrochure.co.uk/images/products.small/prod_15001_61036_166543.jpg,https://myebrochure.co.uk/images/products.hires/prod_15001_61036_166543.jpg,https://myebrochure.co.uk/images/brands/fotl_23.png,https://myebrochure.co.uk/images/products.hires/prod_61036_141621.jpg,https://myebrochure.co.uk/images/products.hires/prod_61036_141620.jpg,https://myebrochure.co.uk/images/products.hires/prod_61036_141622.jpg,,,,,,,,"<li>Crew neck with Cotton/ LYCRA&reg; rib</li> <li>Self&#45;fabric neck tape</li> <li>Fine knit gauge for enhanced printability</li> <li><b>Also available in ladies&#39; sizes code 61372, children&#39;s sizes code 61033 and girl&#39;s sizes code 61005</b></li>",61091000,MA
3215,0000000032155,61036,TSHIRT,T-SHIRTS,MSSTSH,MENS SHORT SLEEVE T-SHIRT,FOTL,Fruit Of The Loom,MS0020,32,Navy Blue,0012  ,XL,Men's Valueweight T,2.23,1,12,72,08/04/2026 09:03:08,C,https://myebrochure.co.uk/images/colours/fotl/fotl-32.jpg,https://myebrochure.co.uk/images/products/prod_15001_61036_166543.jpg,https://myebrochure.co.uk/images/products.small/prod_15001_61036_166543.jpg,https://myebrochure.co.uk/images/products.hires/prod_15001_61036_166543.jpg,https://myebrochure.co.uk/images/brands/fotl_23.png,https://myebrochure.co.uk/images/products.hires/prod_61036_141621.jpg,https://myebrochure.co.uk/images/products.hires/prod_61036_141620.jpg,https://myebrochure.co.uk/images/products.hires/prod_61036_141622.jpg,,,,,,,,"<li>Crew neck with Cotton/ LYCRA&reg; rib</li> <li>Self&#45;fabric neck tape</li> <li>Fine knit gauge for enhanced printability</li> <li><b>Also available in ladies&#39; sizes code 61372, children&#39;s sizes code 61033 and girl&#39;s sizes code 61005</b></li>",61091000,MA
3216,0000000032162,61036,TSHIRT,T-SHIRTS,MSSTSH,MENS SHORT SLEEVE T-SHIRT,FOTL,Fruit Of The Loom,MS0020,32,Navy Blue,0012  ,2XL,Men's Valueweight T,2.23,1,12,72,08/04/2026 09:03:08,C,https://myebrochure.co.uk/images/colours/fotl/fotl-32.jpg,https://myebrochure.co.uk/images/products/prod_15001_61036_166543.jpg,https://myebrochure.co.uk/images/products.small/prod_15001_61036_166543.jpg,https://myebrochure.co.uk/images/products.hires/prod_15001_61036_166543.jpg,https://myebrochure.co.uk/images/brands/fotl_23.png,https://myebrochure.co.uk/images/products.hires/prod_61036_141621.jpg,https://myebrochure.co.uk/images/products.hires/prod_61036_141620.jpg,https://myebrochure.co.uk/images/products.hires/prod_61036_141622.jpg,,,,,,,,"<li>Crew neck with Cotton/ LYCRA&reg; rib</li> <li>Self&#45;fabric neck tape</li> <li>Fine knit gauge for enhanced printability</li> <li><b>Also available in ladies&#39; sizes code 61372, children&#39;s sizes code 61033 and girl&#39;s sizes code 61005</b></li>",61091000,MA
3217,0000000032179,61036,TSHIRT,T-SHIRTS,MSSTSH,MENS SHORT SLEEVE T-SHIRT,FOTL,Fruit Of The Loom,MS0020,32,Navy Blue,0012  ,3XL,Men's Valueweight T,3.02,1,12,36,08/04/2026 09:03:08,C,https://myebrochure.co.uk/images/colours/fotl/fotl-32.jpg,https://myebrochure.co.uk/images/products/prod_15001_61036_166543.jpg,https://myebrochure.co.uk/images/products.small/prod_15001_61036_166543.jpg,https://myebrochure.co.uk/images/products.hires/prod_15001_61036_166543.jpg,https://myebrochure.co.uk/images/brands/fotl_23.png,https://myebrochure.co.uk/images/products.hires/prod_61036_141621.jpg,https://myebrochure.co.uk/images/products.hires/prod_61036_141620.jpg,https://myebrochure.co.uk/images/products.hires/prod_61036_141622.jpg,,,,,,,,"<li>Crew neck with Cotton/ LYCRA&reg; rib</li> <li>Self&#45;fabric neck tape</li> <li>Fine knit gauge for enhanced printability</li> <li><b>Also available in ladies&#39; sizes code 61372, children&#39;s sizes code 61033 and girl&#39;s sizes code 61005</b></li>",61091000,MA
36488,0000000364812,61036,TSHIRT,T-SHIRTS,MSSTSH,MENS SHORT SLEEVE T-SHIRT,FOTL,Fruit Of The Loom,MS0020,LPI,Light Pink,0012  ,Small,Men's Valueweight T,2.23,1,12,72,08/04/2026 09:03:08,C,https://myebrochure.co.uk/images/colours/fotl/fotl-lpi.jpg,https://myebrochure.co.uk/images/products/prod_15001_61036_166543.jpg,https://myebrochure.co.uk/images/products.small/prod_15001_61036_166543.jpg,https://myebrochure.co.uk/images/products.hires/prod_15001_61036_166543.jpg,https://myebrochure.co.uk/images/brands/fotl_23.png,https://myebrochure.co.uk/images/products.hires/prod_61036_141651.jpg,https://myebrochure.co.uk/images/products.hires/prod_61036_141650.jpg,https://myebrochure.co.uk/images/products.hires/prod_61036_141652.jpg,,,,,,,,"<li>Crew neck with Cotton/ LYCRA&reg; rib</li> <li>Self&#45;fabric neck tape</li> <li>Fine knit gauge for enhanced printability</li> <li><b>Also available in ladies&#39; sizes code 61372, children&#39;s sizes code 61033 and girl&#39;s sizes code 61005</b></li>",61091000,MA
36489,0000000364829,61036,TSHIRT,T-SHIRTS,MSSTSH,MENS SHORT SLEEVE T-SHIRT,FOTL,Fruit Of The Loom,MS0020,LPI,Light Pink,0012  ,Medium,Men's Valueweight T,2.23,1,12,72,08/04/2026 09:03:08,C,https://myebrochure.co.uk/images/colours/fotl/fotl-lpi.jpg,https://myebrochure.co.uk/images/products/prod_15001_61036_166543.jpg,https://myebrochure.co.uk/images/products.small/prod_15001_61036_166543.jpg,https://myebrochure.co.uk/images/products.hires/prod_15001_61036_166543.jpg,https://myebrochure.co.uk/images/brands/fotl_23.png,https://myebrochure.co.uk/images/products.hires/prod_61036_141651.jpg,https://myebrochure.co.uk/images/products.hires/prod_61036_141650.jpg,https://myebrochure.co.uk/images/products.hires/prod_61036_141652.jpg,,,,,,,,"<li>Crew neck with Cotton/ LYCRA&reg; rib</li> <li>Self&#45;fabric neck tape</li> <li>Fine knit gauge for enhanced printability</li> <li><b>Also available in ladies&#39; sizes code 61372, children&#39;s sizes code 61033 and girl&#39;s sizes code 61005</b></li>",61091000,MA
36490,0000000364836,61036,TSHIRT,T-SHIRTS,MSSTSH,MENS SHORT SLEEVE T-SHIRT,FOTL,Fruit Of The Loom,MS0020,LPI,Light Pink,0012  ,Large,Men's Valueweight T,2.23,1,12,72,08/04/2026 09:03:08,C,https://myebrochure.co.uk/images/colours/fotl/fotl-lpi.jpg,https://myebrochure.co.uk/images/products/prod_15001_61036_166543.jpg,https://myebrochure.co.uk/images/products.small/prod_15001_61036_166543.jpg,https://myebrochure.co.uk/images/products.hires/prod_15001_61036_166543.jpg,https://myebrochure.co.uk/images/brands/fotl_23.png,https://myebrochure.co.uk/images/products.hires/prod_61036_141651.jpg,https://myebrochure.co.uk/images/products.hires/prod_61036_141650.jpg,https://myebrochure.co.uk/images/products.hires/prod_61036_141652.jpg,,,,,,,,"<li>Crew neck with Cotton/ LYCRA&reg; rib</li> <li>Self&#45;fabric neck tape</li> <li>Fine knit gauge for enhanced printability</li> <li><b>Also available in ladies&#39; sizes code 61372, children&#39;s sizes code 61033 and girl&#39;s sizes code 61005</b></li>",61091000,MA
36491,0000000364843,61036,TSHIRT,T-SHIRTS,MSSTSH,MENS SHORT SLEEVE T-SHIRT,FOTL,Fruit Of The Loom,MS0020,LPI,Light Pink,0012  ,XL,Men's Valueweight T,2.23,1,12,72,08/04/2026 09:03:08,C,https://myebrochure.co.uk/images/colours/fotl/fotl-lpi.jpg,https://myebrochure.co.uk/images/products/prod_15001_61036_166543.jpg,https://myebrochure.co.uk/images/products.small/prod_15001_61036_166543.jpg,https://myebrochure.co.uk/images/products.hires/prod_15001_61036_166543.jpg,https://myebrochure.co.uk/images/brands/fotl_23.png,https://myebrochure.co.uk/images/products.hires/prod_61036_141651.jpg,https://myebrochure.co.uk/images/products.hires/prod_61036_141650.jpg,https://myebrochure.co.uk/images/products.hires/prod_61036_141652.jpg,,,,,,,,"<li>Crew neck with Cotton/ LYCRA&reg; rib</li> <li>Self&#45;fabric neck tape</li> <li>Fine knit gauge for enhanced printability</li> <li><b>Also available in ladies&#39; sizes code 61372, children&#39;s sizes code 61033 and girl&#39;s sizes code 61005</b></li>",61091000,MA
36492,0000000364850,61036,TSHIRT,T-SHIRTS,MSSTSH,MENS SHORT SLEEVE T-SHIRT,FOTL,Fruit Of The Loom,MS0020,LPI,Light Pink,0012  ,2XL,Men's Valueweight T,2.23,1,12,72,08/04/2026 09:03:08,C,https://myebrochure.co.uk/images/colours/fotl/fotl-lpi.jpg,https://myebrochure.co.uk/images/products/prod_15001_61036_166543.jpg,https://myebrochure.co.uk/images/products.small/prod_15001_61036_166543.jpg,https://myebrochure.co.uk/images/products.hires/prod_15001_61036_166543.jpg,https://myebrochure.co.uk/images/brands/fotl_23.png,https://myebrochure.co.uk/images/products.hires/prod_61036_141651.jpg,https://myebrochure.co.uk/images/products.hires/prod_61036_141650.jpg,https://myebrochure.co.uk/images/products.hires/prod_61036_141652.jpg,,,,,,,,"<li>Crew neck with Cotton/ LYCRA&reg; rib</li> <li>Self&#45;fabric neck tape</li> <li>Fine knit gauge for enhanced printability</li> <li><b>Also available in ladies&#39; sizes code 61372, children&#39;s sizes code 61033 and girl&#39;s sizes code 61005</b></li>",61091000,MA
44912,0000000448833,61036,TSHIRT,T-SHIRTS,MSSTSH,MENS SHORT SLEEVE T-SHIRT,FOTL,Fruit Of The Loom,MS0020,YT,Sky Blue,0012  ,3XL,Men's Valueweight T,3.02,1,12,36,08/04/2026 09:03:08,C,https://myebrochure.co.uk/images/colours/fotl/fotl-yt.jpg,https://myebrochure.co.uk/images/products/prod_15001_61036_166543.jpg,https://myebrochure.co.uk/images/products.small/prod_15001_61036_166543.jpg,https://myebrochure.co.uk/images/products.hires/prod_15001_61036_166543.jpg,https://myebrochure.co.uk/images/brands/fotl_23.png,https://myebrochure.co.uk/images/products.hires/prod_61036_141699.jpg,https://myebrochure.co.uk/images/products.hires/prod_61036_141698.jpg,https://myebrochure.co.uk/images/products.hires/prod_61036_141700.jpg,,,,,,,,"<li>Crew neck with Cotton/ LYCRA&reg; rib</li> <li>Self&#45;fabric neck tape</li> <li>Fine knit gauge for enhanced printability</li> <li><b>Also available in ladies&#39; sizes code 61372, children&#39;s sizes code 61033 and girl&#39;s sizes code 61005</b></li>",61091000,MA
56266,0000000562546,61036,TSHIRT,T-SHIRTS,MSSTSH,MENS SHORT SLEEVE T-SHIRT,FOTL,Fruit Of The Loom,MS0020,K2,Yellow,0012  ,Small,Men's Valueweight T,2.23,1,12,72,08/04/2026 09:03:08,C,https://myebrochure.co.uk/images/colours/fotl/fotl-k2.jpg,https://myebrochure.co.uk/images/products/prod_15001_61036_166543.jpg,https://myebrochure.co.uk/images/products.small/prod_15001_61036_166543.jpg,https://myebrochure.co.uk/images/products.hires/prod_15001_61036_166543.jpg,https://myebrochure.co.uk/images/brands/fotl_23.png,https://myebrochure.co.uk/images/products.hires/prod_61036_141681.jpg,https://myebrochure.co.uk/images/products.hires/prod_61036_141680.jpg,https://myebrochure.co.uk/images/products.hires/prod_61036_141682.jpg,,,,,,,,"<li>Crew neck with Cotton/ LYCRA&reg; rib</li> <li>Self&#45;fabric neck tape</li> <li>Fine knit gauge for enhanced printability</li> <li><b>Also available in ladies&#39; sizes code 61372, children&#39;s sizes code 61033 and girl&#39;s sizes code 61005</b></li>",61091000,MA
56267,0000000562553,61036,TSHIRT,T-SHIRTS,MSSTSH,MENS SHORT SLEEVE T-SHIRT,FOTL,Fruit Of The Loom,MS0020,K2,Yellow,0012  ,Medium,Men's Valueweight T,2.23,1,12,72,08/04/2026 09:03:08,C,https://myebrochure.co.uk/images/colours/fotl/fotl-k2.jpg,https://myebrochure.co.uk/images/products/prod_15001_61036_166543.jpg,https://myebrochure.co.uk/images/products.small/prod_15001_61036_166543.jpg,https://myebrochure.co.uk/images/products.hires/prod_15001_61036_166543.jpg,https://myebrochure.co.uk/images/brands/fotl_23.png,https://myebrochure.co.uk/images/products.hires/prod_61036_141681.jpg,https://myebrochure.co.uk/images/products.hires/prod_61036_141680.jpg,https://myebrochure.co.uk/images/products.hires/prod_61036_141682.jpg,,,,,,,,"<li>Crew neck with Cotton/ LYCRA&reg; rib</li> <li>Self&#45;fabric neck tape</li> <li>Fine knit gauge for enhanced printability</li> <li><b>Also available in ladies&#39; sizes code 61372, children&#39;s sizes code 61033 and girl&#39;s sizes code 61005</b></li>",61091000,MA
56268,0000000562560,61036,TSHIRT,T-SHIRTS,MSSTSH,MENS SHORT SLEEVE T-SHIRT,FOTL,Fruit Of The Loom,MS0020,K2,Yellow,0012  ,Large,Men's Valueweight T,2.23,1,12,72,08/04/2026 09:03:08,C,https://myebrochure.co.uk/images/colours/fotl/fotl-k2.jpg,https://myebrochure.co.uk/images/products/prod_15001_61036_166543.jpg,https://myebrochure.co.uk/images/products.small/prod_15001_61036_166543.jpg,https://myebrochure.co.uk/images/products.hires/prod_15001_61036_166543.jpg,https://myebrochure.co.uk/images/brands/fotl_23.png,https://myebrochure.co.uk/images/products.hires/prod_61036_141681.jpg,https://myebrochure.co.uk/images/products.hires/prod_61036_141680.jpg,https://myebrochure.co.uk/images/products.hires/prod_61036_141682.jpg,,,,,,,,"<li>Crew neck with Cotton/ LYCRA&reg; rib</li> <li>Self&#45;fabric neck tape</li> <li>Fine knit gauge for enhanced printability</li> <li><b>Also available in ladies&#39; sizes code 61372, children&#39;s sizes code 61033 and girl&#39;s sizes code 61005</b></li>",61091000,MA
56269,0000000562577,61036,TSHIRT,T-SHIRTS,MSSTSH,MENS SHORT SLEEVE T-SHIRT,FOTL,Fruit Of The Loom,MS0020,K2,Yellow,0012  ,XL,Men's Valueweight T,2.23,1,12,72,08/04/2026 09:03:08,C,https://myebrochure.co.uk/images/colours/fotl/fotl-k2.jpg,https://myebrochure.co.uk/images/products/prod_15001_61036_166543.jpg,https://myebrochure.co.uk/images/products.small/prod_15001_61036_166543.jpg,https://myebrochure.co.uk/images/products.hires/prod_15001_61036_166543.jpg,https://myebrochure.co.uk/images/brands/fotl_23.png,https://myebrochure.co.uk/images/products.hires/prod_61036_141681.jpg,https://myebrochure.co.uk/images/products.hires/prod_61036_141680.jpg,https://myebrochure.co.uk/images/products.hires/prod_61036_141682.jpg,,,,,,,,"<li>Crew neck with Cotton/ LYCRA&reg; rib</li> <li>Self&#45;fabric neck tape</li> <li>Fine knit gauge for enhanced printability</li> <li><b>Also available in ladies&#39; sizes code 61372, children&#39;s sizes code 61033 and girl&#39;s sizes code 61005</b></li>",61091000,MA
56270,0000000562584,61036,TSHIRT,T-SHIRTS,MSSTSH,MENS SHORT SLEEVE T-SHIRT,FOTL,Fruit Of The Loom,MS0020,K2,Yellow,0012  ,2XL,Men's Valueweight T,2.23,1,12,72,08/04/2026 09:03:08,C,https://myebrochure.co.uk/images/colours/fotl/fotl-k2.jpg,https://myebrochure.co.uk/images/products/prod_15001_61036_166543.jpg,https://myebrochure.co.uk/images/products.small/prod_15001_61036_166543.jpg,https://myebrochure.co.uk/images/products.hires/prod_15001_61036_166543.jpg,https://myebrochure.co.uk/images/brands/fotl_23.png,https://myebrochure.co.uk/images/products.hires/prod_61036_141681.jpg,https://myebrochure.co.uk/images/products.hires/prod_61036_141680.jpg,https://myebrochure.co.uk/images/products.hires/prod_61036_141682.jpg,,,,,,,,"<li>Crew neck with Cotton/ LYCRA&reg; rib</li> <li>Self&#45;fabric neck tape</li> <li>Fine knit gauge for enhanced printability</li> <li><b>Also available in ladies&#39; sizes code 61372, children&#39;s sizes code 61033 and girl&#39;s sizes code 61005</b></li>",61091000,MA
66612,0000000665421,61036,TSHIRT,T-SHIRTS,MSSTSH,MENS SHORT SLEEVE T-SHIRT,FOTL,Fruit Of The Loom,MS0020,ZU,Azure Blue,0012  ,Small,Men's Valueweight T,2.23,1,12,72,08/04/2026 09:03:08,C,https://myebrochure.co.uk/images/colours/fotl/fotl-zu.jpg,https://myebrochure.co.uk/images/products/prod_15001_61036_166543.jpg,https://myebrochure.co.uk/images/products.small/prod_15001_61036_166543.jpg,https://myebrochure.co.uk/images/products.hires/prod_15001_61036_166543.jpg,https://myebrochure.co.uk/images/brands/fotl_23.png,https://myebrochure.co.uk/images/products.hires/prod_61036_141702.jpg,https://myebrochure.co.uk/images/products.hires/prod_61036_141701.jpg,https://myebrochure.co.uk/images/products.hires/prod_61036_141703.jpg,,,,,,,,"<li>Crew neck with Cotton/ LYCRA&reg; rib</li> <li>Self&#45;fabric neck tape</li> <li>Fine knit gauge for enhanced printability</li> <li><b>Also available in ladies&#39; sizes code 61372, children&#39;s sizes code 61033 and girl&#39;s sizes code 61005</b></li>",61091000,MA
66613,0000000665438,61036,TSHIRT,T-SHIRTS,MSSTSH,MENS SHORT SLEEVE T-SHIRT,FOTL,Fruit Of The Loom,MS0020,ZU,Azure Blue,0012  ,Medium,Men's Valueweight T,2.23,1,12,72,08/04/2026 09:03:08,C,https://myebrochure.co.uk/images/colours/fotl/fotl-zu.jpg,https://myebrochure.co.uk/images/products/prod_15001_61036_166543.jpg,https://myebrochure.co.uk/images/products.small/prod_15001_61036_166543.jpg,https://myebrochure.co.uk/images/products.hires/prod_15001_61036_166543.jpg,https://myebrochure.co.uk/images/brands/fotl_23.png,https://myebrochure.co.uk/images/products.hires/prod_61036_141702.jpg,https://myebrochure.co.uk/images/products.hires/prod_61036_141701.jpg,https://myebrochure.co.uk/images/products.hires/prod_61036_141703.jpg,,,,,,,,"<li>Crew neck with Cotton/ LYCRA&reg; rib</li> <li>Self&#45;fabric neck tape</li> <li>Fine knit gauge for enhanced printability</li> <li><b>Also available in ladies&#39; sizes code 61372, children&#39;s sizes code 61033 and girl&#39;s sizes code 61005</b></li>",61091000,MA
66614,0000000665445,61036,TSHIRT,T-SHIRTS,MSSTSH,MENS SHORT SLEEVE T-SHIRT,FOTL,Fruit Of The Loom,MS0020,ZU,Azure Blue,0012  ,Large,Men's Valueweight T,2.23,1,12,72,08/04/2026 09:03:08,C,https://myebrochure.co.uk/images/colours/fotl/fotl-zu.jpg,https://myebrochure.co.uk/images/products/prod_15001_61036_166543.jpg,https://myebrochure.co.uk/images/products.small/prod_15001_61036_166543.jpg,https://myebrochure.co.uk/images/products.hires/prod_15001_61036_166543.jpg,https://myebrochure.co.uk/images/brands/fotl_23.png,https://myebrochure.co.uk/images/products.hires/prod_61036_141702.jpg,https://myebrochure.co.uk/images/products.hires/prod_61036_141701.jpg,https://myebrochure.co.uk/images/products.hires/prod_61036_141703.jpg,,,,,,,,"<li>Crew neck with Cotton/ LYCRA&reg; rib</li> <li>Self&#45;fabric neck tape</li> <li>Fine knit gauge for enhanced printability</li> <li><b>Also available in ladies&#39; sizes code 61372, children&#39;s sizes code 61033 and girl&#39;s sizes code 61005</b></li>",61091000,MA
66615,0000000665452,61036,TSHIRT,T-SHIRTS,MSSTSH,MENS SHORT SLEEVE T-SHIRT,FOTL,Fruit Of The Loom,MS0020,ZU,Azure Blue,0012  ,XL,Men's Valueweight T,2.23,1,12,72,08/04/2026 09:03:08,C,https://myebrochure.co.uk/images/colours/fotl/fotl-zu.jpg,https://myebrochure.co.uk/images/products/prod_15001_61036_166543.jpg,https://myebrochure.co.uk/images/products.small/prod_15001_61036_166543.jpg,https://myebrochure.co.uk/images/products.hires/prod_15001_61036_166543.jpg,https://myebrochure.co.uk/images/brands/fotl_23.png,https://myebrochure.co.uk/images/products.hires/prod_61036_141702.jpg,https://myebrochure.co.uk/images/products.hires/prod_61036_141701.jpg,https://myebrochure.co.uk/images/products.hires/prod_61036_141703.jpg,,,,,,,,"<li>Crew neck with Cotton/ LYCRA&reg; rib</li> <li>Self&#45;fabric neck tape</li> <li>Fine knit gauge for enhanced printability</li> <li><b>Also available in ladies&#39; sizes code 61372, children&#39;s sizes code 61033 and girl&#39;s sizes code 61005</b></li>",61091000,MA
66616,0000000665469,61036,TSHIRT,T-SHIRTS,MSSTSH,MENS SHORT SLEEVE T-SHIRT,FOTL,Fruit Of The Loom,MS0020,ZU,Azure Blue,0012  ,2XL,Men's Valueweight T,2.23,1,12,72,08/04/2026 09:03:08,C,https://myebrochure.co.uk/images/colours/fotl/fotl-zu.jpg,https://myebrochure.co.uk/images/products/prod_15001_61036_166543.jpg,https://myebrochure.co.uk/images/products.small/prod_15001_61036_166543.jpg,https://myebrochure.co.uk/images/products.hires/prod_15001_61036_166543.jpg,https://myebrochure.co.uk/images/brands/fotl_23.png,https://myebrochure.co.uk/images/products.hires/prod_61036_141702.jpg,https://myebrochure.co.uk/images/products.hires/prod_61036_141701.jpg,https://myebrochure.co.uk/images/products.hires/prod_61036_141703.jpg,,,,,,,,"<li>Crew neck with Cotton/ LYCRA&reg; rib</li> <li>Self&#45;fabric neck tape</li> <li>Fine knit gauge for enhanced printability</li> <li><b>Also available in ladies&#39; sizes code 61372, children&#39;s sizes code 61033 and girl&#39;s sizes code 61005</b></li>",61091000,MA
93069,0000000930284,61036,TSHIRT,T-SHIRTS,MSSTSH,MENS SHORT SLEEVE T-SHIRT,FOTL,Fruit Of The Loom,MS0020,57,Fuchsia,0012  ,Small,Men's Valueweight T,2.23,1,12,72,08/04/2026 09:03:08,C,https://myebrochure.co.uk/images/colours/fotl/fotl-57.jpg,https://myebrochure.co.uk/images/products/prod_15001_61036_166543.jpg,https://myebrochure.co.uk/images/products.small/prod_15001_61036_166543.jpg,https://myebrochure.co.uk/images/products.hires/prod_15001_61036_166543.jpg,https://myebrochure.co.uk/images/brands/fotl_23.png,https://myebrochure.co.uk/images/products.hires/prod_61036_141654.jpg,https://myebrochure.co.uk/images/products.hires/prod_61036_141653.jpg,https://myebrochure.co.uk/images/products.hires/prod_61036_141655.jpg,,,,,,,,"<li>Crew neck with Cotton/ LYCRA&reg; rib</li> <li>Self&#45;fabric neck tape</li> <li>Fine knit gauge for enhanced printability</li> <li><b>Also available in ladies&#39; sizes code 61372, children&#39;s sizes code 61033 and girl&#39;s sizes code 61005</b></li>",61091000,MA
93070,0000000930291,61036,TSHIRT,T-SHIRTS,MSSTSH,MENS SHORT SLEEVE T-SHIRT,FOTL,Fruit Of The Loom,MS0020,57,Fuchsia,0012  ,Medium,Men's Valueweight T,2.23,1,12,72,08/04/2026 09:03:08,C,https://myebrochure.co.uk/images/colours/fotl/fotl-57.jpg,https://myebrochure.co.uk/images/products/prod_15001_61036_166543.jpg,https://myebrochure.co.uk/images/products.small/prod_15001_61036_166543.jpg,https://myebrochure.co.uk/images/products.hires/prod_15001_61036_166543.jpg,https://myebrochure.co.uk/images/brands/fotl_23.png,https://myebrochure.co.uk/images/products.hires/prod_61036_141654.jpg,https://myebrochure.co.uk/images/products.hires/prod_61036_141653.jpg,https://myebrochure.co.uk/images/products.hires/prod_61036_141655.jpg,,,,,,,,"<li>Crew neck with Cotton/ LYCRA&reg; rib</li> <li>Self&#45;fabric neck tape</li> <li>Fine knit gauge for enhanced printability</li> <li><b>Also available in ladies&#39; sizes code 61372, children&#39;s sizes code 61033 and girl&#39;s sizes code 61005</b></li>",61091000,MA
93071,0000000930307,61036,TSHIRT,T-SHIRTS,MSSTSH,MENS SHORT SLEEVE T-SHIRT,FOTL,Fruit Of The Loom,MS0020,57,Fuchsia,0012  ,Large,Men's Valueweight T,2.23,1,12,72,08/04/2026 09:03:08,C,https://myebrochure.co.uk/images/colours/fotl/fotl-57.jpg,https://myebrochure.co.uk/images/products/prod_15001_61036_166543.jpg,https://myebrochure.co.uk/images/products.small/prod_15001_61036_166543.jpg,https://myebrochure.co.uk/images/products.hires/prod_15001_61036_166543.jpg,https://myebrochure.co.uk/images/brands/fotl_23.png,https://myebrochure.co.uk/images/products.hires/prod_61036_141654.jpg,https://myebrochure.co.uk/images/products.hires/prod_61036_141653.jpg,https://myebrochure.co.uk/images/products.hires/prod_61036_141655.jpg,,,,,,,,"<li>Crew neck with Cotton/ LYCRA&reg; rib</li> <li>Self&#45;fabric neck tape</li> <li>Fine knit gauge for enhanced printability</li> <li><b>Also available in ladies&#39; sizes code 61372, children&#39;s sizes code 61033 and girl&#39;s sizes code 61005</b></li>",61091000,MA
93072,0000000930314,61036,TSHIRT,T-SHIRTS,MSSTSH,MENS SHORT SLEEVE T-SHIRT,FOTL,Fruit Of The Loom,MS0020,57,Fuchsia,0012  ,XL,Men's Valueweight T,2.23,1,12,72,08/04/2026 09:03:08,C,https://myebrochure.co.uk/images/colours/fotl/fotl-57.jpg,https://myebrochure.co.uk/images/products/prod_15001_61036_166543.jpg,https://myebrochure.co.uk/images/products.small/prod_15001_61036_166543.jpg,https://myebrochure.co.uk/images/products.hires/prod_15001_61036_166543.jpg,https://myebrochure.co.uk/images/brands/fotl_23.png,https://myebrochure.co.uk/images/products.hires/prod_61036_141654.jpg,https://myebrochure.co.uk/images/products.hires/prod_61036_141653.jpg,https://myebrochure.co.uk/images/products.hires/prod_61036_141655.jpg,,,,,,,,"<li>Crew neck with Cotton/ LYCRA&reg; rib</li> <li>Self&#45;fabric neck tape</li> <li>Fine knit gauge for enhanced printability</li> <li><b>Also available in ladies&#39; sizes code 61372, children&#39;s sizes code 61033 and girl&#39;s sizes code 61005</b></li>",61091000,MA
93073,0000000930321,61036,TSHIRT,T-SHIRTS,MSSTSH,MENS SHORT SLEEVE T-SHIRT,FOTL,Fruit Of The Loom,MS0020,57,Fuchsia,0012  ,2XL,Men's Valueweight T,2.23,1,12,72,08/04/2026 09:03:08,C,https://myebrochure.co.uk/images/colours/fotl/fotl-57.jpg,https://myebrochure.co.uk/images/products/prod_15001_61036_166543.jpg,https://myebrochure.co.uk/images/products.small/prod_15001_61036_166543.jpg,https://myebrochure.co.uk/images/products.hires/prod_15001_61036_166543.jpg,https://myebrochure.co.uk/images/brands/fotl_23.png,https://myebrochure.co.uk/images/products.hires/prod_61036_141654.jpg,https://myebrochure.co.uk/images/products.hires/prod_61036_141653.jpg,https://myebrochure.co.uk/images/products.hires/prod_61036_141655.jpg,,,,,,,,"<li>Crew neck with Cotton/ LYCRA&reg; rib</li> <li>Self&#45;fabric neck tape</li> <li>Fine knit gauge for enhanced printability</li> <li><b>Also available in ladies&#39; sizes code 61372, children&#39;s sizes code 61033 and girl&#39;s sizes code 61005</b></li>",61091000,MA
93074,0000000930338,61036,TSHIRT,T-SHIRTS,MSSTSH,MENS SHORT SLEEVE T-SHIRT,FOTL,Fruit Of The Loom,MS0020,57,Fuchsia,0012  ,3XL,Men's Valueweight T,3.02,1,12,36,08/04/2026 09:03:08,C,https://myebrochure.co.uk/images/colours/fotl/fotl-57.jpg,https://myebrochure.co.uk/images/products/prod_15001_61036_166543.jpg,https://myebrochure.co.uk/images/products.small/prod_15001_61036_166543.jpg,https://myebrochure.co.uk/images/products.hires/prod_15001_61036_166543.jpg,https://myebrochure.co.uk/images/brands/fotl_23.png,https://myebrochure.co.uk/images/products.hires/prod_61036_141654.jpg,https://myebrochure.co.uk/images/products.hires/prod_61036_141653.jpg,https://myebrochure.co.uk/images/products.hires/prod_61036_141655.jpg,,,,,,,,"<li>Crew neck with Cotton/ LYCRA&reg; rib</li> <li>Self&#45;fabric neck tape</li> <li>Fine knit gauge for enhanced printability</li> <li><b>Also available in ladies&#39; sizes code 61372, children&#39;s sizes code 61033 and girl&#39;s sizes code 61005</b></li>",61091000,MA
102722,0000001026818,61036,TSHIRT,T-SHIRTS,MSSTSH,MENS SHORT SLEEVE T-SHIRT,FOTL,Fruit Of The Loom,MS0020,36,Black,0012  ,4XL,Men's Valueweight T,3.02,1,12,36,08/04/2026 09:03:08,C,https://myebrochure.co.uk/images/colours/fotl/fotl-36.jpg,https://myebrochure.co.uk/images/products/prod_15001_61036_166543.jpg,https://myebrochure.co.uk/images/products.small/prod_15001_61036_166543.jpg,https://myebrochure.co.uk/images/products.hires/prod_15001_61036_166543.jpg,https://myebrochure.co.uk/images/brands/fotl_23.png,https://myebrochure.co.uk/images/products.hires/prod_61036_141627.jpg,https://myebrochure.co.uk/images/products.hires/prod_61036_141626.jpg,https://myebrochure.co.uk/images/products.hires/prod_61036_141628.jpg,,,,,,,,"<li>Crew neck with Cotton/ LYCRA&reg; rib</li> <li>Self&#45;fabric neck tape</li> <li>Fine knit gauge for enhanced printability</li> <li><b>Also available in ladies&#39; sizes code 61372, children&#39;s sizes code 61033 and girl&#39;s sizes code 61005</b></li>",61091000,MA
102723,0000001026825,61036,TSHIRT,T-SHIRTS,MSSTSH,MENS SHORT SLEEVE T-SHIRT,FOTL,Fruit Of The Loom,MS0020,36,Black,0012  ,5XL,Men's Valueweight T,3.02,1,12,36,08/04/2026 09:03:08,C,https://myebrochure.co.uk/images/colours/fotl/fotl-36.jpg,https://myebrochure.co.uk/images/products/prod_15001_61036_166543.jpg,https://myebrochure.co.uk/images/products.small/prod_15001_61036_166543.jpg,https://myebrochure.co.uk/images/products.hires/prod_15001_61036_166543.jpg,https://myebrochure.co.uk/images/brands/fotl_23.png,https://myebrochure.co.uk/images/products.hires/prod_61036_141627.jpg,https://myebrochure.co.uk/images/products.hires/prod_61036_141626.jpg,https://myebrochure.co.uk/images/products.hires/prod_61036_141628.jpg,,,,,,,,"<li>Crew neck with Cotton/ LYCRA&reg; rib</li> <li>Self&#45;fabric neck tape</li> <li>Fine knit gauge for enhanced printability</li> <li><b>Also available in ladies&#39; sizes code 61372, children&#39;s sizes code 61033 and girl&#39;s sizes code 61005</b></li>",61091000,MA
102724,0000001026832,61036,TSHIRT,T-SHIRTS,MSSTSH,MENS SHORT SLEEVE T-SHIRT,FOTL,Fruit Of The Loom,MS0020,94,Heather Grey,0012  ,4XL,Men's Valueweight T,3.02,1,12,36,08/04/2026 09:03:08,C,https://myebrochure.co.uk/images/colours/fotl/fotl-94.jpg,https://myebrochure.co.uk/images/products/prod_15001_61036_166543.jpg,https://myebrochure.co.uk/images/products.small/prod_15001_61036_166543.jpg,https://myebrochure.co.uk/images/products.hires/prod_15001_61036_166543.jpg,https://myebrochure.co.uk/images/brands/fotl_23.png,https://myebrochure.co.uk/images/products.hires/prod_61036_141714.jpg,https://myebrochure.co.uk/images/products.hires/prod_61036_141713.jpg,https://myebrochure.co.uk/images/products.hires/prod_61036_141715.jpg,,,,,,,,"<li>Crew neck with Cotton/ LYCRA&reg; rib</li> <li>Self&#45;fabric neck tape</li> <li>Fine knit gauge for enhanced printability</li> <li><b>Also available in ladies&#39; sizes code 61372, children&#39;s sizes code 61033 and girl&#39;s sizes code 61005</b></li>",61091000,MA
102725,0000001026849,61036,TSHIRT,T-SHIRTS,MSSTSH,MENS SHORT SLEEVE T-SHIRT,FOTL,Fruit Of The Loom,MS0020,94,Heather Grey,0012  ,5XL,Men's Valueweight T,3.02,1,12,36,08/04/2026 09:03:08,C,https://myebrochure.co.uk/images/colours/fotl/fotl-94.jpg,https://myebrochure.co.uk/images/products/prod_15001_61036_166543.jpg,https://myebrochure.co.uk/images/products.small/prod_15001_61036_166543.jpg,https://myebrochure.co.uk/images/products.hires/prod_15001_61036_166543.jpg,https://myebrochure.co.uk/images/brands/fotl_23.png,https://myebrochure.co.uk/images/products.hires/prod_61036_141714.jpg,https://myebrochure.co.uk/images/products.hires/prod_61036_141713.jpg,https://myebrochure.co.uk/images/products.hires/prod_61036_141715.jpg,,,,,,,,"<li>Crew neck with Cotton/ LYCRA&reg; rib</li> <li>Self&#45;fabric neck tape</li> <li>Fine knit gauge for enhanced printability</li> <li><b>Also available in ladies&#39; sizes code 61372, children&#39;s sizes code 61033 and girl&#39;s sizes code 61005</b></li>",61091000,MA
102726,0000001026856,61036,TSHIRT,T-SHIRTS,MSSTSH,MENS SHORT SLEEVE T-SHIRT,FOTL,Fruit Of The Loom,MS0020,32,Navy Blue,0012  ,4XL,Men's Valueweight T,3.02,1,12,36,08/04/2026 09:03:08,C,https://myebrochure.co.uk/images/colours/fotl/fotl-32.jpg,https://myebrochure.co.uk/images/products/prod_15001_61036_166543.jpg,https://myebrochure.co.uk/images/products.small/prod_15001_61036_166543.jpg,https://myebrochure.co.uk/images/products.hires/prod_15001_61036_166543.jpg,https://myebrochure.co.uk/images/brands/fotl_23.png,https://myebrochure.co.uk/images/products.hires/prod_61036_141621.jpg,https://myebrochure.co.uk/images/products.hires/prod_61036_141620.jpg,https://myebrochure.co.uk/images/products.hires/prod_61036_141622.jpg,,,,,,,,"<li>Crew neck with Cotton/ LYCRA&reg; rib</li> <li>Self&#45;fabric neck tape</li> <li>Fine knit gauge for enhanced printability</li> <li><b>Also available in ladies&#39; sizes code 61372, children&#39;s sizes code 61033 and girl&#39;s sizes code 61005</b></li>",61091000,MA
102727,0000001026863,61036,TSHIRT,T-SHIRTS,MSSTSH,MENS SHORT SLEEVE T-SHIRT,FOTL,Fruit Of The Loom,MS0020,32,Navy Blue,0012  ,5XL,Men's Valueweight T,3.02,1,12,36,08/04/2026 09:03:08,C,https://myebrochure.co.uk/images/colours/fotl/fotl-32.jpg,https://myebrochure.co.uk/images/products/prod_15001_61036_166543.jpg,https://myebrochure.co.uk/images/products.small/prod_15001_61036_166543.jpg,https://myebrochure.co.uk/images/products.hires/prod_15001_61036_166543.jpg,https://myebrochure.co.uk/images/brands/fotl_23.png,https://myebrochure.co.uk/images/products.hires/prod_61036_141621.jpg,https://myebrochure.co.uk/images/products.hires/prod_61036_141620.jpg,https://myebrochure.co.uk/images/products.hires/prod_61036_141622.jpg,,,,,,,,"<li>Crew neck with Cotton/ LYCRA&reg; rib</li> <li>Self&#45;fabric neck tape</li> <li>Fine knit gauge for enhanced printability</li> <li><b>Also available in ladies&#39; sizes code 61372, children&#39;s sizes code 61033 and girl&#39;s sizes code 61005</b></li>",61091000,MA
102728,0000001026870,61036,TSHIRT,T-SHIRTS,MSSTSH,MENS SHORT SLEEVE T-SHIRT,FOTL,Fruit Of The Loom,MS0020,30,White,0012  ,4XL,Men's Valueweight T,2.29,1,12,36,08/04/2026 09:03:08,C,https://myebrochure.co.uk/images/colours/fotl/fotl-30.jpg,https://myebrochure.co.uk/images/products/prod_15001_61036_166543.jpg,https://myebrochure.co.uk/images/products.small/prod_15001_61036_166543.jpg,https://myebrochure.co.uk/images/products.hires/prod_15001_61036_166543.jpg,https://myebrochure.co.uk/images/brands/fotl_23.png,https://myebrochure.co.uk/images/products.hires/prod_61036_141618.jpg,https://myebrochure.co.uk/images/products.hires/prod_61036_141617.jpg,https://myebrochure.co.uk/images/products.hires/prod_61036_141619.jpg,https://myebrochure.co.uk/images/products.hires/prod_15001_61036_166541.jpg,,,,,,,"<li>Crew neck with Cotton/ LYCRA&reg; rib</li> <li>Self&#45;fabric neck tape</li> <li>Fine knit gauge for enhanced printability</li> <li><b>Also available in ladies&#39; sizes code 61372, children&#39;s sizes code 61033 and girl&#39;s sizes code 61005</b></li>",61091000,MA
102729,0000001026887,61036,TSHIRT,T-SHIRTS,MSSTSH,MENS SHORT SLEEVE T-SHIRT,FOTL,Fruit Of The Loom,MS0020,30,White,0012  ,5XL,Men's Valueweight T,2.29,1,12,36,08/04/2026 09:03:08,C,https://myebrochure.co.uk/images/colours/fotl/fotl-30.jpg,https://myebrochure.co.uk/images/products/prod_15001_61036_166543.jpg,https://myebrochure.co.uk/images/products.small/prod_15001_61036_166543.jpg,https://myebrochure.co.uk/images/products.hires/prod_15001_61036_166543.jpg,https://myebrochure.co.uk/images/brands/fotl_23.png,https://myebrochure.co.uk/images/products.hires/prod_61036_141618.jpg,https://myebrochure.co.uk/images/products.hires/prod_61036_141617.jpg,https://myebrochure.co.uk/images/products.hires/prod_61036_141619.jpg,https://myebrochure.co.uk/images/products.hires/prod_15001_61036_166541.jpg,,,,,,,"<li>Crew neck with Cotton/ LYCRA&reg; rib</li> <li>Self&#45;fabric neck tape</li> <li>Fine knit gauge for enhanced printability</li> <li><b>Also available in ladies&#39; sizes code 61372, children&#39;s sizes code 61033 and girl&#39;s sizes code 61005</b></li>",61091000,MA
158106,0000001580112,61036,TSHIRT,T-SHIRTS,MSSTSH,MENS SHORT SLEEVE T-SHIRT,FOTL,Fruit Of The Loom,MS0020,HD,Dark Heather,0012  ,Small,Men's Valueweight T,2.23,1,12,72,08/04/2026 09:03:08,C,https://myebrochure.co.uk/images/colours/fotl/fotl-hd.jpg,https://myebrochure.co.uk/images/products/prod_15001_61036_166543.jpg,https://myebrochure.co.uk/images/products.small/prod_15001_61036_166543.jpg,https://myebrochure.co.uk/images/products.hires/prod_15001_61036_166543.jpg,https://myebrochure.co.uk/images/brands/fotl_23.png,https://myebrochure.co.uk/images/products.hires/prod_61036_141675.jpg,https://myebrochure.co.uk/images/products.hires/prod_61036_141674.jpg,https://myebrochure.co.uk/images/products.hires/prod_61036_141676.jpg,,,,,,,,"<li>Crew neck with Cotton/ LYCRA&reg; rib</li> <li>Self&#45;fabric neck tape</li> <li>Fine knit gauge for enhanced printability</li> <li><b>Also available in ladies&#39; sizes code 61372, children&#39;s sizes code 61033 and girl&#39;s sizes code 61005</b></li>",61091000,MA
158107,0000001580129,61036,TSHIRT,T-SHIRTS,MSSTSH,MENS SHORT SLEEVE T-SHIRT,FOTL,Fruit Of The Loom,MS0020,HD,Dark Heather,0012  ,Medium,Men's Valueweight T,2.23,1,12,72,08/04/2026 09:03:08,C,https://myebrochure.co.uk/images/colours/fotl/fotl-hd.jpg,https://myebrochure.co.uk/images/products/prod_15001_61036_166543.jpg,https://myebrochure.co.uk/images/products.small/prod_15001_61036_166543.jpg,https://myebrochure.co.uk/images/products.hires/prod_15001_61036_166543.jpg,https://myebrochure.co.uk/images/brands/fotl_23.png,https://myebrochure.co.uk/images/products.hires/prod_61036_141675.jpg,https://myebrochure.co.uk/images/products.hires/prod_61036_141674.jpg,https://myebrochure.co.uk/images/products.hires/prod_61036_141676.jpg,,,,,,,,"<li>Crew neck with Cotton/ LYCRA&reg; rib</li> <li>Self&#45;fabric neck tape</li> <li>Fine knit gauge for enhanced printability</li> <li><b>Also available in ladies&#39; sizes code 61372, children&#39;s sizes code 61033 and girl&#39;s sizes code 61005</b></li>",61091000,MA
158108,0000001580136,61036,TSHIRT,T-SHIRTS,MSSTSH,MENS SHORT SLEEVE T-SHIRT,FOTL,Fruit Of The Loom,MS0020,HD,Dark Heather,0012  ,Large,Men's Valueweight T,2.23,1,12,72,08/04/2026 09:03:08,C,https://myebrochure.co.uk/images/colours/fotl/fotl-hd.jpg,https://myebrochure.co.uk/images/products/prod_15001_61036_166543.jpg,https://myebrochure.co.uk/images/products.small/prod_15001_61036_166543.jpg,https://myebrochure.co.uk/images/products.hires/prod_15001_61036_166543.jpg,https://myebrochure.co.uk/images/brands/fotl_23.png,https://myebrochure.co.uk/images/products.hires/prod_61036_141675.jpg,https://myebrochure.co.uk/images/products.hires/prod_61036_141674.jpg,https://myebrochure.co.uk/images/products.hires/prod_61036_141676.jpg,,,,,,,,"<li>Crew neck with Cotton/ LYCRA&reg; rib</li> <li>Self&#45;fabric neck tape</li> <li>Fine knit gauge for enhanced printability</li> <li><b>Also available in ladies&#39; sizes code 61372, children&#39;s sizes code 61033 and girl&#39;s sizes code 61005</b></li>",61091000,MA
158109,0000001580143,61036,TSHIRT,T-SHIRTS,MSSTSH,MENS SHORT SLEEVE T-SHIRT,FOTL,Fruit Of The Loom,MS0020,HD,Dark Heather,0012  ,XL,Men's Valueweight T,2.23,1,12,72,08/04/2026 09:03:08,C,https://myebrochure.co.uk/images/colours/fotl/fotl-hd.jpg,https://myebrochure.co.uk/images/products/prod_15001_61036_166543.jpg,https://myebrochure.co.uk/images/products.small/prod_15001_61036_166543.jpg,https://myebrochure.co.uk/images/products.hires/prod_15001_61036_166543.jpg,https://myebrochure.co.uk/images/brands/fotl_23.png,https://myebrochure.co.uk/images/products.hires/prod_61036_141675.jpg,https://myebrochure.co.uk/images/products.hires/prod_61036_141674.jpg,https://myebrochure.co.uk/images/products.hires/prod_61036_141676.jpg,,,,,,,,"<li>Crew neck with Cotton/ LYCRA&reg; rib</li> <li>Self&#45;fabric neck tape</li> <li>Fine knit gauge for enhanced printability</li> <li><b>Also available in ladies&#39; sizes code 61372, children&#39;s sizes code 61033 and girl&#39;s sizes code 61005</b></li>",61091000,MA
158110,0000001580150,61036,TSHIRT,T-SHIRTS,MSSTSH,MENS SHORT SLEEVE T-SHIRT,FOTL,Fruit Of The Loom,MS0020,HD,Dark Heather,0012  ,2XL,Men's Valueweight T,2.23,1,12,72,08/04/2026 09:03:08,C,https://myebrochure.co.uk/images/colours/fotl/fotl-hd.jpg,https://myebrochure.co.uk/images/products/prod_15001_61036_166543.jpg,https://myebrochure.co.uk/images/products.small/prod_15001_61036_166543.jpg,https://myebrochure.co.uk/images/products.hires/prod_15001_61036_166543.jpg,https://myebrochure.co.uk/images/brands/fotl_23.png,https://myebrochure.co.uk/images/products.hires/prod_61036_141675.jpg,https://myebrochure.co.uk/images/products.hires/prod_61036_141674.jpg,https://myebrochure.co.uk/images/products.hires/prod_61036_141676.jpg,,,,,,,,"<li>Crew neck with Cotton/ LYCRA&reg; rib</li> <li>Self&#45;fabric neck tape</li> <li>Fine knit gauge for enhanced printability</li> <li><b>Also available in ladies&#39; sizes code 61372, children&#39;s sizes code 61033 and girl&#39;s sizes code 61005</b></li>",61091000,MA
158111,0000001580167,61036,TSHIRT,T-SHIRTS,MSSTSH,MENS SHORT SLEEVE T-SHIRT,FOTL,Fruit Of The Loom,MS0020,HD,Dark Heather,0012  ,3XL,Men's Valueweight T,3.02,1,12,36,08/04/2026 09:03:08,C,https://myebrochure.co.uk/images/colours/fotl/fotl-hd.jpg,https://myebrochure.co.uk/images/products/prod_15001_61036_166543.jpg,https://myebrochure.co.uk/images/products.small/prod_15001_61036_166543.jpg,https://myebrochure.co.uk/images/products.hires/prod_15001_61036_166543.jpg,https://myebrochure.co.uk/images/brands/fotl_23.png,https://myebrochure.co.uk/images/products.hires/prod_61036_141675.jpg,https://myebrochure.co.uk/images/products.hires/prod_61036_141674.jpg,https://myebrochure.co.uk/images/products.hires/prod_61036_141676.jpg,,,,,,,,"<li>Crew neck with Cotton/ LYCRA&reg; rib</li> <li>Self&#45;fabric neck tape</li> <li>Fine knit gauge for enhanced printability</li> <li><b>Also available in ladies&#39; sizes code 61372, children&#39;s sizes code 61033 and girl&#39;s sizes code 61005</b></li>",61091000,MA
158114,0000001580198,61036,TSHIRT,T-SHIRTS,MSSTSH,MENS SHORT SLEEVE T-SHIRT,FOTL,Fruit Of The Loom,MS0020,VF,Vintage Heather Navy,0012  ,Small,Men's Valueweight T,2.23,1,12,72,08/04/2026 09:03:08,C,https://myebrochure.co.uk/images/colours/fotl/fotl-vf.jpg,https://myebrochure.co.uk/images/products/prod_15001_61036_166543.jpg,https://myebrochure.co.uk/images/products.small/prod_15001_61036_166543.jpg,https://myebrochure.co.uk/images/products.hires/prod_15001_61036_166543.jpg,https://myebrochure.co.uk/images/brands/fotl_23.png,https://myebrochure.co.uk/images/products.hires/prod_61036_141693.jpg,https://myebrochure.co.uk/images/products.hires/prod_61036_141692.jpg,https://myebrochure.co.uk/images/products.hires/prod_61036_141694.jpg,,,,,,,,"<li>Crew neck with Cotton/ LYCRA&reg; rib</li> <li>Self&#45;fabric neck tape</li> <li>Fine knit gauge for enhanced printability</li> <li><b>Also available in ladies&#39; sizes code 61372, children&#39;s sizes code 61033 and girl&#39;s sizes code 61005</b></li>",61091000,MA
158115,0000001580204,61036,TSHIRT,T-SHIRTS,MSSTSH,MENS SHORT SLEEVE T-SHIRT,FOTL,Fruit Of The Loom,MS0020,VF,Vintage Heather Navy,0012  ,Medium,Men's Valueweight T,2.23,1,12,72,08/04/2026 09:03:08,C,https://myebrochure.co.uk/images/colours/fotl/fotl-vf.jpg,https://myebrochure.co.uk/images/products/prod_15001_61036_166543.jpg,https://myebrochure.co.uk/images/products.small/prod_15001_61036_166543.jpg,https://myebrochure.co.uk/images/products.hires/prod_15001_61036_166543.jpg,https://myebrochure.co.uk/images/brands/fotl_23.png,https://myebrochure.co.uk/images/products.hires/prod_61036_141693.jpg,https://myebrochure.co.uk/images/products.hires/prod_61036_141692.jpg,https://myebrochure.co.uk/images/products.hires/prod_61036_141694.jpg,,,,,,,,"<li>Crew neck with Cotton/ LYCRA&reg; rib</li> <li>Self&#45;fabric neck tape</li> <li>Fine knit gauge for enhanced printability</li> <li><b>Also available in ladies&#39; sizes code 61372, children&#39;s sizes code 61033 and girl&#39;s sizes code 61005</b></li>",61091000,MA
158116,0000001580211,61036,TSHIRT,T-SHIRTS,MSSTSH,MENS SHORT SLEEVE T-SHIRT,FOTL,Fruit Of The Loom,MS0020,VF,Vintage Heather Navy,0012  ,Large,Men's Valueweight T,2.23,1,12,72,08/04/2026 09:03:08,C,https://myebrochure.co.uk/images/colours/fotl/fotl-vf.jpg,https://myebrochure.co.uk/images/products/prod_15001_61036_166543.jpg,https://myebrochure.co.uk/images/products.small/prod_15001_61036_166543.jpg,https://myebrochure.co.uk/images/products.hires/prod_15001_61036_166543.jpg,https://myebrochure.co.uk/images/brands/fotl_23.png,https://myebrochure.co.uk/images/products.hires/prod_61036_141693.jpg,https://myebrochure.co.uk/images/products.hires/prod_61036_141692.jpg,https://myebrochure.co.uk/images/products.hires/prod_61036_141694.jpg,,,,,,,,"<li>Crew neck with Cotton/ LYCRA&reg; rib</li> <li>Self&#45;fabric neck tape</li> <li>Fine knit gauge for enhanced printability</li> <li><b>Also available in ladies&#39; sizes code 61372, children&#39;s sizes code 61033 and girl&#39;s sizes code 61005</b></li>",61091000,MA
158117,0000001580228,61036,TSHIRT,T-SHIRTS,MSSTSH,MENS SHORT SLEEVE T-SHIRT,FOTL,Fruit Of The Loom,MS0020,VF,Vintage Heather Navy,0012  ,XL,Men's Valueweight T,2.23,1,12,72,08/04/2026 09:03:08,C,https://myebrochure.co.uk/images/colours/fotl/fotl-vf.jpg,https://myebrochure.co.uk/images/products/prod_15001_61036_166543.jpg,https://myebrochure.co.uk/images/products.small/prod_15001_61036_166543.jpg,https://myebrochure.co.uk/images/products.hires/prod_15001_61036_166543.jpg,https://myebrochure.co.uk/images/brands/fotl_23.png,https://myebrochure.co.uk/images/products.hires/prod_61036_141693.jpg,https://myebrochure.co.uk/images/products.hires/prod_61036_141692.jpg,https://myebrochure.co.uk/images/products.hires/prod_61036_141694.jpg,,,,,,,,"<li>Crew neck with Cotton/ LYCRA&reg; rib</li> <li>Self&#45;fabric neck tape</li> <li>Fine knit gauge for enhanced printability</li> <li><b>Also available in ladies&#39; sizes code 61372, children&#39;s sizes code 61033 and girl&#39;s sizes code 61005</b></li>",61091000,MA
158118,0000001580235,61036,TSHIRT,T-SHIRTS,MSSTSH,MENS SHORT SLEEVE T-SHIRT,FOTL,Fruit Of The Loom,MS0020,VF,Vintage Heather Navy,0012  ,2XL,Men's Valueweight T,2.23,1,12,72,08/04/2026 09:03:08,C,https://myebrochure.co.uk/images/colours/fotl/fotl-vf.jpg,https://myebrochure.co.uk/images/products/prod_15001_61036_166543.jpg,https://myebrochure.co.uk/images/products.small/prod_15001_61036_166543.jpg,https://myebrochure.co.uk/images/products.hires/prod_15001_61036_166543.jpg,https://myebrochure.co.uk/images/brands/fotl_23.png,https://myebrochure.co.uk/images/products.hires/prod_61036_141693.jpg,https://myebrochure.co.uk/images/products.hires/prod_61036_141692.jpg,https://myebrochure.co.uk/images/products.hires/prod_61036_141694.jpg,,,,,,,,"<li>Crew neck with Cotton/ LYCRA&reg; rib</li> <li>Self&#45;fabric neck tape</li> <li>Fine knit gauge for enhanced printability</li> <li><b>Also available in ladies&#39; sizes code 61372, children&#39;s sizes code 61033 and girl&#39;s sizes code 61005</b></li>",61091000,MA
158119,0000001580242,61036,TSHIRT,T-SHIRTS,MSSTSH,MENS SHORT SLEEVE T-SHIRT,FOTL,Fruit Of The Loom,MS0020,VF,Vintage Heather Navy,0012  ,3XL,Men's Valueweight T,3.02,1,12,36,08/04/2026 09:03:08,C,https://myebrochure.co.uk/images/colours/fotl/fotl-vf.jpg,https://myebrochure.co.uk/images/products/prod_15001_61036_166543.jpg,https://myebrochure.co.uk/images/products.small/prod_15001_61036_166543.jpg,https://myebrochure.co.uk/images/products.hires/prod_15001_61036_166543.jpg,https://myebrochure.co.uk/images/brands/fotl_23.png,https://myebrochure.co.uk/images/products.hires/prod_61036_141693.jpg,https://myebrochure.co.uk/images/products.hires/prod_61036_141692.jpg,https://myebrochure.co.uk/images/products.hires/prod_61036_141694.jpg,,,,,,,,"<li>Crew neck with Cotton/ LYCRA&reg; rib</li> <li>Self&#45;fabric neck tape</li> <li>Fine knit gauge for enhanced printability</li> <li><b>Also available in ladies&#39; sizes code 61372, children&#39;s sizes code 61033 and girl&#39;s sizes code 61005</b></li>",61091000,MA
158122,0000001580273,61036,TSHIRT,T-SHIRTS,MSSTSH,MENS SHORT SLEEVE T-SHIRT,FOTL,Fruit Of The Loom,MS0020,R6,Retro Heather Royal,0012  ,Small,Men's Valueweight T,2.23,1,12,72,08/04/2026 09:03:08,C,https://myebrochure.co.uk/images/colours/fotl/fotl-r6.jpg,https://myebrochure.co.uk/images/products/prod_15001_61036_166543.jpg,https://myebrochure.co.uk/images/products.small/prod_15001_61036_166543.jpg,https://myebrochure.co.uk/images/products.hires/prod_15001_61036_166543.jpg,https://myebrochure.co.uk/images/brands/fotl_23.png,https://myebrochure.co.uk/images/products.hires/prod_61036_141687.jpg,https://myebrochure.co.uk/images/products.hires/prod_61036_141686.jpg,https://myebrochure.co.uk/images/products.hires/prod_61036_141688.jpg,,,,,,,,"<li>Crew neck with Cotton/ LYCRA&reg; rib</li> <li>Self&#45;fabric neck tape</li> <li>Fine knit gauge for enhanced printability</li> <li><b>Also available in ladies&#39; sizes code 61372, children&#39;s sizes code 61033 and girl&#39;s sizes code 61005</b></li>",61091000,MA
158123,0000001580280,61036,TSHIRT,T-SHIRTS,MSSTSH,MENS SHORT SLEEVE T-SHIRT,FOTL,Fruit Of The Loom,MS0020,R6,Retro Heather Royal,0012  ,Medium,Men's Valueweight T,2.23,1,12,72,08/04/2026 09:03:08,C,https://myebrochure.co.uk/images/colours/fotl/fotl-r6.jpg,https://myebrochure.co.uk/images/products/prod_15001_61036_166543.jpg,https://myebrochure.co.uk/images/products.small/prod_15001_61036_166543.jpg,https://myebrochure.co.uk/images/products.hires/prod_15001_61036_166543.jpg,https://myebrochure.co.uk/images/brands/fotl_23.png,https://myebrochure.co.uk/images/products.hires/prod_61036_141687.jpg,https://myebrochure.co.uk/images/products.hires/prod_61036_141686.jpg,https://myebrochure.co.uk/images/products.hires/prod_61036_141688.jpg,,,,,,,,"<li>Crew neck with Cotton/ LYCRA&reg; rib</li> <li>Self&#45;fabric neck tape</li> <li>Fine knit gauge for enhanced printability</li> <li><b>Also available in ladies&#39; sizes code 61372, children&#39;s sizes code 61033 and girl&#39;s sizes code 61005</b></li>",61091000,MA
158124,0000001580297,61036,TSHIRT,T-SHIRTS,MSSTSH,MENS SHORT SLEEVE T-SHIRT,FOTL,Fruit Of The Loom,MS0020,R6,Retro Heather Royal,0012  ,Large,Men's Valueweight T,2.23,1,12,72,08/04/2026 09:03:08,C,https://myebrochure.co.uk/images/colours/fotl/fotl-r6.jpg,https://myebrochure.co.uk/images/products/prod_15001_61036_166543.jpg,https://myebrochure.co.uk/images/products.small/prod_15001_61036_166543.jpg,https://myebrochure.co.uk/images/products.hires/prod_15001_61036_166543.jpg,https://myebrochure.co.uk/images/brands/fotl_23.png,https://myebrochure.co.uk/images/products.hires/prod_61036_141687.jpg,https://myebrochure.co.uk/images/products.hires/prod_61036_141686.jpg,https://myebrochure.co.uk/images/products.hires/prod_61036_141688.jpg,,,,,,,,"<li>Crew neck with Cotton/ LYCRA&reg; rib</li> <li>Self&#45;fabric neck tape</li> <li>Fine knit gauge for enhanced printability</li> <li><b>Also available in ladies&#39; sizes code 61372, children&#39;s sizes code 61033 and girl&#39;s sizes code 61005</b></li>",61091000,MA
158125,0000001580303,61036,TSHIRT,T-SHIRTS,MSSTSH,MENS SHORT SLEEVE T-SHIRT,FOTL,Fruit Of The Loom,MS0020,R6,Retro Heather Royal,0012  ,XL,Men's Valueweight T,2.23,1,12,72,08/04/2026 09:03:08,C,https://myebrochure.co.uk/images/colours/fotl/fotl-r6.jpg,https://myebrochure.co.uk/images/products/prod_15001_61036_166543.jpg,https://myebrochure.co.uk/images/products.small/prod_15001_61036_166543.jpg,https://myebrochure.co.uk/images/products.hires/prod_15001_61036_166543.jpg,https://myebrochure.co.uk/images/brands/fotl_23.png,https://myebrochure.co.uk/images/products.hires/prod_61036_141687.jpg,https://myebrochure.co.uk/images/products.hires/prod_61036_141686.jpg,https://myebrochure.co.uk/images/products.hires/prod_61036_141688.jpg,,,,,,,,"<li>Crew neck with Cotton/ LYCRA&reg; rib</li> <li>Self&#45;fabric neck tape</li> <li>Fine knit gauge for enhanced printability</li> <li><b>Also available in ladies&#39; sizes code 61372, children&#39;s sizes code 61033 and girl&#39;s sizes code 61005</b></li>",61091000,MA
158126,0000001580310,61036,TSHIRT,T-SHIRTS,MSSTSH,MENS SHORT SLEEVE T-SHIRT,FOTL,Fruit Of The Loom,MS0020,R6,Retro Heather Royal,0012  ,2XL,Men's Valueweight T,2.23,1,12,72,08/04/2026 09:03:08,C,https://myebrochure.co.uk/images/colours/fotl/fotl-r6.jpg,https://myebrochure.co.uk/images/products/prod_15001_61036_166543.jpg,https://myebrochure.co.uk/images/products.small/prod_15001_61036_166543.jpg,https://myebrochure.co.uk/images/products.hires/prod_15001_61036_166543.jpg,https://myebrochure.co.uk/images/brands/fotl_23.png,https://myebrochure.co.uk/images/products.hires/prod_61036_141687.jpg,https://myebrochure.co.uk/images/products.hires/prod_61036_141686.jpg,https://myebrochure.co.uk/images/products.hires/prod_61036_141688.jpg,,,,,,,,"<li>Crew neck with Cotton/ LYCRA&reg; rib</li> <li>Self&#45;fabric neck tape</li> <li>Fine knit gauge for enhanced printability</li> <li><b>Also available in ladies&#39; sizes code 61372, children&#39;s sizes code 61033 and girl&#39;s sizes code 61005</b></li>",61091000,MA
158127,0000001580327,61036,TSHIRT,T-SHIRTS,MSSTSH,MENS SHORT SLEEVE T-SHIRT,FOTL,Fruit Of The Loom,MS0020,R6,Retro Heather Royal,0012  ,3XL,Men's Valueweight T,3.02,1,12,36,08/04/2026 09:03:08,C,https://myebrochure.co.uk/images/colours/fotl/fotl-r6.jpg,https://myebrochure.co.uk/images/products/prod_15001_61036_166543.jpg,https://myebrochure.co.uk/images/products.small/prod_15001_61036_166543.jpg,https://myebrochure.co.uk/images/products.hires/prod_15001_61036_166543.jpg,https://myebrochure.co.uk/images/brands/fotl_23.png,https://myebrochure.co.uk/images/products.hires/prod_61036_141687.jpg,https://myebrochure.co.uk/images/products.hires/prod_61036_141686.jpg,https://myebrochure.co.uk/images/products.hires/prod_61036_141688.jpg,,,,,,,,"<li>Crew neck with Cotton/ LYCRA&reg; rib</li> <li>Self&#45;fabric neck tape</li> <li>Fine knit gauge for enhanced printability</li> <li><b>Also available in ladies&#39; sizes code 61372, children&#39;s sizes code 61033 and girl&#39;s sizes code 61005</b></li>",61091000,MA
158130,0000001580358,61036,TSHIRT,T-SHIRTS,MSSTSH,MENS SHORT SLEEVE T-SHIRT,FOTL,Fruit Of The Loom,MS0020,RX,Retro Heather Green,0012  ,Small,Men's Valueweight T,2.23,1,12,72,08/04/2026 09:03:08,C,https://myebrochure.co.uk/images/colours/fotl/fotl-rx.jpg,https://myebrochure.co.uk/images/products/prod_15001_61036_166543.jpg,https://myebrochure.co.uk/images/products.small/prod_15001_61036_166543.jpg,https://myebrochure.co.uk/images/products.hires/prod_15001_61036_166543.jpg,https://myebrochure.co.uk/images/brands/fotl_23.png,https://myebrochure.co.uk/images/products.hires/prod_61036_141690.jpg,https://myebrochure.co.uk/images/products.hires/prod_61036_141689.jpg,https://myebrochure.co.uk/images/products.hires/prod_61036_141691.jpg,,,,,,,,"<li>Crew neck with Cotton/ LYCRA&reg; rib</li> <li>Self&#45;fabric neck tape</li> <li>Fine knit gauge for enhanced printability</li> <li><b>Also available in ladies&#39; sizes code 61372, children&#39;s sizes code 61033 and girl&#39;s sizes code 61005</b></li>",61091000,MA
158131,0000001580365,61036,TSHIRT,T-SHIRTS,MSSTSH,MENS SHORT SLEEVE T-SHIRT,FOTL,Fruit Of The Loom,MS0020,RX,Retro Heather Green,0012  ,Medium,Men's Valueweight T,2.23,1,12,72,08/04/2026 09:03:08,C,https://myebrochure.co.uk/images/colours/fotl/fotl-rx.jpg,https://myebrochure.co.uk/images/products/prod_15001_61036_166543.jpg,https://myebrochure.co.uk/images/products.small/prod_15001_61036_166543.jpg,https://myebrochure.co.uk/images/products.hires/prod_15001_61036_166543.jpg,https://myebrochure.co.uk/images/brands/fotl_23.png,https://myebrochure.co.uk/images/products.hires/prod_61036_141690.jpg,https://myebrochure.co.uk/images/products.hires/prod_61036_141689.jpg,https://myebrochure.co.uk/images/products.hires/prod_61036_141691.jpg,,,,,,,,"<li>Crew neck with Cotton/ LYCRA&reg; rib</li> <li>Self&#45;fabric neck tape</li> <li>Fine knit gauge for enhanced printability</li> <li><b>Also available in ladies&#39; sizes code 61372, children&#39;s sizes code 61033 and girl&#39;s sizes code 61005</b></li>",61091000,MA
158132,0000001580372,61036,TSHIRT,T-SHIRTS,MSSTSH,MENS SHORT SLEEVE T-SHIRT,FOTL,Fruit Of The Loom,MS0020,RX,Retro Heather Green,0012  ,Large,Men's Valueweight T,2.23,1,12,72,08/04/2026 09:03:08,C,https://myebrochure.co.uk/images/colours/fotl/fotl-rx.jpg,https://myebrochure.co.uk/images/products/prod_15001_61036_166543.jpg,https://myebrochure.co.uk/images/products.small/prod_15001_61036_166543.jpg,https://myebrochure.co.uk/images/products.hires/prod_15001_61036_166543.jpg,https://myebrochure.co.uk/images/brands/fotl_23.png,https://myebrochure.co.uk/images/products.hires/prod_61036_141690.jpg,https://myebrochure.co.uk/images/products.hires/prod_61036_141689.jpg,https://myebrochure.co.uk/images/products.hires/prod_61036_141691.jpg,,,,,,,,"<li>Crew neck with Cotton/ LYCRA&reg; rib</li> <li>Self&#45;fabric neck tape</li> <li>Fine knit gauge for enhanced printability</li> <li><b>Also available in ladies&#39; sizes code 61372, children&#39;s sizes code 61033 and girl&#39;s sizes code 61005</b></li>",61091000,MA
158133,0000001580389,61036,TSHIRT,T-SHIRTS,MSSTSH,MENS SHORT SLEEVE T-SHIRT,FOTL,Fruit Of The Loom,MS0020,RX,Retro Heather Green,0012  ,XL,Men's Valueweight T,2.23,1,12,72,08/04/2026 09:03:08,C,https://myebrochure.co.uk/images/colours/fotl/fotl-rx.jpg,https://myebrochure.co.uk/images/products/prod_15001_61036_166543.jpg,https://myebrochure.co.uk/images/products.small/prod_15001_61036_166543.jpg,https://myebrochure.co.uk/images/products.hires/prod_15001_61036_166543.jpg,https://myebrochure.co.uk/images/brands/fotl_23.png,https://myebrochure.co.uk/images/products.hires/prod_61036_141690.jpg,https://myebrochure.co.uk/images/products.hires/prod_61036_141689.jpg,https://myebrochure.co.uk/images/products.hires/prod_61036_141691.jpg,,,,,,,,"<li>Crew neck with Cotton/ LYCRA&reg; rib</li> <li>Self&#45;fabric neck tape</li> <li>Fine knit gauge for enhanced printability</li> <li><b>Also available in ladies&#39; sizes code 61372, children&#39;s sizes code 61033 and girl&#39;s sizes code 61005</b></li>",61091000,MA
158134,0000001580396,61036,TSHIRT,T-SHIRTS,MSSTSH,MENS SHORT SLEEVE T-SHIRT,FOTL,Fruit Of The Loom,MS0020,RX,Retro Heather Green,0012  ,2XL,Men's Valueweight T,2.23,1,12,72,08/04/2026 09:03:08,C,https://myebrochure.co.uk/images/colours/fotl/fotl-rx.jpg,https://myebrochure.co.uk/images/products/prod_15001_61036_166543.jpg,https://myebrochure.co.uk/images/products.small/prod_15001_61036_166543.jpg,https://myebrochure.co.uk/images/products.hires/prod_15001_61036_166543.jpg,https://myebrochure.co.uk/images/brands/fotl_23.png,https://myebrochure.co.uk/images/products.hires/prod_61036_141690.jpg,https://myebrochure.co.uk/images/products.hires/prod_61036_141689.jpg,https://myebrochure.co.uk/images/products.hires/prod_61036_141691.jpg,,,,,,,,"<li>Crew neck with Cotton/ LYCRA&reg; rib</li> <li>Self&#45;fabric neck tape</li> <li>Fine knit gauge for enhanced printability</li> <li><b>Also available in ladies&#39; sizes code 61372, children&#39;s sizes code 61033 and girl&#39;s sizes code 61005</b></li>",61091000,MA
158135,0000001580402,61036,TSHIRT,T-SHIRTS,MSSTSH,MENS SHORT SLEEVE T-SHIRT,FOTL,Fruit Of The Loom,MS0020,RX,Retro Heather Green,0012  ,3XL,Men's Valueweight T,3.02,1,12,36,08/04/2026 09:03:08,C,https://myebrochure.co.uk/images/colours/fotl/fotl-rx.jpg,https://myebrochure.co.uk/images/products/prod_15001_61036_166543.jpg,https://myebrochure.co.uk/images/products.small/prod_15001_61036_166543.jpg,https://myebrochure.co.uk/images/products.hires/prod_15001_61036_166543.jpg,https://myebrochure.co.uk/images/brands/fotl_23.png,https://myebrochure.co.uk/images/products.hires/prod_61036_141690.jpg,https://myebrochure.co.uk/images/products.hires/prod_61036_141689.jpg,https://myebrochure.co.uk/images/products.hires/prod_61036_141691.jpg,,,,,,,,"<li>Crew neck with Cotton/ LYCRA&reg; rib</li> <li>Self&#45;fabric neck tape</li> <li>Fine knit gauge for enhanced printability</li> <li><b>Also available in ladies&#39; sizes code 61372, children&#39;s sizes code 61033 and girl&#39;s sizes code 61005</b></li>",61091000,MA
158138,0000001580433,61036,TSHIRT,T-SHIRTS,MSSTSH,MENS SHORT SLEEVE T-SHIRT,FOTL,Fruit Of The Loom,MS0020,VH,Vintage Heather Red,0012  ,Small,Men's Valueweight T,2.23,1,12,72,08/04/2026 09:03:08,C,https://myebrochure.co.uk/images/colours/fotl/fotl-vh.jpg,https://myebrochure.co.uk/images/products/prod_15001_61036_166543.jpg,https://myebrochure.co.uk/images/products.small/prod_15001_61036_166543.jpg,https://myebrochure.co.uk/images/products.hires/prod_15001_61036_166543.jpg,https://myebrochure.co.uk/images/brands/fotl_23.png,https://myebrochure.co.uk/images/products.hires/prod_61036_141696.jpg,https://myebrochure.co.uk/images/products.hires/prod_61036_141695.jpg,https://myebrochure.co.uk/images/products.hires/prod_61036_141697.jpg,,,,,,,,"<li>Crew neck with Cotton/ LYCRA&reg; rib</li> <li>Self&#45;fabric neck tape</li> <li>Fine knit gauge for enhanced printability</li> <li><b>Also available in ladies&#39; sizes code 61372, children&#39;s sizes code 61033 and girl&#39;s sizes code 61005</b></li>",61091000,MA
158139,0000001580440,61036,TSHIRT,T-SHIRTS,MSSTSH,MENS SHORT SLEEVE T-SHIRT,FOTL,Fruit Of The Loom,MS0020,VH,Vintage Heather Red,0012  ,Medium,Men's Valueweight T,2.23,1,12,72,08/04/2026 09:03:08,C,https://myebrochure.co.uk/images/colours/fotl/fotl-vh.jpg,https://myebrochure.co.uk/images/products/prod_15001_61036_166543.jpg,https://myebrochure.co.uk/images/products.small/prod_15001_61036_166543.jpg,https://myebrochure.co.uk/images/products.hires/prod_15001_61036_166543.jpg,https://myebrochure.co.uk/images/brands/fotl_23.png,https://myebrochure.co.uk/images/products.hires/prod_61036_141696.jpg,https://myebrochure.co.uk/images/products.hires/prod_61036_141695.jpg,https://myebrochure.co.uk/images/products.hires/prod_61036_141697.jpg,,,,,,,,"<li>Crew neck with Cotton/ LYCRA&reg; rib</li> <li>Self&#45;fabric neck tape</li> <li>Fine knit gauge for enhanced printability</li> <li><b>Also available in ladies&#39; sizes code 61372, children&#39;s sizes code 61033 and girl&#39;s sizes code 61005</b></li>",61091000,MA
158140,0000001580457,61036,TSHIRT,T-SHIRTS,MSSTSH,MENS SHORT SLEEVE T-SHIRT,FOTL,Fruit Of The Loom,MS0020,VH,Vintage Heather Red,0012  ,Large,Men's Valueweight T,2.23,1,12,72,08/04/2026 09:03:08,C,https://myebrochure.co.uk/images/colours/fotl/fotl-vh.jpg,https://myebrochure.co.uk/images/products/prod_15001_61036_166543.jpg,https://myebrochure.co.uk/images/products.small/prod_15001_61036_166543.jpg,https://myebrochure.co.uk/images/products.hires/prod_15001_61036_166543.jpg,https://myebrochure.co.uk/images/brands/fotl_23.png,https://myebrochure.co.uk/images/products.hires/prod_61036_141696.jpg,https://myebrochure.co.uk/images/products.hires/prod_61036_141695.jpg,https://myebrochure.co.uk/images/products.hires/prod_61036_141697.jpg,,,,,,,,"<li>Crew neck with Cotton/ LYCRA&reg; rib</li> <li>Self&#45;fabric neck tape</li> <li>Fine knit gauge for enhanced printability</li> <li><b>Also available in ladies&#39; sizes code 61372, children&#39;s sizes code 61033 and girl&#39;s sizes code 61005</b></li>",61091000,MA
158141,0000001580464,61036,TSHIRT,T-SHIRTS,MSSTSH,MENS SHORT SLEEVE T-SHIRT,FOTL,Fruit Of The Loom,MS0020,VH,Vintage Heather Red,0012  ,XL,Men's Valueweight T,2.23,1,12,72,08/04/2026 09:03:08,C,https://myebrochure.co.uk/images/colours/fotl/fotl-vh.jpg,https://myebrochure.co.uk/images/products/prod_15001_61036_166543.jpg,https://myebrochure.co.uk/images/products.small/prod_15001_61036_166543.jpg,https://myebrochure.co.uk/images/products.hires/prod_15001_61036_166543.jpg,https://myebrochure.co.uk/images/brands/fotl_23.png,https://myebrochure.co.uk/images/products.hires/prod_61036_141696.jpg,https://myebrochure.co.uk/images/products.hires/prod_61036_141695.jpg,https://myebrochure.co.uk/images/products.hires/prod_61036_141697.jpg,,,,,,,,"<li>Crew neck with Cotton/ LYCRA&reg; rib</li> <li>Self&#45;fabric neck tape</li> <li>Fine knit gauge for enhanced printability</li> <li><b>Also available in ladies&#39; sizes code 61372, children&#39;s sizes code 61033 and girl&#39;s sizes code 61005</b></li>",61091000,MA
158142,0000001580471,61036,TSHIRT,T-SHIRTS,MSSTSH,MENS SHORT SLEEVE T-SHIRT,FOTL,Fruit Of The Loom,MS0020,VH,Vintage Heather Red,0012  ,2XL,Men's Valueweight T,2.23,1,12,72,08/04/2026 09:03:08,C,https://myebrochure.co.uk/images/colours/fotl/fotl-vh.jpg,https://myebrochure.co.uk/images/products/prod_15001_61036_166543.jpg,https://myebrochure.co.uk/images/products.small/prod_15001_61036_166543.jpg,https://myebrochure.co.uk/images/products.hires/prod_15001_61036_166543.jpg,https://myebrochure.co.uk/images/brands/fotl_23.png,https://myebrochure.co.uk/images/products.hires/prod_61036_141696.jpg,https://myebrochure.co.uk/images/products.hires/prod_61036_141695.jpg,https://myebrochure.co.uk/images/products.hires/prod_61036_141697.jpg,,,,,,,,"<li>Crew neck with Cotton/ LYCRA&reg; rib</li> <li>Self&#45;fabric neck tape</li> <li>Fine knit gauge for enhanced printability</li> <li><b>Also available in ladies&#39; sizes code 61372, children&#39;s sizes code 61033 and girl&#39;s sizes code 61005</b></li>",61091000,MA
158143,0000001580488,61036,TSHIRT,T-SHIRTS,MSSTSH,MENS SHORT SLEEVE T-SHIRT,FOTL,Fruit Of The Loom,MS0020,VH,Vintage Heather Red,0012  ,3XL,Men's Valueweight T,3.02,1,12,36,08/04/2026 09:03:08,C,https://myebrochure.co.uk/images/colours/fotl/fotl-vh.jpg,https://myebrochure.co.uk/images/products/prod_15001_61036_166543.jpg,https://myebrochure.co.uk/images/products.small/prod_15001_61036_166543.jpg,https://myebrochure.co.uk/images/products.hires/prod_15001_61036_166543.jpg,https://myebrochure.co.uk/images/brands/fotl_23.png,https://myebrochure.co.uk/images/products.hires/prod_61036_141696.jpg,https://myebrochure.co.uk/images/products.hires/prod_61036_141695.jpg,https://myebrochure.co.uk/images/products.hires/prod_61036_141697.jpg,,,,,,,,"<li>Crew neck with Cotton/ LYCRA&reg; rib</li> <li>Self&#45;fabric neck tape</li> <li>Fine knit gauge for enhanced printability</li> <li><b>Also available in ladies&#39; sizes code 61372, children&#39;s sizes code 61033 and girl&#39;s sizes code 61005</b></li>",61091000,MA
158146,0000001580518,61036,TSHIRT,T-SHIRTS,MSSTSH,MENS SHORT SLEEVE T-SHIRT,FOTL,Fruit Of The Loom,MS0020,LM,Lime,0012  ,Small,Men's Valueweight T,2.23,1,12,72,08/04/2026 09:03:08,C,https://myebrochure.co.uk/images/colours/fotl/fotl-lm.jpg,https://myebrochure.co.uk/images/products/prod_15001_61036_166543.jpg,https://myebrochure.co.uk/images/products.small/prod_15001_61036_166543.jpg,https://myebrochure.co.uk/images/products.hires/prod_15001_61036_166543.jpg,https://myebrochure.co.uk/images/brands/fotl_23.png,https://myebrochure.co.uk/images/products.hires/prod_61036_141708.jpg,https://myebrochure.co.uk/images/products.hires/prod_61036_141707.jpg,https://myebrochure.co.uk/images/products.hires/prod_61036_141709.jpg,,,,,,,,"<li>Crew neck with Cotton/ LYCRA&reg; rib</li> <li>Self&#45;fabric neck tape</li> <li>Fine knit gauge for enhanced printability</li> <li><b>Also available in ladies&#39; sizes code 61372, children&#39;s sizes code 61033 and girl&#39;s sizes code 61005</b></li>",61091000,MA
158147,0000001580525,61036,TSHIRT,T-SHIRTS,MSSTSH,MENS SHORT SLEEVE T-SHIRT,FOTL,Fruit Of The Loom,MS0020,LM,Lime,0012  ,Medium,Men's Valueweight T,2.23,1,12,72,08/04/2026 09:03:08,C,https://myebrochure.co.uk/images/colours/fotl/fotl-lm.jpg,https://myebrochure.co.uk/images/products/prod_15001_61036_166543.jpg,https://myebrochure.co.uk/images/products.small/prod_15001_61036_166543.jpg,https://myebrochure.co.uk/images/products.hires/prod_15001_61036_166543.jpg,https://myebrochure.co.uk/images/brands/fotl_23.png,https://myebrochure.co.uk/images/products.hires/prod_61036_141708.jpg,https://myebrochure.co.uk/images/products.hires/prod_61036_141707.jpg,https://myebrochure.co.uk/images/products.hires/prod_61036_141709.jpg,,,,,,,,"<li>Crew neck with Cotton/ LYCRA&reg; rib</li> <li>Self&#45;fabric neck tape</li> <li>Fine knit gauge for enhanced printability</li> <li><b>Also available in ladies&#39; sizes code 61372, children&#39;s sizes code 61033 and girl&#39;s sizes code 61005</b></li>",61091000,MA
158148,0000001580532,61036,TSHIRT,T-SHIRTS,MSSTSH,MENS SHORT SLEEVE T-SHIRT,FOTL,Fruit Of The Loom,MS0020,LM,Lime,0012  ,Large,Men's Valueweight T,2.23,1,12,72,08/04/2026 09:03:08,C,https://myebrochure.co.uk/images/colours/fotl/fotl-lm.jpg,https://myebrochure.co.uk/images/products/prod_15001_61036_166543.jpg,https://myebrochure.co.uk/images/products.small/prod_15001_61036_166543.jpg,https://myebrochure.co.uk/images/products.hires/prod_15001_61036_166543.jpg,https://myebrochure.co.uk/images/brands/fotl_23.png,https://myebrochure.co.uk/images/products.hires/prod_61036_141708.jpg,https://myebrochure.co.uk/images/products.hires/prod_61036_141707.jpg,https://myebrochure.co.uk/images/products.hires/prod_61036_141709.jpg,,,,,,,,"<li>Crew neck with Cotton/ LYCRA&reg; rib</li> <li>Self&#45;fabric neck tape</li> <li>Fine knit gauge for enhanced printability</li> <li><b>Also available in ladies&#39; sizes code 61372, children&#39;s sizes code 61033 and girl&#39;s sizes code 61005</b></li>",61091000,MA
158149,0000001580549,61036,TSHIRT,T-SHIRTS,MSSTSH,MENS SHORT SLEEVE T-SHIRT,FOTL,Fruit Of The Loom,MS0020,LM,Lime,0012  ,XL,Men's Valueweight T,2.23,1,12,72,08/04/2026 09:03:08,C,https://myebrochure.co.uk/images/colours/fotl/fotl-lm.jpg,https://myebrochure.co.uk/images/products/prod_15001_61036_166543.jpg,https://myebrochure.co.uk/images/products.small/prod_15001_61036_166543.jpg,https://myebrochure.co.uk/images/products.hires/prod_15001_61036_166543.jpg,https://myebrochure.co.uk/images/brands/fotl_23.png,https://myebrochure.co.uk/images/products.hires/prod_61036_141708.jpg,https://myebrochure.co.uk/images/products.hires/prod_61036_141707.jpg,https://myebrochure.co.uk/images/products.hires/prod_61036_141709.jpg,,,,,,,,"<li>Crew neck with Cotton/ LYCRA&reg; rib</li> <li>Self&#45;fabric neck tape</li> <li>Fine knit gauge for enhanced printability</li> <li><b>Also available in ladies&#39; sizes code 61372, children&#39;s sizes code 61033 and girl&#39;s sizes code 61005</b></li>",61091000,MA
158150,0000001580556,61036,TSHIRT,T-SHIRTS,MSSTSH,MENS SHORT SLEEVE T-SHIRT,FOTL,Fruit Of The Loom,MS0020,LM,Lime,0012  ,2XL,Men's Valueweight T,2.23,1,12,72,08/04/2026 09:03:08,C,https://myebrochure.co.uk/images/colours/fotl/fotl-lm.jpg,https://myebrochure.co.uk/images/products/prod_15001_61036_166543.jpg,https://myebrochure.co.uk/images/products.small/prod_15001_61036_166543.jpg,https://myebrochure.co.uk/images/products.hires/prod_15001_61036_166543.jpg,https://myebrochure.co.uk/images/brands/fotl_23.png,https://myebrochure.co.uk/images/products.hires/prod_61036_141708.jpg,https://myebrochure.co.uk/images/products.hires/prod_61036_141707.jpg,https://myebrochure.co.uk/images/products.hires/prod_61036_141709.jpg,,,,,,,,"<li>Crew neck with Cotton/ LYCRA&reg; rib</li> <li>Self&#45;fabric neck tape</li> <li>Fine knit gauge for enhanced printability</li> <li><b>Also available in ladies&#39; sizes code 61372, children&#39;s sizes code 61033 and girl&#39;s sizes code 61005</b></li>",61091000,MA
158151,0000001580563,61036,TSHIRT,T-SHIRTS,MSSTSH,MENS SHORT SLEEVE T-SHIRT,FOTL,Fruit Of The Loom,MS0020,LM,Lime,0012  ,3XL,Men's Valueweight T,3.02,1,12,36,08/04/2026 09:03:08,C,https://myebrochure.co.uk/images/colours/fotl/fotl-lm.jpg,https://myebrochure.co.uk/images/products/prod_15001_61036_166543.jpg,https://myebrochure.co.uk/images/products.small/prod_15001_61036_166543.jpg,https://myebrochure.co.uk/images/products.hires/prod_15001_61036_166543.jpg,https://myebrochure.co.uk/images/brands/fotl_23.png,https://myebrochure.co.uk/images/products.hires/prod_61036_141708.jpg,https://myebrochure.co.uk/images/products.hires/prod_61036_141707.jpg,https://myebrochure.co.uk/images/products.hires/prod_61036_141709.jpg,,,,,,,,"<li>Crew neck with Cotton/ LYCRA&reg; rib</li> <li>Self&#45;fabric neck tape</li> <li>Fine knit gauge for enhanced printability</li> <li><b>Also available in ladies&#39; sizes code 61372, children&#39;s sizes code 61033 and girl&#39;s sizes code 61005</b></li>",61091000,MA
171678,0000001715866,61430,TSHIRT,T-SHIRTS,MSSTSH,MENS SHORT SLEEVE T-SHIRT,FOTL,Fruit Of The Loom,ME0028,30,White,0012  ,Small,Men's Iconic 150 T,1.65,1,12,72,08/04/2026 09:06:57,C,https://myebrochure.co.uk/images/colours/fotl/fotl-30.jpg,https://myebrochure.co.uk/images/products/prod_11101_61430_164462.jpg,https://myebrochure.co.uk/images/products.small/prod_11101_61430_164462.jpg,https://myebrochure.co.uk/images/products.hires/prod_11101_61430_164462.jpg,https://myebrochure.co.uk/images/brands/fotl_23.png,https://myebrochure.co.uk/images/products.hires/prod_61430_131485.jpg,https://myebrochure.co.uk/images/products.hires/prod_61430_131477.jpg,https://myebrochure.co.uk/images/products.hires/prod_61430_131484.jpg,,,,,,,,"<li>100&#37; combed ringspun cotton</li> <li>Soft hand feel</li> <li>Tailored fit</li> <li>Crew neck with 1x1 rib</li> <li>Self-fabric back neck tape</li> <li>New tear away back neck label</li> <li><b>Also available in ladies sizes code 61432, kids sizes code 61023 and girl&#39;s sizes code 61025</b></li>",61091000,MA
171679,0000001715873,61430,TSHIRT,T-SHIRTS,MSSTSH,MENS SHORT SLEEVE T-SHIRT,FOTL,Fruit Of The Loom,ME0028,30,White,0012  ,Medium,Men's Iconic 150 T,1.65,1,12,72,08/04/2026 09:06:57,C,https://myebrochure.co.uk/images/colours/fotl/fotl-30.jpg,https://myebrochure.co.uk/images/products/prod_11101_61430_164462.jpg,https://myebrochure.co.uk/images/products.small/prod_11101_61430_164462.jpg,https://myebrochure.co.uk/images/products.hires/prod_11101_61430_164462.jpg,https://myebrochure.co.uk/images/brands/fotl_23.png,https://myebrochure.co.uk/images/products.hires/prod_61430_131485.jpg,https://myebrochure.co.uk/images/products.hires/prod_61430_131477.jpg,https://myebrochure.co.uk/images/products.hires/prod_61430_131484.jpg,,,,,,,,"<li>100&#37; combed ringspun cotton</li> <li>Soft hand feel</li> <li>Tailored fit</li> <li>Crew neck with 1x1 rib</li> <li>Self-fabric back neck tape</li> <li>New tear away back neck label</li> <li><b>Also available in ladies sizes code 61432, kids sizes code 61023 and girl&#39;s sizes code 61025</b></li>",61091000,MA
171680,0000001715880,61430,TSHIRT,T-SHIRTS,MSSTSH,MENS SHORT SLEEVE T-SHIRT,FOTL,Fruit Of The Loom,ME0028,30,White,0012  ,Large,Men's Iconic 150 T,1.65,1,12,72,08/04/2026 09:06:57,C,https://myebrochure.co.uk/images/colours/fotl/fotl-30.jpg,https://myebrochure.co.uk/images/products/prod_11101_61430_164462.jpg,https://myebrochure.co.uk/images/products.small/prod_11101_61430_164462.jpg,https://myebrochure.co.uk/images/products.hires/prod_11101_61430_164462.jpg,https://myebrochure.co.uk/images/brands/fotl_23.png,https://myebrochure.co.uk/images/products.hires/prod_61430_131485.jpg,https://myebrochure.co.uk/images/products.hires/prod_61430_131477.jpg,https://myebrochure.co.uk/images/products.hires/prod_61430_131484.jpg,,,,,,,,"<li>100&#37; combed ringspun cotton</li> <li>Soft hand feel</li> <li>Tailored fit</li> <li>Crew neck with 1x1 rib</li> <li>Self-fabric back neck tape</li> <li>New tear away back neck label</li> <li><b>Also available in ladies sizes code 61432, kids sizes code 61023 and girl&#39;s sizes code 61025</b></li>",61091000,MA
171681,0000001715897,61430,TSHIRT,T-SHIRTS,MSSTSH,MENS SHORT SLEEVE T-SHIRT,FOTL,Fruit Of The Loom,ME0028,30,White,0012  ,XL,Men's Iconic 150 T,1.65,1,12,72,08/04/2026 09:06:57,C,https://myebrochure.co.uk/images/colours/fotl/fotl-30.jpg,https://myebrochure.co.uk/images/products/prod_11101_61430_164462.jpg,https://myebrochure.co.uk/images/products.small/prod_11101_61430_164462.jpg,https://myebrochure.co.uk/images/products.hires/prod_11101_61430_164462.jpg,https://myebrochure.co.uk/images/brands/fotl_23.png,https://myebrochure.co.uk/images/products.hires/prod_61430_131485.jpg,https://myebrochure.co.uk/images/products.hires/prod_61430_131477.jpg,https://myebrochure.co.uk/images/products.hires/prod_61430_131484.jpg,,,,,,,,"<li>100&#37; combed ringspun cotton</li> <li>Soft hand feel</li> <li>Tailored fit</li> <li>Crew neck with 1x1 rib</li> <li>Self-fabric back neck tape</li> <li>New tear away back neck label</li> <li><b>Also available in ladies sizes code 61432, kids sizes code 61023 and girl&#39;s sizes code 61025</b></li>",61091000,MA
171682,0000001715903,61430,TSHIRT,T-SHIRTS,MSSTSH,MENS SHORT SLEEVE T-SHIRT,FOTL,Fruit Of The Loom,ME0028,30,White,0012  ,2XL,Men's Iconic 150 T,1.65,1,12,72,08/04/2026 09:06:57,C,https://myebrochure.co.uk/images/colours/fotl/fotl-30.jpg,https://myebrochure.co.uk/images/products/prod_11101_61430_164462.jpg,https://myebrochure.co.uk/images/products.small/prod_11101_61430_164462.jpg,https://myebrochure.co.uk/images/products.hires/prod_11101_61430_164462.jpg,https://myebrochure.co.uk/images/brands/fotl_23.png,https://myebrochure.co.uk/images/products.hires/prod_61430_131485.jpg,https://myebrochure.co.uk/images/products.hires/prod_61430_131477.jpg,https://myebrochure.co.uk/images/products.hires/prod_61430_131484.jpg,,,,,,,,"<li>100&#37; combed ringspun cotton</li> <li>Soft hand feel</li> <li>Tailored fit</li> <li>Crew neck with 1x1 rib</li> <li>Self-fabric back neck tape</li> <li>New tear away back neck label</li> <li><b>Also available in ladies sizes code 61432, kids sizes code 61023 and girl&#39;s sizes code 61025</b></li>",61091000,MA
171683,0000001715910,61430,TSHIRT,T-SHIRTS,MSSTSH,MENS SHORT SLEEVE T-SHIRT,FOTL,Fruit Of The Loom,ME0028,30,White,0012  ,3XL,Men's Iconic 150 T,2.28,1,12,36,08/04/2026 09:06:57,C,https://myebrochure.co.uk/images/colours/fotl/fotl-30.jpg,https://myebrochure.co.uk/images/products/prod_11101_61430_164462.jpg,https://myebrochure.co.uk/images/products.small/prod_11101_61430_164462.jpg,https://myebrochure.co.uk/images/products.hires/prod_11101_61430_164462.jpg,https://myebrochure.co.uk/images/brands/fotl_23.png,https://myebrochure.co.uk/images/products.hires/prod_61430_131485.jpg,https://myebrochure.co.uk/images/products.hires/prod_61430_131477.jpg,https://myebrochure.co.uk/images/products.hires/prod_61430_131484.jpg,,,,,,,,"<li>100&#37; combed ringspun cotton</li> <li>Soft hand feel</li> <li>Tailored fit</li> <li>Crew neck with 1x1 rib</li> <li>Self-fabric back neck tape</li> <li>New tear away back neck label</li> <li><b>Also available in ladies sizes code 61432, kids sizes code 61023 and girl&#39;s sizes code 61025</b></li>",61091000,MA
171684,0000001715927,61430,TSHIRT,T-SHIRTS,MSSTSH,MENS SHORT SLEEVE T-SHIRT,FOTL,Fruit Of The Loom,ME0028,30,White,0012  ,4XL,Men's Iconic 150 T,2.28,1,12,36,08/04/2026 09:06:57,C,https://myebrochure.co.uk/images/colours/fotl/fotl-30.jpg,https://myebrochure.co.uk/images/products/prod_11101_61430_164462.jpg,https://myebrochure.co.uk/images/products.small/prod_11101_61430_164462.jpg,https://myebrochure.co.uk/images/products.hires/prod_11101_61430_164462.jpg,https://myebrochure.co.uk/images/brands/fotl_23.png,https://myebrochure.co.uk/images/products.hires/prod_61430_131485.jpg,https://myebrochure.co.uk/images/products.hires/prod_61430_131477.jpg,https://myebrochure.co.uk/images/products.hires/prod_61430_131484.jpg,,,,,,,,"<li>100&#37; combed ringspun cotton</li> <li>Soft hand feel</li> <li>Tailored fit</li> <li>Crew neck with 1x1 rib</li> <li>Self-fabric back neck tape</li> <li>New tear away back neck label</li> <li><b>Also available in ladies sizes code 61432, kids sizes code 61023 and girl&#39;s sizes code 61025</b></li>",61091000,MA
171685,0000001715934,61430,TSHIRT,T-SHIRTS,MSSTSH,MENS SHORT SLEEVE T-SHIRT,FOTL,Fruit Of The Loom,ME0028,30,White,0012  ,5XL,Men's Iconic 150 T,2.28,1,12,36,08/04/2026 09:06:57,C,https://myebrochure.co.uk/images/colours/fotl/fotl-30.jpg,https://myebrochure.co.uk/images/products/prod_11101_61430_164462.jpg,https://myebrochure.co.uk/images/products.small/prod_11101_61430_164462.jpg,https://myebrochure.co.uk/images/products.hires/prod_11101_61430_164462.jpg,https://myebrochure.co.uk/images/brands/fotl_23.png,https://myebrochure.co.uk/images/products.hires/prod_61430_131485.jpg,https://myebrochure.co.uk/images/products.hires/prod_61430_131477.jpg,https://myebrochure.co.uk/images/products.hires/prod_61430_131484.jpg,,,,,,,,"<li>100&#37; combed ringspun cotton</li> <li>Soft hand feel</li> <li>Tailored fit</li> <li>Crew neck with 1x1 rib</li> <li>Self-fabric back neck tape</li> <li>New tear away back neck label</li> <li><b>Also available in ladies sizes code 61432, kids sizes code 61023 and girl&#39;s sizes code 61025</b></li>",61091000,MA
171686,0000001715941,61430,TSHIRT,T-SHIRTS,MSSTSH,MENS SHORT SLEEVE T-SHIRT,FOTL,Fruit Of The Loom,ME0028,34,Sunflower,0012  ,Small,Men's Iconic 150 T,2.09,1,12,72,08/04/2026 09:06:57,C,https://myebrochure.co.uk/images/colours/fotl/fotl-34.jpg,https://myebrochure.co.uk/images/products/prod_11101_61430_164462.jpg,https://myebrochure.co.uk/images/products.small/prod_11101_61430_164462.jpg,https://myebrochure.co.uk/images/products.hires/prod_11101_61430_164462.jpg,https://myebrochure.co.uk/images/brands/fotl_23.png,https://myebrochure.co.uk/images/products.hires/prod_61430_131488.jpg,https://myebrochure.co.uk/images/products.hires/prod_61430_131486.jpg,https://myebrochure.co.uk/images/products.hires/prod_61430_131487.jpg,,,,,,,,"<li>100&#37; combed ringspun cotton</li> <li>Soft hand feel</li> <li>Tailored fit</li> <li>Crew neck with 1x1 rib</li> <li>Self-fabric back neck tape</li> <li>New tear away back neck label</li> <li><b>Also available in ladies sizes code 61432, kids sizes code 61023 and girl&#39;s sizes code 61025</b></li>",61091000,MA
171687,0000001715958,61430,TSHIRT,T-SHIRTS,MSSTSH,MENS SHORT SLEEVE T-SHIRT,FOTL,Fruit Of The Loom,ME0028,34,Sunflower,0012  ,Medium,Men's Iconic 150 T,2.09,1,12,72,08/04/2026 09:06:57,C,https://myebrochure.co.uk/images/colours/fotl/fotl-34.jpg,https://myebrochure.co.uk/images/products/prod_11101_61430_164462.jpg,https://myebrochure.co.uk/images/products.small/prod_11101_61430_164462.jpg,https://myebrochure.co.uk/images/products.hires/prod_11101_61430_164462.jpg,https://myebrochure.co.uk/images/brands/fotl_23.png,https://myebrochure.co.uk/images/products.hires/prod_61430_131488.jpg,https://myebrochure.co.uk/images/products.hires/prod_61430_131486.jpg,https://myebrochure.co.uk/images/products.hires/prod_61430_131487.jpg,,,,,,,,"<li>100&#37; combed ringspun cotton</li> <li>Soft hand feel</li> <li>Tailored fit</li> <li>Crew neck with 1x1 rib</li> <li>Self-fabric back neck tape</li> <li>New tear away back neck label</li> <li><b>Also available in ladies sizes code 61432, kids sizes code 61023 and girl&#39;s sizes code 61025</b></li>",61091000,MA
171688,0000001715965,61430,TSHIRT,T-SHIRTS,MSSTSH,MENS SHORT SLEEVE T-SHIRT,FOTL,Fruit Of The Loom,ME0028,34,Sunflower,0012  ,Large,Men's Iconic 150 T,2.09,1,12,72,08/04/2026 09:06:57,C,https://myebrochure.co.uk/images/colours/fotl/fotl-34.jpg,https://myebrochure.co.uk/images/products/prod_11101_61430_164462.jpg,https://myebrochure.co.uk/images/products.small/prod_11101_61430_164462.jpg,https://myebrochure.co.uk/images/products.hires/prod_11101_61430_164462.jpg,https://myebrochure.co.uk/images/brands/fotl_23.png,https://myebrochure.co.uk/images/products.hires/prod_61430_131488.jpg,https://myebrochure.co.uk/images/products.hires/prod_61430_131486.jpg,https://myebrochure.co.uk/images/products.hires/prod_61430_131487.jpg,,,,,,,,"<li>100&#37; combed ringspun cotton</li> <li>Soft hand feel</li> <li>Tailored fit</li> <li>Crew neck with 1x1 rib</li> <li>Self-fabric back neck tape</li> <li>New tear away back neck label</li> <li><b>Also available in ladies sizes code 61432, kids sizes code 61023 and girl&#39;s sizes code 61025</b></li>",61091000,MA
171689,0000001715972,61430,TSHIRT,T-SHIRTS,MSSTSH,MENS SHORT SLEEVE T-SHIRT,FOTL,Fruit Of The Loom,ME0028,34,Sunflower,0012  ,XL,Men's Iconic 150 T,2.09,1,12,72,08/04/2026 09:06:57,C,https://myebrochure.co.uk/images/colours/fotl/fotl-34.jpg,https://myebrochure.co.uk/images/products/prod_11101_61430_164462.jpg,https://myebrochure.co.uk/images/products.small/prod_11101_61430_164462.jpg,https://myebrochure.co.uk/images/products.hires/prod_11101_61430_164462.jpg,https://myebrochure.co.uk/images/brands/fotl_23.png,https://myebrochure.co.uk/images/products.hires/prod_61430_131488.jpg,https://myebrochure.co.uk/images/products.hires/prod_61430_131486.jpg,https://myebrochure.co.uk/images/products.hires/prod_61430_131487.jpg,,,,,,,,"<li>100&#37; combed ringspun cotton</li> <li>Soft hand feel</li> <li>Tailored fit</li> <li>Crew neck with 1x1 rib</li> <li>Self-fabric back neck tape</li> <li>New tear away back neck label</li> <li><b>Also available in ladies sizes code 61432, kids sizes code 61023 and girl&#39;s sizes code 61025</b></li>",61091000,MA
171690,0000001715989,61430,TSHIRT,T-SHIRTS,MSSTSH,MENS SHORT SLEEVE T-SHIRT,FOTL,Fruit Of The Loom,ME0028,34,Sunflower,0012  ,2XL,Men's Iconic 150 T,2.09,1,12,72,08/04/2026 09:06:57,C,https://myebrochure.co.uk/images/colours/fotl/fotl-34.jpg,https://myebrochure.co.uk/images/products/prod_11101_61430_164462.jpg,https://myebrochure.co.uk/images/products.small/prod_11101_61430_164462.jpg,https://myebrochure.co.uk/images/products.hires/prod_11101_61430_164462.jpg,https://myebrochure.co.uk/images/brands/fotl_23.png,https://myebrochure.co.uk/images/products.hires/prod_61430_131488.jpg,https://myebrochure.co.uk/images/products.hires/prod_61430_131486.jpg,https://myebrochure.co.uk/images/products.hires/prod_61430_131487.jpg,,,,,,,,"<li>100&#37; combed ringspun cotton</li> <li>Soft hand feel</li> <li>Tailored fit</li> <li>Crew neck with 1x1 rib</li> <li>Self-fabric back neck tape</li> <li>New tear away back neck label</li> <li><b>Also available in ladies sizes code 61432, kids sizes code 61023 and girl&#39;s sizes code 61025</b></li>",61091000,MA
171691,0000001715996,61430,TSHIRT,T-SHIRTS,MSSTSH,MENS SHORT SLEEVE T-SHIRT,FOTL,Fruit Of The Loom,ME0028,34,Sunflower,0012  ,3XL,Men's Iconic 150 T,2.85,1,12,36,08/04/2026 09:06:57,C,https://myebrochure.co.uk/images/colours/fotl/fotl-34.jpg,https://myebrochure.co.uk/images/products/prod_11101_61430_164462.jpg,https://myebrochure.co.uk/images/products.small/prod_11101_61430_164462.jpg,https://myebrochure.co.uk/images/products.hires/prod_11101_61430_164462.jpg,https://myebrochure.co.uk/images/brands/fotl_23.png,https://myebrochure.co.uk/images/products.hires/prod_61430_131488.jpg,https://myebrochure.co.uk/images/products.hires/prod_61430_131486.jpg,https://myebrochure.co.uk/images/products.hires/prod_61430_131487.jpg,,,,,,,,"<li>100&#37; combed ringspun cotton</li> <li>Soft hand feel</li> <li>Tailored fit</li> <li>Crew neck with 1x1 rib</li> <li>Self-fabric back neck tape</li> <li>New tear away back neck label</li> <li><b>Also available in ladies sizes code 61432, kids sizes code 61023 and girl&#39;s sizes code 61025</b></li>",61091000,MA
171694,0000001716023,61430,TSHIRT,T-SHIRTS,MSSTSH,MENS SHORT SLEEVE T-SHIRT,FOTL,Fruit Of The Loom,ME0028,36,Black,0012  ,Small,Men's Iconic 150 T,2.09,1,12,72,08/04/2026 09:06:57,C,https://myebrochure.co.uk/images/colours/fotl/fotl-36.jpg,https://myebrochure.co.uk/images/products/prod_11101_61430_164462.jpg,https://myebrochure.co.uk/images/products.small/prod_11101_61430_164462.jpg,https://myebrochure.co.uk/images/products.hires/prod_11101_61430_164462.jpg,https://myebrochure.co.uk/images/brands/fotl_23.png,https://myebrochure.co.uk/images/products.hires/prod_61430_131491.jpg,https://myebrochure.co.uk/images/products.hires/prod_61430_131489.jpg,https://myebrochure.co.uk/images/products.hires/prod_61430_131490.jpg,,,,,,,,"<li>100&#37; combed ringspun cotton</li> <li>Soft hand feel</li> <li>Tailored fit</li> <li>Crew neck with 1x1 rib</li> <li>Self-fabric back neck tape</li> <li>New tear away back neck label</li> <li><b>Also available in ladies sizes code 61432, kids sizes code 61023 and girl&#39;s sizes code 61025</b></li>",61091000,MA
171695,0000001716030,61430,TSHIRT,T-SHIRTS,MSSTSH,MENS SHORT SLEEVE T-SHIRT,FOTL,Fruit Of The Loom,ME0028,36,Black,0012  ,Medium,Men's Iconic 150 T,2.09,1,12,72,08/04/2026 09:06:57,C,https://myebrochure.co.uk/images/colours/fotl/fotl-36.jpg,https://myebrochure.co.uk/images/products/prod_11101_61430_164462.jpg,https://myebrochure.co.uk/images/products.small/prod_11101_61430_164462.jpg,https://myebrochure.co.uk/images/products.hires/prod_11101_61430_164462.jpg,https://myebrochure.co.uk/images/brands/fotl_23.png,https://myebrochure.co.uk/images/products.hires/prod_61430_131491.jpg,https://myebrochure.co.uk/images/products.hires/prod_61430_131489.jpg,https://myebrochure.co.uk/images/products.hires/prod_61430_131490.jpg,,,,,,,,"<li>100&#37; combed ringspun cotton</li> <li>Soft hand feel</li> <li>Tailored fit</li> <li>Crew neck with 1x1 rib</li> <li>Self-fabric back neck tape</li> <li>New tear away back neck label</li> <li><b>Also available in ladies sizes code 61432, kids sizes code 61023 and girl&#39;s sizes code 61025</b></li>",61091000,MA
171696,0000001716047,61430,TSHIRT,T-SHIRTS,MSSTSH,MENS SHORT SLEEVE T-SHIRT,FOTL,Fruit Of The Loom,ME0028,36,Black,0012  ,Large,Men's Iconic 150 T,2.09,1,12,72,08/04/2026 09:06:57,C,https://myebrochure.co.uk/images/colours/fotl/fotl-36.jpg,https://myebrochure.co.uk/images/products/prod_11101_61430_164462.jpg,https://myebrochure.co.uk/images/products.small/prod_11101_61430_164462.jpg,https://myebrochure.co.uk/images/products.hires/prod_11101_61430_164462.jpg,https://myebrochure.co.uk/images/brands/fotl_23.png,https://myebrochure.co.uk/images/products.hires/prod_61430_131491.jpg,https://myebrochure.co.uk/images/products.hires/prod_61430_131489.jpg,https://myebrochure.co.uk/images/products.hires/prod_61430_131490.jpg,,,,,,,,"<li>100&#37; combed ringspun cotton</li> <li>Soft hand feel</li> <li>Tailored fit</li> <li>Crew neck with 1x1 rib</li> <li>Self-fabric back neck tape</li> <li>New tear away back neck label</li> <li><b>Also available in ladies sizes code 61432, kids sizes code 61023 and girl&#39;s sizes code 61025</b></li>",61091000,MA
171697,0000001716054,61430,TSHIRT,T-SHIRTS,MSSTSH,MENS SHORT SLEEVE T-SHIRT,FOTL,Fruit Of The Loom,ME0028,36,Black,0012  ,XL,Men's Iconic 150 T,2.09,1,12,72,08/04/2026 09:06:57,C,https://myebrochure.co.uk/images/colours/fotl/fotl-36.jpg,https://myebrochure.co.uk/images/products/prod_11101_61430_164462.jpg,https://myebrochure.co.uk/images/products.small/prod_11101_61430_164462.jpg,https://myebrochure.co.uk/images/products.hires/prod_11101_61430_164462.jpg,https://myebrochure.co.uk/images/brands/fotl_23.png,https://myebrochure.co.uk/images/products.hires/prod_61430_131491.jpg,https://myebrochure.co.uk/images/products.hires/prod_61430_131489.jpg,https://myebrochure.co.uk/images/products.hires/prod_61430_131490.jpg,,,,,,,,"<li>100&#37; combed ringspun cotton</li> <li>Soft hand feel</li> <li>Tailored fit</li> <li>Crew neck with 1x1 rib</li> <li>Self-fabric back neck tape</li> <li>New tear away back neck label</li> <li><b>Also available in ladies sizes code 61432, kids sizes code 61023 and girl&#39;s sizes code 61025</b></li>",61091000,MA
171698,0000001716061,61430,TSHIRT,T-SHIRTS,MSSTSH,MENS SHORT SLEEVE T-SHIRT,FOTL,Fruit Of The Loom,ME0028,36,Black,0012  ,2XL,Men's Iconic 150 T,2.09,1,12,72,08/04/2026 09:06:57,C,https://myebrochure.co.uk/images/colours/fotl/fotl-36.jpg,https://myebrochure.co.uk/images/products/prod_11101_61430_164462.jpg,https://myebrochure.co.uk/images/products.small/prod_11101_61430_164462.jpg,https://myebrochure.co.uk/images/products.hires/prod_11101_61430_164462.jpg,https://myebrochure.co.uk/images/brands/fotl_23.png,https://myebrochure.co.uk/images/products.hires/prod_61430_131491.jpg,https://myebrochure.co.uk/images/products.hires/prod_61430_131489.jpg,https://myebrochure.co.uk/images/products.hires/prod_61430_131490.jpg,,,,,,,,"<li>100&#37; combed ringspun cotton</li> <li>Soft hand feel</li> <li>Tailored fit</li> <li>Crew neck with 1x1 rib</li> <li>Self-fabric back neck tape</li> <li>New tear away back neck label</li> <li><b>Also available in ladies sizes code 61432, kids sizes code 61023 and girl&#39;s sizes code 61025</b></li>",61091000,MA
171699,0000001716078,61430,TSHIRT,T-SHIRTS,MSSTSH,MENS SHORT SLEEVE T-SHIRT,FOTL,Fruit Of The Loom,ME0028,36,Black,0012  ,3XL,Men's Iconic 150 T,2.85,1,12,36,08/04/2026 09:06:57,C,https://myebrochure.co.uk/images/colours/fotl/fotl-36.jpg,https://myebrochure.co.uk/images/products/prod_11101_61430_164462.jpg,https://myebrochure.co.uk/images/products.small/prod_11101_61430_164462.jpg,https://myebrochure.co.uk/images/products.hires/prod_11101_61430_164462.jpg,https://myebrochure.co.uk/images/brands/fotl_23.png,https://myebrochure.co.uk/images/products.hires/prod_61430_131491.jpg,https://myebrochure.co.uk/images/products.hires/prod_61430_131489.jpg,https://myebrochure.co.uk/images/products.hires/prod_61430_131490.jpg,,,,,,,,"<li>100&#37; combed ringspun cotton</li> <li>Soft hand feel</li> <li>Tailored fit</li> <li>Crew neck with 1x1 rib</li> <li>Self-fabric back neck tape</li> <li>New tear away back neck label</li> <li><b>Also available in ladies sizes code 61432, kids sizes code 61023 and girl&#39;s sizes code 61025</b></li>",61091000,MA
171700,0000001716085,61430,TSHIRT,T-SHIRTS,MSSTSH,MENS SHORT SLEEVE T-SHIRT,FOTL,Fruit Of The Loom,ME0028,36,Black,0012  ,4XL,Men's Iconic 150 T,2.85,1,12,36,08/04/2026 09:06:57,C,https://myebrochure.co.uk/images/colours/fotl/fotl-36.jpg,https://myebrochure.co.uk/images/products/prod_11101_61430_164462.jpg,https://myebrochure.co.uk/images/products.small/prod_11101_61430_164462.jpg,https://myebrochure.co.uk/images/products.hires/prod_11101_61430_164462.jpg,https://myebrochure.co.uk/images/brands/fotl_23.png,https://myebrochure.co.uk/images/products.hires/prod_61430_131491.jpg,https://myebrochure.co.uk/images/products.hires/prod_61430_131489.jpg,https://myebrochure.co.uk/images/products.hires/prod_61430_131490.jpg,,,,,,,,"<li>100&#37; combed ringspun cotton</li> <li>Soft hand feel</li> <li>Tailored fit</li> <li>Crew neck with 1x1 rib</li> <li>Self-fabric back neck tape</li> <li>New tear away back neck label</li> <li><b>Also available in ladies sizes code 61432, kids sizes code 61023 and girl&#39;s sizes code 61025</b></li>",61091000,MA
171701,0000001716092,61430,TSHIRT,T-SHIRTS,MSSTSH,MENS SHORT SLEEVE T-SHIRT,FOTL,Fruit Of The Loom,ME0028,36,Black,0012  ,5XL,Men's Iconic 150 T,2.85,1,12,36,08/04/2026 09:06:57,C,https://myebrochure.co.uk/images/colours/fotl/fotl-36.jpg,https://myebrochure.co.uk/images/products/prod_11101_61430_164462.jpg,https://myebrochure.co.uk/images/products.small/prod_11101_61430_164462.jpg,https://myebrochure.co.uk/images/products.hires/prod_11101_61430_164462.jpg,https://myebrochure.co.uk/images/brands/fotl_23.png,https://myebrochure.co.uk/images/products.hires/prod_61430_131491.jpg,https://myebrochure.co.uk/images/products.hires/prod_61430_131489.jpg,https://myebrochure.co.uk/images/products.hires/prod_61430_131490.jpg,,,,,,,,"<li>100&#37; combed ringspun cotton</li> <li>Soft hand feel</li> <li>Tailored fit</li> <li>Crew neck with 1x1 rib</li> <li>Self-fabric back neck tape</li> <li>New tear away back neck label</li> <li><b>Also available in ladies sizes code 61432, kids sizes code 61023 and girl&#39;s sizes code 61025</b></li>",61091000,MA
171702,0000001716108,61430,TSHIRT,T-SHIRTS,MSSTSH,MENS SHORT SLEEVE T-SHIRT,FOTL,Fruit Of The Loom,ME0028,40,Red,0012  ,Small,Men's Iconic 150 T,2.09,1,12,72,08/04/2026 09:06:57,C,https://myebrochure.co.uk/images/colours/fotl/fotl-40.jpg,https://myebrochure.co.uk/images/products/prod_11101_61430_164462.jpg,https://myebrochure.co.uk/images/products.small/prod_11101_61430_164462.jpg,https://myebrochure.co.uk/images/products.hires/prod_11101_61430_164462.jpg,https://myebrochure.co.uk/images/brands/fotl_23.png,https://myebrochure.co.uk/images/products.hires/prod_61430_131494.jpg,https://myebrochure.co.uk/images/products.hires/prod_61430_131492.jpg,https://myebrochure.co.uk/images/products.hires/prod_61430_131493.jpg,,,,,,,,"<li>100&#37; combed ringspun cotton</li> <li>Soft hand feel</li> <li>Tailored fit</li> <li>Crew neck with 1x1 rib</li> <li>Self-fabric back neck tape</li> <li>New tear away back neck label</li> <li><b>Also available in ladies sizes code 61432, kids sizes code 61023 and girl&#39;s sizes code 61025</b></li>",61091000,MA
171703,0000001716115,61430,TSHIRT,T-SHIRTS,MSSTSH,MENS SHORT SLEEVE T-SHIRT,FOTL,Fruit Of The Loom,ME0028,40,Red,0012  ,Medium,Men's Iconic 150 T,2.09,1,12,72,08/04/2026 09:06:57,C,https://myebrochure.co.uk/images/colours/fotl/fotl-40.jpg,https://myebrochure.co.uk/images/products/prod_11101_61430_164462.jpg,https://myebrochure.co.uk/images/products.small/prod_11101_61430_164462.jpg,https://myebrochure.co.uk/images/products.hires/prod_11101_61430_164462.jpg,https://myebrochure.co.uk/images/brands/fotl_23.png,https://myebrochure.co.uk/images/products.hires/prod_61430_131494.jpg,https://myebrochure.co.uk/images/products.hires/prod_61430_131492.jpg,https://myebrochure.co.uk/images/products.hires/prod_61430_131493.jpg,,,,,,,,"<li>100&#37; combed ringspun cotton</li> <li>Soft hand feel</li> <li>Tailored fit</li> <li>Crew neck with 1x1 rib</li> <li>Self-fabric back neck tape</li> <li>New tear away back neck label</li> <li><b>Also available in ladies sizes code 61432, kids sizes code 61023 and girl&#39;s sizes code 61025</b></li>",61091000,MA
171704,0000001716122,61430,TSHIRT,T-SHIRTS,MSSTSH,MENS SHORT SLEEVE T-SHIRT,FOTL,Fruit Of The Loom,ME0028,40,Red,0012  ,Large,Men's Iconic 150 T,2.09,1,12,72,08/04/2026 09:06:57,C,https://myebrochure.co.uk/images/colours/fotl/fotl-40.jpg,https://myebrochure.co.uk/images/products/prod_11101_61430_164462.jpg,https://myebrochure.co.uk/images/products.small/prod_11101_61430_164462.jpg,https://myebrochure.co.uk/images/products.hires/prod_11101_61430_164462.jpg,https://myebrochure.co.uk/images/brands/fotl_23.png,https://myebrochure.co.uk/images/products.hires/prod_61430_131494.jpg,https://myebrochure.co.uk/images/products.hires/prod_61430_131492.jpg,https://myebrochure.co.uk/images/products.hires/prod_61430_131493.jpg,,,,,,,,"<li>100&#37; combed ringspun cotton</li> <li>Soft hand feel</li> <li>Tailored fit</li> <li>Crew neck with 1x1 rib</li> <li>Self-fabric back neck tape</li> <li>New tear away back neck label</li> <li><b>Also available in ladies sizes code 61432, kids sizes code 61023 and girl&#39;s sizes code 61025</b></li>",61091000,MA
171705,0000001716139,61430,TSHIRT,T-SHIRTS,MSSTSH,MENS SHORT SLEEVE T-SHIRT,FOTL,Fruit Of The Loom,ME0028,40,Red,0012  ,XL,Men's Iconic 150 T,2.09,1,12,72,08/04/2026 09:06:57,C,https://myebrochure.co.uk/images/colours/fotl/fotl-40.jpg,https://myebrochure.co.uk/images/products/prod_11101_61430_164462.jpg,https://myebrochure.co.uk/images/products.small/prod_11101_61430_164462.jpg,https://myebrochure.co.uk/images/products.hires/prod_11101_61430_164462.jpg,https://myebrochure.co.uk/images/brands/fotl_23.png,https://myebrochure.co.uk/images/products.hires/prod_61430_131494.jpg,https://myebrochure.co.uk/images/products.hires/prod_61430_131492.jpg,https://myebrochure.co.uk/images/products.hires/prod_61430_131493.jpg,,,,,,,,"<li>100&#37; combed ringspun cotton</li> <li>Soft hand feel</li> <li>Tailored fit</li> <li>Crew neck with 1x1 rib</li> <li>Self-fabric back neck tape</li> <li>New tear away back neck label</li> <li><b>Also available in ladies sizes code 61432, kids sizes code 61023 and girl&#39;s sizes code 61025</b></li>",61091000,MA
171706,0000001716146,61430,TSHIRT,T-SHIRTS,MSSTSH,MENS SHORT SLEEVE T-SHIRT,FOTL,Fruit Of The Loom,ME0028,40,Red,0012  ,2XL,Men's Iconic 150 T,2.09,1,12,72,08/04/2026 09:06:57,C,https://myebrochure.co.uk/images/colours/fotl/fotl-40.jpg,https://myebrochure.co.uk/images/products/prod_11101_61430_164462.jpg,https://myebrochure.co.uk/images/products.small/prod_11101_61430_164462.jpg,https://myebrochure.co.uk/images/products.hires/prod_11101_61430_164462.jpg,https://myebrochure.co.uk/images/brands/fotl_23.png,https://myebrochure.co.uk/images/products.hires/prod_61430_131494.jpg,https://myebrochure.co.uk/images/products.hires/prod_61430_131492.jpg,https://myebrochure.co.uk/images/products.hires/prod_61430_131493.jpg,,,,,,,,"<li>100&#37; combed ringspun cotton</li> <li>Soft hand feel</li> <li>Tailored fit</li> <li>Crew neck with 1x1 rib</li> <li>Self-fabric back neck tape</li> <li>New tear away back neck label</li> <li><b>Also available in ladies sizes code 61432, kids sizes code 61023 and girl&#39;s sizes code 61025</b></li>",61091000,MA
171707,0000001716153,61430,TSHIRT,T-SHIRTS,MSSTSH,MENS SHORT SLEEVE T-SHIRT,FOTL,Fruit Of The Loom,ME0028,40,Red,0012  ,3XL,Men's Iconic 150 T,2.85,1,12,36,08/04/2026 09:06:57,C,https://myebrochure.co.uk/images/colours/fotl/fotl-40.jpg,https://myebrochure.co.uk/images/products/prod_11101_61430_164462.jpg,https://myebrochure.co.uk/images/products.small/prod_11101_61430_164462.jpg,https://myebrochure.co.uk/images/products.hires/prod_11101_61430_164462.jpg,https://myebrochure.co.uk/images/brands/fotl_23.png,https://myebrochure.co.uk/images/products.hires/prod_61430_131494.jpg,https://myebrochure.co.uk/images/products.hires/prod_61430_131492.jpg,https://myebrochure.co.uk/images/products.hires/prod_61430_131493.jpg,,,,,,,,"<li>100&#37; combed ringspun cotton</li> <li>Soft hand feel</li> <li>Tailored fit</li> <li>Crew neck with 1x1 rib</li> <li>Self-fabric back neck tape</li> <li>New tear away back neck label</li> <li><b>Also available in ladies sizes code 61432, kids sizes code 61023 and girl&#39;s sizes code 61025</b></li>",61091000,MA
171708,0000001716160,61430,TSHIRT,T-SHIRTS,MSSTSH,MENS SHORT SLEEVE T-SHIRT,FOTL,Fruit Of The Loom,ME0028,40,Red,0012  ,4XL,Men's Iconic 150 T,2.85,1,12,36,08/04/2026 09:06:57,C,https://myebrochure.co.uk/images/colours/fotl/fotl-40.jpg,https://myebrochure.co.uk/images/products/prod_11101_61430_164462.jpg,https://myebrochure.co.uk/images/products.small/prod_11101_61430_164462.jpg,https://myebrochure.co.uk/images/products.hires/prod_11101_61430_164462.jpg,https://myebrochure.co.uk/images/brands/fotl_23.png,https://myebrochure.co.uk/images/products.hires/prod_61430_131494.jpg,https://myebrochure.co.uk/images/products.hires/prod_61430_131492.jpg,https://myebrochure.co.uk/images/products.hires/prod_61430_131493.jpg,,,,,,,,"<li>100&#37; combed ringspun cotton</li> <li>Soft hand feel</li> <li>Tailored fit</li> <li>Crew neck with 1x1 rib</li> <li>Self-fabric back neck tape</li> <li>New tear away back neck label</li> <li><b>Also available in ladies sizes code 61432, kids sizes code 61023 and girl&#39;s sizes code 61025</b></li>",61091000,MA
171710,0000001716184,61430,TSHIRT,T-SHIRTS,MSSTSH,MENS SHORT SLEEVE T-SHIRT,FOTL,Fruit Of The Loom,ME0028,47,Kelly Green,0012  ,Small,Men's Iconic 150 T,2.09,1,12,72,08/04/2026 09:06:57,C,https://myebrochure.co.uk/images/colours/fotl/fotl-47.jpg,https://myebrochure.co.uk/images/products/prod_11101_61430_164462.jpg,https://myebrochure.co.uk/images/products.small/prod_11101_61430_164462.jpg,https://myebrochure.co.uk/images/products.hires/prod_11101_61430_164462.jpg,https://myebrochure.co.uk/images/brands/fotl_23.png,https://myebrochure.co.uk/images/products.hires/prod_61430_131497.jpg,https://myebrochure.co.uk/images/products.hires/prod_61430_131495.jpg,https://myebrochure.co.uk/images/products.hires/prod_61430_131496.jpg,,,,,,,,"<li>100&#37; combed ringspun cotton</li> <li>Soft hand feel</li> <li>Tailored fit</li> <li>Crew neck with 1x1 rib</li> <li>Self-fabric back neck tape</li> <li>New tear away back neck label</li> <li><b>Also available in ladies sizes code 61432, kids sizes code 61023 and girl&#39;s sizes code 61025</b></li>",61091000,MA
171711,0000001716191,61430,TSHIRT,T-SHIRTS,MSSTSH,MENS SHORT SLEEVE T-SHIRT,FOTL,Fruit Of The Loom,ME0028,47,Kelly Green,0012  ,Medium,Men's Iconic 150 T,2.09,1,12,72,08/04/2026 09:06:57,C,https://myebrochure.co.uk/images/colours/fotl/fotl-47.jpg,https://myebrochure.co.uk/images/products/prod_11101_61430_164462.jpg,https://myebrochure.co.uk/images/products.small/prod_11101_61430_164462.jpg,https://myebrochure.co.uk/images/products.hires/prod_11101_61430_164462.jpg,https://myebrochure.co.uk/images/brands/fotl_23.png,https://myebrochure.co.uk/images/products.hires/prod_61430_131497.jpg,https://myebrochure.co.uk/images/products.hires/prod_61430_131495.jpg,https://myebrochure.co.uk/images/products.hires/prod_61430_131496.jpg,,,,,,,,"<li>100&#37; combed ringspun cotton</li> <li>Soft hand feel</li> <li>Tailored fit</li> <li>Crew neck with 1x1 rib</li> <li>Self-fabric back neck tape</li> <li>New tear away back neck label</li> <li><b>Also available in ladies sizes code 61432, kids sizes code 61023 and girl&#39;s sizes code 61025</b></li>",61091000,MA
171712,0000001716207,61430,TSHIRT,T-SHIRTS,MSSTSH,MENS SHORT SLEEVE T-SHIRT,FOTL,Fruit Of The Loom,ME0028,47,Kelly Green,0012  ,Large,Men's Iconic 150 T,2.09,1,12,72,08/04/2026 09:06:57,C,https://myebrochure.co.uk/images/colours/fotl/fotl-47.jpg,https://myebrochure.co.uk/images/products/prod_11101_61430_164462.jpg,https://myebrochure.co.uk/images/products.small/prod_11101_61430_164462.jpg,https://myebrochure.co.uk/images/products.hires/prod_11101_61430_164462.jpg,https://myebrochure.co.uk/images/brands/fotl_23.png,https://myebrochure.co.uk/images/products.hires/prod_61430_131497.jpg,https://myebrochure.co.uk/images/products.hires/prod_61430_131495.jpg,https://myebrochure.co.uk/images/products.hires/prod_61430_131496.jpg,,,,,,,,"<li>100&#37; combed ringspun cotton</li> <li>Soft hand feel</li> <li>Tailored fit</li> <li>Crew neck with 1x1 rib</li> <li>Self-fabric back neck tape</li> <li>New tear away back neck label</li> <li><b>Also available in ladies sizes code 61432, kids sizes code 61023 and girl&#39;s sizes code 61025</b></li>",61091000,MA
171713,0000001716214,61430,TSHIRT,T-SHIRTS,MSSTSH,MENS SHORT SLEEVE T-SHIRT,FOTL,Fruit Of The Loom,ME0028,47,Kelly Green,0012  ,XL,Men's Iconic 150 T,2.09,1,12,72,08/04/2026 09:06:57,C,https://myebrochure.co.uk/images/colours/fotl/fotl-47.jpg,https://myebrochure.co.uk/images/products/prod_11101_61430_164462.jpg,https://myebrochure.co.uk/images/products.small/prod_11101_61430_164462.jpg,https://myebrochure.co.uk/images/products.hires/prod_11101_61430_164462.jpg,https://myebrochure.co.uk/images/brands/fotl_23.png,https://myebrochure.co.uk/images/products.hires/prod_61430_131497.jpg,https://myebrochure.co.uk/images/products.hires/prod_61430_131495.jpg,https://myebrochure.co.uk/images/products.hires/prod_61430_131496.jpg,,,,,,,,"<li>100&#37; combed ringspun cotton</li> <li>Soft hand feel</li> <li>Tailored fit</li> <li>Crew neck with 1x1 rib</li> <li>Self-fabric back neck tape</li> <li>New tear away back neck label</li> <li><b>Also available in ladies sizes code 61432, kids sizes code 61023 and girl&#39;s sizes code 61025</b></li>",61091000,MA
171714,0000001716221,61430,TSHIRT,T-SHIRTS,MSSTSH,MENS SHORT SLEEVE T-SHIRT,FOTL,Fruit Of The Loom,ME0028,47,Kelly Green,0012  ,2XL,Men's Iconic 150 T,2.09,1,12,72,08/04/2026 09:06:57,C,https://myebrochure.co.uk/images/colours/fotl/fotl-47.jpg,https://myebrochure.co.uk/images/products/prod_11101_61430_164462.jpg,https://myebrochure.co.uk/images/products.small/prod_11101_61430_164462.jpg,https://myebrochure.co.uk/images/products.hires/prod_11101_61430_164462.jpg,https://myebrochure.co.uk/images/brands/fotl_23.png,https://myebrochure.co.uk/images/products.hires/prod_61430_131497.jpg,https://myebrochure.co.uk/images/products.hires/prod_61430_131495.jpg,https://myebrochure.co.uk/images/products.hires/prod_61430_131496.jpg,,,,,,,,"<li>100&#37; combed ringspun cotton</li> <li>Soft hand feel</li> <li>Tailored fit</li> <li>Crew neck with 1x1 rib</li> <li>Self-fabric back neck tape</li> <li>New tear away back neck label</li> <li><b>Also available in ladies sizes code 61432, kids sizes code 61023 and girl&#39;s sizes code 61025</b></li>",61091000,MA
171715,0000001716238,61430,TSHIRT,T-SHIRTS,MSSTSH,MENS SHORT SLEEVE T-SHIRT,FOTL,Fruit Of The Loom,ME0028,47,Kelly Green,0012  ,3XL,Men's Iconic 150 T,2.85,1,12,36,08/04/2026 09:06:57,C,https://myebrochure.co.uk/images/colours/fotl/fotl-47.jpg,https://myebrochure.co.uk/images/products/prod_11101_61430_164462.jpg,https://myebrochure.co.uk/images/products.small/prod_11101_61430_164462.jpg,https://myebrochure.co.uk/images/products.hires/prod_11101_61430_164462.jpg,https://myebrochure.co.uk/images/brands/fotl_23.png,https://myebrochure.co.uk/images/products.hires/prod_61430_131497.jpg,https://myebrochure.co.uk/images/products.hires/prod_61430_131495.jpg,https://myebrochure.co.uk/images/products.hires/prod_61430_131496.jpg,,,,,,,,"<li>100&#37; combed ringspun cotton</li> <li>Soft hand feel</li> <li>Tailored fit</li> <li>Crew neck with 1x1 rib</li> <li>Self-fabric back neck tape</li> <li>New tear away back neck label</li> <li><b>Also available in ladies sizes code 61432, kids sizes code 61023 and girl&#39;s sizes code 61025</b></li>",61091000,MA
171718,0000001716269,61430,TSHIRT,T-SHIRTS,MSSTSH,MENS SHORT SLEEVE T-SHIRT,FOTL,Fruit Of The Loom,ME0028,51,Royal,0012  ,Small,Men's Iconic 150 T,2.09,1,12,72,08/04/2026 09:06:57,C,https://myebrochure.co.uk/images/colours/fotl/fotl-51.jpg,https://myebrochure.co.uk/images/products/prod_11101_61430_164462.jpg,https://myebrochure.co.uk/images/products.small/prod_11101_61430_164462.jpg,https://myebrochure.co.uk/images/products.hires/prod_11101_61430_164462.jpg,https://myebrochure.co.uk/images/brands/fotl_23.png,https://myebrochure.co.uk/images/products.hires/prod_61430_131500.jpg,https://myebrochure.co.uk/images/products.hires/prod_61430_131498.jpg,https://myebrochure.co.uk/images/products.hires/prod_61430_131499.jpg,,,,,,,,"<li>100&#37; combed ringspun cotton</li> <li>Soft hand feel</li> <li>Tailored fit</li> <li>Crew neck with 1x1 rib</li> <li>Self-fabric back neck tape</li> <li>New tear away back neck label</li> <li><b>Also available in ladies sizes code 61432, kids sizes code 61023 and girl&#39;s sizes code 61025</b></li>",61091000,MA
171719,0000001716276,61430,TSHIRT,T-SHIRTS,MSSTSH,MENS SHORT SLEEVE T-SHIRT,FOTL,Fruit Of The Loom,ME0028,51,Royal,0012  ,Medium,Men's Iconic 150 T,2.09,1,12,72,08/04/2026 09:06:57,C,https://myebrochure.co.uk/images/colours/fotl/fotl-51.jpg,https://myebrochure.co.uk/images/products/prod_11101_61430_164462.jpg,https://myebrochure.co.uk/images/products.small/prod_11101_61430_164462.jpg,https://myebrochure.co.uk/images/products.hires/prod_11101_61430_164462.jpg,https://myebrochure.co.uk/images/brands/fotl_23.png,https://myebrochure.co.uk/images/products.hires/prod_61430_131500.jpg,https://myebrochure.co.uk/images/products.hires/prod_61430_131498.jpg,https://myebrochure.co.uk/images/products.hires/prod_61430_131499.jpg,,,,,,,,"<li>100&#37; combed ringspun cotton</li> <li>Soft hand feel</li> <li>Tailored fit</li> <li>Crew neck with 1x1 rib</li> <li>Self-fabric back neck tape</li> <li>New tear away back neck label</li> <li><b>Also available in ladies sizes code 61432, kids sizes code 61023 and girl&#39;s sizes code 61025</b></li>",61091000,MA
171720,0000001716283,61430,TSHIRT,T-SHIRTS,MSSTSH,MENS SHORT SLEEVE T-SHIRT,FOTL,Fruit Of The Loom,ME0028,51,Royal,0012  ,Large,Men's Iconic 150 T,2.09,1,12,72,08/04/2026 09:06:57,C,https://myebrochure.co.uk/images/colours/fotl/fotl-51.jpg,https://myebrochure.co.uk/images/products/prod_11101_61430_164462.jpg,https://myebrochure.co.uk/images/products.small/prod_11101_61430_164462.jpg,https://myebrochure.co.uk/images/products.hires/prod_11101_61430_164462.jpg,https://myebrochure.co.uk/images/brands/fotl_23.png,https://myebrochure.co.uk/images/products.hires/prod_61430_131500.jpg,https://myebrochure.co.uk/images/products.hires/prod_61430_131498.jpg,https://myebrochure.co.uk/images/products.hires/prod_61430_131499.jpg,,,,,,,,"<li>100&#37; combed ringspun cotton</li> <li>Soft hand feel</li> <li>Tailored fit</li> <li>Crew neck with 1x1 rib</li> <li>Self-fabric back neck tape</li> <li>New tear away back neck label</li> <li><b>Also available in ladies sizes code 61432, kids sizes code 61023 and girl&#39;s sizes code 61025</b></li>",61091000,MA
171721,0000001716290,61430,TSHIRT,T-SHIRTS,MSSTSH,MENS SHORT SLEEVE T-SHIRT,FOTL,Fruit Of The Loom,ME0028,51,Royal,0012  ,XL,Men's Iconic 150 T,2.09,1,12,72,08/04/2026 09:06:57,C,https://myebrochure.co.uk/images/colours/fotl/fotl-51.jpg,https://myebrochure.co.uk/images/products/prod_11101_61430_164462.jpg,https://myebrochure.co.uk/images/products.small/prod_11101_61430_164462.jpg,https://myebrochure.co.uk/images/products.hires/prod_11101_61430_164462.jpg,https://myebrochure.co.uk/images/brands/fotl_23.png,https://myebrochure.co.uk/images/products.hires/prod_61430_131500.jpg,https://myebrochure.co.uk/images/products.hires/prod_61430_131498.jpg,https://myebrochure.co.uk/images/products.hires/prod_61430_131499.jpg,,,,,,,,"<li>100&#37; combed ringspun cotton</li> <li>Soft hand feel</li> <li>Tailored fit</li> <li>Crew neck with 1x1 rib</li> <li>Self-fabric back neck tape</li> <li>New tear away back neck label</li> <li><b>Also available in ladies sizes code 61432, kids sizes code 61023 and girl&#39;s sizes code 61025</b></li>",61091000,MA
171722,0000001716306,61430,TSHIRT,T-SHIRTS,MSSTSH,MENS SHORT SLEEVE T-SHIRT,FOTL,Fruit Of The Loom,ME0028,51,Royal,0012  ,2XL,Men's Iconic 150 T,2.09,1,12,72,08/04/2026 09:06:57,C,https://myebrochure.co.uk/images/colours/fotl/fotl-51.jpg,https://myebrochure.co.uk/images/products/prod_11101_61430_164462.jpg,https://myebrochure.co.uk/images/products.small/prod_11101_61430_164462.jpg,https://myebrochure.co.uk/images/products.hires/prod_11101_61430_164462.jpg,https://myebrochure.co.uk/images/brands/fotl_23.png,https://myebrochure.co.uk/images/products.hires/prod_61430_131500.jpg,https://myebrochure.co.uk/images/products.hires/prod_61430_131498.jpg,https://myebrochure.co.uk/images/products.hires/prod_61430_131499.jpg,,,,,,,,"<li>100&#37; combed ringspun cotton</li> <li>Soft hand feel</li> <li>Tailored fit</li> <li>Crew neck with 1x1 rib</li> <li>Self-fabric back neck tape</li> <li>New tear away back neck label</li> <li><b>Also available in ladies sizes code 61432, kids sizes code 61023 and girl&#39;s sizes code 61025</b></li>",61091000,MA
171723,0000001716313,61430,TSHIRT,T-SHIRTS,MSSTSH,MENS SHORT SLEEVE T-SHIRT,FOTL,Fruit Of The Loom,ME0028,51,Royal,0012  ,3XL,Men's Iconic 150 T,2.85,1,12,36,08/04/2026 09:06:57,C,https://myebrochure.co.uk/images/colours/fotl/fotl-51.jpg,https://myebrochure.co.uk/images/products/prod_11101_61430_164462.jpg,https://myebrochure.co.uk/images/products.small/prod_11101_61430_164462.jpg,https://myebrochure.co.uk/images/products.hires/prod_11101_61430_164462.jpg,https://myebrochure.co.uk/images/brands/fotl_23.png,https://myebrochure.co.uk/images/products.hires/prod_61430_131500.jpg,https://myebrochure.co.uk/images/products.hires/prod_61430_131498.jpg,https://myebrochure.co.uk/images/products.hires/prod_61430_131499.jpg,,,,,,,,"<li>100&#37; combed ringspun cotton</li> <li>Soft hand feel</li> <li>Tailored fit</li> <li>Crew neck with 1x1 rib</li> <li>Self-fabric back neck tape</li> <li>New tear away back neck label</li> <li><b>Also available in ladies sizes code 61432, kids sizes code 61023 and girl&#39;s sizes code 61025</b></li>",61091000,MA
171726,0000001716344,61430,TSHIRT,T-SHIRTS,MSSTSH,MENS SHORT SLEEVE T-SHIRT,FOTL,Fruit Of The Loom,ME0028,59,Classic Olive,0012  ,Small,Men's Iconic 150 T,2.09,1,12,72,08/04/2026 09:06:57,C,https://myebrochure.co.uk/images/colours/fotl/fotl-59.jpg,https://myebrochure.co.uk/images/products/prod_11101_61430_164462.jpg,https://myebrochure.co.uk/images/products.small/prod_11101_61430_164462.jpg,https://myebrochure.co.uk/images/products.hires/prod_11101_61430_164462.jpg,https://myebrochure.co.uk/images/brands/fotl_23.png,https://myebrochure.co.uk/images/products.hires/prod_61430_131503.jpg,https://myebrochure.co.uk/images/products.hires/prod_61430_131501.jpg,https://myebrochure.co.uk/images/products.hires/prod_61430_131502.jpg,,,,,,,,"<li>100&#37; combed ringspun cotton</li> <li>Soft hand feel</li> <li>Tailored fit</li> <li>Crew neck with 1x1 rib</li> <li>Self-fabric back neck tape</li> <li>New tear away back neck label</li> <li><b>Also available in ladies sizes code 61432, kids sizes code 61023 and girl&#39;s sizes code 61025</b></li>",61091000,MA
171727,0000001716351,61430,TSHIRT,T-SHIRTS,MSSTSH,MENS SHORT SLEEVE T-SHIRT,FOTL,Fruit Of The Loom,ME0028,59,Classic Olive,0012  ,Medium,Men's Iconic 150 T,2.09,1,12,72,08/04/2026 09:06:57,C,https://myebrochure.co.uk/images/colours/fotl/fotl-59.jpg,https://myebrochure.co.uk/images/products/prod_11101_61430_164462.jpg,https://myebrochure.co.uk/images/products.small/prod_11101_61430_164462.jpg,https://myebrochure.co.uk/images/products.hires/prod_11101_61430_164462.jpg,https://myebrochure.co.uk/images/brands/fotl_23.png,https://myebrochure.co.uk/images/products.hires/prod_61430_131503.jpg,https://myebrochure.co.uk/images/products.hires/prod_61430_131501.jpg,https://myebrochure.co.uk/images/products.hires/prod_61430_131502.jpg,,,,,,,,"<li>100&#37; combed ringspun cotton</li> <li>Soft hand feel</li> <li>Tailored fit</li> <li>Crew neck with 1x1 rib</li> <li>Self-fabric back neck tape</li> <li>New tear away back neck label</li> <li><b>Also available in ladies sizes code 61432, kids sizes code 61023 and girl&#39;s sizes code 61025</b></li>",61091000,MA
171728,0000001716368,61430,TSHIRT,T-SHIRTS,MSSTSH,MENS SHORT SLEEVE T-SHIRT,FOTL,Fruit Of The Loom,ME0028,59,Classic Olive,0012  ,Large,Men's Iconic 150 T,2.09,1,12,72,08/04/2026 09:06:57,C,https://myebrochure.co.uk/images/colours/fotl/fotl-59.jpg,https://myebrochure.co.uk/images/products/prod_11101_61430_164462.jpg,https://myebrochure.co.uk/images/products.small/prod_11101_61430_164462.jpg,https://myebrochure.co.uk/images/products.hires/prod_11101_61430_164462.jpg,https://myebrochure.co.uk/images/brands/fotl_23.png,https://myebrochure.co.uk/images/products.hires/prod_61430_131503.jpg,https://myebrochure.co.uk/images/products.hires/prod_61430_131501.jpg,https://myebrochure.co.uk/images/products.hires/prod_61430_131502.jpg,,,,,,,,"<li>100&#37; combed ringspun cotton</li> <li>Soft hand feel</li> <li>Tailored fit</li> <li>Crew neck with 1x1 rib</li> <li>Self-fabric back neck tape</li> <li>New tear away back neck label</li> <li><b>Also available in ladies sizes code 61432, kids sizes code 61023 and girl&#39;s sizes code 61025</b></li>",61091000,MA
171729,0000001716375,61430,TSHIRT,T-SHIRTS,MSSTSH,MENS SHORT SLEEVE T-SHIRT,FOTL,Fruit Of The Loom,ME0028,59,Classic Olive,0012  ,XL,Men's Iconic 150 T,2.09,1,12,72,08/04/2026 09:06:57,C,https://myebrochure.co.uk/images/colours/fotl/fotl-59.jpg,https://myebrochure.co.uk/images/products/prod_11101_61430_164462.jpg,https://myebrochure.co.uk/images/products.small/prod_11101_61430_164462.jpg,https://myebrochure.co.uk/images/products.hires/prod_11101_61430_164462.jpg,https://myebrochure.co.uk/images/brands/fotl_23.png,https://myebrochure.co.uk/images/products.hires/prod_61430_131503.jpg,https://myebrochure.co.uk/images/products.hires/prod_61430_131501.jpg,https://myebrochure.co.uk/images/products.hires/prod_61430_131502.jpg,,,,,,,,"<li>100&#37; combed ringspun cotton</li> <li>Soft hand feel</li> <li>Tailored fit</li> <li>Crew neck with 1x1 rib</li> <li>Self-fabric back neck tape</li> <li>New tear away back neck label</li> <li><b>Also available in ladies sizes code 61432, kids sizes code 61023 and girl&#39;s sizes code 61025</b></li>",61091000,MA
171730,0000001716382,61430,TSHIRT,T-SHIRTS,MSSTSH,MENS SHORT SLEEVE T-SHIRT,FOTL,Fruit Of The Loom,ME0028,59,Classic Olive,0012  ,2XL,Men's Iconic 150 T,2.09,1,12,72,08/04/2026 09:06:57,C,https://myebrochure.co.uk/images/colours/fotl/fotl-59.jpg,https://myebrochure.co.uk/images/products/prod_11101_61430_164462.jpg,https://myebrochure.co.uk/images/products.small/prod_11101_61430_164462.jpg,https://myebrochure.co.uk/images/products.hires/prod_11101_61430_164462.jpg,https://myebrochure.co.uk/images/brands/fotl_23.png,https://myebrochure.co.uk/images/products.hires/prod_61430_131503.jpg,https://myebrochure.co.uk/images/products.hires/prod_61430_131501.jpg,https://myebrochure.co.uk/images/products.hires/prod_61430_131502.jpg,,,,,,,,"<li>100&#37; combed ringspun cotton</li> <li>Soft hand feel</li> <li>Tailored fit</li> <li>Crew neck with 1x1 rib</li> <li>Self-fabric back neck tape</li> <li>New tear away back neck label</li> <li><b>Also available in ladies sizes code 61432, kids sizes code 61023 and girl&#39;s sizes code 61025</b></li>",61091000,MA
171731,0000001716399,61430,TSHIRT,T-SHIRTS,MSSTSH,MENS SHORT SLEEVE T-SHIRT,FOTL,Fruit Of The Loom,ME0028,59,Classic Olive,0012  ,3XL,Men's Iconic 150 T,2.85,1,12,36,08/04/2026 09:06:57,C,https://myebrochure.co.uk/images/colours/fotl/fotl-59.jpg,https://myebrochure.co.uk/images/products/prod_11101_61430_164462.jpg,https://myebrochure.co.uk/images/products.small/prod_11101_61430_164462.jpg,https://myebrochure.co.uk/images/products.hires/prod_11101_61430_164462.jpg,https://myebrochure.co.uk/images/brands/fotl_23.png,https://myebrochure.co.uk/images/products.hires/prod_61430_131503.jpg,https://myebrochure.co.uk/images/products.hires/prod_61430_131501.jpg,https://myebrochure.co.uk/images/products.hires/prod_61430_131502.jpg,,,,,,,,"<li>100&#37; combed ringspun cotton</li> <li>Soft hand feel</li> <li>Tailored fit</li> <li>Crew neck with 1x1 rib</li> <li>Self-fabric back neck tape</li> <li>New tear away back neck label</li> <li><b>Also available in ladies sizes code 61432, kids sizes code 61023 and girl&#39;s sizes code 61025</b></li>",61091000,MA
171734,0000001716429,61430,TSHIRT,T-SHIRTS,MSSTSH,MENS SHORT SLEEVE T-SHIRT,FOTL,Fruit Of The Loom,ME0028,60,Natural,0012  ,Small,Men's Iconic 150 T,1.65,1,12,72,08/04/2026 09:06:57,C,https://myebrochure.co.uk/images/colours/fotl/fotl-60.jpg,https://myebrochure.co.uk/images/products/prod_11101_61430_164462.jpg,https://myebrochure.co.uk/images/products.small/prod_11101_61430_164462.jpg,https://myebrochure.co.uk/images/products.hires/prod_11101_61430_164462.jpg,https://myebrochure.co.uk/images/brands/fotl_23.png,https://myebrochure.co.uk/images/products.hires/prod_61430_132029.jpg,https://myebrochure.co.uk/images/products.hires/prod_61430_132028.jpg,https://myebrochure.co.uk/images/products.hires/prod_61430_132030.jpg,,,,,,,,"<li>100&#37; combed ringspun cotton</li> <li>Soft hand feel</li> <li>Tailored fit</li> <li>Crew neck with 1x1 rib</li> <li>Self-fabric back neck tape</li> <li>New tear away back neck label</li> <li><b>Also available in ladies sizes code 61432, kids sizes code 61023 and girl&#39;s sizes code 61025</b></li>",61091000,MA
171735,0000001716436,61430,TSHIRT,T-SHIRTS,MSSTSH,MENS SHORT SLEEVE T-SHIRT,FOTL,Fruit Of The Loom,ME0028,60,Natural,0012  ,Medium,Men's Iconic 150 T,1.65,1,12,72,08/04/2026 09:06:57,C,https://myebrochure.co.uk/images/colours/fotl/fotl-60.jpg,https://myebrochure.co.uk/images/products/prod_11101_61430_164462.jpg,https://myebrochure.co.uk/images/products.small/prod_11101_61430_164462.jpg,https://myebrochure.co.uk/images/products.hires/prod_11101_61430_164462.jpg,https://myebrochure.co.uk/images/brands/fotl_23.png,https://myebrochure.co.uk/images/products.hires/prod_61430_132029.jpg,https://myebrochure.co.uk/images/products.hires/prod_61430_132028.jpg,https://myebrochure.co.uk/images/products.hires/prod_61430_132030.jpg,,,,,,,,"<li>100&#37; combed ringspun cotton</li> <li>Soft hand feel</li> <li>Tailored fit</li> <li>Crew neck with 1x1 rib</li> <li>Self-fabric back neck tape</li> <li>New tear away back neck label</li> <li><b>Also available in ladies sizes code 61432, kids sizes code 61023 and girl&#39;s sizes code 61025</b></li>",61091000,MA
171736,0000001716443,61430,TSHIRT,T-SHIRTS,MSSTSH,MENS SHORT SLEEVE T-SHIRT,FOTL,Fruit Of The Loom,ME0028,60,Natural,0012  ,Large,Men's Iconic 150 T,1.65,1,12,72,08/04/2026 09:06:57,C,https://myebrochure.co.uk/images/colours/fotl/fotl-60.jpg,https://myebrochure.co.uk/images/products/prod_11101_61430_164462.jpg,https://myebrochure.co.uk/images/products.small/prod_11101_61430_164462.jpg,https://myebrochure.co.uk/images/products.hires/prod_11101_61430_164462.jpg,https://myebrochure.co.uk/images/brands/fotl_23.png,https://myebrochure.co.uk/images/products.hires/prod_61430_132029.jpg,https://myebrochure.co.uk/images/products.hires/prod_61430_132028.jpg,https://myebrochure.co.uk/images/products.hires/prod_61430_132030.jpg,,,,,,,,"<li>100&#37; combed ringspun cotton</li> <li>Soft hand feel</li> <li>Tailored fit</li> <li>Crew neck with 1x1 rib</li> <li>Self-fabric back neck tape</li> <li>New tear away back neck label</li> <li><b>Also available in ladies sizes code 61432, kids sizes code 61023 and girl&#39;s sizes code 61025</b></li>",61091000,MA
171737,0000001716450,61430,TSHIRT,T-SHIRTS,MSSTSH,MENS SHORT SLEEVE T-SHIRT,FOTL,Fruit Of The Loom,ME0028,60,Natural,0012  ,XL,Men's Iconic 150 T,1.65,1,12,72,08/04/2026 09:06:57,C,https://myebrochure.co.uk/images/colours/fotl/fotl-60.jpg,https://myebrochure.co.uk/images/products/prod_11101_61430_164462.jpg,https://myebrochure.co.uk/images/products.small/prod_11101_61430_164462.jpg,https://myebrochure.co.uk/images/products.hires/prod_11101_61430_164462.jpg,https://myebrochure.co.uk/images/brands/fotl_23.png,https://myebrochure.co.uk/images/products.hires/prod_61430_132029.jpg,https://myebrochure.co.uk/images/products.hires/prod_61430_132028.jpg,https://myebrochure.co.uk/images/products.hires/prod_61430_132030.jpg,,,,,,,,"<li>100&#37; combed ringspun cotton</li> <li>Soft hand feel</li> <li>Tailored fit</li> <li>Crew neck with 1x1 rib</li> <li>Self-fabric back neck tape</li> <li>New tear away back neck label</li> <li><b>Also available in ladies sizes code 61432, kids sizes code 61023 and girl&#39;s sizes code 61025</b></li>",61091000,MA
171738,0000001716467,61430,TSHIRT,T-SHIRTS,MSSTSH,MENS SHORT SLEEVE T-SHIRT,FOTL,Fruit Of The Loom,ME0028,60,Natural,0012  ,2XL,Men's Iconic 150 T,1.65,1,12,72,08/04/2026 09:06:57,C,https://myebrochure.co.uk/images/colours/fotl/fotl-60.jpg,https://myebrochure.co.uk/images/products/prod_11101_61430_164462.jpg,https://myebrochure.co.uk/images/products.small/prod_11101_61430_164462.jpg,https://myebrochure.co.uk/images/products.hires/prod_11101_61430_164462.jpg,https://myebrochure.co.uk/images/brands/fotl_23.png,https://myebrochure.co.uk/images/products.hires/prod_61430_132029.jpg,https://myebrochure.co.uk/images/products.hires/prod_61430_132028.jpg,https://myebrochure.co.uk/images/products.hires/prod_61430_132030.jpg,,,,,,,,"<li>100&#37; combed ringspun cotton</li> <li>Soft hand feel</li> <li>Tailored fit</li> <li>Crew neck with 1x1 rib</li> <li>Self-fabric back neck tape</li> <li>New tear away back neck label</li> <li><b>Also available in ladies sizes code 61432, kids sizes code 61023 and girl&#39;s sizes code 61025</b></li>",61091000,MA
171739,0000001716474,61430,TSHIRT,T-SHIRTS,MSSTSH,MENS SHORT SLEEVE T-SHIRT,FOTL,Fruit Of The Loom,ME0028,60,Natural,0012  ,3XL,Men's Iconic 150 T,2.28,1,12,36,08/04/2026 09:06:57,C,https://myebrochure.co.uk/images/colours/fotl/fotl-60.jpg,https://myebrochure.co.uk/images/products/prod_11101_61430_164462.jpg,https://myebrochure.co.uk/images/products.small/prod_11101_61430_164462.jpg,https://myebrochure.co.uk/images/products.hires/prod_11101_61430_164462.jpg,https://myebrochure.co.uk/images/brands/fotl_23.png,https://myebrochure.co.uk/images/products.hires/prod_61430_132029.jpg,https://myebrochure.co.uk/images/products.hires/prod_61430_132028.jpg,https://myebrochure.co.uk/images/products.hires/prod_61430_132030.jpg,,,,,,,,"<li>100&#37; combed ringspun cotton</li> <li>Soft hand feel</li> <li>Tailored fit</li> <li>Crew neck with 1x1 rib</li> <li>Self-fabric back neck tape</li> <li>New tear away back neck label</li> <li><b>Also available in ladies sizes code 61432, kids sizes code 61023 and girl&#39;s sizes code 61025</b></li>",61091000,MA
171742,0000001716504,61430,TSHIRT,T-SHIRTS,MSSTSH,MENS SHORT SLEEVE T-SHIRT,FOTL,Fruit Of The Loom,ME0028,CB,Colbalt Blue,0012  ,Small,Men's Iconic 150 T,2.09,1,12,72,08/04/2026 09:06:57,C,https://myebrochure.co.uk/images/colours/fotl/fotl-cb.jpg,https://myebrochure.co.uk/images/products/prod_11101_61430_164462.jpg,https://myebrochure.co.uk/images/products.small/prod_11101_61430_164462.jpg,https://myebrochure.co.uk/images/products.hires/prod_11101_61430_164462.jpg,https://myebrochure.co.uk/images/brands/fotl_23.png,https://myebrochure.co.uk/images/products.hires/prod_61430_131512.jpg,https://myebrochure.co.uk/images/products.hires/prod_61430_131510.jpg,https://myebrochure.co.uk/images/products.hires/prod_61430_131511.jpg,,,,,,,,"<li>100&#37; combed ringspun cotton</li> <li>Soft hand feel</li> <li>Tailored fit</li> <li>Crew neck with 1x1 rib</li> <li>Self-fabric back neck tape</li> <li>New tear away back neck label</li> <li><b>Also available in ladies sizes code 61432, kids sizes code 61023 and girl&#39;s sizes code 61025</b></li>",61091000,MA
171743,0000001716511,61430,TSHIRT,T-SHIRTS,MSSTSH,MENS SHORT SLEEVE T-SHIRT,FOTL,Fruit Of The Loom,ME0028,CB,Colbalt Blue,0012  ,Medium,Men's Iconic 150 T,2.09,1,12,72,08/04/2026 09:06:57,C,https://myebrochure.co.uk/images/colours/fotl/fotl-cb.jpg,https://myebrochure.co.uk/images/products/prod_11101_61430_164462.jpg,https://myebrochure.co.uk/images/products.small/prod_11101_61430_164462.jpg,https://myebrochure.co.uk/images/products.hires/prod_11101_61430_164462.jpg,https://myebrochure.co.uk/images/brands/fotl_23.png,https://myebrochure.co.uk/images/products.hires/prod_61430_131512.jpg,https://myebrochure.co.uk/images/products.hires/prod_61430_131510.jpg,https://myebrochure.co.uk/images/products.hires/prod_61430_131511.jpg,,,,,,,,"<li>100&#37; combed ringspun cotton</li> <li>Soft hand feel</li> <li>Tailored fit</li> <li>Crew neck with 1x1 rib</li> <li>Self-fabric back neck tape</li> <li>New tear away back neck label</li> <li><b>Also available in ladies sizes code 61432, kids sizes code 61023 and girl&#39;s sizes code 61025</b></li>",61091000,MA
171744,0000001716528,61430,TSHIRT,T-SHIRTS,MSSTSH,MENS SHORT SLEEVE T-SHIRT,FOTL,Fruit Of The Loom,ME0028,CB,Colbalt Blue,0012  ,Large,Men's Iconic 150 T,2.09,1,12,72,08/04/2026 09:06:57,C,https://myebrochure.co.uk/images/colours/fotl/fotl-cb.jpg,https://myebrochure.co.uk/images/products/prod_11101_61430_164462.jpg,https://myebrochure.co.uk/images/products.small/prod_11101_61430_164462.jpg,https://myebrochure.co.uk/images/products.hires/prod_11101_61430_164462.jpg,https://myebrochure.co.uk/images/brands/fotl_23.png,https://myebrochure.co.uk/images/products.hires/prod_61430_131512.jpg,https://myebrochure.co.uk/images/products.hires/prod_61430_131510.jpg,https://myebrochure.co.uk/images/products.hires/prod_61430_131511.jpg,,,,,,,,"<li>100&#37; combed ringspun cotton</li> <li>Soft hand feel</li> <li>Tailored fit</li> <li>Crew neck with 1x1 rib</li> <li>Self-fabric back neck tape</li> <li>New tear away back neck label</li> <li><b>Also available in ladies sizes code 61432, kids sizes code 61023 and girl&#39;s sizes code 61025</b></li>",61091000,MA
171745,0000001716535,61430,TSHIRT,T-SHIRTS,MSSTSH,MENS SHORT SLEEVE T-SHIRT,FOTL,Fruit Of The Loom,ME0028,CB,Colbalt Blue,0012  ,XL,Men's Iconic 150 T,2.09,1,12,72,08/04/2026 09:06:57,C,https://myebrochure.co.uk/images/colours/fotl/fotl-cb.jpg,https://myebrochure.co.uk/images/products/prod_11101_61430_164462.jpg,https://myebrochure.co.uk/images/products.small/prod_11101_61430_164462.jpg,https://myebrochure.co.uk/images/products.hires/prod_11101_61430_164462.jpg,https://myebrochure.co.uk/images/brands/fotl_23.png,https://myebrochure.co.uk/images/products.hires/prod_61430_131512.jpg,https://myebrochure.co.uk/images/products.hires/prod_61430_131510.jpg,https://myebrochure.co.uk/images/products.hires/prod_61430_131511.jpg,,,,,,,,"<li>100&#37; combed ringspun cotton</li> <li>Soft hand feel</li> <li>Tailored fit</li> <li>Crew neck with 1x1 rib</li> <li>Self-fabric back neck tape</li> <li>New tear away back neck label</li> <li><b>Also available in ladies sizes code 61432, kids sizes code 61023 and girl&#39;s sizes code 61025</b></li>",61091000,MA
171746,0000001716542,61430,TSHIRT,T-SHIRTS,MSSTSH,MENS SHORT SLEEVE T-SHIRT,FOTL,Fruit Of The Loom,ME0028,CB,Colbalt Blue,0012  ,2XL,Men's Iconic 150 T,2.09,1,12,72,08/04/2026 09:06:57,C,https://myebrochure.co.uk/images/colours/fotl/fotl-cb.jpg,https://myebrochure.co.uk/images/products/prod_11101_61430_164462.jpg,https://myebrochure.co.uk/images/products.small/prod_11101_61430_164462.jpg,https://myebrochure.co.uk/images/products.hires/prod_11101_61430_164462.jpg,https://myebrochure.co.uk/images/brands/fotl_23.png,https://myebrochure.co.uk/images/products.hires/prod_61430_131512.jpg,https://myebrochure.co.uk/images/products.hires/prod_61430_131510.jpg,https://myebrochure.co.uk/images/products.hires/prod_61430_131511.jpg,,,,,,,,"<li>100&#37; combed ringspun cotton</li> <li>Soft hand feel</li> <li>Tailored fit</li> <li>Crew neck with 1x1 rib</li> <li>Self-fabric back neck tape</li> <li>New tear away back neck label</li> <li><b>Also available in ladies sizes code 61432, kids sizes code 61023 and girl&#39;s sizes code 61025</b></li>",61091000,MA
171747,0000001716559,61430,TSHIRT,T-SHIRTS,MSSTSH,MENS SHORT SLEEVE T-SHIRT,FOTL,Fruit Of The Loom,ME0028,CB,Colbalt Blue,0012  ,3XL,Men's Iconic 150 T,2.85,1,12,36,08/04/2026 09:06:57,C,https://myebrochure.co.uk/images/colours/fotl/fotl-cb.jpg,https://myebrochure.co.uk/images/products/prod_11101_61430_164462.jpg,https://myebrochure.co.uk/images/products.small/prod_11101_61430_164462.jpg,https://myebrochure.co.uk/images/products.hires/prod_11101_61430_164462.jpg,https://myebrochure.co.uk/images/brands/fotl_23.png,https://myebrochure.co.uk/images/products.hires/prod_61430_131512.jpg,https://myebrochure.co.uk/images/products.hires/prod_61430_131510.jpg,https://myebrochure.co.uk/images/products.hires/prod_61430_131511.jpg,,,,,,,,"<li>100&#37; combed ringspun cotton</li> <li>Soft hand feel</li> <li>Tailored fit</li> <li>Crew neck with 1x1 rib</li> <li>Self-fabric back neck tape</li> <li>New tear away back neck label</li> <li><b>Also available in ladies sizes code 61432, kids sizes code 61023 and girl&#39;s sizes code 61025</b></li>",61091000,MA
171750,0000001716580,61430,TSHIRT,T-SHIRTS,MSSTSH,MENS SHORT SLEEVE T-SHIRT,FOTL,Fruit Of The Loom,ME0028,FR,Flame,0012  ,Small,Men's Iconic 150 T,2.09,1,12,72,08/04/2026 09:06:57,C,https://myebrochure.co.uk/images/colours/fotl/fotl-fr.jpg,https://myebrochure.co.uk/images/products/prod_11101_61430_164462.jpg,https://myebrochure.co.uk/images/products.small/prod_11101_61430_164462.jpg,https://myebrochure.co.uk/images/products.hires/prod_11101_61430_164462.jpg,https://myebrochure.co.uk/images/brands/fotl_23.png,https://myebrochure.co.uk/images/products.hires/prod_61430_131515.jpg,https://myebrochure.co.uk/images/products.hires/prod_61430_131513.jpg,https://myebrochure.co.uk/images/products.hires/prod_61430_131514.jpg,,,,,,,,"<li>100&#37; combed ringspun cotton</li> <li>Soft hand feel</li> <li>Tailored fit</li> <li>Crew neck with 1x1 rib</li> <li>Self-fabric back neck tape</li> <li>New tear away back neck label</li> <li><b>Also available in ladies sizes code 61432, kids sizes code 61023 and girl&#39;s sizes code 61025</b></li>",61091000,MA
171751,0000001716597,61430,TSHIRT,T-SHIRTS,MSSTSH,MENS SHORT SLEEVE T-SHIRT,FOTL,Fruit Of The Loom,ME0028,FR,Flame,0012  ,Medium,Men's Iconic 150 T,2.09,1,12,72,08/04/2026 09:06:57,C,https://myebrochure.co.uk/images/colours/fotl/fotl-fr.jpg,https://myebrochure.co.uk/images/products/prod_11101_61430_164462.jpg,https://myebrochure.co.uk/images/products.small/prod_11101_61430_164462.jpg,https://myebrochure.co.uk/images/products.hires/prod_11101_61430_164462.jpg,https://myebrochure.co.uk/images/brands/fotl_23.png,https://myebrochure.co.uk/images/products.hires/prod_61430_131515.jpg,https://myebrochure.co.uk/images/products.hires/prod_61430_131513.jpg,https://myebrochure.co.uk/images/products.hires/prod_61430_131514.jpg,,,,,,,,"<li>100&#37; combed ringspun cotton</li> <li>Soft hand feel</li> <li>Tailored fit</li> <li>Crew neck with 1x1 rib</li> <li>Self-fabric back neck tape</li> <li>New tear away back neck label</li> <li><b>Also available in ladies sizes code 61432, kids sizes code 61023 and girl&#39;s sizes code 61025</b></li>",61091000,MA
171752,0000001716603,61430,TSHIRT,T-SHIRTS,MSSTSH,MENS SHORT SLEEVE T-SHIRT,FOTL,Fruit Of The Loom,ME0028,FR,Flame,0012  ,Large,Men's Iconic 150 T,2.09,1,12,72,08/04/2026 09:06:57,C,https://myebrochure.co.uk/images/colours/fotl/fotl-fr.jpg,https://myebrochure.co.uk/images/products/prod_11101_61430_164462.jpg,https://myebrochure.co.uk/images/products.small/prod_11101_61430_164462.jpg,https://myebrochure.co.uk/images/products.hires/prod_11101_61430_164462.jpg,https://myebrochure.co.uk/images/brands/fotl_23.png,https://myebrochure.co.uk/images/products.hires/prod_61430_131515.jpg,https://myebrochure.co.uk/images/products.hires/prod_61430_131513.jpg,https://myebrochure.co.uk/images/products.hires/prod_61430_131514.jpg,,,,,,,,"<li>100&#37; combed ringspun cotton</li> <li>Soft hand feel</li> <li>Tailored fit</li> <li>Crew neck with 1x1 rib</li> <li>Self-fabric back neck tape</li> <li>New tear away back neck label</li> <li><b>Also available in ladies sizes code 61432, kids sizes code 61023 and girl&#39;s sizes code 61025</b></li>",61091000,MA
171753,0000001716610,61430,TSHIRT,T-SHIRTS,MSSTSH,MENS SHORT SLEEVE T-SHIRT,FOTL,Fruit Of The Loom,ME0028,FR,Flame,0012  ,XL,Men's Iconic 150 T,2.09,1,12,72,08/04/2026 09:06:57,C,https://myebrochure.co.uk/images/colours/fotl/fotl-fr.jpg,https://myebrochure.co.uk/images/products/prod_11101_61430_164462.jpg,https://myebrochure.co.uk/images/products.small/prod_11101_61430_164462.jpg,https://myebrochure.co.uk/images/products.hires/prod_11101_61430_164462.jpg,https://myebrochure.co.uk/images/brands/fotl_23.png,https://myebrochure.co.uk/images/products.hires/prod_61430_131515.jpg,https://myebrochure.co.uk/images/products.hires/prod_61430_131513.jpg,https://myebrochure.co.uk/images/products.hires/prod_61430_131514.jpg,,,,,,,,"<li>100&#37; combed ringspun cotton</li> <li>Soft hand feel</li> <li>Tailored fit</li> <li>Crew neck with 1x1 rib</li> <li>Self-fabric back neck tape</li> <li>New tear away back neck label</li> <li><b>Also available in ladies sizes code 61432, kids sizes code 61023 and girl&#39;s sizes code 61025</b></li>",61091000,MA
171754,0000001716627,61430,TSHIRT,T-SHIRTS,MSSTSH,MENS SHORT SLEEVE T-SHIRT,FOTL,Fruit Of The Loom,ME0028,FR,Flame,0012  ,2XL,Men's Iconic 150 T,2.09,1,12,72,08/04/2026 09:06:57,C,https://myebrochure.co.uk/images/colours/fotl/fotl-fr.jpg,https://myebrochure.co.uk/images/products/prod_11101_61430_164462.jpg,https://myebrochure.co.uk/images/products.small/prod_11101_61430_164462.jpg,https://myebrochure.co.uk/images/products.hires/prod_11101_61430_164462.jpg,https://myebrochure.co.uk/images/brands/fotl_23.png,https://myebrochure.co.uk/images/products.hires/prod_61430_131515.jpg,https://myebrochure.co.uk/images/products.hires/prod_61430_131513.jpg,https://myebrochure.co.uk/images/products.hires/prod_61430_131514.jpg,,,,,,,,"<li>100&#37; combed ringspun cotton</li> <li>Soft hand feel</li> <li>Tailored fit</li> <li>Crew neck with 1x1 rib</li> <li>Self-fabric back neck tape</li> <li>New tear away back neck label</li> <li><b>Also available in ladies sizes code 61432, kids sizes code 61023 and girl&#39;s sizes code 61025</b></li>",61091000,MA
171755,0000001716634,61430,TSHIRT,T-SHIRTS,MSSTSH,MENS SHORT SLEEVE T-SHIRT,FOTL,Fruit Of The Loom,ME0028,FR,Flame,0012  ,3XL,Men's Iconic 150 T,2.85,1,12,36,08/04/2026 09:06:57,C,https://myebrochure.co.uk/images/colours/fotl/fotl-fr.jpg,https://myebrochure.co.uk/images/products/prod_11101_61430_164462.jpg,https://myebrochure.co.uk/images/products.small/prod_11101_61430_164462.jpg,https://myebrochure.co.uk/images/products.hires/prod_11101_61430_164462.jpg,https://myebrochure.co.uk/images/brands/fotl_23.png,https://myebrochure.co.uk/images/products.hires/prod_61430_131515.jpg,https://myebrochure.co.uk/images/products.hires/prod_61430_131513.jpg,https://myebrochure.co.uk/images/products.hires/prod_61430_131514.jpg,,,,,,,,"<li>100&#37; combed ringspun cotton</li> <li>Soft hand feel</li> <li>Tailored fit</li> <li>Crew neck with 1x1 rib</li> <li>Self-fabric back neck tape</li> <li>New tear away back neck label</li> <li><b>Also available in ladies sizes code 61432, kids sizes code 61023 and girl&#39;s sizes code 61025</b></li>",61091000,MA
171758,0000001716665,61430,TSHIRT,T-SHIRTS,MSSTSH,MENS SHORT SLEEVE T-SHIRT,FOTL,Fruit Of The Loom,ME0028,94,Heather Grey,0012  ,Small,Men's Iconic 150 T,2.09,1,12,72,08/04/2026 09:06:57,C,https://myebrochure.co.uk/images/colours/fotl/fotl-94.jpg,https://myebrochure.co.uk/images/products/prod_11101_61430_164462.jpg,https://myebrochure.co.uk/images/products.small/prod_11101_61430_164462.jpg,https://myebrochure.co.uk/images/products.hires/prod_11101_61430_164462.jpg,https://myebrochure.co.uk/images/brands/fotl_23.png,https://myebrochure.co.uk/images/products.hires/prod_61430_131506.jpg,https://myebrochure.co.uk/images/products.hires/prod_61430_131504.jpg,https://myebrochure.co.uk/images/products.hires/prod_61430_131505.jpg,,,,,,,,"<li>100&#37; combed ringspun cotton</li> <li>Soft hand feel</li> <li>Tailored fit</li> <li>Crew neck with 1x1 rib</li> <li>Self-fabric back neck tape</li> <li>New tear away back neck label</li> <li><b>Also available in ladies sizes code 61432, kids sizes code 61023 and girl&#39;s sizes code 61025</b></li>",61091000,MA
171759,0000001716672,61430,TSHIRT,T-SHIRTS,MSSTSH,MENS SHORT SLEEVE T-SHIRT,FOTL,Fruit Of The Loom,ME0028,94,Heather Grey,0012  ,Medium,Men's Iconic 150 T,2.09,1,12,72,08/04/2026 09:06:57,C,https://myebrochure.co.uk/images/colours/fotl/fotl-94.jpg,https://myebrochure.co.uk/images/products/prod_11101_61430_164462.jpg,https://myebrochure.co.uk/images/products.small/prod_11101_61430_164462.jpg,https://myebrochure.co.uk/images/products.hires/prod_11101_61430_164462.jpg,https://myebrochure.co.uk/images/brands/fotl_23.png,https://myebrochure.co.uk/images/products.hires/prod_61430_131506.jpg,https://myebrochure.co.uk/images/products.hires/prod_61430_131504.jpg,https://myebrochure.co.uk/images/products.hires/prod_61430_131505.jpg,,,,,,,,"<li>100&#37; combed ringspun cotton</li> <li>Soft hand feel</li> <li>Tailored fit</li> <li>Crew neck with 1x1 rib</li> <li>Self-fabric back neck tape</li> <li>New tear away back neck label</li> <li><b>Also available in ladies sizes code 61432, kids sizes code 61023 and girl&#39;s sizes code 61025</b></li>",61091000,MA
171760,0000001716689,61430,TSHIRT,T-SHIRTS,MSSTSH,MENS SHORT SLEEVE T-SHIRT,FOTL,Fruit Of The Loom,ME0028,94,Heather Grey,0012  ,Large,Men's Iconic 150 T,2.09,1,12,72,08/04/2026 09:06:57,C,https://myebrochure.co.uk/images/colours/fotl/fotl-94.jpg,https://myebrochure.co.uk/images/products/prod_11101_61430_164462.jpg,https://myebrochure.co.uk/images/products.small/prod_11101_61430_164462.jpg,https://myebrochure.co.uk/images/products.hires/prod_11101_61430_164462.jpg,https://myebrochure.co.uk/images/brands/fotl_23.png,https://myebrochure.co.uk/images/products.hires/prod_61430_131506.jpg,https://myebrochure.co.uk/images/products.hires/prod_61430_131504.jpg,https://myebrochure.co.uk/images/products.hires/prod_61430_131505.jpg,,,,,,,,"<li>100&#37; combed ringspun cotton</li> <li>Soft hand feel</li> <li>Tailored fit</li> <li>Crew neck with 1x1 rib</li> <li>Self-fabric back neck tape</li> <li>New tear away back neck label</li> <li><b>Also available in ladies sizes code 61432, kids sizes code 61023 and girl&#39;s sizes code 61025</b></li>",61091000,MA
171761,0000001716696,61430,TSHIRT,T-SHIRTS,MSSTSH,MENS SHORT SLEEVE T-SHIRT,FOTL,Fruit Of The Loom,ME0028,94,Heather Grey,0012  ,XL,Men's Iconic 150 T,2.09,1,12,72,08/04/2026 09:06:57,C,https://myebrochure.co.uk/images/colours/fotl/fotl-94.jpg,https://myebrochure.co.uk/images/products/prod_11101_61430_164462.jpg,https://myebrochure.co.uk/images/products.small/prod_11101_61430_164462.jpg,https://myebrochure.co.uk/images/products.hires/prod_11101_61430_164462.jpg,https://myebrochure.co.uk/images/brands/fotl_23.png,https://myebrochure.co.uk/images/products.hires/prod_61430_131506.jpg,https://myebrochure.co.uk/images/products.hires/prod_61430_131504.jpg,https://myebrochure.co.uk/images/products.hires/prod_61430_131505.jpg,,,,,,,,"<li>100&#37; combed ringspun cotton</li> <li>Soft hand feel</li> <li>Tailored fit</li> <li>Crew neck with 1x1 rib</li> <li>Self-fabric back neck tape</li> <li>New tear away back neck label</li> <li><b>Also available in ladies sizes code 61432, kids sizes code 61023 and girl&#39;s sizes code 61025</b></li>",61091000,MA
171762,0000001716702,61430,TSHIRT,T-SHIRTS,MSSTSH,MENS SHORT SLEEVE T-SHIRT,FOTL,Fruit Of The Loom,ME0028,94,Heather Grey,0012  ,2XL,Men's Iconic 150 T,2.09,1,12,72,08/04/2026 09:06:57,C,https://myebrochure.co.uk/images/colours/fotl/fotl-94.jpg,https://myebrochure.co.uk/images/products/prod_11101_61430_164462.jpg,https://myebrochure.co.uk/images/products.small/prod_11101_61430_164462.jpg,https://myebrochure.co.uk/images/products.hires/prod_11101_61430_164462.jpg,https://myebrochure.co.uk/images/brands/fotl_23.png,https://myebrochure.co.uk/images/products.hires/prod_61430_131506.jpg,https://myebrochure.co.uk/images/products.hires/prod_61430_131504.jpg,https://myebrochure.co.uk/images/products.hires/prod_61430_131505.jpg,,,,,,,,"<li>100&#37; combed ringspun cotton</li> <li>Soft hand feel</li> <li>Tailored fit</li> <li>Crew neck with 1x1 rib</li> <li>Self-fabric back neck tape</li> <li>New tear away back neck label</li> <li><b>Also available in ladies sizes code 61432, kids sizes code 61023 and girl&#39;s sizes code 61025</b></li>",61091000,MA
171763,0000001716719,61430,TSHIRT,T-SHIRTS,MSSTSH,MENS SHORT SLEEVE T-SHIRT,FOTL,Fruit Of The Loom,ME0028,94,Heather Grey,0012  ,3XL,Men's Iconic 150 T,2.85,1,12,36,08/04/2026 09:06:57,C,https://myebrochure.co.uk/images/colours/fotl/fotl-94.jpg,https://myebrochure.co.uk/images/products/prod_11101_61430_164462.jpg,https://myebrochure.co.uk/images/products.small/prod_11101_61430_164462.jpg,https://myebrochure.co.uk/images/products.hires/prod_11101_61430_164462.jpg,https://myebrochure.co.uk/images/brands/fotl_23.png,https://myebrochure.co.uk/images/products.hires/prod_61430_131506.jpg,https://myebrochure.co.uk/images/products.hires/prod_61430_131504.jpg,https://myebrochure.co.uk/images/products.hires/prod_61430_131505.jpg,,,,,,,,"<li>100&#37; combed ringspun cotton</li> <li>Soft hand feel</li> <li>Tailored fit</li> <li>Crew neck with 1x1 rib</li> <li>Self-fabric back neck tape</li> <li>New tear away back neck label</li> <li><b>Also available in ladies sizes code 61432, kids sizes code 61023 and girl&#39;s sizes code 61025</b></li>",61091000,MA
171764,0000001716726,61430,TSHIRT,T-SHIRTS,MSSTSH,MENS SHORT SLEEVE T-SHIRT,FOTL,Fruit Of The Loom,ME0028,94,Heather Grey,0012  ,4XL,Men's Iconic 150 T,2.85,1,12,36,08/04/2026 09:06:57,C,https://myebrochure.co.uk/images/colours/fotl/fotl-94.jpg,https://myebrochure.co.uk/images/products/prod_11101_61430_164462.jpg,https://myebrochure.co.uk/images/products.small/prod_11101_61430_164462.jpg,https://myebrochure.co.uk/images/products.hires/prod_11101_61430_164462.jpg,https://myebrochure.co.uk/images/brands/fotl_23.png,https://myebrochure.co.uk/images/products.hires/prod_61430_131506.jpg,https://myebrochure.co.uk/images/products.hires/prod_61430_131504.jpg,https://myebrochure.co.uk/images/products.hires/prod_61430_131505.jpg,,,,,,,,"<li>100&#37; combed ringspun cotton</li> <li>Soft hand feel</li> <li>Tailored fit</li> <li>Crew neck with 1x1 rib</li> <li>Self-fabric back neck tape</li> <li>New tear away back neck label</li> <li><b>Also available in ladies sizes code 61432, kids sizes code 61023 and girl&#39;s sizes code 61025</b></li>",61091000,MA
171765,0000001716733,61430,TSHIRT,T-SHIRTS,MSSTSH,MENS SHORT SLEEVE T-SHIRT,FOTL,Fruit Of The Loom,ME0028,94,Heather Grey,0012  ,5XL,Men's Iconic 150 T,2.85,1,12,36,08/04/2026 09:06:57,C,https://myebrochure.co.uk/images/colours/fotl/fotl-94.jpg,https://myebrochure.co.uk/images/products/prod_11101_61430_164462.jpg,https://myebrochure.co.uk/images/products.small/prod_11101_61430_164462.jpg,https://myebrochure.co.uk/images/products.hires/prod_11101_61430_164462.jpg,https://myebrochure.co.uk/images/brands/fotl_23.png,https://myebrochure.co.uk/images/products.hires/prod_61430_131506.jpg,https://myebrochure.co.uk/images/products.hires/prod_61430_131504.jpg,https://myebrochure.co.uk/images/products.hires/prod_61430_131505.jpg,,,,,,,,"<li>100&#37; combed ringspun cotton</li> <li>Soft hand feel</li> <li>Tailored fit</li> <li>Crew neck with 1x1 rib</li> <li>Self-fabric back neck tape</li> <li>New tear away back neck label</li> <li><b>Also available in ladies sizes code 61432, kids sizes code 61023 and girl&#39;s sizes code 61025</b></li>",61091000,MA
171766,0000001716740,61430,TSHIRT,T-SHIRTS,MSSTSH,MENS SHORT SLEEVE T-SHIRT,FOTL,Fruit Of The Loom,ME0028,AZ,Deep Navy,0012  ,Small,Men's Iconic 150 T,2.09,1,12,72,08/04/2026 09:06:57,C,https://myebrochure.co.uk/images/colours/fotl/fotl-az.jpg,https://myebrochure.co.uk/images/products/prod_11101_61430_164462.jpg,https://myebrochure.co.uk/images/products.small/prod_11101_61430_164462.jpg,https://myebrochure.co.uk/images/products.hires/prod_11101_61430_164462.jpg,https://myebrochure.co.uk/images/brands/fotl_23.png,https://myebrochure.co.uk/images/products.hires/prod_61430_131509.jpg,https://myebrochure.co.uk/images/products.hires/prod_61430_131507.jpg,https://myebrochure.co.uk/images/products.hires/prod_61430_131508.jpg,,,,,,,,"<li>100&#37; combed ringspun cotton</li> <li>Soft hand feel</li> <li>Tailored fit</li> <li>Crew neck with 1x1 rib</li> <li>Self-fabric back neck tape</li> <li>New tear away back neck label</li> <li><b>Also available in ladies sizes code 61432, kids sizes code 61023 and girl&#39;s sizes code 61025</b></li>",61091000,MA
171767,0000001716757,61430,TSHIRT,T-SHIRTS,MSSTSH,MENS SHORT SLEEVE T-SHIRT,FOTL,Fruit Of The Loom,ME0028,AZ,Deep Navy,0012  ,Medium,Men's Iconic 150 T,2.09,1,12,72,08/04/2026 09:06:57,C,https://myebrochure.co.uk/images/colours/fotl/fotl-az.jpg,https://myebrochure.co.uk/images/products/prod_11101_61430_164462.jpg,https://myebrochure.co.uk/images/products.small/prod_11101_61430_164462.jpg,https://myebrochure.co.uk/images/products.hires/prod_11101_61430_164462.jpg,https://myebrochure.co.uk/images/brands/fotl_23.png,https://myebrochure.co.uk/images/products.hires/prod_61430_131509.jpg,https://myebrochure.co.uk/images/products.hires/prod_61430_131507.jpg,https://myebrochure.co.uk/images/products.hires/prod_61430_131508.jpg,,,,,,,,"<li>100&#37; combed ringspun cotton</li> <li>Soft hand feel</li> <li>Tailored fit</li> <li>Crew neck with 1x1 rib</li> <li>Self-fabric back neck tape</li> <li>New tear away back neck label</li> <li><b>Also available in ladies sizes code 61432, kids sizes code 61023 and girl&#39;s sizes code 61025</b></li>",61091000,MA
171768,0000001716764,61430,TSHIRT,T-SHIRTS,MSSTSH,MENS SHORT SLEEVE T-SHIRT,FOTL,Fruit Of The Loom,ME0028,AZ,Deep Navy,0012  ,Large,Men's Iconic 150 T,2.09,1,12,72,08/04/2026 09:06:57,C,https://myebrochure.co.uk/images/colours/fotl/fotl-az.jpg,https://myebrochure.co.uk/images/products/prod_11101_61430_164462.jpg,https://myebrochure.co.uk/images/products.small/prod_11101_61430_164462.jpg,https://myebrochure.co.uk/images/products.hires/prod_11101_61430_164462.jpg,https://myebrochure.co.uk/images/brands/fotl_23.png,https://myebrochure.co.uk/images/products.hires/prod_61430_131509.jpg,https://myebrochure.co.uk/images/products.hires/prod_61430_131507.jpg,https://myebrochure.co.uk/images/products.hires/prod_61430_131508.jpg,,,,,,,,"<li>100&#37; combed ringspun cotton</li> <li>Soft hand feel</li> <li>Tailored fit</li> <li>Crew neck with 1x1 rib</li> <li>Self-fabric back neck tape</li> <li>New tear away back neck label</li> <li><b>Also available in ladies sizes code 61432, kids sizes code 61023 and girl&#39;s sizes code 61025</b></li>",61091000,MA
171769,0000001716771,61430,TSHIRT,T-SHIRTS,MSSTSH,MENS SHORT SLEEVE T-SHIRT,FOTL,Fruit Of The Loom,ME0028,AZ,Deep Navy,0012  ,XL,Men's Iconic 150 T,2.09,1,12,72,08/04/2026 09:06:57,C,https://myebrochure.co.uk/images/colours/fotl/fotl-az.jpg,https://myebrochure.co.uk/images/products/prod_11101_61430_164462.jpg,https://myebrochure.co.uk/images/products.small/prod_11101_61430_164462.jpg,https://myebrochure.co.uk/images/products.hires/prod_11101_61430_164462.jpg,https://myebrochure.co.uk/images/brands/fotl_23.png,https://myebrochure.co.uk/images/products.hires/prod_61430_131509.jpg,https://myebrochure.co.uk/images/products.hires/prod_61430_131507.jpg,https://myebrochure.co.uk/images/products.hires/prod_61430_131508.jpg,,,,,,,,"<li>100&#37; combed ringspun cotton</li> <li>Soft hand feel</li> <li>Tailored fit</li> <li>Crew neck with 1x1 rib</li> <li>Self-fabric back neck tape</li> <li>New tear away back neck label</li> <li><b>Also available in ladies sizes code 61432, kids sizes code 61023 and girl&#39;s sizes code 61025</b></li>",61091000,MA
171770,0000001716788,61430,TSHIRT,T-SHIRTS,MSSTSH,MENS SHORT SLEEVE T-SHIRT,FOTL,Fruit Of The Loom,ME0028,AZ,Deep Navy,0012  ,2XL,Men's Iconic 150 T,2.09,1,12,72,08/04/2026 09:06:57,C,https://myebrochure.co.uk/images/colours/fotl/fotl-az.jpg,https://myebrochure.co.uk/images/products/prod_11101_61430_164462.jpg,https://myebrochure.co.uk/images/products.small/prod_11101_61430_164462.jpg,https://myebrochure.co.uk/images/products.hires/prod_11101_61430_164462.jpg,https://myebrochure.co.uk/images/brands/fotl_23.png,https://myebrochure.co.uk/images/products.hires/prod_61430_131509.jpg,https://myebrochure.co.uk/images/products.hires/prod_61430_131507.jpg,https://myebrochure.co.uk/images/products.hires/prod_61430_131508.jpg,,,,,,,,"<li>100&#37; combed ringspun cotton</li> <li>Soft hand feel</li> <li>Tailored fit</li> <li>Crew neck with 1x1 rib</li> <li>Self-fabric back neck tape</li> <li>New tear away back neck label</li> <li><b>Also available in ladies sizes code 61432, kids sizes code 61023 and girl&#39;s sizes code 61025</b></li>",61091000,MA
171771,0000001716795,61430,TSHIRT,T-SHIRTS,MSSTSH,MENS SHORT SLEEVE T-SHIRT,FOTL,Fruit Of The Loom,ME0028,AZ,Deep Navy,0012  ,3XL,Men's Iconic 150 T,2.85,1,12,36,08/04/2026 09:06:57,C,https://myebrochure.co.uk/images/colours/fotl/fotl-az.jpg,https://myebrochure.co.uk/images/products/prod_11101_61430_164462.jpg,https://myebrochure.co.uk/images/products.small/prod_11101_61430_164462.jpg,https://myebrochure.co.uk/images/products.hires/prod_11101_61430_164462.jpg,https://myebrochure.co.uk/images/brands/fotl_23.png,https://myebrochure.co.uk/images/products.hires/prod_61430_131509.jpg,https://myebrochure.co.uk/images/products.hires/prod_61430_131507.jpg,https://myebrochure.co.uk/images/products.hires/prod_61430_131508.jpg,,,,,,,,"<li>100&#37; combed ringspun cotton</li> <li>Soft hand feel</li> <li>Tailored fit</li> <li>Crew neck with 1x1 rib</li> <li>Self-fabric back neck tape</li> <li>New tear away back neck label</li> <li><b>Also available in ladies sizes code 61432, kids sizes code 61023 and girl&#39;s sizes code 61025</b></li>",61091000,MA
171772,0000001716801,61430,TSHIRT,T-SHIRTS,MSSTSH,MENS SHORT SLEEVE T-SHIRT,FOTL,Fruit Of The Loom,ME0028,AZ,Deep Navy,0012  ,4XL,Men's Iconic 150 T,2.85,1,12,36,08/04/2026 09:06:57,C,https://myebrochure.co.uk/images/colours/fotl/fotl-az.jpg,https://myebrochure.co.uk/images/products/prod_11101_61430_164462.jpg,https://myebrochure.co.uk/images/products.small/prod_11101_61430_164462.jpg,https://myebrochure.co.uk/images/products.hires/prod_11101_61430_164462.jpg,https://myebrochure.co.uk/images/brands/fotl_23.png,https://myebrochure.co.uk/images/products.hires/prod_61430_131509.jpg,https://myebrochure.co.uk/images/products.hires/prod_61430_131507.jpg,https://myebrochure.co.uk/images/products.hires/prod_61430_131508.jpg,,,,,,,,"<li>100&#37; combed ringspun cotton</li> <li>Soft hand feel</li> <li>Tailored fit</li> <li>Crew neck with 1x1 rib</li> <li>Self-fabric back neck tape</li> <li>New tear away back neck label</li> <li><b>Also available in ladies sizes code 61432, kids sizes code 61023 and girl&#39;s sizes code 61025</b></li>",61091000,MA
171774,0000001716825,61430,TSHIRT,T-SHIRTS,MSSTSH,MENS SHORT SLEEVE T-SHIRT,FOTL,Fruit Of The Loom,ME0028,GL,Light Graphite,0012  ,Small,Men's Iconic 150 T,2.09,1,12,72,08/04/2026 09:06:57,C,https://myebrochure.co.uk/images/colours/fotl/fotl-gl.jpg,https://myebrochure.co.uk/images/products/prod_11101_61430_164462.jpg,https://myebrochure.co.uk/images/products.small/prod_11101_61430_164462.jpg,https://myebrochure.co.uk/images/products.hires/prod_11101_61430_164462.jpg,https://myebrochure.co.uk/images/brands/fotl_23.png,https://myebrochure.co.uk/images/products.hires/prod_61430_131518.jpg,https://myebrochure.co.uk/images/products.hires/prod_61430_131516.jpg,https://myebrochure.co.uk/images/products.hires/prod_61430_131517.jpg,,,,,,,,"<li>100&#37; combed ringspun cotton</li> <li>Soft hand feel</li> <li>Tailored fit</li> <li>Crew neck with 1x1 rib</li> <li>Self-fabric back neck tape</li> <li>New tear away back neck label</li> <li><b>Also available in ladies sizes code 61432, kids sizes code 61023 and girl&#39;s sizes code 61025</b></li>",61091000,MA
171775,0000001716832,61430,TSHIRT,T-SHIRTS,MSSTSH,MENS SHORT SLEEVE T-SHIRT,FOTL,Fruit Of The Loom,ME0028,GL,Light Graphite,0012  ,Medium,Men's Iconic 150 T,2.09,1,12,72,08/04/2026 09:06:57,C,https://myebrochure.co.uk/images/colours/fotl/fotl-gl.jpg,https://myebrochure.co.uk/images/products/prod_11101_61430_164462.jpg,https://myebrochure.co.uk/images/products.small/prod_11101_61430_164462.jpg,https://myebrochure.co.uk/images/products.hires/prod_11101_61430_164462.jpg,https://myebrochure.co.uk/images/brands/fotl_23.png,https://myebrochure.co.uk/images/products.hires/prod_61430_131518.jpg,https://myebrochure.co.uk/images/products.hires/prod_61430_131516.jpg,https://myebrochure.co.uk/images/products.hires/prod_61430_131517.jpg,,,,,,,,"<li>100&#37; combed ringspun cotton</li> <li>Soft hand feel</li> <li>Tailored fit</li> <li>Crew neck with 1x1 rib</li> <li>Self-fabric back neck tape</li> <li>New tear away back neck label</li> <li><b>Also available in ladies sizes code 61432, kids sizes code 61023 and girl&#39;s sizes code 61025</b></li>",61091000,MA
171776,0000001716849,61430,TSHIRT,T-SHIRTS,MSSTSH,MENS SHORT SLEEVE T-SHIRT,FOTL,Fruit Of The Loom,ME0028,GL,Light Graphite,0012  ,Large,Men's Iconic 150 T,2.09,1,12,72,08/04/2026 09:06:57,C,https://myebrochure.co.uk/images/colours/fotl/fotl-gl.jpg,https://myebrochure.co.uk/images/products/prod_11101_61430_164462.jpg,https://myebrochure.co.uk/images/products.small/prod_11101_61430_164462.jpg,https://myebrochure.co.uk/images/products.hires/prod_11101_61430_164462.jpg,https://myebrochure.co.uk/images/brands/fotl_23.png,https://myebrochure.co.uk/images/products.hires/prod_61430_131518.jpg,https://myebrochure.co.uk/images/products.hires/prod_61430_131516.jpg,https://myebrochure.co.uk/images/products.hires/prod_61430_131517.jpg,,,,,,,,"<li>100&#37; combed ringspun cotton</li> <li>Soft hand feel</li> <li>Tailored fit</li> <li>Crew neck with 1x1 rib</li> <li>Self-fabric back neck tape</li> <li>New tear away back neck label</li> <li><b>Also available in ladies sizes code 61432, kids sizes code 61023 and girl&#39;s sizes code 61025</b></li>",61091000,MA
171777,0000001716856,61430,TSHIRT,T-SHIRTS,MSSTSH,MENS SHORT SLEEVE T-SHIRT,FOTL,Fruit Of The Loom,ME0028,GL,Light Graphite,0012  ,XL,Men's Iconic 150 T,2.09,1,12,72,08/04/2026 09:06:57,C,https://myebrochure.co.uk/images/colours/fotl/fotl-gl.jpg,https://myebrochure.co.uk/images/products/prod_11101_61430_164462.jpg,https://myebrochure.co.uk/images/products.small/prod_11101_61430_164462.jpg,https://myebrochure.co.uk/images/products.hires/prod_11101_61430_164462.jpg,https://myebrochure.co.uk/images/brands/fotl_23.png,https://myebrochure.co.uk/images/products.hires/prod_61430_131518.jpg,https://myebrochure.co.uk/images/products.hires/prod_61430_131516.jpg,https://myebrochure.co.uk/images/products.hires/prod_61430_131517.jpg,,,,,,,,"<li>100&#37; combed ringspun cotton</li> <li>Soft hand feel</li> <li>Tailored fit</li> <li>Crew neck with 1x1 rib</li> <li>Self-fabric back neck tape</li> <li>New tear away back neck label</li> <li><b>Also available in ladies sizes code 61432, kids sizes code 61023 and girl&#39;s sizes code 61025</b></li>",61091000,MA
171778,0000001716863,61430,TSHIRT,T-SHIRTS,MSSTSH,MENS SHORT SLEEVE T-SHIRT,FOTL,Fruit Of The Loom,ME0028,GL,Light Graphite,0012  ,2XL,Men's Iconic 150 T,2.09,1,12,72,08/04/2026 09:06:57,C,https://myebrochure.co.uk/images/colours/fotl/fotl-gl.jpg,https://myebrochure.co.uk/images/products/prod_11101_61430_164462.jpg,https://myebrochure.co.uk/images/products.small/prod_11101_61430_164462.jpg,https://myebrochure.co.uk/images/products.hires/prod_11101_61430_164462.jpg,https://myebrochure.co.uk/images/brands/fotl_23.png,https://myebrochure.co.uk/images/products.hires/prod_61430_131518.jpg,https://myebrochure.co.uk/images/products.hires/prod_61430_131516.jpg,https://myebrochure.co.uk/images/products.hires/prod_61430_131517.jpg,,,,,,,,"<li>100&#37; combed ringspun cotton</li> <li>Soft hand feel</li> <li>Tailored fit</li> <li>Crew neck with 1x1 rib</li> <li>Self-fabric back neck tape</li> <li>New tear away back neck label</li> <li><b>Also available in ladies sizes code 61432, kids sizes code 61023 and girl&#39;s sizes code 61025</b></li>",61091000,MA
171779,0000001716870,61430,TSHIRT,T-SHIRTS,MSSTSH,MENS SHORT SLEEVE T-SHIRT,FOTL,Fruit Of The Loom,ME0028,GL,Light Graphite,0012  ,3XL,Men's Iconic 150 T,2.85,1,12,36,08/04/2026 09:06:57,C,https://myebrochure.co.uk/images/colours/fotl/fotl-gl.jpg,https://myebrochure.co.uk/images/products/prod_11101_61430_164462.jpg,https://myebrochure.co.uk/images/products.small/prod_11101_61430_164462.jpg,https://myebrochure.co.uk/images/products.hires/prod_11101_61430_164462.jpg,https://myebrochure.co.uk/images/brands/fotl_23.png,https://myebrochure.co.uk/images/products.hires/prod_61430_131518.jpg,https://myebrochure.co.uk/images/products.hires/prod_61430_131516.jpg,https://myebrochure.co.uk/images/products.hires/prod_61430_131517.jpg,,,,,,,,"<li>100&#37; combed ringspun cotton</li> <li>Soft hand feel</li> <li>Tailored fit</li> <li>Crew neck with 1x1 rib</li> <li>Self-fabric back neck tape</li> <li>New tear away back neck label</li> <li><b>Also available in ladies sizes code 61432, kids sizes code 61023 and girl&#39;s sizes code 61025</b></li>",61091000,MA
171782,0000001716900,61430,TSHIRT,T-SHIRTS,MSSTSH,MENS SHORT SLEEVE T-SHIRT,FOTL,Fruit Of The Loom,ME0028,TM,Forest Green,0012  ,Small,Men's Iconic 150 T,2.09,1,12,72,08/04/2026 09:06:57,C,https://myebrochure.co.uk/images/colours/fotl/fotl-tm.jpg,https://myebrochure.co.uk/images/products/prod_11101_61430_164462.jpg,https://myebrochure.co.uk/images/products.small/prod_11101_61430_164462.jpg,https://myebrochure.co.uk/images/products.hires/prod_11101_61430_164462.jpg,https://myebrochure.co.uk/images/brands/fotl_23.png,https://myebrochure.co.uk/images/products.hires/prod_61430_131530.jpg,https://myebrochure.co.uk/images/products.hires/prod_61430_131528.jpg,https://myebrochure.co.uk/images/products.hires/prod_61430_131529.jpg,,,,,,,,"<li>100&#37; combed ringspun cotton</li> <li>Soft hand feel</li> <li>Tailored fit</li> <li>Crew neck with 1x1 rib</li> <li>Self-fabric back neck tape</li> <li>New tear away back neck label</li> <li><b>Also available in ladies sizes code 61432, kids sizes code 61023 and girl&#39;s sizes code 61025</b></li>",61091000,MA
171783,0000001716917,61430,TSHIRT,T-SHIRTS,MSSTSH,MENS SHORT SLEEVE T-SHIRT,FOTL,Fruit Of The Loom,ME0028,TM,Forest Green,0012  ,Medium,Men's Iconic 150 T,2.09,1,12,72,08/04/2026 09:06:57,C,https://myebrochure.co.uk/images/colours/fotl/fotl-tm.jpg,https://myebrochure.co.uk/images/products/prod_11101_61430_164462.jpg,https://myebrochure.co.uk/images/products.small/prod_11101_61430_164462.jpg,https://myebrochure.co.uk/images/products.hires/prod_11101_61430_164462.jpg,https://myebrochure.co.uk/images/brands/fotl_23.png,https://myebrochure.co.uk/images/products.hires/prod_61430_131530.jpg,https://myebrochure.co.uk/images/products.hires/prod_61430_131528.jpg,https://myebrochure.co.uk/images/products.hires/prod_61430_131529.jpg,,,,,,,,"<li>100&#37; combed ringspun cotton</li> <li>Soft hand feel</li> <li>Tailored fit</li> <li>Crew neck with 1x1 rib</li> <li>Self-fabric back neck tape</li> <li>New tear away back neck label</li> <li><b>Also available in ladies sizes code 61432, kids sizes code 61023 and girl&#39;s sizes code 61025</b></li>",61091000,MA
171784,0000001716924,61430,TSHIRT,T-SHIRTS,MSSTSH,MENS SHORT SLEEVE T-SHIRT,FOTL,Fruit Of The Loom,ME0028,TM,Forest Green,0012  ,Large,Men's Iconic 150 T,2.09,1,12,72,08/04/2026 09:06:57,C,https://myebrochure.co.uk/images/colours/fotl/fotl-tm.jpg,https://myebrochure.co.uk/images/products/prod_11101_61430_164462.jpg,https://myebrochure.co.uk/images/products.small/prod_11101_61430_164462.jpg,https://myebrochure.co.uk/images/products.hires/prod_11101_61430_164462.jpg,https://myebrochure.co.uk/images/brands/fotl_23.png,https://myebrochure.co.uk/images/products.hires/prod_61430_131530.jpg,https://myebrochure.co.uk/images/products.hires/prod_61430_131528.jpg,https://myebrochure.co.uk/images/products.hires/prod_61430_131529.jpg,,,,,,,,"<li>100&#37; combed ringspun cotton</li> <li>Soft hand feel</li> <li>Tailored fit</li> <li>Crew neck with 1x1 rib</li> <li>Self-fabric back neck tape</li> <li>New tear away back neck label</li> <li><b>Also available in ladies sizes code 61432, kids sizes code 61023 and girl&#39;s sizes code 61025</b></li>",61091000,MA
171785,0000001716931,61430,TSHIRT,T-SHIRTS,MSSTSH,MENS SHORT SLEEVE T-SHIRT,FOTL,Fruit Of The Loom,ME0028,TM,Forest Green,0012  ,XL,Men's Iconic 150 T,2.09,1,12,72,08/04/2026 09:06:57,C,https://myebrochure.co.uk/images/colours/fotl/fotl-tm.jpg,https://myebrochure.co.uk/images/products/prod_11101_61430_164462.jpg,https://myebrochure.co.uk/images/products.small/prod_11101_61430_164462.jpg,https://myebrochure.co.uk/images/products.hires/prod_11101_61430_164462.jpg,https://myebrochure.co.uk/images/brands/fotl_23.png,https://myebrochure.co.uk/images/products.hires/prod_61430_131530.jpg,https://myebrochure.co.uk/images/products.hires/prod_61430_131528.jpg,https://myebrochure.co.uk/images/products.hires/prod_61430_131529.jpg,,,,,,,,"<li>100&#37; combed ringspun cotton</li> <li>Soft hand feel</li> <li>Tailored fit</li> <li>Crew neck with 1x1 rib</li> <li>Self-fabric back neck tape</li> <li>New tear away back neck label</li> <li><b>Also available in ladies sizes code 61432, kids sizes code 61023 and girl&#39;s sizes code 61025</b></li>",61091000,MA
171786,0000001716948,61430,TSHIRT,T-SHIRTS,MSSTSH,MENS SHORT SLEEVE T-SHIRT,FOTL,Fruit Of The Loom,ME0028,TM,Forest Green,0012  ,2XL,Men's Iconic 150 T,2.09,1,12,72,08/04/2026 09:06:57,C,https://myebrochure.co.uk/images/colours/fotl/fotl-tm.jpg,https://myebrochure.co.uk/images/products/prod_11101_61430_164462.jpg,https://myebrochure.co.uk/images/products.small/prod_11101_61430_164462.jpg,https://myebrochure.co.uk/images/products.hires/prod_11101_61430_164462.jpg,https://myebrochure.co.uk/images/brands/fotl_23.png,https://myebrochure.co.uk/images/products.hires/prod_61430_131530.jpg,https://myebrochure.co.uk/images/products.hires/prod_61430_131528.jpg,https://myebrochure.co.uk/images/products.hires/prod_61430_131529.jpg,,,,,,,,"<li>100&#37; combed ringspun cotton</li> <li>Soft hand feel</li> <li>Tailored fit</li> <li>Crew neck with 1x1 rib</li> <li>Self-fabric back neck tape</li> <li>New tear away back neck label</li> <li><b>Also available in ladies sizes code 61432, kids sizes code 61023 and girl&#39;s sizes code 61025</b></li>",61091000,MA
171787,0000001716955,61430,TSHIRT,T-SHIRTS,MSSTSH,MENS SHORT SLEEVE T-SHIRT,FOTL,Fruit Of The Loom,ME0028,TM,Forest Green,0012  ,3XL,Men's Iconic 150 T,2.85,1,12,36,08/04/2026 09:06:57,C,https://myebrochure.co.uk/images/colours/fotl/fotl-tm.jpg,https://myebrochure.co.uk/images/products/prod_11101_61430_164462.jpg,https://myebrochure.co.uk/images/products.small/prod_11101_61430_164462.jpg,https://myebrochure.co.uk/images/products.hires/prod_11101_61430_164462.jpg,https://myebrochure.co.uk/images/brands/fotl_23.png,https://myebrochure.co.uk/images/products.hires/prod_61430_131530.jpg,https://myebrochure.co.uk/images/products.hires/prod_61430_131528.jpg,https://myebrochure.co.uk/images/products.hires/prod_61430_131529.jpg,,,,,,,,"<li>100&#37; combed ringspun cotton</li> <li>Soft hand feel</li> <li>Tailored fit</li> <li>Crew neck with 1x1 rib</li> <li>Self-fabric back neck tape</li> <li>New tear away back neck label</li> <li><b>Also available in ladies sizes code 61432, kids sizes code 61023 and girl&#39;s sizes code 61025</b></li>",61091000,MA
171790,0000001716986,61430,TSHIRT,T-SHIRTS,MSSTSH,MENS SHORT SLEEVE T-SHIRT,FOTL,Fruit Of The Loom,ME0028,XW,Zinc,0012  ,Small,Men's Iconic 150 T,2.09,1,12,72,08/04/2026 09:06:57,C,https://myebrochure.co.uk/images/colours/fotl/fotl-xw.jpg,https://myebrochure.co.uk/images/products/prod_11101_61430_164462.jpg,https://myebrochure.co.uk/images/products.small/prod_11101_61430_164462.jpg,https://myebrochure.co.uk/images/products.hires/prod_11101_61430_164462.jpg,https://myebrochure.co.uk/images/brands/fotl_23.png,https://myebrochure.co.uk/images/products.hires/prod_61430_131536.jpg,https://myebrochure.co.uk/images/products.hires/prod_61430_131534.jpg,https://myebrochure.co.uk/images/products.hires/prod_61430_131535.jpg,,,,,,,,"<li>100&#37; combed ringspun cotton</li> <li>Soft hand feel</li> <li>Tailored fit</li> <li>Crew neck with 1x1 rib</li> <li>Self-fabric back neck tape</li> <li>New tear away back neck label</li> <li><b>Also available in ladies sizes code 61432, kids sizes code 61023 and girl&#39;s sizes code 61025</b></li>",61091000,MA
171791,0000001716993,61430,TSHIRT,T-SHIRTS,MSSTSH,MENS SHORT SLEEVE T-SHIRT,FOTL,Fruit Of The Loom,ME0028,XW,Zinc,0012  ,Medium,Men's Iconic 150 T,2.09,1,12,72,08/04/2026 09:06:57,C,https://myebrochure.co.uk/images/colours/fotl/fotl-xw.jpg,https://myebrochure.co.uk/images/products/prod_11101_61430_164462.jpg,https://myebrochure.co.uk/images/products.small/prod_11101_61430_164462.jpg,https://myebrochure.co.uk/images/products.hires/prod_11101_61430_164462.jpg,https://myebrochure.co.uk/images/brands/fotl_23.png,https://myebrochure.co.uk/images/products.hires/prod_61430_131536.jpg,https://myebrochure.co.uk/images/products.hires/prod_61430_131534.jpg,https://myebrochure.co.uk/images/products.hires/prod_61430_131535.jpg,,,,,,,,"<li>100&#37; combed ringspun cotton</li> <li>Soft hand feel</li> <li>Tailored fit</li> <li>Crew neck with 1x1 rib</li> <li>Self-fabric back neck tape</li> <li>New tear away back neck label</li> <li><b>Also available in ladies sizes code 61432, kids sizes code 61023 and girl&#39;s sizes code 61025</b></li>",61091000,MA
171792,0000001717006,61430,TSHIRT,T-SHIRTS,MSSTSH,MENS SHORT SLEEVE T-SHIRT,FOTL,Fruit Of The Loom,ME0028,XW,Zinc,0012  ,Large,Men's Iconic 150 T,2.09,1,12,72,08/04/2026 09:06:57,C,https://myebrochure.co.uk/images/colours/fotl/fotl-xw.jpg,https://myebrochure.co.uk/images/products/prod_11101_61430_164462.jpg,https://myebrochure.co.uk/images/products.small/prod_11101_61430_164462.jpg,https://myebrochure.co.uk/images/products.hires/prod_11101_61430_164462.jpg,https://myebrochure.co.uk/images/brands/fotl_23.png,https://myebrochure.co.uk/images/products.hires/prod_61430_131536.jpg,https://myebrochure.co.uk/images/products.hires/prod_61430_131534.jpg,https://myebrochure.co.uk/images/products.hires/prod_61430_131535.jpg,,,,,,,,"<li>100&#37; combed ringspun cotton</li> <li>Soft hand feel</li> <li>Tailored fit</li> <li>Crew neck with 1x1 rib</li> <li>Self-fabric back neck tape</li> <li>New tear away back neck label</li> <li><b>Also available in ladies sizes code 61432, kids sizes code 61023 and girl&#39;s sizes code 61025</b></li>",61091000,MA
171793,0000001717013,61430,TSHIRT,T-SHIRTS,MSSTSH,MENS SHORT SLEEVE T-SHIRT,FOTL,Fruit Of The Loom,ME0028,XW,Zinc,0012  ,XL,Men's Iconic 150 T,2.09,1,12,72,08/04/2026 09:06:57,C,https://myebrochure.co.uk/images/colours/fotl/fotl-xw.jpg,https://myebrochure.co.uk/images/products/prod_11101_61430_164462.jpg,https://myebrochure.co.uk/images/products.small/prod_11101_61430_164462.jpg,https://myebrochure.co.uk/images/products.hires/prod_11101_61430_164462.jpg,https://myebrochure.co.uk/images/brands/fotl_23.png,https://myebrochure.co.uk/images/products.hires/prod_61430_131536.jpg,https://myebrochure.co.uk/images/products.hires/prod_61430_131534.jpg,https://myebrochure.co.uk/images/products.hires/prod_61430_131535.jpg,,,,,,,,"<li>100&#37; combed ringspun cotton</li> <li>Soft hand feel</li> <li>Tailored fit</li> <li>Crew neck with 1x1 rib</li> <li>Self-fabric back neck tape</li> <li>New tear away back neck label</li> <li><b>Also available in ladies sizes code 61432, kids sizes code 61023 and girl&#39;s sizes code 61025</b></li>",61091000,MA
171794,0000001717020,61430,TSHIRT,T-SHIRTS,MSSTSH,MENS SHORT SLEEVE T-SHIRT,FOTL,Fruit Of The Loom,ME0028,XW,Zinc,0012  ,2XL,Men's Iconic 150 T,2.09,1,12,72,08/04/2026 09:06:57,C,https://myebrochure.co.uk/images/colours/fotl/fotl-xw.jpg,https://myebrochure.co.uk/images/products/prod_11101_61430_164462.jpg,https://myebrochure.co.uk/images/products.small/prod_11101_61430_164462.jpg,https://myebrochure.co.uk/images/products.hires/prod_11101_61430_164462.jpg,https://myebrochure.co.uk/images/brands/fotl_23.png,https://myebrochure.co.uk/images/products.hires/prod_61430_131536.jpg,https://myebrochure.co.uk/images/products.hires/prod_61430_131534.jpg,https://myebrochure.co.uk/images/products.hires/prod_61430_131535.jpg,,,,,,,,"<li>100&#37; combed ringspun cotton</li> <li>Soft hand feel</li> <li>Tailored fit</li> <li>Crew neck with 1x1 rib</li> <li>Self-fabric back neck tape</li> <li>New tear away back neck label</li> <li><b>Also available in ladies sizes code 61432, kids sizes code 61023 and girl&#39;s sizes code 61025</b></li>",61091000,MA
171795,0000001717037,61430,TSHIRT,T-SHIRTS,MSSTSH,MENS SHORT SLEEVE T-SHIRT,FOTL,Fruit Of The Loom,ME0028,XW,Zinc,0012  ,3XL,Men's Iconic 150 T,2.85,1,12,36,08/04/2026 09:06:57,C,https://myebrochure.co.uk/images/colours/fotl/fotl-xw.jpg,https://myebrochure.co.uk/images/products/prod_11101_61430_164462.jpg,https://myebrochure.co.uk/images/products.small/prod_11101_61430_164462.jpg,https://myebrochure.co.uk/images/products.hires/prod_11101_61430_164462.jpg,https://myebrochure.co.uk/images/brands/fotl_23.png,https://myebrochure.co.uk/images/products.hires/prod_61430_131536.jpg,https://myebrochure.co.uk/images/products.hires/prod_61430_131534.jpg,https://myebrochure.co.uk/images/products.hires/prod_61430_131535.jpg,,,,,,,,"<li>100&#37; combed ringspun cotton</li> <li>Soft hand feel</li> <li>Tailored fit</li> <li>Crew neck with 1x1 rib</li> <li>Self-fabric back neck tape</li> <li>New tear away back neck label</li> <li><b>Also available in ladies sizes code 61432, kids sizes code 61023 and girl&#39;s sizes code 61025</b></li>",61091000,MA
171798,0000001717068,61430,TSHIRT,T-SHIRTS,MSSTSH,MENS SHORT SLEEVE T-SHIRT,FOTL,Fruit Of The Loom,ME0028,HD,Dark Heather,0012  ,Small,Men's Iconic 150 T,2.09,1,12,72,08/04/2026 09:06:57,C,https://myebrochure.co.uk/images/colours/fotl/fotl-hd.jpg,https://myebrochure.co.uk/images/products/prod_11101_61430_164462.jpg,https://myebrochure.co.uk/images/products.small/prod_11101_61430_164462.jpg,https://myebrochure.co.uk/images/products.hires/prod_11101_61430_164462.jpg,https://myebrochure.co.uk/images/brands/fotl_23.png,https://myebrochure.co.uk/images/products.hires/prod_61430_131524.jpg,https://myebrochure.co.uk/images/products.hires/prod_61430_131522.jpg,https://myebrochure.co.uk/images/products.hires/prod_61430_131523.jpg,,,,,,,,"<li>100&#37; combed ringspun cotton</li> <li>Soft hand feel</li> <li>Tailored fit</li> <li>Crew neck with 1x1 rib</li> <li>Self-fabric back neck tape</li> <li>New tear away back neck label</li> <li><b>Also available in ladies sizes code 61432, kids sizes code 61023 and girl&#39;s sizes code 61025</b></li>",61091000,MA
171799,0000001717075,61430,TSHIRT,T-SHIRTS,MSSTSH,MENS SHORT SLEEVE T-SHIRT,FOTL,Fruit Of The Loom,ME0028,HD,Dark Heather,0012  ,Medium,Men's Iconic 150 T,2.09,1,12,72,08/04/2026 09:06:57,C,https://myebrochure.co.uk/images/colours/fotl/fotl-hd.jpg,https://myebrochure.co.uk/images/products/prod_11101_61430_164462.jpg,https://myebrochure.co.uk/images/products.small/prod_11101_61430_164462.jpg,https://myebrochure.co.uk/images/products.hires/prod_11101_61430_164462.jpg,https://myebrochure.co.uk/images/brands/fotl_23.png,https://myebrochure.co.uk/images/products.hires/prod_61430_131524.jpg,https://myebrochure.co.uk/images/products.hires/prod_61430_131522.jpg,https://myebrochure.co.uk/images/products.hires/prod_61430_131523.jpg,,,,,,,,"<li>100&#37; combed ringspun cotton</li> <li>Soft hand feel</li> <li>Tailored fit</li> <li>Crew neck with 1x1 rib</li> <li>Self-fabric back neck tape</li> <li>New tear away back neck label</li> <li><b>Also available in ladies sizes code 61432, kids sizes code 61023 and girl&#39;s sizes code 61025</b></li>",61091000,MA
171800,0000001717082,61430,TSHIRT,T-SHIRTS,MSSTSH,MENS SHORT SLEEVE T-SHIRT,FOTL,Fruit Of The Loom,ME0028,HD,Dark Heather,0012  ,Large,Men's Iconic 150 T,2.09,1,12,72,08/04/2026 09:06:57,C,https://myebrochure.co.uk/images/colours/fotl/fotl-hd.jpg,https://myebrochure.co.uk/images/products/prod_11101_61430_164462.jpg,https://myebrochure.co.uk/images/products.small/prod_11101_61430_164462.jpg,https://myebrochure.co.uk/images/products.hires/prod_11101_61430_164462.jpg,https://myebrochure.co.uk/images/brands/fotl_23.png,https://myebrochure.co.uk/images/products.hires/prod_61430_131524.jpg,https://myebrochure.co.uk/images/products.hires/prod_61430_131522.jpg,https://myebrochure.co.uk/images/products.hires/prod_61430_131523.jpg,,,,,,,,"<li>100&#37; combed ringspun cotton</li> <li>Soft hand feel</li> <li>Tailored fit</li> <li>Crew neck with 1x1 rib</li> <li>Self-fabric back neck tape</li> <li>New tear away back neck label</li> <li><b>Also available in ladies sizes code 61432, kids sizes code 61023 and girl&#39;s sizes code 61025</b></li>",61091000,MA
171801,0000001717099,61430,TSHIRT,T-SHIRTS,MSSTSH,MENS SHORT SLEEVE T-SHIRT,FOTL,Fruit Of The Loom,ME0028,HD,Dark Heather,0012  ,XL,Men's Iconic 150 T,2.09,1,12,72,08/04/2026 09:06:57,C,https://myebrochure.co.uk/images/colours/fotl/fotl-hd.jpg,https://myebrochure.co.uk/images/products/prod_11101_61430_164462.jpg,https://myebrochure.co.uk/images/products.small/prod_11101_61430_164462.jpg,https://myebrochure.co.uk/images/products.hires/prod_11101_61430_164462.jpg,https://myebrochure.co.uk/images/brands/fotl_23.png,https://myebrochure.co.uk/images/products.hires/prod_61430_131524.jpg,https://myebrochure.co.uk/images/products.hires/prod_61430_131522.jpg,https://myebrochure.co.uk/images/products.hires/prod_61430_131523.jpg,,,,,,,,"<li>100&#37; combed ringspun cotton</li> <li>Soft hand feel</li> <li>Tailored fit</li> <li>Crew neck with 1x1 rib</li> <li>Self-fabric back neck tape</li> <li>New tear away back neck label</li> <li><b>Also available in ladies sizes code 61432, kids sizes code 61023 and girl&#39;s sizes code 61025</b></li>",61091000,MA
171802,0000001717105,61430,TSHIRT,T-SHIRTS,MSSTSH,MENS SHORT SLEEVE T-SHIRT,FOTL,Fruit Of The Loom,ME0028,HD,Dark Heather,0012  ,2XL,Men's Iconic 150 T,2.09,1,12,72,08/04/2026 09:06:57,C,https://myebrochure.co.uk/images/colours/fotl/fotl-hd.jpg,https://myebrochure.co.uk/images/products/prod_11101_61430_164462.jpg,https://myebrochure.co.uk/images/products.small/prod_11101_61430_164462.jpg,https://myebrochure.co.uk/images/products.hires/prod_11101_61430_164462.jpg,https://myebrochure.co.uk/images/brands/fotl_23.png,https://myebrochure.co.uk/images/products.hires/prod_61430_131524.jpg,https://myebrochure.co.uk/images/products.hires/prod_61430_131522.jpg,https://myebrochure.co.uk/images/products.hires/prod_61430_131523.jpg,,,,,,,,"<li>100&#37; combed ringspun cotton</li> <li>Soft hand feel</li> <li>Tailored fit</li> <li>Crew neck with 1x1 rib</li> <li>Self-fabric back neck tape</li> <li>New tear away back neck label</li> <li><b>Also available in ladies sizes code 61432, kids sizes code 61023 and girl&#39;s sizes code 61025</b></li>",61091000,MA
171803,0000001717112,61430,TSHIRT,T-SHIRTS,MSSTSH,MENS SHORT SLEEVE T-SHIRT,FOTL,Fruit Of The Loom,ME0028,HD,Dark Heather,0012  ,3XL,Men's Iconic 150 T,2.85,1,12,36,08/04/2026 09:06:57,C,https://myebrochure.co.uk/images/colours/fotl/fotl-hd.jpg,https://myebrochure.co.uk/images/products/prod_11101_61430_164462.jpg,https://myebrochure.co.uk/images/products.small/prod_11101_61430_164462.jpg,https://myebrochure.co.uk/images/products.hires/prod_11101_61430_164462.jpg,https://myebrochure.co.uk/images/brands/fotl_23.png,https://myebrochure.co.uk/images/products.hires/prod_61430_131524.jpg,https://myebrochure.co.uk/images/products.hires/prod_61430_131522.jpg,https://myebrochure.co.uk/images/products.hires/prod_61430_131523.jpg,,,,,,,,"<li>100&#37; combed ringspun cotton</li> <li>Soft hand feel</li> <li>Tailored fit</li> <li>Crew neck with 1x1 rib</li> <li>Self-fabric back neck tape</li> <li>New tear away back neck label</li> <li><b>Also available in ladies sizes code 61432, kids sizes code 61023 and girl&#39;s sizes code 61025</b></li>",61091000,MA
171806,0000001717143,61430,TSHIRT,T-SHIRTS,MSSTSH,MENS SHORT SLEEVE T-SHIRT,FOTL,Fruit Of The Loom,ME0028,HP,Heather Purple,0012  ,Small,Men's Iconic 150 T,2.09,1,12,72,08/04/2026 09:06:57,C,https://myebrochure.co.uk/images/colours/fotl/fotl-hp.jpg,https://myebrochure.co.uk/images/products/prod_11101_61430_164462.jpg,https://myebrochure.co.uk/images/products.small/prod_11101_61430_164462.jpg,https://myebrochure.co.uk/images/products.hires/prod_11101_61430_164462.jpg,https://myebrochure.co.uk/images/brands/fotl_23.png,https://myebrochure.co.uk/images/products.hires/prod_61430_131527.jpg,https://myebrochure.co.uk/images/products.hires/prod_61430_131525.jpg,https://myebrochure.co.uk/images/products.hires/prod_61430_131526.jpg,,,,,,,,"<li>100&#37; combed ringspun cotton</li> <li>Soft hand feel</li> <li>Tailored fit</li> <li>Crew neck with 1x1 rib</li> <li>Self-fabric back neck tape</li> <li>New tear away back neck label</li> <li><b>Also available in ladies sizes code 61432, kids sizes code 61023 and girl&#39;s sizes code 61025</b></li>",61091000,MA
171807,0000001717150,61430,TSHIRT,T-SHIRTS,MSSTSH,MENS SHORT SLEEVE T-SHIRT,FOTL,Fruit Of The Loom,ME0028,HP,Heather Purple,0012  ,Medium,Men's Iconic 150 T,2.09,1,12,72,08/04/2026 09:06:57,C,https://myebrochure.co.uk/images/colours/fotl/fotl-hp.jpg,https://myebrochure.co.uk/images/products/prod_11101_61430_164462.jpg,https://myebrochure.co.uk/images/products.small/prod_11101_61430_164462.jpg,https://myebrochure.co.uk/images/products.hires/prod_11101_61430_164462.jpg,https://myebrochure.co.uk/images/brands/fotl_23.png,https://myebrochure.co.uk/images/products.hires/prod_61430_131527.jpg,https://myebrochure.co.uk/images/products.hires/prod_61430_131525.jpg,https://myebrochure.co.uk/images/products.hires/prod_61430_131526.jpg,,,,,,,,"<li>100&#37; combed ringspun cotton</li> <li>Soft hand feel</li> <li>Tailored fit</li> <li>Crew neck with 1x1 rib</li> <li>Self-fabric back neck tape</li> <li>New tear away back neck label</li> <li><b>Also available in ladies sizes code 61432, kids sizes code 61023 and girl&#39;s sizes code 61025</b></li>",61091000,MA
171808,0000001717167,61430,TSHIRT,T-SHIRTS,MSSTSH,MENS SHORT SLEEVE T-SHIRT,FOTL,Fruit Of The Loom,ME0028,HP,Heather Purple,0012  ,Large,Men's Iconic 150 T,2.09,1,12,72,08/04/2026 09:06:57,C,https://myebrochure.co.uk/images/colours/fotl/fotl-hp.jpg,https://myebrochure.co.uk/images/products/prod_11101_61430_164462.jpg,https://myebrochure.co.uk/images/products.small/prod_11101_61430_164462.jpg,https://myebrochure.co.uk/images/products.hires/prod_11101_61430_164462.jpg,https://myebrochure.co.uk/images/brands/fotl_23.png,https://myebrochure.co.uk/images/products.hires/prod_61430_131527.jpg,https://myebrochure.co.uk/images/products.hires/prod_61430_131525.jpg,https://myebrochure.co.uk/images/products.hires/prod_61430_131526.jpg,,,,,,,,"<li>100&#37; combed ringspun cotton</li> <li>Soft hand feel</li> <li>Tailored fit</li> <li>Crew neck with 1x1 rib</li> <li>Self-fabric back neck tape</li> <li>New tear away back neck label</li> <li><b>Also available in ladies sizes code 61432, kids sizes code 61023 and girl&#39;s sizes code 61025</b></li>",61091000,MA
171809,0000001717174,61430,TSHIRT,T-SHIRTS,MSSTSH,MENS SHORT SLEEVE T-SHIRT,FOTL,Fruit Of The Loom,ME0028,HP,Heather Purple,0012  ,XL,Men's Iconic 150 T,2.09,1,12,72,08/04/2026 09:06:57,C,https://myebrochure.co.uk/images/colours/fotl/fotl-hp.jpg,https://myebrochure.co.uk/images/products/prod_11101_61430_164462.jpg,https://myebrochure.co.uk/images/products.small/prod_11101_61430_164462.jpg,https://myebrochure.co.uk/images/products.hires/prod_11101_61430_164462.jpg,https://myebrochure.co.uk/images/brands/fotl_23.png,https://myebrochure.co.uk/images/products.hires/prod_61430_131527.jpg,https://myebrochure.co.uk/images/products.hires/prod_61430_131525.jpg,https://myebrochure.co.uk/images/products.hires/prod_61430_131526.jpg,,,,,,,,"<li>100&#37; combed ringspun cotton</li> <li>Soft hand feel</li> <li>Tailored fit</li> <li>Crew neck with 1x1 rib</li> <li>Self-fabric back neck tape</li> <li>New tear away back neck label</li> <li><b>Also available in ladies sizes code 61432, kids sizes code 61023 and girl&#39;s sizes code 61025</b></li>",61091000,MA
171810,0000001717181,61430,TSHIRT,T-SHIRTS,MSSTSH,MENS SHORT SLEEVE T-SHIRT,FOTL,Fruit Of The Loom,ME0028,HP,Heather Purple,0012  ,2XL,Men's Iconic 150 T,2.09,1,12,72,08/04/2026 09:06:57,C,https://myebrochure.co.uk/images/colours/fotl/fotl-hp.jpg,https://myebrochure.co.uk/images/products/prod_11101_61430_164462.jpg,https://myebrochure.co.uk/images/products.small/prod_11101_61430_164462.jpg,https://myebrochure.co.uk/images/products.hires/prod_11101_61430_164462.jpg,https://myebrochure.co.uk/images/brands/fotl_23.png,https://myebrochure.co.uk/images/products.hires/prod_61430_131527.jpg,https://myebrochure.co.uk/images/products.hires/prod_61430_131525.jpg,https://myebrochure.co.uk/images/products.hires/prod_61430_131526.jpg,,,,,,,,"<li>100&#37; combed ringspun cotton</li> <li>Soft hand feel</li> <li>Tailored fit</li> <li>Crew neck with 1x1 rib</li> <li>Self-fabric back neck tape</li> <li>New tear away back neck label</li> <li><b>Also available in ladies sizes code 61432, kids sizes code 61023 and girl&#39;s sizes code 61025</b></li>",61091000,MA
171814,0000001717228,61430,TSHIRT,T-SHIRTS,MSSTSH,MENS SHORT SLEEVE T-SHIRT,FOTL,Fruit Of The Loom,ME0028,H1,Heather Burgundy,0012  ,Small,Men's Iconic 150 T,2.09,1,12,72,08/04/2026 09:06:57,C,https://myebrochure.co.uk/images/colours/fotl/fotl-h1.jpg,https://myebrochure.co.uk/images/products/prod_11101_61430_164462.jpg,https://myebrochure.co.uk/images/products.small/prod_11101_61430_164462.jpg,https://myebrochure.co.uk/images/products.hires/prod_11101_61430_164462.jpg,https://myebrochure.co.uk/images/brands/fotl_23.png,https://myebrochure.co.uk/images/products.hires/prod_61430_131521.jpg,https://myebrochure.co.uk/images/products.hires/prod_61430_131519.jpg,https://myebrochure.co.uk/images/products.hires/prod_61430_131520.jpg,,,,,,,,"<li>100&#37; combed ringspun cotton</li> <li>Soft hand feel</li> <li>Tailored fit</li> <li>Crew neck with 1x1 rib</li> <li>Self-fabric back neck tape</li> <li>New tear away back neck label</li> <li><b>Also available in ladies sizes code 61432, kids sizes code 61023 and girl&#39;s sizes code 61025</b></li>",61091000,MA
171815,0000001717235,61430,TSHIRT,T-SHIRTS,MSSTSH,MENS SHORT SLEEVE T-SHIRT,FOTL,Fruit Of The Loom,ME0028,H1,Heather Burgundy,0012  ,Medium,Men's Iconic 150 T,2.09,1,12,72,08/04/2026 09:06:57,C,https://myebrochure.co.uk/images/colours/fotl/fotl-h1.jpg,https://myebrochure.co.uk/images/products/prod_11101_61430_164462.jpg,https://myebrochure.co.uk/images/products.small/prod_11101_61430_164462.jpg,https://myebrochure.co.uk/images/products.hires/prod_11101_61430_164462.jpg,https://myebrochure.co.uk/images/brands/fotl_23.png,https://myebrochure.co.uk/images/products.hires/prod_61430_131521.jpg,https://myebrochure.co.uk/images/products.hires/prod_61430_131519.jpg,https://myebrochure.co.uk/images/products.hires/prod_61430_131520.jpg,,,,,,,,"<li>100&#37; combed ringspun cotton</li> <li>Soft hand feel</li> <li>Tailored fit</li> <li>Crew neck with 1x1 rib</li> <li>Self-fabric back neck tape</li> <li>New tear away back neck label</li> <li><b>Also available in ladies sizes code 61432, kids sizes code 61023 and girl&#39;s sizes code 61025</b></li>",61091000,MA
171816,0000001717242,61430,TSHIRT,T-SHIRTS,MSSTSH,MENS SHORT SLEEVE T-SHIRT,FOTL,Fruit Of The Loom,ME0028,H1,Heather Burgundy,0012  ,Large,Men's Iconic 150 T,2.09,1,12,72,08/04/2026 09:06:57,C,https://myebrochure.co.uk/images/colours/fotl/fotl-h1.jpg,https://myebrochure.co.uk/images/products/prod_11101_61430_164462.jpg,https://myebrochure.co.uk/images/products.small/prod_11101_61430_164462.jpg,https://myebrochure.co.uk/images/products.hires/prod_11101_61430_164462.jpg,https://myebrochure.co.uk/images/brands/fotl_23.png,https://myebrochure.co.uk/images/products.hires/prod_61430_131521.jpg,https://myebrochure.co.uk/images/products.hires/prod_61430_131519.jpg,https://myebrochure.co.uk/images/products.hires/prod_61430_131520.jpg,,,,,,,,"<li>100&#37; combed ringspun cotton</li> <li>Soft hand feel</li> <li>Tailored fit</li> <li>Crew neck with 1x1 rib</li> <li>Self-fabric back neck tape</li> <li>New tear away back neck label</li> <li><b>Also available in ladies sizes code 61432, kids sizes code 61023 and girl&#39;s sizes code 61025</b></li>",61091000,MA
171817,0000001717259,61430,TSHIRT,T-SHIRTS,MSSTSH,MENS SHORT SLEEVE T-SHIRT,FOTL,Fruit Of The Loom,ME0028,H1,Heather Burgundy,0012  ,XL,Men's Iconic 150 T,2.09,1,12,72,08/04/2026 09:06:57,C,https://myebrochure.co.uk/images/colours/fotl/fotl-h1.jpg,https://myebrochure.co.uk/images/products/prod_11101_61430_164462.jpg,https://myebrochure.co.uk/images/products.small/prod_11101_61430_164462.jpg,https://myebrochure.co.uk/images/products.hires/prod_11101_61430_164462.jpg,https://myebrochure.co.uk/images/brands/fotl_23.png,https://myebrochure.co.uk/images/products.hires/prod_61430_131521.jpg,https://myebrochure.co.uk/images/products.hires/prod_61430_131519.jpg,https://myebrochure.co.uk/images/products.hires/prod_61430_131520.jpg,,,,,,,,"<li>100&#37; combed ringspun cotton</li> <li>Soft hand feel</li> <li>Tailored fit</li> <li>Crew neck with 1x1 rib</li> <li>Self-fabric back neck tape</li> <li>New tear away back neck label</li> <li><b>Also available in ladies sizes code 61432, kids sizes code 61023 and girl&#39;s sizes code 61025</b></li>",61091000,MA
171818,0000001717266,61430,TSHIRT,T-SHIRTS,MSSTSH,MENS SHORT SLEEVE T-SHIRT,FOTL,Fruit Of The Loom,ME0028,H1,Heather Burgundy,0012  ,2XL,Men's Iconic 150 T,2.09,1,12,72,08/04/2026 09:06:57,C,https://myebrochure.co.uk/images/colours/fotl/fotl-h1.jpg,https://myebrochure.co.uk/images/products/prod_11101_61430_164462.jpg,https://myebrochure.co.uk/images/products.small/prod_11101_61430_164462.jpg,https://myebrochure.co.uk/images/products.hires/prod_11101_61430_164462.jpg,https://myebrochure.co.uk/images/brands/fotl_23.png,https://myebrochure.co.uk/images/products.hires/prod_61430_131521.jpg,https://myebrochure.co.uk/images/products.hires/prod_61430_131519.jpg,https://myebrochure.co.uk/images/products.hires/prod_61430_131520.jpg,,,,,,,,"<li>100&#37; combed ringspun cotton</li> <li>Soft hand feel</li> <li>Tailored fit</li> <li>Crew neck with 1x1 rib</li> <li>Self-fabric back neck tape</li> <li>New tear away back neck label</li> <li><b>Also available in ladies sizes code 61432, kids sizes code 61023 and girl&#39;s sizes code 61025</b></li>",61091000,MA
171822,0000001717303,61036,TSHIRT,T-SHIRTS,MSSTSH,MENS SHORT SLEEVE T-SHIRT,FOTL,Fruit Of The Loom,MS0020,HP,Heather Purple,0012  ,Small,Men's Valueweight T,2.23,1,12,72,08/04/2026 09:03:08,C,https://myebrochure.co.uk/images/colours/fotl/fotl-hp.jpg,https://myebrochure.co.uk/images/products/prod_15001_61036_166543.jpg,https://myebrochure.co.uk/images/products.small/prod_15001_61036_166543.jpg,https://myebrochure.co.uk/images/products.hires/prod_15001_61036_166543.jpg,https://myebrochure.co.uk/images/brands/fotl_23.png,https://myebrochure.co.uk/images/products.hires/prod_61036_141678.jpg,https://myebrochure.co.uk/images/products.hires/prod_61036_141677.jpg,https://myebrochure.co.uk/images/products.hires/prod_61036_141679.jpg,,,,,,,,"<li>Crew neck with Cotton/ LYCRA&reg; rib</li> <li>Self&#45;fabric neck tape</li> <li>Fine knit gauge for enhanced printability</li> <li><b>Also available in ladies&#39; sizes code 61372, children&#39;s sizes code 61033 and girl&#39;s sizes code 61005</b></li>",61091000,MA
171823,0000001717310,61036,TSHIRT,T-SHIRTS,MSSTSH,MENS SHORT SLEEVE T-SHIRT,FOTL,Fruit Of The Loom,MS0020,HP,Heather Purple,0012  ,Medium,Men's Valueweight T,2.23,1,12,72,08/04/2026 09:03:08,C,https://myebrochure.co.uk/images/colours/fotl/fotl-hp.jpg,https://myebrochure.co.uk/images/products/prod_15001_61036_166543.jpg,https://myebrochure.co.uk/images/products.small/prod_15001_61036_166543.jpg,https://myebrochure.co.uk/images/products.hires/prod_15001_61036_166543.jpg,https://myebrochure.co.uk/images/brands/fotl_23.png,https://myebrochure.co.uk/images/products.hires/prod_61036_141678.jpg,https://myebrochure.co.uk/images/products.hires/prod_61036_141677.jpg,https://myebrochure.co.uk/images/products.hires/prod_61036_141679.jpg,,,,,,,,"<li>Crew neck with Cotton/ LYCRA&reg; rib</li> <li>Self&#45;fabric neck tape</li> <li>Fine knit gauge for enhanced printability</li> <li><b>Also available in ladies&#39; sizes code 61372, children&#39;s sizes code 61033 and girl&#39;s sizes code 61005</b></li>",61091000,MA
171824,0000001717327,61036,TSHIRT,T-SHIRTS,MSSTSH,MENS SHORT SLEEVE T-SHIRT,FOTL,Fruit Of The Loom,MS0020,HP,Heather Purple,0012  ,Large,Men's Valueweight T,2.23,1,12,72,08/04/2026 09:03:08,C,https://myebrochure.co.uk/images/colours/fotl/fotl-hp.jpg,https://myebrochure.co.uk/images/products/prod_15001_61036_166543.jpg,https://myebrochure.co.uk/images/products.small/prod_15001_61036_166543.jpg,https://myebrochure.co.uk/images/products.hires/prod_15001_61036_166543.jpg,https://myebrochure.co.uk/images/brands/fotl_23.png,https://myebrochure.co.uk/images/products.hires/prod_61036_141678.jpg,https://myebrochure.co.uk/images/products.hires/prod_61036_141677.jpg,https://myebrochure.co.uk/images/products.hires/prod_61036_141679.jpg,,,,,,,,"<li>Crew neck with Cotton/ LYCRA&reg; rib</li> <li>Self&#45;fabric neck tape</li> <li>Fine knit gauge for enhanced printability</li> <li><b>Also available in ladies&#39; sizes code 61372, children&#39;s sizes code 61033 and girl&#39;s sizes code 61005</b></li>",61091000,MA
171825,0000001717334,61036,TSHIRT,T-SHIRTS,MSSTSH,MENS SHORT SLEEVE T-SHIRT,FOTL,Fruit Of The Loom,MS0020,HP,Heather Purple,0012  ,XL,Men's Valueweight T,2.23,1,12,72,08/04/2026 09:03:08,C,https://myebrochure.co.uk/images/colours/fotl/fotl-hp.jpg,https://myebrochure.co.uk/images/products/prod_15001_61036_166543.jpg,https://myebrochure.co.uk/images/products.small/prod_15001_61036_166543.jpg,https://myebrochure.co.uk/images/products.hires/prod_15001_61036_166543.jpg,https://myebrochure.co.uk/images/brands/fotl_23.png,https://myebrochure.co.uk/images/products.hires/prod_61036_141678.jpg,https://myebrochure.co.uk/images/products.hires/prod_61036_141677.jpg,https://myebrochure.co.uk/images/products.hires/prod_61036_141679.jpg,,,,,,,,"<li>Crew neck with Cotton/ LYCRA&reg; rib</li> <li>Self&#45;fabric neck tape</li> <li>Fine knit gauge for enhanced printability</li> <li><b>Also available in ladies&#39; sizes code 61372, children&#39;s sizes code 61033 and girl&#39;s sizes code 61005</b></li>",61091000,MA
171826,0000001717341,61036,TSHIRT,T-SHIRTS,MSSTSH,MENS SHORT SLEEVE T-SHIRT,FOTL,Fruit Of The Loom,MS0020,HP,Heather Purple,0012  ,2XL,Men's Valueweight T,2.23,1,12,72,08/04/2026 09:03:08,C,https://myebrochure.co.uk/images/colours/fotl/fotl-hp.jpg,https://myebrochure.co.uk/images/products/prod_15001_61036_166543.jpg,https://myebrochure.co.uk/images/products.small/prod_15001_61036_166543.jpg,https://myebrochure.co.uk/images/products.hires/prod_15001_61036_166543.jpg,https://myebrochure.co.uk/images/brands/fotl_23.png,https://myebrochure.co.uk/images/products.hires/prod_61036_141678.jpg,https://myebrochure.co.uk/images/products.hires/prod_61036_141677.jpg,https://myebrochure.co.uk/images/products.hires/prod_61036_141679.jpg,,,,,,,,"<li>Crew neck with Cotton/ LYCRA&reg; rib</li> <li>Self&#45;fabric neck tape</li> <li>Fine knit gauge for enhanced printability</li> <li><b>Also available in ladies&#39; sizes code 61372, children&#39;s sizes code 61033 and girl&#39;s sizes code 61005</b></li>",61091000,MA
171827,0000001717358,61036,TSHIRT,T-SHIRTS,MSSTSH,MENS SHORT SLEEVE T-SHIRT,FOTL,Fruit Of The Loom,MS0020,HP,Heather Purple,0012  ,3XL,Men's Valueweight T,3.02,1,12,36,08/04/2026 09:03:08,C,https://myebrochure.co.uk/images/colours/fotl/fotl-hp.jpg,https://myebrochure.co.uk/images/products/prod_15001_61036_166543.jpg,https://myebrochure.co.uk/images/products.small/prod_15001_61036_166543.jpg,https://myebrochure.co.uk/images/products.hires/prod_15001_61036_166543.jpg,https://myebrochure.co.uk/images/brands/fotl_23.png,https://myebrochure.co.uk/images/products.hires/prod_61036_141678.jpg,https://myebrochure.co.uk/images/products.hires/prod_61036_141677.jpg,https://myebrochure.co.uk/images/products.hires/prod_61036_141679.jpg,,,,,,,,"<li>Crew neck with Cotton/ LYCRA&reg; rib</li> <li>Self&#45;fabric neck tape</li> <li>Fine knit gauge for enhanced printability</li> <li><b>Also available in ladies&#39; sizes code 61372, children&#39;s sizes code 61033 and girl&#39;s sizes code 61005</b></li>",61091000,MA
171830,0000001717389,61036,TSHIRT,T-SHIRTS,MSSTSH,MENS SHORT SLEEVE T-SHIRT,FOTL,Fruit Of The Loom,MS0020,H1,Heather Burgundy,0012  ,Small,Men's Valueweight T,2.23,1,12,72,08/04/2026 09:03:08,C,https://myebrochure.co.uk/images/colours/fotl/fotl-h1.jpg,https://myebrochure.co.uk/images/products/prod_15001_61036_166543.jpg,https://myebrochure.co.uk/images/products.small/prod_15001_61036_166543.jpg,https://myebrochure.co.uk/images/products.hires/prod_15001_61036_166543.jpg,https://myebrochure.co.uk/images/brands/fotl_23.png,https://myebrochure.co.uk/images/products.hires/prod_61036_141672.jpg,https://myebrochure.co.uk/images/products.hires/prod_61036_141671.jpg,https://myebrochure.co.uk/images/products.hires/prod_61036_141673.jpg,https://myebrochure.co.uk/images/products.hires/prod_15001_61036_166548.jpg,,,,,,,"<li>Crew neck with Cotton/ LYCRA&reg; rib</li> <li>Self&#45;fabric neck tape</li> <li>Fine knit gauge for enhanced printability</li> <li><b>Also available in ladies&#39; sizes code 61372, children&#39;s sizes code 61033 and girl&#39;s sizes code 61005</b></li>",61091000,MA
171831,0000001717396,61036,TSHIRT,T-SHIRTS,MSSTSH,MENS SHORT SLEEVE T-SHIRT,FOTL,Fruit Of The Loom,MS0020,H1,Heather Burgundy,0012  ,Medium,Men's Valueweight T,2.23,1,12,72,08/04/2026 09:03:08,C,https://myebrochure.co.uk/images/colours/fotl/fotl-h1.jpg,https://myebrochure.co.uk/images/products/prod_15001_61036_166543.jpg,https://myebrochure.co.uk/images/products.small/prod_15001_61036_166543.jpg,https://myebrochure.co.uk/images/products.hires/prod_15001_61036_166543.jpg,https://myebrochure.co.uk/images/brands/fotl_23.png,https://myebrochure.co.uk/images/products.hires/prod_61036_141672.jpg,https://myebrochure.co.uk/images/products.hires/prod_61036_141671.jpg,https://myebrochure.co.uk/images/products.hires/prod_61036_141673.jpg,https://myebrochure.co.uk/images/products.hires/prod_15001_61036_166548.jpg,,,,,,,"<li>Crew neck with Cotton/ LYCRA&reg; rib</li> <li>Self&#45;fabric neck tape</li> <li>Fine knit gauge for enhanced printability</li> <li><b>Also available in ladies&#39; sizes code 61372, children&#39;s sizes code 61033 and girl&#39;s sizes code 61005</b></li>",61091000,MA
171832,0000001717402,61036,TSHIRT,T-SHIRTS,MSSTSH,MENS SHORT SLEEVE T-SHIRT,FOTL,Fruit Of The Loom,MS0020,H1,Heather Burgundy,0012  ,Large,Men's Valueweight T,2.23,1,12,72,08/04/2026 09:03:08,C,https://myebrochure.co.uk/images/colours/fotl/fotl-h1.jpg,https://myebrochure.co.uk/images/products/prod_15001_61036_166543.jpg,https://myebrochure.co.uk/images/products.small/prod_15001_61036_166543.jpg,https://myebrochure.co.uk/images/products.hires/prod_15001_61036_166543.jpg,https://myebrochure.co.uk/images/brands/fotl_23.png,https://myebrochure.co.uk/images/products.hires/prod_61036_141672.jpg,https://myebrochure.co.uk/images/products.hires/prod_61036_141671.jpg,https://myebrochure.co.uk/images/products.hires/prod_61036_141673.jpg,https://myebrochure.co.uk/images/products.hires/prod_15001_61036_166548.jpg,,,,,,,"<li>Crew neck with Cotton/ LYCRA&reg; rib</li> <li>Self&#45;fabric neck tape</li> <li>Fine knit gauge for enhanced printability</li> <li><b>Also available in ladies&#39; sizes code 61372, children&#39;s sizes code 61033 and girl&#39;s sizes code 61005</b></li>",61091000,MA
171833,0000001717419,61036,TSHIRT,T-SHIRTS,MSSTSH,MENS SHORT SLEEVE T-SHIRT,FOTL,Fruit Of The Loom,MS0020,H1,Heather Burgundy,0012  ,XL,Men's Valueweight T,2.23,1,12,72,08/04/2026 09:03:08,C,https://myebrochure.co.uk/images/colours/fotl/fotl-h1.jpg,https://myebrochure.co.uk/images/products/prod_15001_61036_166543.jpg,https://myebrochure.co.uk/images/products.small/prod_15001_61036_166543.jpg,https://myebrochure.co.uk/images/products.hires/prod_15001_61036_166543.jpg,https://myebrochure.co.uk/images/brands/fotl_23.png,https://myebrochure.co.uk/images/products.hires/prod_61036_141672.jpg,https://myebrochure.co.uk/images/products.hires/prod_61036_141671.jpg,https://myebrochure.co.uk/images/products.hires/prod_61036_141673.jpg,https://myebrochure.co.uk/images/products.hires/prod_15001_61036_166548.jpg,,,,,,,"<li>Crew neck with Cotton/ LYCRA&reg; rib</li> <li>Self&#45;fabric neck tape</li> <li>Fine knit gauge for enhanced printability</li> <li><b>Also available in ladies&#39; sizes code 61372, children&#39;s sizes code 61033 and girl&#39;s sizes code 61005</b></li>",61091000,MA
171834,0000001717426,61036,TSHIRT,T-SHIRTS,MSSTSH,MENS SHORT SLEEVE T-SHIRT,FOTL,Fruit Of The Loom,MS0020,H1,Heather Burgundy,0012  ,2XL,Men's Valueweight T,2.23,1,12,72,08/04/2026 09:03:08,C,https://myebrochure.co.uk/images/colours/fotl/fotl-h1.jpg,https://myebrochure.co.uk/images/products/prod_15001_61036_166543.jpg,https://myebrochure.co.uk/images/products.small/prod_15001_61036_166543.jpg,https://myebrochure.co.uk/images/products.hires/prod_15001_61036_166543.jpg,https://myebrochure.co.uk/images/brands/fotl_23.png,https://myebrochure.co.uk/images/products.hires/prod_61036_141672.jpg,https://myebrochure.co.uk/images/products.hires/prod_61036_141671.jpg,https://myebrochure.co.uk/images/products.hires/prod_61036_141673.jpg,https://myebrochure.co.uk/images/products.hires/prod_15001_61036_166548.jpg,,,,,,,"<li>Crew neck with Cotton/ LYCRA&reg; rib</li> <li>Self&#45;fabric neck tape</li> <li>Fine knit gauge for enhanced printability</li> <li><b>Also available in ladies&#39; sizes code 61372, children&#39;s sizes code 61033 and girl&#39;s sizes code 61005</b></li>",61091000,MA
171835,0000001717433,61036,TSHIRT,T-SHIRTS,MSSTSH,MENS SHORT SLEEVE T-SHIRT,FOTL,Fruit Of The Loom,MS0020,H1,Heather Burgundy,0012  ,3XL,Men's Valueweight T,3.02,1,12,36,08/04/2026 09:03:08,C,https://myebrochure.co.uk/images/colours/fotl/fotl-h1.jpg,https://myebrochure.co.uk/images/products/prod_15001_61036_166543.jpg,https://myebrochure.co.uk/images/products.small/prod_15001_61036_166543.jpg,https://myebrochure.co.uk/images/products.hires/prod_15001_61036_166543.jpg,https://myebrochure.co.uk/images/brands/fotl_23.png,https://myebrochure.co.uk/images/products.hires/prod_61036_141672.jpg,https://myebrochure.co.uk/images/products.hires/prod_61036_141671.jpg,https://myebrochure.co.uk/images/products.hires/prod_61036_141673.jpg,https://myebrochure.co.uk/images/products.hires/prod_15001_61036_166548.jpg,,,,,,,"<li>Crew neck with Cotton/ LYCRA&reg; rib</li> <li>Self&#45;fabric neck tape</li> <li>Fine knit gauge for enhanced printability</li> <li><b>Also available in ladies&#39; sizes code 61372, children&#39;s sizes code 61033 and girl&#39;s sizes code 61005</b></li>",61091000,MA
175897,0000001758054,61430,TSHIRT,T-SHIRTS,MSSTSH,MENS SHORT SLEEVE T-SHIRT,FOTL,Fruit Of The Loom,ME0028,VF,Vintage Heather Navy,0012  ,Small,Men's Iconic 150 T,2.09,1,12,72,08/04/2026 09:06:57,C,https://myebrochure.co.uk/images/colours/fotl/fotl-vf.jpg,https://myebrochure.co.uk/images/products/prod_11101_61430_164462.jpg,https://myebrochure.co.uk/images/products.small/prod_11101_61430_164462.jpg,https://myebrochure.co.uk/images/products.hires/prod_11101_61430_164462.jpg,https://myebrochure.co.uk/images/brands/fotl_23.png,https://myebrochure.co.uk/images/products.hires/prod_61430_131533.jpg,https://myebrochure.co.uk/images/products.hires/prod_61430_131531.jpg,https://myebrochure.co.uk/images/products.hires/prod_61430_131532.jpg,,,,,,,,"<li>100&#37; combed ringspun cotton</li> <li>Soft hand feel</li> <li>Tailored fit</li> <li>Crew neck with 1x1 rib</li> <li>Self-fabric back neck tape</li> <li>New tear away back neck label</li> <li><b>Also available in ladies sizes code 61432, kids sizes code 61023 and girl&#39;s sizes code 61025</b></li>",61091000,MA
175898,0000001758061,61430,TSHIRT,T-SHIRTS,MSSTSH,MENS SHORT SLEEVE T-SHIRT,FOTL,Fruit Of The Loom,ME0028,VF,Vintage Heather Navy,0012  ,Medium,Men's Iconic 150 T,2.09,1,12,72,08/04/2026 09:06:57,C,https://myebrochure.co.uk/images/colours/fotl/fotl-vf.jpg,https://myebrochure.co.uk/images/products/prod_11101_61430_164462.jpg,https://myebrochure.co.uk/images/products.small/prod_11101_61430_164462.jpg,https://myebrochure.co.uk/images/products.hires/prod_11101_61430_164462.jpg,https://myebrochure.co.uk/images/brands/fotl_23.png,https://myebrochure.co.uk/images/products.hires/prod_61430_131533.jpg,https://myebrochure.co.uk/images/products.hires/prod_61430_131531.jpg,https://myebrochure.co.uk/images/products.hires/prod_61430_131532.jpg,,,,,,,,"<li>100&#37; combed ringspun cotton</li> <li>Soft hand feel</li> <li>Tailored fit</li> <li>Crew neck with 1x1 rib</li> <li>Self-fabric back neck tape</li> <li>New tear away back neck label</li> <li><b>Also available in ladies sizes code 61432, kids sizes code 61023 and girl&#39;s sizes code 61025</b></li>",61091000,MA
175899,0000001758078,61430,TSHIRT,T-SHIRTS,MSSTSH,MENS SHORT SLEEVE T-SHIRT,FOTL,Fruit Of The Loom,ME0028,VF,Vintage Heather Navy,0012  ,Large,Men's Iconic 150 T,2.09,1,12,72,08/04/2026 09:06:57,C,https://myebrochure.co.uk/images/colours/fotl/fotl-vf.jpg,https://myebrochure.co.uk/images/products/prod_11101_61430_164462.jpg,https://myebrochure.co.uk/images/products.small/prod_11101_61430_164462.jpg,https://myebrochure.co.uk/images/products.hires/prod_11101_61430_164462.jpg,https://myebrochure.co.uk/images/brands/fotl_23.png,https://myebrochure.co.uk/images/products.hires/prod_61430_131533.jpg,https://myebrochure.co.uk/images/products.hires/prod_61430_131531.jpg,https://myebrochure.co.uk/images/products.hires/prod_61430_131532.jpg,,,,,,,,"<li>100&#37; combed ringspun cotton</li> <li>Soft hand feel</li> <li>Tailored fit</li> <li>Crew neck with 1x1 rib</li> <li>Self-fabric back neck tape</li> <li>New tear away back neck label</li> <li><b>Also available in ladies sizes code 61432, kids sizes code 61023 and girl&#39;s sizes code 61025</b></li>",61091000,MA
175900,0000001758085,61430,TSHIRT,T-SHIRTS,MSSTSH,MENS SHORT SLEEVE T-SHIRT,FOTL,Fruit Of The Loom,ME0028,VF,Vintage Heather Navy,0012  ,XL,Men's Iconic 150 T,2.09,1,12,72,08/04/2026 09:06:57,C,https://myebrochure.co.uk/images/colours/fotl/fotl-vf.jpg,https://myebrochure.co.uk/images/products/prod_11101_61430_164462.jpg,https://myebrochure.co.uk/images/products.small/prod_11101_61430_164462.jpg,https://myebrochure.co.uk/images/products.hires/prod_11101_61430_164462.jpg,https://myebrochure.co.uk/images/brands/fotl_23.png,https://myebrochure.co.uk/images/products.hires/prod_61430_131533.jpg,https://myebrochure.co.uk/images/products.hires/prod_61430_131531.jpg,https://myebrochure.co.uk/images/products.hires/prod_61430_131532.jpg,,,,,,,,"<li>100&#37; combed ringspun cotton</li> <li>Soft hand feel</li> <li>Tailored fit</li> <li>Crew neck with 1x1 rib</li> <li>Self-fabric back neck tape</li> <li>New tear away back neck label</li> <li><b>Also available in ladies sizes code 61432, kids sizes code 61023 and girl&#39;s sizes code 61025</b></li>",61091000,MA
175901,0000001758092,61430,TSHIRT,T-SHIRTS,MSSTSH,MENS SHORT SLEEVE T-SHIRT,FOTL,Fruit Of The Loom,ME0028,VF,Vintage Heather Navy,0012  ,2XL,Men's Iconic 150 T,2.09,1,12,72,08/04/2026 09:06:57,C,https://myebrochure.co.uk/images/colours/fotl/fotl-vf.jpg,https://myebrochure.co.uk/images/products/prod_11101_61430_164462.jpg,https://myebrochure.co.uk/images/products.small/prod_11101_61430_164462.jpg,https://myebrochure.co.uk/images/products.hires/prod_11101_61430_164462.jpg,https://myebrochure.co.uk/images/brands/fotl_23.png,https://myebrochure.co.uk/images/products.hires/prod_61430_131533.jpg,https://myebrochure.co.uk/images/products.hires/prod_61430_131531.jpg,https://myebrochure.co.uk/images/products.hires/prod_61430_131532.jpg,,,,,,,,"<li>100&#37; combed ringspun cotton</li> <li>Soft hand feel</li> <li>Tailored fit</li> <li>Crew neck with 1x1 rib</li> <li>Self-fabric back neck tape</li> <li>New tear away back neck label</li> <li><b>Also available in ladies sizes code 61432, kids sizes code 61023 and girl&#39;s sizes code 61025</b></li>",61091000,MA
175905,0000001758139,61430,TSHIRT,T-SHIRTS,MSSTSH,MENS SHORT SLEEVE T-SHIRT,FOTL,Fruit Of The Loom,ME0028,R6,Retro Heather Royal,0012  ,Small,Men's Iconic 150 T,2.09,1,12,72,08/04/2026 09:06:57,C,https://myebrochure.co.uk/images/colours/fotl/fotl-r6.jpg,https://myebrochure.co.uk/images/products/prod_11101_61430_164462.jpg,https://myebrochure.co.uk/images/products.small/prod_11101_61430_164462.jpg,https://myebrochure.co.uk/images/products.hires/prod_11101_61430_164462.jpg,https://myebrochure.co.uk/images/brands/fotl_23.png,https://myebrochure.co.uk/images/products.hires/prod_61430_132032.jpg,https://myebrochure.co.uk/images/products.hires/prod_61430_132031.jpg,https://myebrochure.co.uk/images/products.hires/prod_61430_132033.jpg,,,,,,,,"<li>100&#37; combed ringspun cotton</li> <li>Soft hand feel</li> <li>Tailored fit</li> <li>Crew neck with 1x1 rib</li> <li>Self-fabric back neck tape</li> <li>New tear away back neck label</li> <li><b>Also available in ladies sizes code 61432, kids sizes code 61023 and girl&#39;s sizes code 61025</b></li>",61091000,MA
175906,0000001758146,61430,TSHIRT,T-SHIRTS,MSSTSH,MENS SHORT SLEEVE T-SHIRT,FOTL,Fruit Of The Loom,ME0028,R6,Retro Heather Royal,0012  ,Medium,Men's Iconic 150 T,2.09,1,12,72,08/04/2026 09:06:57,C,https://myebrochure.co.uk/images/colours/fotl/fotl-r6.jpg,https://myebrochure.co.uk/images/products/prod_11101_61430_164462.jpg,https://myebrochure.co.uk/images/products.small/prod_11101_61430_164462.jpg,https://myebrochure.co.uk/images/products.hires/prod_11101_61430_164462.jpg,https://myebrochure.co.uk/images/brands/fotl_23.png,https://myebrochure.co.uk/images/products.hires/prod_61430_132032.jpg,https://myebrochure.co.uk/images/products.hires/prod_61430_132031.jpg,https://myebrochure.co.uk/images/products.hires/prod_61430_132033.jpg,,,,,,,,"<li>100&#37; combed ringspun cotton</li> <li>Soft hand feel</li> <li>Tailored fit</li> <li>Crew neck with 1x1 rib</li> <li>Self-fabric back neck tape</li> <li>New tear away back neck label</li> <li><b>Also available in ladies sizes code 61432, kids sizes code 61023 and girl&#39;s sizes code 61025</b></li>",61091000,MA
175907,0000001758153,61430,TSHIRT,T-SHIRTS,MSSTSH,MENS SHORT SLEEVE T-SHIRT,FOTL,Fruit Of The Loom,ME0028,R6,Retro Heather Royal,0012  ,Large,Men's Iconic 150 T,2.09,1,12,72,08/04/2026 09:06:57,C,https://myebrochure.co.uk/images/colours/fotl/fotl-r6.jpg,https://myebrochure.co.uk/images/products/prod_11101_61430_164462.jpg,https://myebrochure.co.uk/images/products.small/prod_11101_61430_164462.jpg,https://myebrochure.co.uk/images/products.hires/prod_11101_61430_164462.jpg,https://myebrochure.co.uk/images/brands/fotl_23.png,https://myebrochure.co.uk/images/products.hires/prod_61430_132032.jpg,https://myebrochure.co.uk/images/products.hires/prod_61430_132031.jpg,https://myebrochure.co.uk/images/products.hires/prod_61430_132033.jpg,,,,,,,,"<li>100&#37; combed ringspun cotton</li> <li>Soft hand feel</li> <li>Tailored fit</li> <li>Crew neck with 1x1 rib</li> <li>Self-fabric back neck tape</li> <li>New tear away back neck label</li> <li><b>Also available in ladies sizes code 61432, kids sizes code 61023 and girl&#39;s sizes code 61025</b></li>",61091000,MA
175908,0000001758160,61430,TSHIRT,T-SHIRTS,MSSTSH,MENS SHORT SLEEVE T-SHIRT,FOTL,Fruit Of The Loom,ME0028,R6,Retro Heather Royal,0012  ,XL,Men's Iconic 150 T,2.09,1,12,72,08/04/2026 09:06:57,C,https://myebrochure.co.uk/images/colours/fotl/fotl-r6.jpg,https://myebrochure.co.uk/images/products/prod_11101_61430_164462.jpg,https://myebrochure.co.uk/images/products.small/prod_11101_61430_164462.jpg,https://myebrochure.co.uk/images/products.hires/prod_11101_61430_164462.jpg,https://myebrochure.co.uk/images/brands/fotl_23.png,https://myebrochure.co.uk/images/products.hires/prod_61430_132032.jpg,https://myebrochure.co.uk/images/products.hires/prod_61430_132031.jpg,https://myebrochure.co.uk/images/products.hires/prod_61430_132033.jpg,,,,,,,,"<li>100&#37; combed ringspun cotton</li> <li>Soft hand feel</li> <li>Tailored fit</li> <li>Crew neck with 1x1 rib</li> <li>Self-fabric back neck tape</li> <li>New tear away back neck label</li> <li><b>Also available in ladies sizes code 61432, kids sizes code 61023 and girl&#39;s sizes code 61025</b></li>",61091000,MA
175909,0000001758177,61430,TSHIRT,T-SHIRTS,MSSTSH,MENS SHORT SLEEVE T-SHIRT,FOTL,Fruit Of The Loom,ME0028,R6,Retro Heather Royal,0012  ,2XL,Men's Iconic 150 T,2.09,1,12,72,08/04/2026 09:06:57,C,https://myebrochure.co.uk/images/colours/fotl/fotl-r6.jpg,https://myebrochure.co.uk/images/products/prod_11101_61430_164462.jpg,https://myebrochure.co.uk/images/products.small/prod_11101_61430_164462.jpg,https://myebrochure.co.uk/images/products.hires/prod_11101_61430_164462.jpg,https://myebrochure.co.uk/images/brands/fotl_23.png,https://myebrochure.co.uk/images/products.hires/prod_61430_132032.jpg,https://myebrochure.co.uk/images/products.hires/prod_61430_132031.jpg,https://myebrochure.co.uk/images/products.hires/prod_61430_132033.jpg,,,,,,,,"<li>100&#37; combed ringspun cotton</li> <li>Soft hand feel</li> <li>Tailored fit</li> <li>Crew neck with 1x1 rib</li> <li>Self-fabric back neck tape</li> <li>New tear away back neck label</li> <li><b>Also available in ladies sizes code 61432, kids sizes code 61023 and girl&#39;s sizes code 61025</b></li>",61091000,MA
175913,0000001758214,61430,TSHIRT,T-SHIRTS,MSSTSH,MENS SHORT SLEEVE T-SHIRT,FOTL,Fruit Of The Loom,ME0028,RX,Retro Heather Green,0012  ,Small,Men's Iconic 150 T,2.09,1,12,72,08/04/2026 09:06:57,C,https://myebrochure.co.uk/images/colours/fotl/fotl-rx.jpg,https://myebrochure.co.uk/images/products/prod_11101_61430_164462.jpg,https://myebrochure.co.uk/images/products.small/prod_11101_61430_164462.jpg,https://myebrochure.co.uk/images/products.hires/prod_11101_61430_164462.jpg,https://myebrochure.co.uk/images/brands/fotl_23.png,https://myebrochure.co.uk/images/products.hires/prod_61430_132035.jpg,https://myebrochure.co.uk/images/products.hires/prod_61430_132034.jpg,https://myebrochure.co.uk/images/products.hires/prod_61430_132036.jpg,,,,,,,,"<li>100&#37; combed ringspun cotton</li> <li>Soft hand feel</li> <li>Tailored fit</li> <li>Crew neck with 1x1 rib</li> <li>Self-fabric back neck tape</li> <li>New tear away back neck label</li> <li><b>Also available in ladies sizes code 61432, kids sizes code 61023 and girl&#39;s sizes code 61025</b></li>",61091000,MA
175914,0000001758221,61430,TSHIRT,T-SHIRTS,MSSTSH,MENS SHORT SLEEVE T-SHIRT,FOTL,Fruit Of The Loom,ME0028,RX,Retro Heather Green,0012  ,Medium,Men's Iconic 150 T,2.09,1,12,72,08/04/2026 09:06:57,C,https://myebrochure.co.uk/images/colours/fotl/fotl-rx.jpg,https://myebrochure.co.uk/images/products/prod_11101_61430_164462.jpg,https://myebrochure.co.uk/images/products.small/prod_11101_61430_164462.jpg,https://myebrochure.co.uk/images/products.hires/prod_11101_61430_164462.jpg,https://myebrochure.co.uk/images/brands/fotl_23.png,https://myebrochure.co.uk/images/products.hires/prod_61430_132035.jpg,https://myebrochure.co.uk/images/products.hires/prod_61430_132034.jpg,https://myebrochure.co.uk/images/products.hires/prod_61430_132036.jpg,,,,,,,,"<li>100&#37; combed ringspun cotton</li> <li>Soft hand feel</li> <li>Tailored fit</li> <li>Crew neck with 1x1 rib</li> <li>Self-fabric back neck tape</li> <li>New tear away back neck label</li> <li><b>Also available in ladies sizes code 61432, kids sizes code 61023 and girl&#39;s sizes code 61025</b></li>",61091000,MA
175915,0000001758238,61430,TSHIRT,T-SHIRTS,MSSTSH,MENS SHORT SLEEVE T-SHIRT,FOTL,Fruit Of The Loom,ME0028,RX,Retro Heather Green,0012  ,Large,Men's Iconic 150 T,2.09,1,12,72,08/04/2026 09:06:57,C,https://myebrochure.co.uk/images/colours/fotl/fotl-rx.jpg,https://myebrochure.co.uk/images/products/prod_11101_61430_164462.jpg,https://myebrochure.co.uk/images/products.small/prod_11101_61430_164462.jpg,https://myebrochure.co.uk/images/products.hires/prod_11101_61430_164462.jpg,https://myebrochure.co.uk/images/brands/fotl_23.png,https://myebrochure.co.uk/images/products.hires/prod_61430_132035.jpg,https://myebrochure.co.uk/images/products.hires/prod_61430_132034.jpg,https://myebrochure.co.uk/images/products.hires/prod_61430_132036.jpg,,,,,,,,"<li>100&#37; combed ringspun cotton</li> <li>Soft hand feel</li> <li>Tailored fit</li> <li>Crew neck with 1x1 rib</li> <li>Self-fabric back neck tape</li> <li>New tear away back neck label</li> <li><b>Also available in ladies sizes code 61432, kids sizes code 61023 and girl&#39;s sizes code 61025</b></li>",61091000,MA
175916,0000001758245,61430,TSHIRT,T-SHIRTS,MSSTSH,MENS SHORT SLEEVE T-SHIRT,FOTL,Fruit Of The Loom,ME0028,RX,Retro Heather Green,0012  ,XL,Men's Iconic 150 T,2.09,1,12,72,08/04/2026 09:06:57,C,https://myebrochure.co.uk/images/colours/fotl/fotl-rx.jpg,https://myebrochure.co.uk/images/products/prod_11101_61430_164462.jpg,https://myebrochure.co.uk/images/products.small/prod_11101_61430_164462.jpg,https://myebrochure.co.uk/images/products.hires/prod_11101_61430_164462.jpg,https://myebrochure.co.uk/images/brands/fotl_23.png,https://myebrochure.co.uk/images/products.hires/prod_61430_132035.jpg,https://myebrochure.co.uk/images/products.hires/prod_61430_132034.jpg,https://myebrochure.co.uk/images/products.hires/prod_61430_132036.jpg,,,,,,,,"<li>100&#37; combed ringspun cotton</li> <li>Soft hand feel</li> <li>Tailored fit</li> <li>Crew neck with 1x1 rib</li> <li>Self-fabric back neck tape</li> <li>New tear away back neck label</li> <li><b>Also available in ladies sizes code 61432, kids sizes code 61023 and girl&#39;s sizes code 61025</b></li>",61091000,MA
175917,0000001758252,61430,TSHIRT,T-SHIRTS,MSSTSH,MENS SHORT SLEEVE T-SHIRT,FOTL,Fruit Of The Loom,ME0028,RX,Retro Heather Green,0012  ,2XL,Men's Iconic 150 T,2.09,1,12,72,08/04/2026 09:06:57,C,https://myebrochure.co.uk/images/colours/fotl/fotl-rx.jpg,https://myebrochure.co.uk/images/products/prod_11101_61430_164462.jpg,https://myebrochure.co.uk/images/products.small/prod_11101_61430_164462.jpg,https://myebrochure.co.uk/images/products.hires/prod_11101_61430_164462.jpg,https://myebrochure.co.uk/images/brands/fotl_23.png,https://myebrochure.co.uk/images/products.hires/prod_61430_132035.jpg,https://myebrochure.co.uk/images/products.hires/prod_61430_132034.jpg,https://myebrochure.co.uk/images/products.hires/prod_61430_132036.jpg,,,,,,,,"<li>100&#37; combed ringspun cotton</li> <li>Soft hand feel</li> <li>Tailored fit</li> <li>Crew neck with 1x1 rib</li> <li>Self-fabric back neck tape</li> <li>New tear away back neck label</li> <li><b>Also available in ladies sizes code 61432, kids sizes code 61023 and girl&#39;s sizes code 61025</b></li>",61091000,MA
175921,0000001758290,61430,TSHIRT,T-SHIRTS,MSSTSH,MENS SHORT SLEEVE T-SHIRT,FOTL,Fruit Of The Loom,ME0028,VH,Vintage Heather Red,0012  ,Small,Men's Iconic 150 T,2.09,1,12,72,08/04/2026 09:06:57,C,https://myebrochure.co.uk/images/colours/fotl/fotl-vh.jpg,https://myebrochure.co.uk/images/products/prod_11101_61430_164462.jpg,https://myebrochure.co.uk/images/products.small/prod_11101_61430_164462.jpg,https://myebrochure.co.uk/images/products.hires/prod_11101_61430_164462.jpg,https://myebrochure.co.uk/images/brands/fotl_23.png,https://myebrochure.co.uk/images/products.hires/prod_61430_132038.jpg,https://myebrochure.co.uk/images/products.hires/prod_61430_132037.jpg,https://myebrochure.co.uk/images/products.hires/prod_61430_132039.jpg,,,,,,,,"<li>100&#37; combed ringspun cotton</li> <li>Soft hand feel</li> <li>Tailored fit</li> <li>Crew neck with 1x1 rib</li> <li>Self-fabric back neck tape</li> <li>New tear away back neck label</li> <li><b>Also available in ladies sizes code 61432, kids sizes code 61023 and girl&#39;s sizes code 61025</b></li>",61091000,MA
175922,0000001758306,61430,TSHIRT,T-SHIRTS,MSSTSH,MENS SHORT SLEEVE T-SHIRT,FOTL,Fruit Of The Loom,ME0028,VH,Vintage Heather Red,0012  ,Medium,Men's Iconic 150 T,2.09,1,12,72,08/04/2026 09:06:57,C,https://myebrochure.co.uk/images/colours/fotl/fotl-vh.jpg,https://myebrochure.co.uk/images/products/prod_11101_61430_164462.jpg,https://myebrochure.co.uk/images/products.small/prod_11101_61430_164462.jpg,https://myebrochure.co.uk/images/products.hires/prod_11101_61430_164462.jpg,https://myebrochure.co.uk/images/brands/fotl_23.png,https://myebrochure.co.uk/images/products.hires/prod_61430_132038.jpg,https://myebrochure.co.uk/images/products.hires/prod_61430_132037.jpg,https://myebrochure.co.uk/images/products.hires/prod_61430_132039.jpg,,,,,,,,"<li>100&#37; combed ringspun cotton</li> <li>Soft hand feel</li> <li>Tailored fit</li> <li>Crew neck with 1x1 rib</li> <li>Self-fabric back neck tape</li> <li>New tear away back neck label</li> <li><b>Also available in ladies sizes code 61432, kids sizes code 61023 and girl&#39;s sizes code 61025</b></li>",61091000,MA
175923,0000001758313,61430,TSHIRT,T-SHIRTS,MSSTSH,MENS SHORT SLEEVE T-SHIRT,FOTL,Fruit Of The Loom,ME0028,VH,Vintage Heather Red,0012  ,Large,Men's Iconic 150 T,2.09,1,12,72,08/04/2026 09:06:57,C,https://myebrochure.co.uk/images/colours/fotl/fotl-vh.jpg,https://myebrochure.co.uk/images/products/prod_11101_61430_164462.jpg,https://myebrochure.co.uk/images/products.small/prod_11101_61430_164462.jpg,https://myebrochure.co.uk/images/products.hires/prod_11101_61430_164462.jpg,https://myebrochure.co.uk/images/brands/fotl_23.png,https://myebrochure.co.uk/images/products.hires/prod_61430_132038.jpg,https://myebrochure.co.uk/images/products.hires/prod_61430_132037.jpg,https://myebrochure.co.uk/images/products.hires/prod_61430_132039.jpg,,,,,,,,"<li>100&#37; combed ringspun cotton</li> <li>Soft hand feel</li> <li>Tailored fit</li> <li>Crew neck with 1x1 rib</li> <li>Self-fabric back neck tape</li> <li>New tear away back neck label</li> <li><b>Also available in ladies sizes code 61432, kids sizes code 61023 and girl&#39;s sizes code 61025</b></li>",61091000,MA
175924,0000001758320,61430,TSHIRT,T-SHIRTS,MSSTSH,MENS SHORT SLEEVE T-SHIRT,FOTL,Fruit Of The Loom,ME0028,VH,Vintage Heather Red,0012  ,XL,Men's Iconic 150 T,2.09,1,12,72,08/04/2026 09:06:57,C,https://myebrochure.co.uk/images/colours/fotl/fotl-vh.jpg,https://myebrochure.co.uk/images/products/prod_11101_61430_164462.jpg,https://myebrochure.co.uk/images/products.small/prod_11101_61430_164462.jpg,https://myebrochure.co.uk/images/products.hires/prod_11101_61430_164462.jpg,https://myebrochure.co.uk/images/brands/fotl_23.png,https://myebrochure.co.uk/images/products.hires/prod_61430_132038.jpg,https://myebrochure.co.uk/images/products.hires/prod_61430_132037.jpg,https://myebrochure.co.uk/images/products.hires/prod_61430_132039.jpg,,,,,,,,"<li>100&#37; combed ringspun cotton</li> <li>Soft hand feel</li> <li>Tailored fit</li> <li>Crew neck with 1x1 rib</li> <li>Self-fabric back neck tape</li> <li>New tear away back neck label</li> <li><b>Also available in ladies sizes code 61432, kids sizes code 61023 and girl&#39;s sizes code 61025</b></li>",61091000,MA
175925,0000001758337,61430,TSHIRT,T-SHIRTS,MSSTSH,MENS SHORT SLEEVE T-SHIRT,FOTL,Fruit Of The Loom,ME0028,VH,Vintage Heather Red,0012  ,2XL,Men's Iconic 150 T,2.09,1,12,72,08/04/2026 09:06:57,C,https://myebrochure.co.uk/images/colours/fotl/fotl-vh.jpg,https://myebrochure.co.uk/images/products/prod_11101_61430_164462.jpg,https://myebrochure.co.uk/images/products.small/prod_11101_61430_164462.jpg,https://myebrochure.co.uk/images/products.hires/prod_11101_61430_164462.jpg,https://myebrochure.co.uk/images/brands/fotl_23.png,https://myebrochure.co.uk/images/products.hires/prod_61430_132038.jpg,https://myebrochure.co.uk/images/products.hires/prod_61430_132037.jpg,https://myebrochure.co.uk/images/products.hires/prod_61430_132039.jpg,,,,,,,,"<li>100&#37; combed ringspun cotton</li> <li>Soft hand feel</li> <li>Tailored fit</li> <li>Crew neck with 1x1 rib</li> <li>Self-fabric back neck tape</li> <li>New tear away back neck label</li> <li><b>Also available in ladies sizes code 61432, kids sizes code 61023 and girl&#39;s sizes code 61025</b></li>",61091000,MA
179706,0000001796155,61036,TSHIRT,T-SHIRTS,MSSTSH,MENS SHORT SLEEVE T-SHIRT,FOTL,Fruit Of The Loom,MS0020,ZU,Azure Blue,0012  ,3XL,Men's Valueweight T,3.02,1,12,36,08/04/2026 09:03:08,C,https://myebrochure.co.uk/images/colours/fotl/fotl-zu.jpg,https://myebrochure.co.uk/images/products/prod_15001_61036_166543.jpg,https://myebrochure.co.uk/images/products.small/prod_15001_61036_166543.jpg,https://myebrochure.co.uk/images/products.hires/prod_15001_61036_166543.jpg,https://myebrochure.co.uk/images/brands/fotl_23.png,https://myebrochure.co.uk/images/products.hires/prod_61036_141702.jpg,https://myebrochure.co.uk/images/products.hires/prod_61036_141701.jpg,https://myebrochure.co.uk/images/products.hires/prod_61036_141703.jpg,,,,,,,,"<li>Crew neck with Cotton/ LYCRA&reg; rib</li> <li>Self&#45;fabric neck tape</li> <li>Fine knit gauge for enhanced printability</li> <li><b>Also available in ladies&#39; sizes code 61372, children&#39;s sizes code 61033 and girl&#39;s sizes code 61005</b></li>",61091000,MA
179709,0000001796186,61036,TSHIRT,T-SHIRTS,MSSTSH,MENS SHORT SLEEVE T-SHIRT,FOTL,Fruit Of The Loom,MS0020,BGR,Bottle Green,0012  ,3XL,Men's Valueweight T,3.02,1,12,36,08/04/2026 09:03:08,C,https://myebrochure.co.uk/images/colours/fotl/fotl-bgr.jpg,https://myebrochure.co.uk/images/products/prod_15001_61036_166543.jpg,https://myebrochure.co.uk/images/products.small/prod_15001_61036_166543.jpg,https://myebrochure.co.uk/images/products.hires/prod_15001_61036_166543.jpg,https://myebrochure.co.uk/images/brands/fotl_23.png,https://myebrochure.co.uk/images/products.hires/prod_61036_141630.jpg,https://myebrochure.co.uk/images/products.hires/prod_61036_141629.jpg,https://myebrochure.co.uk/images/products.hires/prod_61036_141631.jpg,,,,,,,,"<li>Crew neck with Cotton/ LYCRA&reg; rib</li> <li>Self&#45;fabric neck tape</li> <li>Fine knit gauge for enhanced printability</li> <li><b>Also available in ladies&#39; sizes code 61372, children&#39;s sizes code 61033 and girl&#39;s sizes code 61005</b></li>",61091000,MA
179712,0000001796216,61036,TSHIRT,T-SHIRTS,MSSTSH,MENS SHORT SLEEVE T-SHIRT,FOTL,Fruit Of The Loom,MS0020,BX,Brick Red,0012  ,3XL,Men's Valueweight T,3.02,1,12,36,08/04/2026 09:03:08,C,https://myebrochure.co.uk/images/colours/fotl/fotl-bx.jpg,https://myebrochure.co.uk/images/products/prod_15001_61036_166543.jpg,https://myebrochure.co.uk/images/products.small/prod_15001_61036_166543.jpg,https://myebrochure.co.uk/images/products.hires/prod_15001_61036_166543.jpg,https://myebrochure.co.uk/images/brands/fotl_23.png,https://myebrochure.co.uk/images/products.hires/prod_61036_141666.jpg,https://myebrochure.co.uk/images/products.hires/prod_61036_141665.jpg,https://myebrochure.co.uk/images/products.hires/prod_61036_141667.jpg,,,,,,,,"<li>Crew neck with Cotton/ LYCRA&reg; rib</li> <li>Self&#45;fabric neck tape</li> <li>Fine knit gauge for enhanced printability</li> <li><b>Also available in ladies&#39; sizes code 61372, children&#39;s sizes code 61033 and girl&#39;s sizes code 61005</b></li>",61091000,MA
179715,0000001796247,61036,TSHIRT,T-SHIRTS,MSSTSH,MENS SHORT SLEEVE T-SHIRT,FOTL,Fruit Of The Loom,MS0020,41,Burgundy,0012  ,3XL,Men's Valueweight T,3.02,1,12,36,08/04/2026 09:03:08,C,https://myebrochure.co.uk/images/colours/fotl/fotl-41.jpg,https://myebrochure.co.uk/images/products/prod_15001_61036_166543.jpg,https://myebrochure.co.uk/images/products.small/prod_15001_61036_166543.jpg,https://myebrochure.co.uk/images/products.hires/prod_15001_61036_166543.jpg,https://myebrochure.co.uk/images/brands/fotl_23.png,https://myebrochure.co.uk/images/products.hires/prod_61036_141639.jpg,https://myebrochure.co.uk/images/products.hires/prod_61036_141638.jpg,https://myebrochure.co.uk/images/products.hires/prod_61036_141640.jpg,,,,,,,,"<li>Crew neck with Cotton/ LYCRA&reg; rib</li> <li>Self&#45;fabric neck tape</li> <li>Fine knit gauge for enhanced printability</li> <li><b>Also available in ladies&#39; sizes code 61372, children&#39;s sizes code 61033 and girl&#39;s sizes code 61005</b></li>",61091000,MA
179718,0000001796278,61036,TSHIRT,T-SHIRTS,MSSTSH,MENS SHORT SLEEVE T-SHIRT,FOTL,Fruit Of The Loom,MS0020,CQ,Chocolate,0012  ,3XL,Men's Valueweight T,3.02,1,12,36,08/04/2026 09:03:08,C,https://myebrochure.co.uk/images/colours/fotl/fotl-cq.jpg,https://myebrochure.co.uk/images/products/prod_15001_61036_166543.jpg,https://myebrochure.co.uk/images/products.small/prod_15001_61036_166543.jpg,https://myebrochure.co.uk/images/products.hires/prod_15001_61036_166543.jpg,https://myebrochure.co.uk/images/brands/fotl_23.png,https://myebrochure.co.uk/images/products.hires/prod_61036_141669.jpg,https://myebrochure.co.uk/images/products.hires/prod_61036_141668.jpg,https://myebrochure.co.uk/images/products.hires/prod_61036_141670.jpg,https://myebrochure.co.uk/images/products.hires/prod_15001_61036_166547.jpg,,,,,,,"<li>Crew neck with Cotton/ LYCRA&reg; rib</li> <li>Self&#45;fabric neck tape</li> <li>Fine knit gauge for enhanced printability</li> <li><b>Also available in ladies&#39; sizes code 61372, children&#39;s sizes code 61033 and girl&#39;s sizes code 61005</b></li>",61091000,MA
179721,0000001796308,61036,TSHIRT,T-SHIRTS,MSSTSH,MENS SHORT SLEEVE T-SHIRT,FOTL,Fruit Of The Loom,MS0020,59,Classic Olive,0012  ,3XL,Men's Valueweight T,3.02,1,12,36,08/04/2026 09:03:08,C,https://myebrochure.co.uk/images/colours/fotl/fotl-59.jpg,https://myebrochure.co.uk/images/products/prod_15001_61036_166543.jpg,https://myebrochure.co.uk/images/products.small/prod_15001_61036_166543.jpg,https://myebrochure.co.uk/images/products.hires/prod_15001_61036_166543.jpg,https://myebrochure.co.uk/images/brands/fotl_23.png,https://myebrochure.co.uk/images/products.hires/prod_61036_141657.jpg,https://myebrochure.co.uk/images/products.hires/prod_61036_141656.jpg,https://myebrochure.co.uk/images/products.hires/prod_61036_141658.jpg,,,,,,,,"<li>Crew neck with Cotton/ LYCRA&reg; rib</li> <li>Self&#45;fabric neck tape</li> <li>Fine knit gauge for enhanced printability</li> <li><b>Also available in ladies&#39; sizes code 61372, children&#39;s sizes code 61033 and girl&#39;s sizes code 61005</b></li>",61091000,MA
179724,0000001796339,61036,TSHIRT,T-SHIRTS,MSSTSH,MENS SHORT SLEEVE T-SHIRT,FOTL,Fruit Of The Loom,MS0020,AZ,Deep Navy,0012  ,3XL,Men's Valueweight T,3.02,1,12,36,08/04/2026 09:03:08,C,https://myebrochure.co.uk/images/colours/fotl/fotl-az.jpg,https://myebrochure.co.uk/images/products/prod_15001_61036_166543.jpg,https://myebrochure.co.uk/images/products.small/prod_15001_61036_166543.jpg,https://myebrochure.co.uk/images/products.hires/prod_15001_61036_166543.jpg,https://myebrochure.co.uk/images/brands/fotl_23.png,https://myebrochure.co.uk/images/products.hires/prod_61036_141663.jpg,https://myebrochure.co.uk/images/products.hires/prod_61036_141662.jpg,https://myebrochure.co.uk/images/products.hires/prod_61036_141664.jpg,https://myebrochure.co.uk/images/products.hires/prod_15001_61036_166542.jpg,,,,,,,"<li>Crew neck with Cotton/ LYCRA&reg; rib</li> <li>Self&#45;fabric neck tape</li> <li>Fine knit gauge for enhanced printability</li> <li><b>Also available in ladies&#39; sizes code 61372, children&#39;s sizes code 61033 and girl&#39;s sizes code 61005</b></li>",61091000,MA
179729,0000001796384,61036,TSHIRT,T-SHIRTS,MSSTSH,MENS SHORT SLEEVE T-SHIRT,FOTL,Fruit Of The Loom,MS0020,47,Kelly Green,0012  ,3XL,Men's Valueweight T,3.02,1,12,36,08/04/2026 09:03:08,C,https://myebrochure.co.uk/images/colours/fotl/fotl-47.jpg,https://myebrochure.co.uk/images/products/prod_15001_61036_166543.jpg,https://myebrochure.co.uk/images/products.small/prod_15001_61036_166543.jpg,https://myebrochure.co.uk/images/products.hires/prod_15001_61036_166543.jpg,https://myebrochure.co.uk/images/brands/fotl_23.png,https://myebrochure.co.uk/images/products.hires/prod_61036_141645.jpg,https://myebrochure.co.uk/images/products.hires/prod_61036_141644.jpg,https://myebrochure.co.uk/images/products.hires/prod_61036_141646.jpg,,,,,,,,"<li>Crew neck with Cotton/ LYCRA&reg; rib</li> <li>Self&#45;fabric neck tape</li> <li>Fine knit gauge for enhanced printability</li> <li><b>Also available in ladies&#39; sizes code 61372, children&#39;s sizes code 61033 and girl&#39;s sizes code 61005</b></li>",61091000,MA
179732,0000001796414,61036,TSHIRT,T-SHIRTS,MSSTSH,MENS SHORT SLEEVE T-SHIRT,FOTL,Fruit Of The Loom,MS0020,3M,Khaki,0012  ,3XL,Men's Valueweight T,3.02,1,12,36,08/04/2026 09:03:08,C,https://myebrochure.co.uk/images/colours/fotl/fotl-3m.jpg,https://myebrochure.co.uk/images/products/prod_15001_61036_166543.jpg,https://myebrochure.co.uk/images/products.small/prod_15001_61036_166543.jpg,https://myebrochure.co.uk/images/products.hires/prod_15001_61036_166543.jpg,https://myebrochure.co.uk/images/brands/fotl_23.png,https://myebrochure.co.uk/images/products.hires/prod_61036_141633.jpg,https://myebrochure.co.uk/images/products.hires/prod_61036_141632.jpg,https://myebrochure.co.uk/images/products.hires/prod_61036_141634.jpg,https://myebrochure.co.uk/images/products.hires/prod_15001_61036_166544.jpg,,,,,,,"<li>Crew neck with Cotton/ LYCRA&reg; rib</li> <li>Self&#45;fabric neck tape</li> <li>Fine knit gauge for enhanced printability</li> <li><b>Also available in ladies&#39; sizes code 61372, children&#39;s sizes code 61033 and girl&#39;s sizes code 61005</b></li>",61091000,MA
179735,0000001796445,61036,TSHIRT,T-SHIRTS,MSSTSH,MENS SHORT SLEEVE T-SHIRT,FOTL,Fruit Of The Loom,MS0020,GL,Light Graphite,0012  ,3XL,Men's Valueweight T,3.02,1,12,36,08/04/2026 09:03:08,C,https://myebrochure.co.uk/images/colours/fotl/fotl-gl.jpg,https://myebrochure.co.uk/images/products/prod_15001_61036_166543.jpg,https://myebrochure.co.uk/images/products.small/prod_15001_61036_166543.jpg,https://myebrochure.co.uk/images/products.hires/prod_15001_61036_166543.jpg,https://myebrochure.co.uk/images/brands/fotl_23.png,https://myebrochure.co.uk/images/products.hires/prod_61036_141717.jpg,https://myebrochure.co.uk/images/products.hires/prod_61036_141716.jpg,https://myebrochure.co.uk/images/products.hires/prod_61036_141718.jpg,,,,,,,,"<li>Crew neck with Cotton/ LYCRA&reg; rib</li> <li>Self&#45;fabric neck tape</li> <li>Fine knit gauge for enhanced printability</li> <li><b>Also available in ladies&#39; sizes code 61372, children&#39;s sizes code 61033 and girl&#39;s sizes code 61005</b></li>",61091000,MA
179738,0000001796476,61036,TSHIRT,T-SHIRTS,MSSTSH,MENS SHORT SLEEVE T-SHIRT,FOTL,Fruit Of The Loom,MS0020,LPI,Light Pink,0012  ,3XL,Men's Valueweight T,3.02,1,12,36,08/04/2026 09:03:08,C,https://myebrochure.co.uk/images/colours/fotl/fotl-lpi.jpg,https://myebrochure.co.uk/images/products/prod_15001_61036_166543.jpg,https://myebrochure.co.uk/images/products.small/prod_15001_61036_166543.jpg,https://myebrochure.co.uk/images/products.hires/prod_15001_61036_166543.jpg,https://myebrochure.co.uk/images/brands/fotl_23.png,https://myebrochure.co.uk/images/products.hires/prod_61036_141651.jpg,https://myebrochure.co.uk/images/products.hires/prod_61036_141650.jpg,https://myebrochure.co.uk/images/products.hires/prod_61036_141652.jpg,,,,,,,,"<li>Crew neck with Cotton/ LYCRA&reg; rib</li> <li>Self&#45;fabric neck tape</li> <li>Fine knit gauge for enhanced printability</li> <li><b>Also available in ladies&#39; sizes code 61372, children&#39;s sizes code 61033 and girl&#39;s sizes code 61005</b></li>",61091000,MA
179740,0000001796490,61036,TSHIRT,T-SHIRTS,MSSTSH,MENS SHORT SLEEVE T-SHIRT,FOTL,Fruit Of The Loom,MS0020,60,Natural,0012  ,3XL,Men's Valueweight T,2.29,1,12,36,08/04/2026 09:03:08,C,https://myebrochure.co.uk/images/colours/fotl/fotl-60.jpg,https://myebrochure.co.uk/images/products/prod_15001_61036_166543.jpg,https://myebrochure.co.uk/images/products.small/prod_15001_61036_166543.jpg,https://myebrochure.co.uk/images/products.hires/prod_15001_61036_166543.jpg,https://myebrochure.co.uk/images/brands/fotl_23.png,https://myebrochure.co.uk/images/products.hires/prod_61036_141660.jpg,https://myebrochure.co.uk/images/products.hires/prod_61036_141659.jpg,https://myebrochure.co.uk/images/products.hires/prod_61036_141661.jpg,,,,,,,,"<li>Crew neck with Cotton/ LYCRA&reg; rib</li> <li>Self&#45;fabric neck tape</li> <li>Fine knit gauge for enhanced printability</li> <li><b>Also available in ladies&#39; sizes code 61372, children&#39;s sizes code 61033 and girl&#39;s sizes code 61005</b></li>",61091000,MA
179743,0000001796520,61036,TSHIRT,T-SHIRTS,MSSTSH,MENS SHORT SLEEVE T-SHIRT,FOTL,Fruit Of The Loom,MS0020,44,Orange,0012  ,3XL,Men's Valueweight T,3.02,1,12,36,08/04/2026 09:03:08,C,https://myebrochure.co.uk/images/colours/fotl/fotl-44.jpg,https://myebrochure.co.uk/images/products/prod_15001_61036_166543.jpg,https://myebrochure.co.uk/images/products.small/prod_15001_61036_166543.jpg,https://myebrochure.co.uk/images/products.hires/prod_15001_61036_166543.jpg,https://myebrochure.co.uk/images/brands/fotl_23.png,https://myebrochure.co.uk/images/products.hires/prod_61036_141642.jpg,https://myebrochure.co.uk/images/products.hires/prod_61036_141641.jpg,https://myebrochure.co.uk/images/products.hires/prod_61036_141643.jpg,https://myebrochure.co.uk/images/products.hires/prod_15001_61036_166546.jpg,,,,,,,"<li>Crew neck with Cotton/ LYCRA&reg; rib</li> <li>Self&#45;fabric neck tape</li> <li>Fine knit gauge for enhanced printability</li> <li><b>Also available in ladies&#39; sizes code 61372, children&#39;s sizes code 61033 and girl&#39;s sizes code 61005</b></li>",61091000,MA
179746,0000001796551,61036,TSHIRT,T-SHIRTS,MSSTSH,MENS SHORT SLEEVE T-SHIRT,FOTL,Fruit Of The Loom,MS0020,PE,Purple,0012  ,3XL,Men's Valueweight T,3.02,1,12,36,08/04/2026 09:03:08,C,https://myebrochure.co.uk/images/colours/fotl/fotl-pe.jpg,https://myebrochure.co.uk/images/products/prod_15001_61036_166543.jpg,https://myebrochure.co.uk/images/products.small/prod_15001_61036_166543.jpg,https://myebrochure.co.uk/images/products.hires/prod_15001_61036_166543.jpg,https://myebrochure.co.uk/images/brands/fotl_23.png,https://myebrochure.co.uk/images/products.hires/prod_61036_141684.jpg,https://myebrochure.co.uk/images/products.hires/prod_61036_141683.jpg,https://myebrochure.co.uk/images/products.hires/prod_61036_141685.jpg,,,,,,,,"<li>Crew neck with Cotton/ LYCRA&reg; rib</li> <li>Self&#45;fabric neck tape</li> <li>Fine knit gauge for enhanced printability</li> <li><b>Also available in ladies&#39; sizes code 61372, children&#39;s sizes code 61033 and girl&#39;s sizes code 61005</b></li>",61091000,MA
179749,0000001796582,61036,TSHIRT,T-SHIRTS,MSSTSH,MENS SHORT SLEEVE T-SHIRT,FOTL,Fruit Of The Loom,MS0020,40,Red,0012  ,3XL,Men's Valueweight T,3.02,1,12,36,08/04/2026 09:03:08,C,https://myebrochure.co.uk/images/colours/fotl/fotl-40.jpg,https://myebrochure.co.uk/images/products/prod_15001_61036_166543.jpg,https://myebrochure.co.uk/images/products.small/prod_15001_61036_166543.jpg,https://myebrochure.co.uk/images/products.hires/prod_15001_61036_166543.jpg,https://myebrochure.co.uk/images/brands/fotl_23.png,https://myebrochure.co.uk/images/products.hires/prod_61036_141636.jpg,https://myebrochure.co.uk/images/products.hires/prod_61036_141635.jpg,https://myebrochure.co.uk/images/products.hires/prod_61036_141637.jpg,https://myebrochure.co.uk/images/products.hires/prod_15001_61036_166545.jpg,,,,,,,"<li>Crew neck with Cotton/ LYCRA&reg; rib</li> <li>Self&#45;fabric neck tape</li> <li>Fine knit gauge for enhanced printability</li> <li><b>Also available in ladies&#39; sizes code 61372, children&#39;s sizes code 61033 and girl&#39;s sizes code 61005</b></li>",61091000,MA
179752,0000001796612,61036,TSHIRT,T-SHIRTS,MSSTSH,MENS SHORT SLEEVE T-SHIRT,FOTL,Fruit Of The Loom,MS0020,51,Royal,0012  ,3XL,Men's Valueweight T,3.02,1,12,36,08/04/2026 09:03:08,C,https://myebrochure.co.uk/images/colours/fotl/fotl-51.jpg,https://myebrochure.co.uk/images/products/prod_15001_61036_166543.jpg,https://myebrochure.co.uk/images/products.small/prod_15001_61036_166543.jpg,https://myebrochure.co.uk/images/products.hires/prod_15001_61036_166543.jpg,https://myebrochure.co.uk/images/brands/fotl_23.png,https://myebrochure.co.uk/images/products.hires/prod_61036_141648.jpg,https://myebrochure.co.uk/images/products.hires/prod_61036_141647.jpg,https://myebrochure.co.uk/images/products.hires/prod_61036_141649.jpg,,,,,,,,"<li>Crew neck with Cotton/ LYCRA&reg; rib</li> <li>Self&#45;fabric neck tape</li> <li>Fine knit gauge for enhanced printability</li> <li><b>Also available in ladies&#39; sizes code 61372, children&#39;s sizes code 61033 and girl&#39;s sizes code 61005</b></li>",61091000,MA
179757,0000001796667,61036,TSHIRT,T-SHIRTS,MSSTSH,MENS SHORT SLEEVE T-SHIRT,FOTL,Fruit Of The Loom,MS0020,SUN,Sunflower,0012  ,3XL,Men's Valueweight T,3.02,1,12,36,08/04/2026 09:03:08,C,https://myebrochure.co.uk/images/colours/fotl/fotl-sun.jpg,https://myebrochure.co.uk/images/products/prod_15001_61036_166543.jpg,https://myebrochure.co.uk/images/products.small/prod_15001_61036_166543.jpg,https://myebrochure.co.uk/images/products.hires/prod_15001_61036_166543.jpg,https://myebrochure.co.uk/images/brands/fotl_23.png,https://myebrochure.co.uk/images/products.hires/prod_61036_141624.jpg,https://myebrochure.co.uk/images/products.hires/prod_61036_141623.jpg,https://myebrochure.co.uk/images/products.hires/prod_61036_141625.jpg,,,,,,,,"<li>Crew neck with Cotton/ LYCRA&reg; rib</li> <li>Self&#45;fabric neck tape</li> <li>Fine knit gauge for enhanced printability</li> <li><b>Also available in ladies&#39; sizes code 61372, children&#39;s sizes code 61033 and girl&#39;s sizes code 61005</b></li>",61091000,MA
179760,0000001796698,61036,TSHIRT,T-SHIRTS,MSSTSH,MENS SHORT SLEEVE T-SHIRT,FOTL,Fruit Of The Loom,MS0020,K2,Yellow,0012  ,3XL,Men's Valueweight T,3.02,1,12,36,08/04/2026 09:03:08,C,https://myebrochure.co.uk/images/colours/fotl/fotl-k2.jpg,https://myebrochure.co.uk/images/products/prod_15001_61036_166543.jpg,https://myebrochure.co.uk/images/products.small/prod_15001_61036_166543.jpg,https://myebrochure.co.uk/images/products.hires/prod_15001_61036_166543.jpg,https://myebrochure.co.uk/images/brands/fotl_23.png,https://myebrochure.co.uk/images/products.hires/prod_61036_141681.jpg,https://myebrochure.co.uk/images/products.hires/prod_61036_141680.jpg,https://myebrochure.co.uk/images/products.hires/prod_61036_141682.jpg,,,,,,,,"<li>Crew neck with Cotton/ LYCRA&reg; rib</li> <li>Self&#45;fabric neck tape</li> <li>Fine knit gauge for enhanced printability</li> <li><b>Also available in ladies&#39; sizes code 61372, children&#39;s sizes code 61033 and girl&#39;s sizes code 61005</b></li>",61091000,MA
183520,0000001834413,61430,TSHIRT,T-SHIRTS,MSSTSH,MENS SHORT SLEEVE T-SHIRT,FOTL,Fruit Of The Loom,ME0028,32,Navy Blue,0012  ,Small,Men's Iconic 150 T,2.09,1,12,72,08/04/2026 09:06:57,C,https://myebrochure.co.uk/images/colours/fotl/fotl-32.jpg,https://myebrochure.co.uk/images/products/prod_11101_61430_164462.jpg,https://myebrochure.co.uk/images/products.small/prod_11101_61430_164462.jpg,https://myebrochure.co.uk/images/products.hires/prod_11101_61430_164462.jpg,https://myebrochure.co.uk/images/brands/fotl_23.png,https://myebrochure.co.uk/images/products.hires/prod_61430_142206.jpg,https://myebrochure.co.uk/images/products.hires/prod_61430_142205.jpg,https://myebrochure.co.uk/images/products.hires/prod_61430_142207.jpg,,,,,,,,"<li>100&#37; combed ringspun cotton</li> <li>Soft hand feel</li> <li>Tailored fit</li> <li>Crew neck with 1x1 rib</li> <li>Self-fabric back neck tape</li> <li>New tear away back neck label</li> <li><b>Also available in ladies sizes code 61432, kids sizes code 61023 and girl&#39;s sizes code 61025</b></li>",61091000,MA
183521,0000001834420,61430,TSHIRT,T-SHIRTS,MSSTSH,MENS SHORT SLEEVE T-SHIRT,FOTL,Fruit Of The Loom,ME0028,32,Navy Blue,0012  ,Medium,Men's Iconic 150 T,2.09,1,12,72,08/04/2026 09:06:57,C,https://myebrochure.co.uk/images/colours/fotl/fotl-32.jpg,https://myebrochure.co.uk/images/products/prod_11101_61430_164462.jpg,https://myebrochure.co.uk/images/products.small/prod_11101_61430_164462.jpg,https://myebrochure.co.uk/images/products.hires/prod_11101_61430_164462.jpg,https://myebrochure.co.uk/images/brands/fotl_23.png,https://myebrochure.co.uk/images/products.hires/prod_61430_142206.jpg,https://myebrochure.co.uk/images/products.hires/prod_61430_142205.jpg,https://myebrochure.co.uk/images/products.hires/prod_61430_142207.jpg,,,,,,,,"<li>100&#37; combed ringspun cotton</li> <li>Soft hand feel</li> <li>Tailored fit</li> <li>Crew neck with 1x1 rib</li> <li>Self-fabric back neck tape</li> <li>New tear away back neck label</li> <li><b>Also available in ladies sizes code 61432, kids sizes code 61023 and girl&#39;s sizes code 61025</b></li>",61091000,MA
183522,0000001834437,61430,TSHIRT,T-SHIRTS,MSSTSH,MENS SHORT SLEEVE T-SHIRT,FOTL,Fruit Of The Loom,ME0028,32,Navy Blue,0012  ,Large,Men's Iconic 150 T,2.09,1,12,72,08/04/2026 09:06:57,C,https://myebrochure.co.uk/images/colours/fotl/fotl-32.jpg,https://myebrochure.co.uk/images/products/prod_11101_61430_164462.jpg,https://myebrochure.co.uk/images/products.small/prod_11101_61430_164462.jpg,https://myebrochure.co.uk/images/products.hires/prod_11101_61430_164462.jpg,https://myebrochure.co.uk/images/brands/fotl_23.png,https://myebrochure.co.uk/images/products.hires/prod_61430_142206.jpg,https://myebrochure.co.uk/images/products.hires/prod_61430_142205.jpg,https://myebrochure.co.uk/images/products.hires/prod_61430_142207.jpg,,,,,,,,"<li>100&#37; combed ringspun cotton</li> <li>Soft hand feel</li> <li>Tailored fit</li> <li>Crew neck with 1x1 rib</li> <li>Self-fabric back neck tape</li> <li>New tear away back neck label</li> <li><b>Also available in ladies sizes code 61432, kids sizes code 61023 and girl&#39;s sizes code 61025</b></li>",61091000,MA
183523,0000001834444,61430,TSHIRT,T-SHIRTS,MSSTSH,MENS SHORT SLEEVE T-SHIRT,FOTL,Fruit Of The Loom,ME0028,32,Navy Blue,0012  ,XL,Men's Iconic 150 T,2.09,1,12,72,08/04/2026 09:06:57,C,https://myebrochure.co.uk/images/colours/fotl/fotl-32.jpg,https://myebrochure.co.uk/images/products/prod_11101_61430_164462.jpg,https://myebrochure.co.uk/images/products.small/prod_11101_61430_164462.jpg,https://myebrochure.co.uk/images/products.hires/prod_11101_61430_164462.jpg,https://myebrochure.co.uk/images/brands/fotl_23.png,https://myebrochure.co.uk/images/products.hires/prod_61430_142206.jpg,https://myebrochure.co.uk/images/products.hires/prod_61430_142205.jpg,https://myebrochure.co.uk/images/products.hires/prod_61430_142207.jpg,,,,,,,,"<li>100&#37; combed ringspun cotton</li> <li>Soft hand feel</li> <li>Tailored fit</li> <li>Crew neck with 1x1 rib</li> <li>Self-fabric back neck tape</li> <li>New tear away back neck label</li> <li><b>Also available in ladies sizes code 61432, kids sizes code 61023 and girl&#39;s sizes code 61025</b></li>",61091000,MA
183524,0000001834451,61430,TSHIRT,T-SHIRTS,MSSTSH,MENS SHORT SLEEVE T-SHIRT,FOTL,Fruit Of The Loom,ME0028,32,Navy Blue,0012  ,2XL,Men's Iconic 150 T,2.09,1,12,72,08/04/2026 09:06:57,C,https://myebrochure.co.uk/images/colours/fotl/fotl-32.jpg,https://myebrochure.co.uk/images/products/prod_11101_61430_164462.jpg,https://myebrochure.co.uk/images/products.small/prod_11101_61430_164462.jpg,https://myebrochure.co.uk/images/products.hires/prod_11101_61430_164462.jpg,https://myebrochure.co.uk/images/brands/fotl_23.png,https://myebrochure.co.uk/images/products.hires/prod_61430_142206.jpg,https://myebrochure.co.uk/images/products.hires/prod_61430_142205.jpg,https://myebrochure.co.uk/images/products.hires/prod_61430_142207.jpg,,,,,,,,"<li>100&#37; combed ringspun cotton</li> <li>Soft hand feel</li> <li>Tailored fit</li> <li>Crew neck with 1x1 rib</li> <li>Self-fabric back neck tape</li> <li>New tear away back neck label</li> <li><b>Also available in ladies sizes code 61432, kids sizes code 61023 and girl&#39;s sizes code 61025</b></li>",61091000,MA
183525,0000001834468,61430,TSHIRT,T-SHIRTS,MSSTSH,MENS SHORT SLEEVE T-SHIRT,FOTL,Fruit Of The Loom,ME0028,32,Navy Blue,0012  ,3XL,Men's Iconic 150 T,2.85,1,12,36,08/04/2026 09:06:57,C,https://myebrochure.co.uk/images/colours/fotl/fotl-32.jpg,https://myebrochure.co.uk/images/products/prod_11101_61430_164462.jpg,https://myebrochure.co.uk/images/products.small/prod_11101_61430_164462.jpg,https://myebrochure.co.uk/images/products.hires/prod_11101_61430_164462.jpg,https://myebrochure.co.uk/images/brands/fotl_23.png,https://myebrochure.co.uk/images/products.hires/prod_61430_142206.jpg,https://myebrochure.co.uk/images/products.hires/prod_61430_142205.jpg,https://myebrochure.co.uk/images/products.hires/prod_61430_142207.jpg,,,,,,,,"<li>100&#37; combed ringspun cotton</li> <li>Soft hand feel</li> <li>Tailored fit</li> <li>Crew neck with 1x1 rib</li> <li>Self-fabric back neck tape</li> <li>New tear away back neck label</li> <li><b>Also available in ladies sizes code 61432, kids sizes code 61023 and girl&#39;s sizes code 61025</b></li>",61091000,MA
183528,0000001834499,61430,TSHIRT,T-SHIRTS,MSSTSH,MENS SHORT SLEEVE T-SHIRT,FOTL,Fruit Of The Loom,ME0028,41,Burgundy,0012  ,Small,Men's Iconic 150 T,2.09,1,12,72,08/04/2026 09:06:57,C,https://myebrochure.co.uk/images/colours/fotl/fotl-41.jpg,https://myebrochure.co.uk/images/products/prod_11101_61430_164462.jpg,https://myebrochure.co.uk/images/products.small/prod_11101_61430_164462.jpg,https://myebrochure.co.uk/images/products.hires/prod_11101_61430_164462.jpg,https://myebrochure.co.uk/images/brands/fotl_23.png,https://myebrochure.co.uk/images/products.hires/prod_61430_142209.jpg,https://myebrochure.co.uk/images/products.hires/prod_61430_142208.jpg,,,,,,,,,"<li>100&#37; combed ringspun cotton</li> <li>Soft hand feel</li> <li>Tailored fit</li> <li>Crew neck with 1x1 rib</li> <li>Self-fabric back neck tape</li> <li>New tear away back neck label</li> <li><b>Also available in ladies sizes code 61432, kids sizes code 61023 and girl&#39;s sizes code 61025</b></li>",61091000,MA
183529,0000001834505,61430,TSHIRT,T-SHIRTS,MSSTSH,MENS SHORT SLEEVE T-SHIRT,FOTL,Fruit Of The Loom,ME0028,41,Burgundy,0012  ,Medium,Men's Iconic 150 T,2.09,1,12,72,08/04/2026 09:06:57,C,https://myebrochure.co.uk/images/colours/fotl/fotl-41.jpg,https://myebrochure.co.uk/images/products/prod_11101_61430_164462.jpg,https://myebrochure.co.uk/images/products.small/prod_11101_61430_164462.jpg,https://myebrochure.co.uk/images/products.hires/prod_11101_61430_164462.jpg,https://myebrochure.co.uk/images/brands/fotl_23.png,https://myebrochure.co.uk/images/products.hires/prod_61430_142209.jpg,https://myebrochure.co.uk/images/products.hires/prod_61430_142208.jpg,,,,,,,,,"<li>100&#37; combed ringspun cotton</li> <li>Soft hand feel</li> <li>Tailored fit</li> <li>Crew neck with 1x1 rib</li> <li>Self-fabric back neck tape</li> <li>New tear away back neck label</li> <li><b>Also available in ladies sizes code 61432, kids sizes code 61023 and girl&#39;s sizes code 61025</b></li>",61091000,MA
183530,0000001834512,61430,TSHIRT,T-SHIRTS,MSSTSH,MENS SHORT SLEEVE T-SHIRT,FOTL,Fruit Of The Loom,ME0028,41,Burgundy,0012  ,Large,Men's Iconic 150 T,2.09,1,12,72,08/04/2026 09:06:57,C,https://myebrochure.co.uk/images/colours/fotl/fotl-41.jpg,https://myebrochure.co.uk/images/products/prod_11101_61430_164462.jpg,https://myebrochure.co.uk/images/products.small/prod_11101_61430_164462.jpg,https://myebrochure.co.uk/images/products.hires/prod_11101_61430_164462.jpg,https://myebrochure.co.uk/images/brands/fotl_23.png,https://myebrochure.co.uk/images/products.hires/prod_61430_142209.jpg,https://myebrochure.co.uk/images/products.hires/prod_61430_142208.jpg,,,,,,,,,"<li>100&#37; combed ringspun cotton</li> <li>Soft hand feel</li> <li>Tailored fit</li> <li>Crew neck with 1x1 rib</li> <li>Self-fabric back neck tape</li> <li>New tear away back neck label</li> <li><b>Also available in ladies sizes code 61432, kids sizes code 61023 and girl&#39;s sizes code 61025</b></li>",61091000,MA
183531,0000001834529,61430,TSHIRT,T-SHIRTS,MSSTSH,MENS SHORT SLEEVE T-SHIRT,FOTL,Fruit Of The Loom,ME0028,41,Burgundy,0012  ,XL,Men's Iconic 150 T,2.09,1,12,72,08/04/2026 09:06:57,C,https://myebrochure.co.uk/images/colours/fotl/fotl-41.jpg,https://myebrochure.co.uk/images/products/prod_11101_61430_164462.jpg,https://myebrochure.co.uk/images/products.small/prod_11101_61430_164462.jpg,https://myebrochure.co.uk/images/products.hires/prod_11101_61430_164462.jpg,https://myebrochure.co.uk/images/brands/fotl_23.png,https://myebrochure.co.uk/images/products.hires/prod_61430_142209.jpg,https://myebrochure.co.uk/images/products.hires/prod_61430_142208.jpg,,,,,,,,,"<li>100&#37; combed ringspun cotton</li> <li>Soft hand feel</li> <li>Tailored fit</li> <li>Crew neck with 1x1 rib</li> <li>Self-fabric back neck tape</li> <li>New tear away back neck label</li> <li><b>Also available in ladies sizes code 61432, kids sizes code 61023 and girl&#39;s sizes code 61025</b></li>",61091000,MA
183532,0000001834536,61430,TSHIRT,T-SHIRTS,MSSTSH,MENS SHORT SLEEVE T-SHIRT,FOTL,Fruit Of The Loom,ME0028,41,Burgundy,0012  ,2XL,Men's Iconic 150 T,2.09,1,12,72,08/04/2026 09:06:57,C,https://myebrochure.co.uk/images/colours/fotl/fotl-41.jpg,https://myebrochure.co.uk/images/products/prod_11101_61430_164462.jpg,https://myebrochure.co.uk/images/products.small/prod_11101_61430_164462.jpg,https://myebrochure.co.uk/images/products.hires/prod_11101_61430_164462.jpg,https://myebrochure.co.uk/images/brands/fotl_23.png,https://myebrochure.co.uk/images/products.hires/prod_61430_142209.jpg,https://myebrochure.co.uk/images/products.hires/prod_61430_142208.jpg,,,,,,,,,"<li>100&#37; combed ringspun cotton</li> <li>Soft hand feel</li> <li>Tailored fit</li> <li>Crew neck with 1x1 rib</li> <li>Self-fabric back neck tape</li> <li>New tear away back neck label</li> <li><b>Also available in ladies sizes code 61432, kids sizes code 61023 and girl&#39;s sizes code 61025</b></li>",61091000,MA
183533,0000001834543,61430,TSHIRT,T-SHIRTS,MSSTSH,MENS SHORT SLEEVE T-SHIRT,FOTL,Fruit Of The Loom,ME0028,41,Burgundy,0012  ,3XL,Men's Iconic 150 T,2.85,1,12,36,08/04/2026 09:06:57,C,https://myebrochure.co.uk/images/colours/fotl/fotl-41.jpg,https://myebrochure.co.uk/images/products/prod_11101_61430_164462.jpg,https://myebrochure.co.uk/images/products.small/prod_11101_61430_164462.jpg,https://myebrochure.co.uk/images/products.hires/prod_11101_61430_164462.jpg,https://myebrochure.co.uk/images/brands/fotl_23.png,https://myebrochure.co.uk/images/products.hires/prod_61430_142209.jpg,https://myebrochure.co.uk/images/products.hires/prod_61430_142208.jpg,,,,,,,,,"<li>100&#37; combed ringspun cotton</li> <li>Soft hand feel</li> <li>Tailored fit</li> <li>Crew neck with 1x1 rib</li> <li>Self-fabric back neck tape</li> <li>New tear away back neck label</li> <li><b>Also available in ladies sizes code 61432, kids sizes code 61023 and girl&#39;s sizes code 61025</b></li>",61091000,MA
183536,0000001834574,61430,TSHIRT,T-SHIRTS,MSSTSH,MENS SHORT SLEEVE T-SHIRT,FOTL,Fruit Of The Loom,ME0028,NE,Neomint,0012  ,Small,Men's Iconic 150 T,2.09,1,12,72,08/04/2026 09:06:57,C,https://myebrochure.co.uk/images/colours/fotl/fotl-ne.jpg,https://myebrochure.co.uk/images/products/prod_11101_61430_164462.jpg,https://myebrochure.co.uk/images/products.small/prod_11101_61430_164462.jpg,https://myebrochure.co.uk/images/products.hires/prod_11101_61430_164462.jpg,https://myebrochure.co.uk/images/brands/fotl_23.png,https://myebrochure.co.uk/images/products.hires/prod_11101_61430_149191.jpg,https://myebrochure.co.uk/images/products.hires/prod_11101_61430_149190.jpg,https://myebrochure.co.uk/images/products.hires/prod_11101_61430_149192.jpg,,,,,,,,"<li>100&#37; combed ringspun cotton</li> <li>Soft hand feel</li> <li>Tailored fit</li> <li>Crew neck with 1x1 rib</li> <li>Self-fabric back neck tape</li> <li>New tear away back neck label</li> <li><b>Also available in ladies sizes code 61432, kids sizes code 61023 and girl&#39;s sizes code 61025</b></li>",61091000,MA
183537,0000001834581,61430,TSHIRT,T-SHIRTS,MSSTSH,MENS SHORT SLEEVE T-SHIRT,FOTL,Fruit Of The Loom,ME0028,NE,Neomint,0012  ,Medium,Men's Iconic 150 T,2.09,1,12,72,08/04/2026 09:06:57,C,https://myebrochure.co.uk/images/colours/fotl/fotl-ne.jpg,https://myebrochure.co.uk/images/products/prod_11101_61430_164462.jpg,https://myebrochure.co.uk/images/products.small/prod_11101_61430_164462.jpg,https://myebrochure.co.uk/images/products.hires/prod_11101_61430_164462.jpg,https://myebrochure.co.uk/images/brands/fotl_23.png,https://myebrochure.co.uk/images/products.hires/prod_11101_61430_149191.jpg,https://myebrochure.co.uk/images/products.hires/prod_11101_61430_149190.jpg,https://myebrochure.co.uk/images/products.hires/prod_11101_61430_149192.jpg,,,,,,,,"<li>100&#37; combed ringspun cotton</li> <li>Soft hand feel</li> <li>Tailored fit</li> <li>Crew neck with 1x1 rib</li> <li>Self-fabric back neck tape</li> <li>New tear away back neck label</li> <li><b>Also available in ladies sizes code 61432, kids sizes code 61023 and girl&#39;s sizes code 61025</b></li>",61091000,MA
183538,0000001834598,61430,TSHIRT,T-SHIRTS,MSSTSH,MENS SHORT SLEEVE T-SHIRT,FOTL,Fruit Of The Loom,ME0028,NE,Neomint,0012  ,Large,Men's Iconic 150 T,2.09,1,12,72,08/04/2026 09:06:57,C,https://myebrochure.co.uk/images/colours/fotl/fotl-ne.jpg,https://myebrochure.co.uk/images/products/prod_11101_61430_164462.jpg,https://myebrochure.co.uk/images/products.small/prod_11101_61430_164462.jpg,https://myebrochure.co.uk/images/products.hires/prod_11101_61430_164462.jpg,https://myebrochure.co.uk/images/brands/fotl_23.png,https://myebrochure.co.uk/images/products.hires/prod_11101_61430_149191.jpg,https://myebrochure.co.uk/images/products.hires/prod_11101_61430_149190.jpg,https://myebrochure.co.uk/images/products.hires/prod_11101_61430_149192.jpg,,,,,,,,"<li>100&#37; combed ringspun cotton</li> <li>Soft hand feel</li> <li>Tailored fit</li> <li>Crew neck with 1x1 rib</li> <li>Self-fabric back neck tape</li> <li>New tear away back neck label</li> <li><b>Also available in ladies sizes code 61432, kids sizes code 61023 and girl&#39;s sizes code 61025</b></li>",61091000,MA
183539,0000001834604,61430,TSHIRT,T-SHIRTS,MSSTSH,MENS SHORT SLEEVE T-SHIRT,FOTL,Fruit Of The Loom,ME0028,NE,Neomint,0012  ,XL,Men's Iconic 150 T,2.09,1,12,72,08/04/2026 09:06:57,C,https://myebrochure.co.uk/images/colours/fotl/fotl-ne.jpg,https://myebrochure.co.uk/images/products/prod_11101_61430_164462.jpg,https://myebrochure.co.uk/images/products.small/prod_11101_61430_164462.jpg,https://myebrochure.co.uk/images/products.hires/prod_11101_61430_164462.jpg,https://myebrochure.co.uk/images/brands/fotl_23.png,https://myebrochure.co.uk/images/products.hires/prod_11101_61430_149191.jpg,https://myebrochure.co.uk/images/products.hires/prod_11101_61430_149190.jpg,https://myebrochure.co.uk/images/products.hires/prod_11101_61430_149192.jpg,,,,,,,,"<li>100&#37; combed ringspun cotton</li> <li>Soft hand feel</li> <li>Tailored fit</li> <li>Crew neck with 1x1 rib</li> <li>Self-fabric back neck tape</li> <li>New tear away back neck label</li> <li><b>Also available in ladies sizes code 61432, kids sizes code 61023 and girl&#39;s sizes code 61025</b></li>",61091000,MA
183540,0000001834611,61430,TSHIRT,T-SHIRTS,MSSTSH,MENS SHORT SLEEVE T-SHIRT,FOTL,Fruit Of The Loom,ME0028,NE,Neomint,0012  ,2XL,Men's Iconic 150 T,2.09,1,12,72,08/04/2026 09:06:57,C,https://myebrochure.co.uk/images/colours/fotl/fotl-ne.jpg,https://myebrochure.co.uk/images/products/prod_11101_61430_164462.jpg,https://myebrochure.co.uk/images/products.small/prod_11101_61430_164462.jpg,https://myebrochure.co.uk/images/products.hires/prod_11101_61430_164462.jpg,https://myebrochure.co.uk/images/brands/fotl_23.png,https://myebrochure.co.uk/images/products.hires/prod_11101_61430_149191.jpg,https://myebrochure.co.uk/images/products.hires/prod_11101_61430_149190.jpg,https://myebrochure.co.uk/images/products.hires/prod_11101_61430_149192.jpg,,,,,,,,"<li>100&#37; combed ringspun cotton</li> <li>Soft hand feel</li> <li>Tailored fit</li> <li>Crew neck with 1x1 rib</li> <li>Self-fabric back neck tape</li> <li>New tear away back neck label</li> <li><b>Also available in ladies sizes code 61432, kids sizes code 61023 and girl&#39;s sizes code 61025</b></li>",61091000,MA
183541,0000001834628,61430,TSHIRT,T-SHIRTS,MSSTSH,MENS SHORT SLEEVE T-SHIRT,FOTL,Fruit Of The Loom,ME0028,NE,Neomint,0012  ,3XL,Men's Iconic 150 T,2.85,1,12,36,08/04/2026 09:06:57,C,https://myebrochure.co.uk/images/colours/fotl/fotl-ne.jpg,https://myebrochure.co.uk/images/products/prod_11101_61430_164462.jpg,https://myebrochure.co.uk/images/products.small/prod_11101_61430_164462.jpg,https://myebrochure.co.uk/images/products.hires/prod_11101_61430_164462.jpg,https://myebrochure.co.uk/images/brands/fotl_23.png,https://myebrochure.co.uk/images/products.hires/prod_11101_61430_149191.jpg,https://myebrochure.co.uk/images/products.hires/prod_11101_61430_149190.jpg,https://myebrochure.co.uk/images/products.hires/prod_11101_61430_149192.jpg,,,,,,,,"<li>100&#37; combed ringspun cotton</li> <li>Soft hand feel</li> <li>Tailored fit</li> <li>Crew neck with 1x1 rib</li> <li>Self-fabric back neck tape</li> <li>New tear away back neck label</li> <li><b>Also available in ladies sizes code 61432, kids sizes code 61023 and girl&#39;s sizes code 61025</b></li>",61091000,MA
197023,0000001970050,61430,TSHIRT,T-SHIRTS,MSSTSH,MENS SHORT SLEEVE T-SHIRT,FOTL,Fruit Of The Loom,ME0028,9K,Athletic Heather,0012  ,Small,Men's Iconic 150 T,2.09,1,12,72,08/04/2026 09:06:57,C,https://myebrochure.co.uk/images/colours/fotl/fotl-9k.jpg,https://myebrochure.co.uk/images/products/prod_11101_61430_164462.jpg,https://myebrochure.co.uk/images/products.small/prod_11101_61430_164462.jpg,https://myebrochure.co.uk/images/products.hires/prod_11101_61430_164462.jpg,https://myebrochure.co.uk/images/brands/fotl_23.png,https://myebrochure.co.uk/images/products.hires/prod_11101_61430_153581.jpg,https://myebrochure.co.uk/images/products.hires/prod_11101_61430_153580.jpg,https://myebrochure.co.uk/images/products.hires/prod_11101_61430_153582.jpg,,,,,,,,"<li>100&#37; combed ringspun cotton</li> <li>Soft hand feel</li> <li>Tailored fit</li> <li>Crew neck with 1x1 rib</li> <li>Self-fabric back neck tape</li> <li>New tear away back neck label</li> <li><b>Also available in ladies sizes code 61432, kids sizes code 61023 and girl&#39;s sizes code 61025</b></li>",61091000,MA
197024,0000001970067,61430,TSHIRT,T-SHIRTS,MSSTSH,MENS SHORT SLEEVE T-SHIRT,FOTL,Fruit Of The Loom,ME0028,9K,Athletic Heather,0012  ,Medium,Men's Iconic 150 T,2.09,1,12,72,08/04/2026 09:06:57,C,https://myebrochure.co.uk/images/colours/fotl/fotl-9k.jpg,https://myebrochure.co.uk/images/products/prod_11101_61430_164462.jpg,https://myebrochure.co.uk/images/products.small/prod_11101_61430_164462.jpg,https://myebrochure.co.uk/images/products.hires/prod_11101_61430_164462.jpg,https://myebrochure.co.uk/images/brands/fotl_23.png,https://myebrochure.co.uk/images/products.hires/prod_11101_61430_153581.jpg,https://myebrochure.co.uk/images/products.hires/prod_11101_61430_153580.jpg,https://myebrochure.co.uk/images/products.hires/prod_11101_61430_153582.jpg,,,,,,,,"<li>100&#37; combed ringspun cotton</li> <li>Soft hand feel</li> <li>Tailored fit</li> <li>Crew neck with 1x1 rib</li> <li>Self-fabric back neck tape</li> <li>New tear away back neck label</li> <li><b>Also available in ladies sizes code 61432, kids sizes code 61023 and girl&#39;s sizes code 61025</b></li>",61091000,MA
197025,0000001970074,61430,TSHIRT,T-SHIRTS,MSSTSH,MENS SHORT SLEEVE T-SHIRT,FOTL,Fruit Of The Loom,ME0028,9K,Athletic Heather,0012  ,Large,Men's Iconic 150 T,2.09,1,12,72,08/04/2026 09:06:57,C,https://myebrochure.co.uk/images/colours/fotl/fotl-9k.jpg,https://myebrochure.co.uk/images/products/prod_11101_61430_164462.jpg,https://myebrochure.co.uk/images/products.small/prod_11101_61430_164462.jpg,https://myebrochure.co.uk/images/products.hires/prod_11101_61430_164462.jpg,https://myebrochure.co.uk/images/brands/fotl_23.png,https://myebrochure.co.uk/images/products.hires/prod_11101_61430_153581.jpg,https://myebrochure.co.uk/images/products.hires/prod_11101_61430_153580.jpg,https://myebrochure.co.uk/images/products.hires/prod_11101_61430_153582.jpg,,,,,,,,"<li>100&#37; combed ringspun cotton</li> <li>Soft hand feel</li> <li>Tailored fit</li> <li>Crew neck with 1x1 rib</li> <li>Self-fabric back neck tape</li> <li>New tear away back neck label</li> <li><b>Also available in ladies sizes code 61432, kids sizes code 61023 and girl&#39;s sizes code 61025</b></li>",61091000,MA
197026,0000001970081,61430,TSHIRT,T-SHIRTS,MSSTSH,MENS SHORT SLEEVE T-SHIRT,FOTL,Fruit Of The Loom,ME0028,9K,Athletic Heather,0012  ,XL,Men's Iconic 150 T,2.09,1,12,72,08/04/2026 09:06:57,C,https://myebrochure.co.uk/images/colours/fotl/fotl-9k.jpg,https://myebrochure.co.uk/images/products/prod_11101_61430_164462.jpg,https://myebrochure.co.uk/images/products.small/prod_11101_61430_164462.jpg,https://myebrochure.co.uk/images/products.hires/prod_11101_61430_164462.jpg,https://myebrochure.co.uk/images/brands/fotl_23.png,https://myebrochure.co.uk/images/products.hires/prod_11101_61430_153581.jpg,https://myebrochure.co.uk/images/products.hires/prod_11101_61430_153580.jpg,https://myebrochure.co.uk/images/products.hires/prod_11101_61430_153582.jpg,,,,,,,,"<li>100&#37; combed ringspun cotton</li> <li>Soft hand feel</li> <li>Tailored fit</li> <li>Crew neck with 1x1 rib</li> <li>Self-fabric back neck tape</li> <li>New tear away back neck label</li> <li><b>Also available in ladies sizes code 61432, kids sizes code 61023 and girl&#39;s sizes code 61025</b></li>",61091000,MA
197027,0000001970098,61430,TSHIRT,T-SHIRTS,MSSTSH,MENS SHORT SLEEVE T-SHIRT,FOTL,Fruit Of The Loom,ME0028,9K,Athletic Heather,0012  ,2XL,Men's Iconic 150 T,2.09,1,12,72,08/04/2026 09:06:57,C,https://myebrochure.co.uk/images/colours/fotl/fotl-9k.jpg,https://myebrochure.co.uk/images/products/prod_11101_61430_164462.jpg,https://myebrochure.co.uk/images/products.small/prod_11101_61430_164462.jpg,https://myebrochure.co.uk/images/products.hires/prod_11101_61430_164462.jpg,https://myebrochure.co.uk/images/brands/fotl_23.png,https://myebrochure.co.uk/images/products.hires/prod_11101_61430_153581.jpg,https://myebrochure.co.uk/images/products.hires/prod_11101_61430_153580.jpg,https://myebrochure.co.uk/images/products.hires/prod_11101_61430_153582.jpg,,,,,,,,"<li>100&#37; combed ringspun cotton</li> <li>Soft hand feel</li> <li>Tailored fit</li> <li>Crew neck with 1x1 rib</li> <li>Self-fabric back neck tape</li> <li>New tear away back neck label</li> <li><b>Also available in ladies sizes code 61432, kids sizes code 61023 and girl&#39;s sizes code 61025</b></li>",61091000,MA
197028,0000001970104,61430,TSHIRT,T-SHIRTS,MSSTSH,MENS SHORT SLEEVE T-SHIRT,FOTL,Fruit Of The Loom,ME0028,9K,Athletic Heather,0012  ,3XL,Men's Iconic 150 T,2.85,1,12,36,08/04/2026 09:06:57,C,https://myebrochure.co.uk/images/colours/fotl/fotl-9k.jpg,https://myebrochure.co.uk/images/products/prod_11101_61430_164462.jpg,https://myebrochure.co.uk/images/products.small/prod_11101_61430_164462.jpg,https://myebrochure.co.uk/images/products.hires/prod_11101_61430_164462.jpg,https://myebrochure.co.uk/images/brands/fotl_23.png,https://myebrochure.co.uk/images/products.hires/prod_11101_61430_153581.jpg,https://myebrochure.co.uk/images/products.hires/prod_11101_61430_153580.jpg,https://myebrochure.co.uk/images/products.hires/prod_11101_61430_153582.jpg,,,,,,,,"<li>100&#37; combed ringspun cotton</li> <li>Soft hand feel</li> <li>Tailored fit</li> <li>Crew neck with 1x1 rib</li> <li>Self-fabric back neck tape</li> <li>New tear away back neck label</li> <li><b>Also available in ladies sizes code 61432, kids sizes code 61023 and girl&#39;s sizes code 61025</b></li>",61091000,MA
200578,0000002005638,61430,TSHIRT,T-SHIRTS,MSSTSH,MENS SHORT SLEEVE T-SHIRT,FOTL,Fruit Of The Loom,ME0028,ZU,Azure Blue,0012  ,Small,Men's Iconic 150 T,2.09,1,12,72,08/04/2026 09:06:57,C,https://myebrochure.co.uk/images/colours/fotl/fotl-zu.jpg,https://myebrochure.co.uk/images/products/prod_11101_61430_164462.jpg,https://myebrochure.co.uk/images/products.small/prod_11101_61430_164462.jpg,https://myebrochure.co.uk/images/products.hires/prod_11101_61430_164462.jpg,https://myebrochure.co.uk/images/brands/fotl_23.png,https://myebrochure.co.uk/images/products.hires/prod_11101_61430_157241.jpg,https://myebrochure.co.uk/images/products.hires/prod_11101_61430_157240.jpg,https://myebrochure.co.uk/images/products.hires/prod_11101_61430_157242.jpg,,,,,,,,"<li>100&#37; combed ringspun cotton</li> <li>Soft hand feel</li> <li>Tailored fit</li> <li>Crew neck with 1x1 rib</li> <li>Self-fabric back neck tape</li> <li>New tear away back neck label</li> <li><b>Also available in ladies sizes code 61432, kids sizes code 61023 and girl&#39;s sizes code 61025</b></li>",61091000,MA
200579,0000002005645,61430,TSHIRT,T-SHIRTS,MSSTSH,MENS SHORT SLEEVE T-SHIRT,FOTL,Fruit Of The Loom,ME0028,ZU,Azure Blue,0012  ,Medium,Men's Iconic 150 T,2.09,1,12,72,08/04/2026 09:06:57,C,https://myebrochure.co.uk/images/colours/fotl/fotl-zu.jpg,https://myebrochure.co.uk/images/products/prod_11101_61430_164462.jpg,https://myebrochure.co.uk/images/products.small/prod_11101_61430_164462.jpg,https://myebrochure.co.uk/images/products.hires/prod_11101_61430_164462.jpg,https://myebrochure.co.uk/images/brands/fotl_23.png,https://myebrochure.co.uk/images/products.hires/prod_11101_61430_157241.jpg,https://myebrochure.co.uk/images/products.hires/prod_11101_61430_157240.jpg,https://myebrochure.co.uk/images/products.hires/prod_11101_61430_157242.jpg,,,,,,,,"<li>100&#37; combed ringspun cotton</li> <li>Soft hand feel</li> <li>Tailored fit</li> <li>Crew neck with 1x1 rib</li> <li>Self-fabric back neck tape</li> <li>New tear away back neck label</li> <li><b>Also available in ladies sizes code 61432, kids sizes code 61023 and girl&#39;s sizes code 61025</b></li>",61091000,MA
200580,0000002005652,61430,TSHIRT,T-SHIRTS,MSSTSH,MENS SHORT SLEEVE T-SHIRT,FOTL,Fruit Of The Loom,ME0028,ZU,Azure Blue,0012  ,Large,Men's Iconic 150 T,2.09,1,12,72,08/04/2026 09:06:57,C,https://myebrochure.co.uk/images/colours/fotl/fotl-zu.jpg,https://myebrochure.co.uk/images/products/prod_11101_61430_164462.jpg,https://myebrochure.co.uk/images/products.small/prod_11101_61430_164462.jpg,https://myebrochure.co.uk/images/products.hires/prod_11101_61430_164462.jpg,https://myebrochure.co.uk/images/brands/fotl_23.png,https://myebrochure.co.uk/images/products.hires/prod_11101_61430_157241.jpg,https://myebrochure.co.uk/images/products.hires/prod_11101_61430_157240.jpg,https://myebrochure.co.uk/images/products.hires/prod_11101_61430_157242.jpg,,,,,,,,"<li>100&#37; combed ringspun cotton</li> <li>Soft hand feel</li> <li>Tailored fit</li> <li>Crew neck with 1x1 rib</li> <li>Self-fabric back neck tape</li> <li>New tear away back neck label</li> <li><b>Also available in ladies sizes code 61432, kids sizes code 61023 and girl&#39;s sizes code 61025</b></li>",61091000,MA
200581,0000002005669,61430,TSHIRT,T-SHIRTS,MSSTSH,MENS SHORT SLEEVE T-SHIRT,FOTL,Fruit Of The Loom,ME0028,ZU,Azure Blue,0012  ,XL,Men's Iconic 150 T,2.09,1,12,72,08/04/2026 09:06:57,C,https://myebrochure.co.uk/images/colours/fotl/fotl-zu.jpg,https://myebrochure.co.uk/images/products/prod_11101_61430_164462.jpg,https://myebrochure.co.uk/images/products.small/prod_11101_61430_164462.jpg,https://myebrochure.co.uk/images/products.hires/prod_11101_61430_164462.jpg,https://myebrochure.co.uk/images/brands/fotl_23.png,https://myebrochure.co.uk/images/products.hires/prod_11101_61430_157241.jpg,https://myebrochure.co.uk/images/products.hires/prod_11101_61430_157240.jpg,https://myebrochure.co.uk/images/products.hires/prod_11101_61430_157242.jpg,,,,,,,,"<li>100&#37; combed ringspun cotton</li> <li>Soft hand feel</li> <li>Tailored fit</li> <li>Crew neck with 1x1 rib</li> <li>Self-fabric back neck tape</li> <li>New tear away back neck label</li> <li><b>Also available in ladies sizes code 61432, kids sizes code 61023 and girl&#39;s sizes code 61025</b></li>",61091000,MA
200582,0000002005676,61430,TSHIRT,T-SHIRTS,MSSTSH,MENS SHORT SLEEVE T-SHIRT,FOTL,Fruit Of The Loom,ME0028,ZU,Azure Blue,0012  ,2XL,Men's Iconic 150 T,2.09,1,12,72,08/04/2026 09:06:57,C,https://myebrochure.co.uk/images/colours/fotl/fotl-zu.jpg,https://myebrochure.co.uk/images/products/prod_11101_61430_164462.jpg,https://myebrochure.co.uk/images/products.small/prod_11101_61430_164462.jpg,https://myebrochure.co.uk/images/products.hires/prod_11101_61430_164462.jpg,https://myebrochure.co.uk/images/brands/fotl_23.png,https://myebrochure.co.uk/images/products.hires/prod_11101_61430_157241.jpg,https://myebrochure.co.uk/images/products.hires/prod_11101_61430_157240.jpg,https://myebrochure.co.uk/images/products.hires/prod_11101_61430_157242.jpg,,,,,,,,"<li>100&#37; combed ringspun cotton</li> <li>Soft hand feel</li> <li>Tailored fit</li> <li>Crew neck with 1x1 rib</li> <li>Self-fabric back neck tape</li> <li>New tear away back neck label</li> <li><b>Also available in ladies sizes code 61432, kids sizes code 61023 and girl&#39;s sizes code 61025</b></li>",61091000,MA
200583,0000002005683,61430,TSHIRT,T-SHIRTS,MSSTSH,MENS SHORT SLEEVE T-SHIRT,FOTL,Fruit Of The Loom,ME0028,ZU,Azure Blue,0012  ,3XL,Men's Iconic 150 T,2.85,1,12,36,08/04/2026 09:06:57,C,https://myebrochure.co.uk/images/colours/fotl/fotl-zu.jpg,https://myebrochure.co.uk/images/products/prod_11101_61430_164462.jpg,https://myebrochure.co.uk/images/products.small/prod_11101_61430_164462.jpg,https://myebrochure.co.uk/images/products.hires/prod_11101_61430_164462.jpg,https://myebrochure.co.uk/images/brands/fotl_23.png,https://myebrochure.co.uk/images/products.hires/prod_11101_61430_157241.jpg,https://myebrochure.co.uk/images/products.hires/prod_11101_61430_157240.jpg,https://myebrochure.co.uk/images/products.hires/prod_11101_61430_157242.jpg,,,,,,,,"<li>100&#37; combed ringspun cotton</li> <li>Soft hand feel</li> <li>Tailored fit</li> <li>Crew neck with 1x1 rib</li> <li>Self-fabric back neck tape</li> <li>New tear away back neck label</li> <li><b>Also available in ladies sizes code 61432, kids sizes code 61023 and girl&#39;s sizes code 61025</b></li>",61091000,MA
200586,0000002005713,61430,TSHIRT,T-SHIRTS,MSSTSH,MENS SHORT SLEEVE T-SHIRT,FOTL,Fruit Of The Loom,ME0028,PR,Powder Rose,0012  ,Small,Men's Iconic 150 T,2.09,1,12,72,08/04/2026 09:06:57,C,https://myebrochure.co.uk/images/colours/fotl/fotl-pr.jpg,https://myebrochure.co.uk/images/products/prod_11101_61430_164462.jpg,https://myebrochure.co.uk/images/products.small/prod_11101_61430_164462.jpg,https://myebrochure.co.uk/images/products.hires/prod_11101_61430_164462.jpg,https://myebrochure.co.uk/images/brands/fotl_23.png,https://myebrochure.co.uk/images/products.hires/prod_11101_61430_157235.jpg,https://myebrochure.co.uk/images/products.hires/prod_11101_61430_157234.jpg,https://myebrochure.co.uk/images/products.hires/prod_11101_61430_157236.jpg,,,,,,,,"<li>100&#37; combed ringspun cotton</li> <li>Soft hand feel</li> <li>Tailored fit</li> <li>Crew neck with 1x1 rib</li> <li>Self-fabric back neck tape</li> <li>New tear away back neck label</li> <li><b>Also available in ladies sizes code 61432, kids sizes code 61023 and girl&#39;s sizes code 61025</b></li>",61091000,MA
200587,0000002005720,61430,TSHIRT,T-SHIRTS,MSSTSH,MENS SHORT SLEEVE T-SHIRT,FOTL,Fruit Of The Loom,ME0028,PR,Powder Rose,0012  ,Medium,Men's Iconic 150 T,2.09,1,12,72,08/04/2026 09:06:57,C,https://myebrochure.co.uk/images/colours/fotl/fotl-pr.jpg,https://myebrochure.co.uk/images/products/prod_11101_61430_164462.jpg,https://myebrochure.co.uk/images/products.small/prod_11101_61430_164462.jpg,https://myebrochure.co.uk/images/products.hires/prod_11101_61430_164462.jpg,https://myebrochure.co.uk/images/brands/fotl_23.png,https://myebrochure.co.uk/images/products.hires/prod_11101_61430_157235.jpg,https://myebrochure.co.uk/images/products.hires/prod_11101_61430_157234.jpg,https://myebrochure.co.uk/images/products.hires/prod_11101_61430_157236.jpg,,,,,,,,"<li>100&#37; combed ringspun cotton</li> <li>Soft hand feel</li> <li>Tailored fit</li> <li>Crew neck with 1x1 rib</li> <li>Self-fabric back neck tape</li> <li>New tear away back neck label</li> <li><b>Also available in ladies sizes code 61432, kids sizes code 61023 and girl&#39;s sizes code 61025</b></li>",61091000,MA
200588,0000002005737,61430,TSHIRT,T-SHIRTS,MSSTSH,MENS SHORT SLEEVE T-SHIRT,FOTL,Fruit Of The Loom,ME0028,PR,Powder Rose,0012  ,Large,Men's Iconic 150 T,2.09,1,12,72,08/04/2026 09:06:57,C,https://myebrochure.co.uk/images/colours/fotl/fotl-pr.jpg,https://myebrochure.co.uk/images/products/prod_11101_61430_164462.jpg,https://myebrochure.co.uk/images/products.small/prod_11101_61430_164462.jpg,https://myebrochure.co.uk/images/products.hires/prod_11101_61430_164462.jpg,https://myebrochure.co.uk/images/brands/fotl_23.png,https://myebrochure.co.uk/images/products.hires/prod_11101_61430_157235.jpg,https://myebrochure.co.uk/images/products.hires/prod_11101_61430_157234.jpg,https://myebrochure.co.uk/images/products.hires/prod_11101_61430_157236.jpg,,,,,,,,"<li>100&#37; combed ringspun cotton</li> <li>Soft hand feel</li> <li>Tailored fit</li> <li>Crew neck with 1x1 rib</li> <li>Self-fabric back neck tape</li> <li>New tear away back neck label</li> <li><b>Also available in ladies sizes code 61432, kids sizes code 61023 and girl&#39;s sizes code 61025</b></li>",61091000,MA
200589,0000002005744,61430,TSHIRT,T-SHIRTS,MSSTSH,MENS SHORT SLEEVE T-SHIRT,FOTL,Fruit Of The Loom,ME0028,PR,Powder Rose,0012  ,XL,Men's Iconic 150 T,2.09,1,12,72,08/04/2026 09:06:57,C,https://myebrochure.co.uk/images/colours/fotl/fotl-pr.jpg,https://myebrochure.co.uk/images/products/prod_11101_61430_164462.jpg,https://myebrochure.co.uk/images/products.small/prod_11101_61430_164462.jpg,https://myebrochure.co.uk/images/products.hires/prod_11101_61430_164462.jpg,https://myebrochure.co.uk/images/brands/fotl_23.png,https://myebrochure.co.uk/images/products.hires/prod_11101_61430_157235.jpg,https://myebrochure.co.uk/images/products.hires/prod_11101_61430_157234.jpg,https://myebrochure.co.uk/images/products.hires/prod_11101_61430_157236.jpg,,,,,,,,"<li>100&#37; combed ringspun cotton</li> <li>Soft hand feel</li> <li>Tailored fit</li> <li>Crew neck with 1x1 rib</li> <li>Self-fabric back neck tape</li> <li>New tear away back neck label</li> <li><b>Also available in ladies sizes code 61432, kids sizes code 61023 and girl&#39;s sizes code 61025</b></li>",61091000,MA
200590,0000002005751,61430,TSHIRT,T-SHIRTS,MSSTSH,MENS SHORT SLEEVE T-SHIRT,FOTL,Fruit Of The Loom,ME0028,PR,Powder Rose,0012  ,2XL,Men's Iconic 150 T,2.09,1,12,72,08/04/2026 09:06:57,C,https://myebrochure.co.uk/images/colours/fotl/fotl-pr.jpg,https://myebrochure.co.uk/images/products/prod_11101_61430_164462.jpg,https://myebrochure.co.uk/images/products.small/prod_11101_61430_164462.jpg,https://myebrochure.co.uk/images/products.hires/prod_11101_61430_164462.jpg,https://myebrochure.co.uk/images/brands/fotl_23.png,https://myebrochure.co.uk/images/products.hires/prod_11101_61430_157235.jpg,https://myebrochure.co.uk/images/products.hires/prod_11101_61430_157234.jpg,https://myebrochure.co.uk/images/products.hires/prod_11101_61430_157236.jpg,,,,,,,,"<li>100&#37; combed ringspun cotton</li> <li>Soft hand feel</li> <li>Tailored fit</li> <li>Crew neck with 1x1 rib</li> <li>Self-fabric back neck tape</li> <li>New tear away back neck label</li> <li><b>Also available in ladies sizes code 61432, kids sizes code 61023 and girl&#39;s sizes code 61025</b></li>",61091000,MA
200591,0000002005768,61430,TSHIRT,T-SHIRTS,MSSTSH,MENS SHORT SLEEVE T-SHIRT,FOTL,Fruit Of The Loom,ME0028,PR,Powder Rose,0012  ,3XL,Men's Iconic 150 T,2.85,1,12,36,08/04/2026 09:06:57,C,https://myebrochure.co.uk/images/colours/fotl/fotl-pr.jpg,https://myebrochure.co.uk/images/products/prod_11101_61430_164462.jpg,https://myebrochure.co.uk/images/products.small/prod_11101_61430_164462.jpg,https://myebrochure.co.uk/images/products.hires/prod_11101_61430_164462.jpg,https://myebrochure.co.uk/images/brands/fotl_23.png,https://myebrochure.co.uk/images/products.hires/prod_11101_61430_157235.jpg,https://myebrochure.co.uk/images/products.hires/prod_11101_61430_157234.jpg,https://myebrochure.co.uk/images/products.hires/prod_11101_61430_157236.jpg,,,,,,,,"<li>100&#37; combed ringspun cotton</li> <li>Soft hand feel</li> <li>Tailored fit</li> <li>Crew neck with 1x1 rib</li> <li>Self-fabric back neck tape</li> <li>New tear away back neck label</li> <li><b>Also available in ladies sizes code 61432, kids sizes code 61023 and girl&#39;s sizes code 61025</b></li>",61091000,MA
200866,0000002008516,61430,TSHIRT,T-SHIRTS,MSSTSH,MENS SHORT SLEEVE T-SHIRT,FOTL,Fruit Of The Loom,ME0028,SLR,Soft Lavender,0012  ,Small,Men's Iconic 150 T,2.09,1,12,72,08/04/2026 09:06:57,C,https://myebrochure.co.uk/images/colours/fotl/fotl-slr.jpg,https://myebrochure.co.uk/images/products/prod_11101_61430_164462.jpg,https://myebrochure.co.uk/images/products.small/prod_11101_61430_164462.jpg,https://myebrochure.co.uk/images/products.hires/prod_11101_61430_164462.jpg,https://myebrochure.co.uk/images/brands/fotl_23.png,https://myebrochure.co.uk/images/products.hires/prod_11101_61430_157238.jpg,https://myebrochure.co.uk/images/products.hires/prod_11101_61430_157237.jpg,https://myebrochure.co.uk/images/products.hires/prod_11101_61430_157239.jpg,,,,,,,,"<li>100&#37; combed ringspun cotton</li> <li>Soft hand feel</li> <li>Tailored fit</li> <li>Crew neck with 1x1 rib</li> <li>Self-fabric back neck tape</li> <li>New tear away back neck label</li> <li><b>Also available in ladies sizes code 61432, kids sizes code 61023 and girl&#39;s sizes code 61025</b></li>",61091000,MA
200867,0000002008523,61430,TSHIRT,T-SHIRTS,MSSTSH,MENS SHORT SLEEVE T-SHIRT,FOTL,Fruit Of The Loom,ME0028,SLR,Soft Lavender,0012  ,Medium,Men's Iconic 150 T,2.09,1,12,72,08/04/2026 09:06:57,C,https://myebrochure.co.uk/images/colours/fotl/fotl-slr.jpg,https://myebrochure.co.uk/images/products/prod_11101_61430_164462.jpg,https://myebrochure.co.uk/images/products.small/prod_11101_61430_164462.jpg,https://myebrochure.co.uk/images/products.hires/prod_11101_61430_164462.jpg,https://myebrochure.co.uk/images/brands/fotl_23.png,https://myebrochure.co.uk/images/products.hires/prod_11101_61430_157238.jpg,https://myebrochure.co.uk/images/products.hires/prod_11101_61430_157237.jpg,https://myebrochure.co.uk/images/products.hires/prod_11101_61430_157239.jpg,,,,,,,,"<li>100&#37; combed ringspun cotton</li> <li>Soft hand feel</li> <li>Tailored fit</li> <li>Crew neck with 1x1 rib</li> <li>Self-fabric back neck tape</li> <li>New tear away back neck label</li> <li><b>Also available in ladies sizes code 61432, kids sizes code 61023 and girl&#39;s sizes code 61025</b></li>",61091000,MA
200868,0000002008530,61430,TSHIRT,T-SHIRTS,MSSTSH,MENS SHORT SLEEVE T-SHIRT,FOTL,Fruit Of The Loom,ME0028,SLR,Soft Lavender,0012  ,Large,Men's Iconic 150 T,2.09,1,12,72,08/04/2026 09:06:57,C,https://myebrochure.co.uk/images/colours/fotl/fotl-slr.jpg,https://myebrochure.co.uk/images/products/prod_11101_61430_164462.jpg,https://myebrochure.co.uk/images/products.small/prod_11101_61430_164462.jpg,https://myebrochure.co.uk/images/products.hires/prod_11101_61430_164462.jpg,https://myebrochure.co.uk/images/brands/fotl_23.png,https://myebrochure.co.uk/images/products.hires/prod_11101_61430_157238.jpg,https://myebrochure.co.uk/images/products.hires/prod_11101_61430_157237.jpg,https://myebrochure.co.uk/images/products.hires/prod_11101_61430_157239.jpg,,,,,,,,"<li>100&#37; combed ringspun cotton</li> <li>Soft hand feel</li> <li>Tailored fit</li> <li>Crew neck with 1x1 rib</li> <li>Self-fabric back neck tape</li> <li>New tear away back neck label</li> <li><b>Also available in ladies sizes code 61432, kids sizes code 61023 and girl&#39;s sizes code 61025</b></li>",61091000,MA
200869,0000002008547,61430,TSHIRT,T-SHIRTS,MSSTSH,MENS SHORT SLEEVE T-SHIRT,FOTL,Fruit Of The Loom,ME0028,SLR,Soft Lavender,0012  ,XL,Men's Iconic 150 T,2.09,1,12,72,08/04/2026 09:06:57,C,https://myebrochure.co.uk/images/colours/fotl/fotl-slr.jpg,https://myebrochure.co.uk/images/products/prod_11101_61430_164462.jpg,https://myebrochure.co.uk/images/products.small/prod_11101_61430_164462.jpg,https://myebrochure.co.uk/images/products.hires/prod_11101_61430_164462.jpg,https://myebrochure.co.uk/images/brands/fotl_23.png,https://myebrochure.co.uk/images/products.hires/prod_11101_61430_157238.jpg,https://myebrochure.co.uk/images/products.hires/prod_11101_61430_157237.jpg,https://myebrochure.co.uk/images/products.hires/prod_11101_61430_157239.jpg,,,,,,,,"<li>100&#37; combed ringspun cotton</li> <li>Soft hand feel</li> <li>Tailored fit</li> <li>Crew neck with 1x1 rib</li> <li>Self-fabric back neck tape</li> <li>New tear away back neck label</li> <li><b>Also available in ladies sizes code 61432, kids sizes code 61023 and girl&#39;s sizes code 61025</b></li>",61091000,MA
200870,0000002008554,61430,TSHIRT,T-SHIRTS,MSSTSH,MENS SHORT SLEEVE T-SHIRT,FOTL,Fruit Of The Loom,ME0028,SLR,Soft Lavender,0012  ,2XL,Men's Iconic 150 T,2.09,1,12,72,08/04/2026 09:06:57,C,https://myebrochure.co.uk/images/colours/fotl/fotl-slr.jpg,https://myebrochure.co.uk/images/products/prod_11101_61430_164462.jpg,https://myebrochure.co.uk/images/products.small/prod_11101_61430_164462.jpg,https://myebrochure.co.uk/images/products.hires/prod_11101_61430_164462.jpg,https://myebrochure.co.uk/images/brands/fotl_23.png,https://myebrochure.co.uk/images/products.hires/prod_11101_61430_157238.jpg,https://myebrochure.co.uk/images/products.hires/prod_11101_61430_157237.jpg,https://myebrochure.co.uk/images/products.hires/prod_11101_61430_157239.jpg,,,,,,,,"<li>100&#37; combed ringspun cotton</li> <li>Soft hand feel</li> <li>Tailored fit</li> <li>Crew neck with 1x1 rib</li> <li>Self-fabric back neck tape</li> <li>New tear away back neck label</li> <li><b>Also available in ladies sizes code 61432, kids sizes code 61023 and girl&#39;s sizes code 61025</b></li>",61091000,MA
200871,0000002008561,61430,TSHIRT,T-SHIRTS,MSSTSH,MENS SHORT SLEEVE T-SHIRT,FOTL,Fruit Of The Loom,ME0028,SLR,Soft Lavender,0012  ,3XL,Men's Iconic 150 T,2.85,1,12,36,08/04/2026 09:06:57,C,https://myebrochure.co.uk/images/colours/fotl/fotl-slr.jpg,https://myebrochure.co.uk/images/products/prod_11101_61430_164462.jpg,https://myebrochure.co.uk/images/products.small/prod_11101_61430_164462.jpg,https://myebrochure.co.uk/images/products.hires/prod_11101_61430_164462.jpg,https://myebrochure.co.uk/images/brands/fotl_23.png,https://myebrochure.co.uk/images/products.hires/prod_11101_61430_157238.jpg,https://myebrochure.co.uk/images/products.hires/prod_11101_61430_157237.jpg,https://myebrochure.co.uk/images/products.hires/prod_11101_61430_157239.jpg,,,,,,,,"<li>100&#37; combed ringspun cotton</li> <li>Soft hand feel</li> <li>Tailored fit</li> <li>Crew neck with 1x1 rib</li> <li>Self-fabric back neck tape</li> <li>New tear away back neck label</li> <li><b>Also available in ladies sizes code 61432, kids sizes code 61023 and girl&#39;s sizes code 61025</b></li>",61091000,MA
208340,0000002083292,61430,TSHIRT,T-SHIRTS,MSSTSH,MENS SHORT SLEEVE T-SHIRT,FOTL,Fruit Of The Loom,ME0028,JS,Sage,0012  ,Small,Men's Iconic 150 T,2.09,1,12,72,08/04/2026 09:06:57,C,https://myebrochure.co.uk/images/colours/fotl/fotl-js.jpg,https://myebrochure.co.uk/images/products/prod_11101_61430_164462.jpg,https://myebrochure.co.uk/images/products.small/prod_11101_61430_164462.jpg,https://myebrochure.co.uk/images/products.hires/prod_11101_61430_164462.jpg,https://myebrochure.co.uk/images/brands/fotl_23.png,https://myebrochure.co.uk/images/products.hires/prod_11101_61430_168059.jpg,https://myebrochure.co.uk/images/products.hires/prod_11101_61430_168058.jpg,https://myebrochure.co.uk/images/products.hires/prod_11101_61430_168060.jpg,,,,,,,,"<li>100&#37; combed ringspun cotton</li> <li>Soft hand feel</li> <li>Tailored fit</li> <li>Crew neck with 1x1 rib</li> <li>Self-fabric back neck tape</li> <li>New tear away back neck label</li> <li><b>Also available in ladies sizes code 61432, kids sizes code 61023 and girl&#39;s sizes code 61025</b></li>",61091000,MA
208341,0000002083308,61430,TSHIRT,T-SHIRTS,MSSTSH,MENS SHORT SLEEVE T-SHIRT,FOTL,Fruit Of The Loom,ME0028,JS,Sage,0012  ,Medium,Men's Iconic 150 T,2.09,1,12,72,08/04/2026 09:06:57,C,https://myebrochure.co.uk/images/colours/fotl/fotl-js.jpg,https://myebrochure.co.uk/images/products/prod_11101_61430_164462.jpg,https://myebrochure.co.uk/images/products.small/prod_11101_61430_164462.jpg,https://myebrochure.co.uk/images/products.hires/prod_11101_61430_164462.jpg,https://myebrochure.co.uk/images/brands/fotl_23.png,https://myebrochure.co.uk/images/products.hires/prod_11101_61430_168059.jpg,https://myebrochure.co.uk/images/products.hires/prod_11101_61430_168058.jpg,https://myebrochure.co.uk/images/products.hires/prod_11101_61430_168060.jpg,,,,,,,,"<li>100&#37; combed ringspun cotton</li> <li>Soft hand feel</li> <li>Tailored fit</li> <li>Crew neck with 1x1 rib</li> <li>Self-fabric back neck tape</li> <li>New tear away back neck label</li> <li><b>Also available in ladies sizes code 61432, kids sizes code 61023 and girl&#39;s sizes code 61025</b></li>",61091000,MA
208342,0000002083315,61430,TSHIRT,T-SHIRTS,MSSTSH,MENS SHORT SLEEVE T-SHIRT,FOTL,Fruit Of The Loom,ME0028,JS,Sage,0012  ,Large,Men's Iconic 150 T,2.09,1,12,72,08/04/2026 09:06:57,C,https://myebrochure.co.uk/images/colours/fotl/fotl-js.jpg,https://myebrochure.co.uk/images/products/prod_11101_61430_164462.jpg,https://myebrochure.co.uk/images/products.small/prod_11101_61430_164462.jpg,https://myebrochure.co.uk/images/products.hires/prod_11101_61430_164462.jpg,https://myebrochure.co.uk/images/brands/fotl_23.png,https://myebrochure.co.uk/images/products.hires/prod_11101_61430_168059.jpg,https://myebrochure.co.uk/images/products.hires/prod_11101_61430_168058.jpg,https://myebrochure.co.uk/images/products.hires/prod_11101_61430_168060.jpg,,,,,,,,"<li>100&#37; combed ringspun cotton</li> <li>Soft hand feel</li> <li>Tailored fit</li> <li>Crew neck with 1x1 rib</li> <li>Self-fabric back neck tape</li> <li>New tear away back neck label</li> <li><b>Also available in ladies sizes code 61432, kids sizes code 61023 and girl&#39;s sizes code 61025</b></li>",61091000,MA
208343,0000002083322,61430,TSHIRT,T-SHIRTS,MSSTSH,MENS SHORT SLEEVE T-SHIRT,FOTL,Fruit Of The Loom,ME0028,JS,Sage,0012  ,XL,Men's Iconic 150 T,2.09,1,12,72,08/04/2026 09:06:57,C,https://myebrochure.co.uk/images/colours/fotl/fotl-js.jpg,https://myebrochure.co.uk/images/products/prod_11101_61430_164462.jpg,https://myebrochure.co.uk/images/products.small/prod_11101_61430_164462.jpg,https://myebrochure.co.uk/images/products.hires/prod_11101_61430_164462.jpg,https://myebrochure.co.uk/images/brands/fotl_23.png,https://myebrochure.co.uk/images/products.hires/prod_11101_61430_168059.jpg,https://myebrochure.co.uk/images/products.hires/prod_11101_61430_168058.jpg,https://myebrochure.co.uk/images/products.hires/prod_11101_61430_168060.jpg,,,,,,,,"<li>100&#37; combed ringspun cotton</li> <li>Soft hand feel</li> <li>Tailored fit</li> <li>Crew neck with 1x1 rib</li> <li>Self-fabric back neck tape</li> <li>New tear away back neck label</li> <li><b>Also available in ladies sizes code 61432, kids sizes code 61023 and girl&#39;s sizes code 61025</b></li>",61091000,MA
208344,0000002083339,61430,TSHIRT,T-SHIRTS,MSSTSH,MENS SHORT SLEEVE T-SHIRT,FOTL,Fruit Of The Loom,ME0028,JS,Sage,0012  ,2XL,Men's Iconic 150 T,2.09,1,12,72,08/04/2026 09:06:57,C,https://myebrochure.co.uk/images/colours/fotl/fotl-js.jpg,https://myebrochure.co.uk/images/products/prod_11101_61430_164462.jpg,https://myebrochure.co.uk/images/products.small/prod_11101_61430_164462.jpg,https://myebrochure.co.uk/images/products.hires/prod_11101_61430_164462.jpg,https://myebrochure.co.uk/images/brands/fotl_23.png,https://myebrochure.co.uk/images/products.hires/prod_11101_61430_168059.jpg,https://myebrochure.co.uk/images/products.hires/prod_11101_61430_168058.jpg,https://myebrochure.co.uk/images/products.hires/prod_11101_61430_168060.jpg,,,,,,,,"<li>100&#37; combed ringspun cotton</li> <li>Soft hand feel</li> <li>Tailored fit</li> <li>Crew neck with 1x1 rib</li> <li>Self-fabric back neck tape</li> <li>New tear away back neck label</li> <li><b>Also available in ladies sizes code 61432, kids sizes code 61023 and girl&#39;s sizes code 61025</b></li>",61091000,MA
208345,0000002083346,61430,TSHIRT,T-SHIRTS,MSSTSH,MENS SHORT SLEEVE T-SHIRT,FOTL,Fruit Of The Loom,ME0028,JS,Sage,0012  ,3XL,Men's Iconic 150 T,2.85,1,12,36,08/04/2026 09:06:57,C,https://myebrochure.co.uk/images/colours/fotl/fotl-js.jpg,https://myebrochure.co.uk/images/products/prod_11101_61430_164462.jpg,https://myebrochure.co.uk/images/products.small/prod_11101_61430_164462.jpg,https://myebrochure.co.uk/images/products.hires/prod_11101_61430_164462.jpg,https://myebrochure.co.uk/images/brands/fotl_23.png,https://myebrochure.co.uk/images/products.hires/prod_11101_61430_168059.jpg,https://myebrochure.co.uk/images/products.hires/prod_11101_61430_168058.jpg,https://myebrochure.co.uk/images/products.hires/prod_11101_61430_168060.jpg,,,,,,,,"<li>100&#37; combed ringspun cotton</li> <li>Soft hand feel</li> <li>Tailored fit</li> <li>Crew neck with 1x1 rib</li> <li>Self-fabric back neck tape</li> <li>New tear away back neck label</li> <li><b>Also available in ladies sizes code 61432, kids sizes code 61023 and girl&#39;s sizes code 61025</b></li>",61091000,MA
208348,0000002083377,61430,TSHIRT,T-SHIRTS,MSSTSH,MENS SHORT SLEEVE T-SHIRT,FOTL,Fruit Of The Loom,ME0028,MK,Mineral Blue,0012  ,Small,Men's Iconic 150 T,2.09,1,12,72,08/04/2026 09:06:57,C,https://myebrochure.co.uk/images/colours/fotl/fotl-mk.jpg,https://myebrochure.co.uk/images/products/prod_11101_61430_164462.jpg,https://myebrochure.co.uk/images/products.small/prod_11101_61430_164462.jpg,https://myebrochure.co.uk/images/products.hires/prod_11101_61430_164462.jpg,https://myebrochure.co.uk/images/brands/fotl_23.png,https://myebrochure.co.uk/images/products.hires/prod_11101_61430_168062.jpg,https://myebrochure.co.uk/images/products.hires/prod_11101_61430_168061.jpg,https://myebrochure.co.uk/images/products.hires/prod_11101_61430_168063.jpg,,,,,,,,"<li>100&#37; combed ringspun cotton</li> <li>Soft hand feel</li> <li>Tailored fit</li> <li>Crew neck with 1x1 rib</li> <li>Self-fabric back neck tape</li> <li>New tear away back neck label</li> <li><b>Also available in ladies sizes code 61432, kids sizes code 61023 and girl&#39;s sizes code 61025</b></li>",61091000,MA
208349,0000002083384,61430,TSHIRT,T-SHIRTS,MSSTSH,MENS SHORT SLEEVE T-SHIRT,FOTL,Fruit Of The Loom,ME0028,MK,Mineral Blue,0012  ,Medium,Men's Iconic 150 T,2.09,1,12,72,08/04/2026 09:06:57,C,https://myebrochure.co.uk/images/colours/fotl/fotl-mk.jpg,https://myebrochure.co.uk/images/products/prod_11101_61430_164462.jpg,https://myebrochure.co.uk/images/products.small/prod_11101_61430_164462.jpg,https://myebrochure.co.uk/images/products.hires/prod_11101_61430_164462.jpg,https://myebrochure.co.uk/images/brands/fotl_23.png,https://myebrochure.co.uk/images/products.hires/prod_11101_61430_168062.jpg,https://myebrochure.co.uk/images/products.hires/prod_11101_61430_168061.jpg,https://myebrochure.co.uk/images/products.hires/prod_11101_61430_168063.jpg,,,,,,,,"<li>100&#37; combed ringspun cotton</li> <li>Soft hand feel</li> <li>Tailored fit</li> <li>Crew neck with 1x1 rib</li> <li>Self-fabric back neck tape</li> <li>New tear away back neck label</li> <li><b>Also available in ladies sizes code 61432, kids sizes code 61023 and girl&#39;s sizes code 61025</b></li>",61091000,MA
208350,0000002083391,61430,TSHIRT,T-SHIRTS,MSSTSH,MENS SHORT SLEEVE T-SHIRT,FOTL,Fruit Of The Loom,ME0028,MK,Mineral Blue,0012  ,Large,Men's Iconic 150 T,2.09,1,12,72,08/04/2026 09:06:57,C,https://myebrochure.co.uk/images/colours/fotl/fotl-mk.jpg,https://myebrochure.co.uk/images/products/prod_11101_61430_164462.jpg,https://myebrochure.co.uk/images/products.small/prod_11101_61430_164462.jpg,https://myebrochure.co.uk/images/products.hires/prod_11101_61430_164462.jpg,https://myebrochure.co.uk/images/brands/fotl_23.png,https://myebrochure.co.uk/images/products.hires/prod_11101_61430_168062.jpg,https://myebrochure.co.uk/images/products.hires/prod_11101_61430_168061.jpg,https://myebrochure.co.uk/images/products.hires/prod_11101_61430_168063.jpg,,,,,,,,"<li>100&#37; combed ringspun cotton</li> <li>Soft hand feel</li> <li>Tailored fit</li> <li>Crew neck with 1x1 rib</li> <li>Self-fabric back neck tape</li> <li>New tear away back neck label</li> <li><b>Also available in ladies sizes code 61432, kids sizes code 61023 and girl&#39;s sizes code 61025</b></li>",61091000,MA
208351,0000002083407,61430,TSHIRT,T-SHIRTS,MSSTSH,MENS SHORT SLEEVE T-SHIRT,FOTL,Fruit Of The Loom,ME0028,MK,Mineral Blue,0012  ,XL,Men's Iconic 150 T,2.09,1,12,72,08/04/2026 09:06:57,C,https://myebrochure.co.uk/images/colours/fotl/fotl-mk.jpg,https://myebrochure.co.uk/images/products/prod_11101_61430_164462.jpg,https://myebrochure.co.uk/images/products.small/prod_11101_61430_164462.jpg,https://myebrochure.co.uk/images/products.hires/prod_11101_61430_164462.jpg,https://myebrochure.co.uk/images/brands/fotl_23.png,https://myebrochure.co.uk/images/products.hires/prod_11101_61430_168062.jpg,https://myebrochure.co.uk/images/products.hires/prod_11101_61430_168061.jpg,https://myebrochure.co.uk/images/products.hires/prod_11101_61430_168063.jpg,,,,,,,,"<li>100&#37; combed ringspun cotton</li> <li>Soft hand feel</li> <li>Tailored fit</li> <li>Crew neck with 1x1 rib</li> <li>Self-fabric back neck tape</li> <li>New tear away back neck label</li> <li><b>Also available in ladies sizes code 61432, kids sizes code 61023 and girl&#39;s sizes code 61025</b></li>",61091000,MA
208352,0000002083414,61430,TSHIRT,T-SHIRTS,MSSTSH,MENS SHORT SLEEVE T-SHIRT,FOTL,Fruit Of The Loom,ME0028,MK,Mineral Blue,0012  ,2XL,Men's Iconic 150 T,2.09,1,12,72,08/04/2026 09:06:57,C,https://myebrochure.co.uk/images/colours/fotl/fotl-mk.jpg,https://myebrochure.co.uk/images/products/prod_11101_61430_164462.jpg,https://myebrochure.co.uk/images/products.small/prod_11101_61430_164462.jpg,https://myebrochure.co.uk/images/products.hires/prod_11101_61430_164462.jpg,https://myebrochure.co.uk/images/brands/fotl_23.png,https://myebrochure.co.uk/images/products.hires/prod_11101_61430_168062.jpg,https://myebrochure.co.uk/images/products.hires/prod_11101_61430_168061.jpg,https://myebrochure.co.uk/images/products.hires/prod_11101_61430_168063.jpg,,,,,,,,"<li>100&#37; combed ringspun cotton</li> <li>Soft hand feel</li> <li>Tailored fit</li> <li>Crew neck with 1x1 rib</li> <li>Self-fabric back neck tape</li> <li>New tear away back neck label</li> <li><b>Also available in ladies sizes code 61432, kids sizes code 61023 and girl&#39;s sizes code 61025</b></li>",61091000,MA
208353,0000002083421,61430,TSHIRT,T-SHIRTS,MSSTSH,MENS SHORT SLEEVE T-SHIRT,FOTL,Fruit Of The Loom,ME0028,MK,Mineral Blue,0012  ,3XL,Men's Iconic 150 T,2.85,1,12,36,08/04/2026 09:06:57,C,https://myebrochure.co.uk/images/colours/fotl/fotl-mk.jpg,https://myebrochure.co.uk/images/products/prod_11101_61430_164462.jpg,https://myebrochure.co.uk/images/products.small/prod_11101_61430_164462.jpg,https://myebrochure.co.uk/images/products.hires/prod_11101_61430_164462.jpg,https://myebrochure.co.uk/images/brands/fotl_23.png,https://myebrochure.co.uk/images/products.hires/prod_11101_61430_168062.jpg,https://myebrochure.co.uk/images/products.hires/prod_11101_61430_168061.jpg,https://myebrochure.co.uk/images/products.hires/prod_11101_61430_168063.jpg,,,,,,,,"<li>100&#37; combed ringspun cotton</li> <li>Soft hand feel</li> <li>Tailored fit</li> <li>Crew neck with 1x1 rib</li> <li>Self-fabric back neck tape</li> <li>New tear away back neck label</li> <li><b>Also available in ladies sizes code 61432, kids sizes code 61023 and girl&#39;s sizes code 61025</b></li>",61091000,MA
