UID,Barcode,SPC,Department Code,Department,Sub-department Code,Sub Department,Brand Code,Brand,Style Code,Colour Code,Colour Name,Size Scale,Size,Description,BTC Price,VAT Code,Pack Quantity,Carton Quantity,Last Changed Date,Stock Status,colour_code_url,image_url_medium_res,image_url_low_res,image_url_high_res,brand image,colour image 01,colour image 02,colour image 03,colour image 04,colour image 05,colour image 06,colour image 07,colour image 08,colour image 09,colour image 10,bullet points,Customer Discounted Price
77867,778183,18500,SSHIRT,SWEATSHIRTS AND HOODIES,MENSSH,Mens Sweatshirts & Hoodies,GILDAN,Gildan,760062,246,Antique Cherry Red,12,S,Heavy Blend? Adult Hooded Sweatshirt,8.79,1,6,24,31-12-2025 23:45,C,https://myebrochure.co.uk/images/colours/gildan/gildan-246.jpg,https://myebrochure.co.uk/images/products/prod_29009_18500_184580.jpg,https://myebrochure.co.uk/images/products.small/prod_29009_18500_184580.jpg,https://myebrochure.co.uk/images/products.hires/prod_29009_18500_184580.jpg,https://myebrochure.co.uk/images/brands/gildan_25.png,https://myebrochure.co.uk/images/products.hires/prod_29009_18500_176516.jpg,,,,,,,,,,"<li>24/1 MVS Yarn</li> <li>The Heavy Blend collection is now made with finer yarns and new MVS Air spinning technology, that improves the fabric by reducing pilling, enhancing durability and creating a smoother printing surface.</li> <li>Proud member of the US Cotton Trust Protocol (USCTP) and Better Cotton&#8482;</li> <li>Cotton products from Gildan support more sustainable + ethical cotton farming</li> <li>2-end midweight fleece fabric</li> <li>Double-lined hood with color-matched drawcord </li> <li>Pouch pocket</li> <li>1 x 1 rib with spandex for enhanced stretch and recovery</li> <li>Classic fit, tubular body</li> <li>High-performing tear-away label</li> <li><b>Also available in childrens sizes code 18500B</b></li>",6.72
77868,778190,18500,SSHIRT,SWEATSHIRTS AND HOODIES,MENSSH,Mens Sweatshirts & Hoodies,GILDAN,Gildan,760062,246,Antique Cherry Red,12,M,Heavy Blend? Adult Hooded Sweatshirt,8.79,1,6,24,31-12-2025 23:45,C,https://myebrochure.co.uk/images/colours/gildan/gildan-246.jpg,https://myebrochure.co.uk/images/products/prod_29009_18500_184580.jpg,https://myebrochure.co.uk/images/products.small/prod_29009_18500_184580.jpg,https://myebrochure.co.uk/images/products.hires/prod_29009_18500_184580.jpg,https://myebrochure.co.uk/images/brands/gildan_25.png,https://myebrochure.co.uk/images/products.hires/prod_29009_18500_176516.jpg,,,,,,,,,,"<li>24/1 MVS Yarn</li> <li>The Heavy Blend collection is now made with finer yarns and new MVS Air spinning technology, that improves the fabric by reducing pilling, enhancing durability and creating a smoother printing surface.</li> <li>Proud member of the US Cotton Trust Protocol (USCTP) and Better Cotton&#8482;</li> <li>Cotton products from Gildan support more sustainable + ethical cotton farming</li> <li>2-end midweight fleece fabric</li> <li>Double-lined hood with color-matched drawcord </li> <li>Pouch pocket</li> <li>1 x 1 rib with spandex for enhanced stretch and recovery</li> <li>Classic fit, tubular body</li> <li>High-performing tear-away label</li> <li><b>Also available in childrens sizes code 18500B</b></li>",6.72
77869,778206,18500,SSHIRT,SWEATSHIRTS AND HOODIES,MENSSH,Mens Sweatshirts & Hoodies,GILDAN,Gildan,760062,246,Antique Cherry Red,12,L,Heavy Blend? Adult Hooded Sweatshirt,8.79,1,6,24,31-12-2025 23:45,C,https://myebrochure.co.uk/images/colours/gildan/gildan-246.jpg,https://myebrochure.co.uk/images/products/prod_29009_18500_184580.jpg,https://myebrochure.co.uk/images/products.small/prod_29009_18500_184580.jpg,https://myebrochure.co.uk/images/products.hires/prod_29009_18500_184580.jpg,https://myebrochure.co.uk/images/brands/gildan_25.png,https://myebrochure.co.uk/images/products.hires/prod_29009_18500_176516.jpg,,,,,,,,,,"<li>24/1 MVS Yarn</li> <li>The Heavy Blend collection is now made with finer yarns and new MVS Air spinning technology, that improves the fabric by reducing pilling, enhancing durability and creating a smoother printing surface.</li> <li>Proud member of the US Cotton Trust Protocol (USCTP) and Better Cotton&#8482;</li> <li>Cotton products from Gildan support more sustainable + ethical cotton farming</li> <li>2-end midweight fleece fabric</li> <li>Double-lined hood with color-matched drawcord </li> <li>Pouch pocket</li> <li>1 x 1 rib with spandex for enhanced stretch and recovery</li> <li>Classic fit, tubular body</li> <li>High-performing tear-away label</li> <li><b>Also available in childrens sizes code 18500B</b></li>",6.72
77870,778213,18500,SSHIRT,SWEATSHIRTS AND HOODIES,MENSSH,Mens Sweatshirts & Hoodies,GILDAN,Gildan,760062,246,Antique Cherry Red,12,XL,Heavy Blend? Adult Hooded Sweatshirt,8.79,1,6,24,31-12-2025 23:45,C,https://myebrochure.co.uk/images/colours/gildan/gildan-246.jpg,https://myebrochure.co.uk/images/products/prod_29009_18500_184580.jpg,https://myebrochure.co.uk/images/products.small/prod_29009_18500_184580.jpg,https://myebrochure.co.uk/images/products.hires/prod_29009_18500_184580.jpg,https://myebrochure.co.uk/images/brands/gildan_25.png,https://myebrochure.co.uk/images/products.hires/prod_29009_18500_176516.jpg,,,,,,,,,,"<li>24/1 MVS Yarn</li> <li>The Heavy Blend collection is now made with finer yarns and new MVS Air spinning technology, that improves the fabric by reducing pilling, enhancing durability and creating a smoother printing surface.</li> <li>Proud member of the US Cotton Trust Protocol (USCTP) and Better Cotton&#8482;</li> <li>Cotton products from Gildan support more sustainable + ethical cotton farming</li> <li>2-end midweight fleece fabric</li> <li>Double-lined hood with color-matched drawcord </li> <li>Pouch pocket</li> <li>1 x 1 rib with spandex for enhanced stretch and recovery</li> <li>Classic fit, tubular body</li> <li>High-performing tear-away label</li> <li><b>Also available in childrens sizes code 18500B</b></li>",6.72
77871,778220,18500,SSHIRT,SWEATSHIRTS AND HOODIES,MENSSH,Mens Sweatshirts & Hoodies,GILDAN,Gildan,760062,246,Antique Cherry Red,12,2XL,Heavy Blend? Adult Hooded Sweatshirt,8.79,1,6,24,01-01-2026 1:50,C,https://myebrochure.co.uk/images/colours/gildan/gildan-246.jpg,https://myebrochure.co.uk/images/products/prod_29009_18500_184580.jpg,https://myebrochure.co.uk/images/products.small/prod_29009_18500_184580.jpg,https://myebrochure.co.uk/images/products.hires/prod_29009_18500_184580.jpg,https://myebrochure.co.uk/images/brands/gildan_25.png,https://myebrochure.co.uk/images/products.hires/prod_29009_18500_176516.jpg,,,,,,,,,,"<li>24/1 MVS Yarn</li> <li>The Heavy Blend collection is now made with finer yarns and new MVS Air spinning technology, that improves the fabric by reducing pilling, enhancing durability and creating a smoother printing surface.</li> <li>Proud member of the US Cotton Trust Protocol (USCTP) and Better Cotton&#8482;</li> <li>Cotton products from Gildan support more sustainable + ethical cotton farming</li> <li>2-end midweight fleece fabric</li> <li>Double-lined hood with color-matched drawcord </li> <li>Pouch pocket</li> <li>1 x 1 rib with spandex for enhanced stretch and recovery</li> <li>Classic fit, tubular body</li> <li>High-performing tear-away label</li> <li><b>Also available in childrens sizes code 18500B</b></li>",6.72
137555,1374629,18500,SSHIRT,SWEATSHIRTS AND HOODIES,MENSSH,Mens Sweatshirts & Hoodies,GILDAN,Gildan,760062,246,Antique Cherry Red,12,3XL,Heavy Blend? Adult Hooded Sweatshirt,12.12,1,12,24,31-12-2025 23:45,C,https://myebrochure.co.uk/images/colours/gildan/gildan-246.jpg,https://myebrochure.co.uk/images/products/prod_29009_18500_184580.jpg,https://myebrochure.co.uk/images/products.small/prod_29009_18500_184580.jpg,https://myebrochure.co.uk/images/products.hires/prod_29009_18500_184580.jpg,https://myebrochure.co.uk/images/brands/gildan_25.png,https://myebrochure.co.uk/images/products.hires/prod_29009_18500_176516.jpg,,,,,,,,,,"<li>24/1 MVS Yarn</li> <li>The Heavy Blend collection is now made with finer yarns and new MVS Air spinning technology, that improves the fabric by reducing pilling, enhancing durability and creating a smoother printing surface.</li> <li>Proud member of the US Cotton Trust Protocol (USCTP) and Better Cotton&#8482;</li> <li>Cotton products from Gildan support more sustainable + ethical cotton farming</li> <li>2-end midweight fleece fabric</li> <li>Double-lined hood with color-matched drawcord </li> <li>Pouch pocket</li> <li>1 x 1 rib with spandex for enhanced stretch and recovery</li> <li>Classic fit, tubular body</li> <li>High-performing tear-away label</li> <li><b>Also available in childrens sizes code 18500B</b></li>",9.27
77884,778350,18500,SSHIRT,SWEATSHIRTS AND HOODIES,MENSSH,Mens Sweatshirts & Hoodies,GILDAN,Gildan,760062,254,Antique Sapphire,12,S,Heavy Blend? Adult Hooded Sweatshirt,8.79,1,6,24,01-01-2026 1:50,C,https://myebrochure.co.uk/images/colours/gildan/gildan-254.jpg,https://myebrochure.co.uk/images/products/prod_29009_18500_184580.jpg,https://myebrochure.co.uk/images/products.small/prod_29009_18500_184580.jpg,https://myebrochure.co.uk/images/products.hires/prod_29009_18500_184580.jpg,https://myebrochure.co.uk/images/brands/gildan_25.png,https://myebrochure.co.uk/images/products.hires/prod_29009_18500_176522.jpg,,,,,,,,,,"<li>24/1 MVS Yarn</li> <li>The Heavy Blend collection is now made with finer yarns and new MVS Air spinning technology, that improves the fabric by reducing pilling, enhancing durability and creating a smoother printing surface.</li> <li>Proud member of the US Cotton Trust Protocol (USCTP) and Better Cotton&#8482;</li> <li>Cotton products from Gildan support more sustainable + ethical cotton farming</li> <li>2-end midweight fleece fabric</li> <li>Double-lined hood with color-matched drawcord </li> <li>Pouch pocket</li> <li>1 x 1 rib with spandex for enhanced stretch and recovery</li> <li>Classic fit, tubular body</li> <li>High-performing tear-away label</li> <li><b>Also available in childrens sizes code 18500B</b></li>",6.72
77885,778367,18500,SSHIRT,SWEATSHIRTS AND HOODIES,MENSSH,Mens Sweatshirts & Hoodies,GILDAN,Gildan,760062,254,Antique Sapphire,12,M,Heavy Blend? Adult Hooded Sweatshirt,8.79,1,6,24,01-01-2026 1:50,C,https://myebrochure.co.uk/images/colours/gildan/gildan-254.jpg,https://myebrochure.co.uk/images/products/prod_29009_18500_184580.jpg,https://myebrochure.co.uk/images/products.small/prod_29009_18500_184580.jpg,https://myebrochure.co.uk/images/products.hires/prod_29009_18500_184580.jpg,https://myebrochure.co.uk/images/brands/gildan_25.png,https://myebrochure.co.uk/images/products.hires/prod_29009_18500_176522.jpg,,,,,,,,,,"<li>24/1 MVS Yarn</li> <li>The Heavy Blend collection is now made with finer yarns and new MVS Air spinning technology, that improves the fabric by reducing pilling, enhancing durability and creating a smoother printing surface.</li> <li>Proud member of the US Cotton Trust Protocol (USCTP) and Better Cotton&#8482;</li> <li>Cotton products from Gildan support more sustainable + ethical cotton farming</li> <li>2-end midweight fleece fabric</li> <li>Double-lined hood with color-matched drawcord </li> <li>Pouch pocket</li> <li>1 x 1 rib with spandex for enhanced stretch and recovery</li> <li>Classic fit, tubular body</li> <li>High-performing tear-away label</li> <li><b>Also available in childrens sizes code 18500B</b></li>",6.72
77886,778374,18500,SSHIRT,SWEATSHIRTS AND HOODIES,MENSSH,Mens Sweatshirts & Hoodies,GILDAN,Gildan,760062,254,Antique Sapphire,12,L,Heavy Blend? Adult Hooded Sweatshirt,8.79,1,6,24,01-01-2026 1:50,C,https://myebrochure.co.uk/images/colours/gildan/gildan-254.jpg,https://myebrochure.co.uk/images/products/prod_29009_18500_184580.jpg,https://myebrochure.co.uk/images/products.small/prod_29009_18500_184580.jpg,https://myebrochure.co.uk/images/products.hires/prod_29009_18500_184580.jpg,https://myebrochure.co.uk/images/brands/gildan_25.png,https://myebrochure.co.uk/images/products.hires/prod_29009_18500_176522.jpg,,,,,,,,,,"<li>24/1 MVS Yarn</li> <li>The Heavy Blend collection is now made with finer yarns and new MVS Air spinning technology, that improves the fabric by reducing pilling, enhancing durability and creating a smoother printing surface.</li> <li>Proud member of the US Cotton Trust Protocol (USCTP) and Better Cotton&#8482;</li> <li>Cotton products from Gildan support more sustainable + ethical cotton farming</li> <li>2-end midweight fleece fabric</li> <li>Double-lined hood with color-matched drawcord </li> <li>Pouch pocket</li> <li>1 x 1 rib with spandex for enhanced stretch and recovery</li> <li>Classic fit, tubular body</li> <li>High-performing tear-away label</li> <li><b>Also available in childrens sizes code 18500B</b></li>",6.72
77887,778381,18500,SSHIRT,SWEATSHIRTS AND HOODIES,MENSSH,Mens Sweatshirts & Hoodies,GILDAN,Gildan,760062,254,Antique Sapphire,12,XL,Heavy Blend? Adult Hooded Sweatshirt,8.79,1,6,24,31-12-2025 23:45,C,https://myebrochure.co.uk/images/colours/gildan/gildan-254.jpg,https://myebrochure.co.uk/images/products/prod_29009_18500_184580.jpg,https://myebrochure.co.uk/images/products.small/prod_29009_18500_184580.jpg,https://myebrochure.co.uk/images/products.hires/prod_29009_18500_184580.jpg,https://myebrochure.co.uk/images/brands/gildan_25.png,https://myebrochure.co.uk/images/products.hires/prod_29009_18500_176522.jpg,,,,,,,,,,"<li>24/1 MVS Yarn</li> <li>The Heavy Blend collection is now made with finer yarns and new MVS Air spinning technology, that improves the fabric by reducing pilling, enhancing durability and creating a smoother printing surface.</li> <li>Proud member of the US Cotton Trust Protocol (USCTP) and Better Cotton&#8482;</li> <li>Cotton products from Gildan support more sustainable + ethical cotton farming</li> <li>2-end midweight fleece fabric</li> <li>Double-lined hood with color-matched drawcord </li> <li>Pouch pocket</li> <li>1 x 1 rib with spandex for enhanced stretch and recovery</li> <li>Classic fit, tubular body</li> <li>High-performing tear-away label</li> <li><b>Also available in childrens sizes code 18500B</b></li>",6.72
77888,778398,18500,SSHIRT,SWEATSHIRTS AND HOODIES,MENSSH,Mens Sweatshirts & Hoodies,GILDAN,Gildan,760062,254,Antique Sapphire,12,2XL,Heavy Blend? Adult Hooded Sweatshirt,8.79,1,6,24,31-12-2025 23:45,C,https://myebrochure.co.uk/images/colours/gildan/gildan-254.jpg,https://myebrochure.co.uk/images/products/prod_29009_18500_184580.jpg,https://myebrochure.co.uk/images/products.small/prod_29009_18500_184580.jpg,https://myebrochure.co.uk/images/products.hires/prod_29009_18500_184580.jpg,https://myebrochure.co.uk/images/brands/gildan_25.png,https://myebrochure.co.uk/images/products.hires/prod_29009_18500_176522.jpg,,,,,,,,,,"<li>24/1 MVS Yarn</li> <li>The Heavy Blend collection is now made with finer yarns and new MVS Air spinning technology, that improves the fabric by reducing pilling, enhancing durability and creating a smoother printing surface.</li> <li>Proud member of the US Cotton Trust Protocol (USCTP) and Better Cotton&#8482;</li> <li>Cotton products from Gildan support more sustainable + ethical cotton farming</li> <li>2-end midweight fleece fabric</li> <li>Double-lined hood with color-matched drawcord </li> <li>Pouch pocket</li> <li>1 x 1 rib with spandex for enhanced stretch and recovery</li> <li>Classic fit, tubular body</li> <li>High-performing tear-away label</li> <li><b>Also available in childrens sizes code 18500B</b></li>",6.72
137558,1374650,18500,SSHIRT,SWEATSHIRTS AND HOODIES,MENSSH,Mens Sweatshirts & Hoodies,GILDAN,Gildan,760062,254,Antique Sapphire,12,3XL,Heavy Blend? Adult Hooded Sweatshirt,12.12,1,12,24,31-12-2025 23:45,C,https://myebrochure.co.uk/images/colours/gildan/gildan-254.jpg,https://myebrochure.co.uk/images/products/prod_29009_18500_184580.jpg,https://myebrochure.co.uk/images/products.small/prod_29009_18500_184580.jpg,https://myebrochure.co.uk/images/products.hires/prod_29009_18500_184580.jpg,https://myebrochure.co.uk/images/brands/gildan_25.png,https://myebrochure.co.uk/images/products.hires/prod_29009_18500_176522.jpg,,,,,,,,,,"<li>24/1 MVS Yarn</li> <li>The Heavy Blend collection is now made with finer yarns and new MVS Air spinning technology, that improves the fabric by reducing pilling, enhancing durability and creating a smoother printing surface.</li> <li>Proud member of the US Cotton Trust Protocol (USCTP) and Better Cotton&#8482;</li> <li>Cotton products from Gildan support more sustainable + ethical cotton farming</li> <li>2-end midweight fleece fabric</li> <li>Double-lined hood with color-matched drawcord </li> <li>Pouch pocket</li> <li>1 x 1 rib with spandex for enhanced stretch and recovery</li> <li>Classic fit, tubular body</li> <li>High-performing tear-away label</li> <li><b>Also available in childrens sizes code 18500B</b></li>",9.27
58351,583435,18500,SSHIRT,SWEATSHIRTS AND HOODIES,MENSSH,Mens Sweatshirts & Hoodies,GILDAN,Gildan,760062,393,Ash Grey,12,S,Heavy Blend? Adult Hooded Sweatshirt,8.79,1,6,24,31-12-2025 23:45,C,https://myebrochure.co.uk/images/colours/gildan/gildan-393.jpg,https://myebrochure.co.uk/images/products/prod_29009_18500_184580.jpg,https://myebrochure.co.uk/images/products.small/prod_29009_18500_184580.jpg,https://myebrochure.co.uk/images/products.hires/prod_29009_18500_184580.jpg,https://myebrochure.co.uk/images/brands/gildan_25.png,https://myebrochure.co.uk/images/products.hires/prod_29009_18500_176524.jpg,,,,,,,,,,"<li>24/1 MVS Yarn</li> <li>The Heavy Blend collection is now made with finer yarns and new MVS Air spinning technology, that improves the fabric by reducing pilling, enhancing durability and creating a smoother printing surface.</li> <li>Proud member of the US Cotton Trust Protocol (USCTP) and Better Cotton&#8482;</li> <li>Cotton products from Gildan support more sustainable + ethical cotton farming</li> <li>2-end midweight fleece fabric</li> <li>Double-lined hood with color-matched drawcord </li> <li>Pouch pocket</li> <li>1 x 1 rib with spandex for enhanced stretch and recovery</li> <li>Classic fit, tubular body</li> <li>High-performing tear-away label</li> <li><b>Also available in childrens sizes code 18500B</b></li>",6.72
58352,583442,18500,SSHIRT,SWEATSHIRTS AND HOODIES,MENSSH,Mens Sweatshirts & Hoodies,GILDAN,Gildan,760062,393,Ash Grey,12,M,Heavy Blend? Adult Hooded Sweatshirt,8.79,1,6,24,31-12-2025 23:45,C,https://myebrochure.co.uk/images/colours/gildan/gildan-393.jpg,https://myebrochure.co.uk/images/products/prod_29009_18500_184580.jpg,https://myebrochure.co.uk/images/products.small/prod_29009_18500_184580.jpg,https://myebrochure.co.uk/images/products.hires/prod_29009_18500_184580.jpg,https://myebrochure.co.uk/images/brands/gildan_25.png,https://myebrochure.co.uk/images/products.hires/prod_29009_18500_176524.jpg,,,,,,,,,,"<li>24/1 MVS Yarn</li> <li>The Heavy Blend collection is now made with finer yarns and new MVS Air spinning technology, that improves the fabric by reducing pilling, enhancing durability and creating a smoother printing surface.</li> <li>Proud member of the US Cotton Trust Protocol (USCTP) and Better Cotton&#8482;</li> <li>Cotton products from Gildan support more sustainable + ethical cotton farming</li> <li>2-end midweight fleece fabric</li> <li>Double-lined hood with color-matched drawcord </li> <li>Pouch pocket</li> <li>1 x 1 rib with spandex for enhanced stretch and recovery</li> <li>Classic fit, tubular body</li> <li>High-performing tear-away label</li> <li><b>Also available in childrens sizes code 18500B</b></li>",6.72
58353,583459,18500,SSHIRT,SWEATSHIRTS AND HOODIES,MENSSH,Mens Sweatshirts & Hoodies,GILDAN,Gildan,760062,393,Ash Grey,12,L,Heavy Blend? Adult Hooded Sweatshirt,8.79,1,6,24,31-12-2025 23:45,C,https://myebrochure.co.uk/images/colours/gildan/gildan-393.jpg,https://myebrochure.co.uk/images/products/prod_29009_18500_184580.jpg,https://myebrochure.co.uk/images/products.small/prod_29009_18500_184580.jpg,https://myebrochure.co.uk/images/products.hires/prod_29009_18500_184580.jpg,https://myebrochure.co.uk/images/brands/gildan_25.png,https://myebrochure.co.uk/images/products.hires/prod_29009_18500_176524.jpg,,,,,,,,,,"<li>24/1 MVS Yarn</li> <li>The Heavy Blend collection is now made with finer yarns and new MVS Air spinning technology, that improves the fabric by reducing pilling, enhancing durability and creating a smoother printing surface.</li> <li>Proud member of the US Cotton Trust Protocol (USCTP) and Better Cotton&#8482;</li> <li>Cotton products from Gildan support more sustainable + ethical cotton farming</li> <li>2-end midweight fleece fabric</li> <li>Double-lined hood with color-matched drawcord </li> <li>Pouch pocket</li> <li>1 x 1 rib with spandex for enhanced stretch and recovery</li> <li>Classic fit, tubular body</li> <li>High-performing tear-away label</li> <li><b>Also available in childrens sizes code 18500B</b></li>",6.72
58354,583466,18500,SSHIRT,SWEATSHIRTS AND HOODIES,MENSSH,Mens Sweatshirts & Hoodies,GILDAN,Gildan,760062,393,Ash Grey,12,XL,Heavy Blend? Adult Hooded Sweatshirt,8.79,1,6,24,31-12-2025 23:45,C,https://myebrochure.co.uk/images/colours/gildan/gildan-393.jpg,https://myebrochure.co.uk/images/products/prod_29009_18500_184580.jpg,https://myebrochure.co.uk/images/products.small/prod_29009_18500_184580.jpg,https://myebrochure.co.uk/images/products.hires/prod_29009_18500_184580.jpg,https://myebrochure.co.uk/images/brands/gildan_25.png,https://myebrochure.co.uk/images/products.hires/prod_29009_18500_176524.jpg,,,,,,,,,,"<li>24/1 MVS Yarn</li> <li>The Heavy Blend collection is now made with finer yarns and new MVS Air spinning technology, that improves the fabric by reducing pilling, enhancing durability and creating a smoother printing surface.</li> <li>Proud member of the US Cotton Trust Protocol (USCTP) and Better Cotton&#8482;</li> <li>Cotton products from Gildan support more sustainable + ethical cotton farming</li> <li>2-end midweight fleece fabric</li> <li>Double-lined hood with color-matched drawcord </li> <li>Pouch pocket</li> <li>1 x 1 rib with spandex for enhanced stretch and recovery</li> <li>Classic fit, tubular body</li> <li>High-performing tear-away label</li> <li><b>Also available in childrens sizes code 18500B</b></li>",6.72
58355,583473,18500,SSHIRT,SWEATSHIRTS AND HOODIES,MENSSH,Mens Sweatshirts & Hoodies,GILDAN,Gildan,760062,393,Ash Grey,12,2XL,Heavy Blend? Adult Hooded Sweatshirt,8.79,1,6,24,01-01-2026 1:50,C,https://myebrochure.co.uk/images/colours/gildan/gildan-393.jpg,https://myebrochure.co.uk/images/products/prod_29009_18500_184580.jpg,https://myebrochure.co.uk/images/products.small/prod_29009_18500_184580.jpg,https://myebrochure.co.uk/images/products.hires/prod_29009_18500_184580.jpg,https://myebrochure.co.uk/images/brands/gildan_25.png,https://myebrochure.co.uk/images/products.hires/prod_29009_18500_176524.jpg,,,,,,,,,,"<li>24/1 MVS Yarn</li> <li>The Heavy Blend collection is now made with finer yarns and new MVS Air spinning technology, that improves the fabric by reducing pilling, enhancing durability and creating a smoother printing surface.</li> <li>Proud member of the US Cotton Trust Protocol (USCTP) and Better Cotton&#8482;</li> <li>Cotton products from Gildan support more sustainable + ethical cotton farming</li> <li>2-end midweight fleece fabric</li> <li>Double-lined hood with color-matched drawcord </li> <li>Pouch pocket</li> <li>1 x 1 rib with spandex for enhanced stretch and recovery</li> <li>Classic fit, tubular body</li> <li>High-performing tear-away label</li> <li><b>Also available in childrens sizes code 18500B</b></li>",6.72
137582,1374896,18500,SSHIRT,SWEATSHIRTS AND HOODIES,MENSSH,Mens Sweatshirts & Hoodies,GILDAN,Gildan,760062,393,Ash Grey,12,3XL,Heavy Blend? Adult Hooded Sweatshirt,12.12,1,12,24,31-12-2025 23:45,C,https://myebrochure.co.uk/images/colours/gildan/gildan-393.jpg,https://myebrochure.co.uk/images/products/prod_29009_18500_184580.jpg,https://myebrochure.co.uk/images/products.small/prod_29009_18500_184580.jpg,https://myebrochure.co.uk/images/products.hires/prod_29009_18500_184580.jpg,https://myebrochure.co.uk/images/brands/gildan_25.png,https://myebrochure.co.uk/images/products.hires/prod_29009_18500_176524.jpg,,,,,,,,,,"<li>24/1 MVS Yarn</li> <li>The Heavy Blend collection is now made with finer yarns and new MVS Air spinning technology, that improves the fabric by reducing pilling, enhancing durability and creating a smoother printing surface.</li> <li>Proud member of the US Cotton Trust Protocol (USCTP) and Better Cotton&#8482;</li> <li>Cotton products from Gildan support more sustainable + ethical cotton farming</li> <li>2-end midweight fleece fabric</li> <li>Double-lined hood with color-matched drawcord </li> <li>Pouch pocket</li> <li>1 x 1 rib with spandex for enhanced stretch and recovery</li> <li>Classic fit, tubular body</li> <li>High-performing tear-away label</li> <li><b>Also available in childrens sizes code 18500B</b></li>",9.27
170938,1708462,18500,SSHIRT,SWEATSHIRTS AND HOODIES,MENSSH,Mens Sweatshirts & Hoodies,GILDAN,Gildan,760062,71,Azalea,12,S,Heavy Blend? Adult Hooded Sweatshirt,8.79,1,6,24,31-12-2025 23:45,C,https://myebrochure.co.uk/images/colours/gildan/gildan-71.jpg,https://myebrochure.co.uk/images/products/prod_29009_18500_184580.jpg,https://myebrochure.co.uk/images/products.small/prod_29009_18500_184580.jpg,https://myebrochure.co.uk/images/products.hires/prod_29009_18500_184580.jpg,https://myebrochure.co.uk/images/brands/gildan_25.png,https://myebrochure.co.uk/images/products.hires/prod_29009_18500_176498.jpg,,,,,,,,,,"<li>24/1 MVS Yarn</li> <li>The Heavy Blend collection is now made with finer yarns and new MVS Air spinning technology, that improves the fabric by reducing pilling, enhancing durability and creating a smoother printing surface.</li> <li>Proud member of the US Cotton Trust Protocol (USCTP) and Better Cotton&#8482;</li> <li>Cotton products from Gildan support more sustainable + ethical cotton farming</li> <li>2-end midweight fleece fabric</li> <li>Double-lined hood with color-matched drawcord </li> <li>Pouch pocket</li> <li>1 x 1 rib with spandex for enhanced stretch and recovery</li> <li>Classic fit, tubular body</li> <li>High-performing tear-away label</li> <li><b>Also available in childrens sizes code 18500B</b></li>",6.72
170939,1708479,18500,SSHIRT,SWEATSHIRTS AND HOODIES,MENSSH,Mens Sweatshirts & Hoodies,GILDAN,Gildan,760062,71,Azalea,12,M,Heavy Blend? Adult Hooded Sweatshirt,8.79,1,6,24,31-12-2025 23:45,C,https://myebrochure.co.uk/images/colours/gildan/gildan-71.jpg,https://myebrochure.co.uk/images/products/prod_29009_18500_184580.jpg,https://myebrochure.co.uk/images/products.small/prod_29009_18500_184580.jpg,https://myebrochure.co.uk/images/products.hires/prod_29009_18500_184580.jpg,https://myebrochure.co.uk/images/brands/gildan_25.png,https://myebrochure.co.uk/images/products.hires/prod_29009_18500_176498.jpg,,,,,,,,,,"<li>24/1 MVS Yarn</li> <li>The Heavy Blend collection is now made with finer yarns and new MVS Air spinning technology, that improves the fabric by reducing pilling, enhancing durability and creating a smoother printing surface.</li> <li>Proud member of the US Cotton Trust Protocol (USCTP) and Better Cotton&#8482;</li> <li>Cotton products from Gildan support more sustainable + ethical cotton farming</li> <li>2-end midweight fleece fabric</li> <li>Double-lined hood with color-matched drawcord </li> <li>Pouch pocket</li> <li>1 x 1 rib with spandex for enhanced stretch and recovery</li> <li>Classic fit, tubular body</li> <li>High-performing tear-away label</li> <li><b>Also available in childrens sizes code 18500B</b></li>",6.72
170940,1708486,18500,SSHIRT,SWEATSHIRTS AND HOODIES,MENSSH,Mens Sweatshirts & Hoodies,GILDAN,Gildan,760062,71,Azalea,12,L,Heavy Blend? Adult Hooded Sweatshirt,8.79,1,6,24,31-12-2025 23:45,C,https://myebrochure.co.uk/images/colours/gildan/gildan-71.jpg,https://myebrochure.co.uk/images/products/prod_29009_18500_184580.jpg,https://myebrochure.co.uk/images/products.small/prod_29009_18500_184580.jpg,https://myebrochure.co.uk/images/products.hires/prod_29009_18500_184580.jpg,https://myebrochure.co.uk/images/brands/gildan_25.png,https://myebrochure.co.uk/images/products.hires/prod_29009_18500_176498.jpg,,,,,,,,,,"<li>24/1 MVS Yarn</li> <li>The Heavy Blend collection is now made with finer yarns and new MVS Air spinning technology, that improves the fabric by reducing pilling, enhancing durability and creating a smoother printing surface.</li> <li>Proud member of the US Cotton Trust Protocol (USCTP) and Better Cotton&#8482;</li> <li>Cotton products from Gildan support more sustainable + ethical cotton farming</li> <li>2-end midweight fleece fabric</li> <li>Double-lined hood with color-matched drawcord </li> <li>Pouch pocket</li> <li>1 x 1 rib with spandex for enhanced stretch and recovery</li> <li>Classic fit, tubular body</li> <li>High-performing tear-away label</li> <li><b>Also available in childrens sizes code 18500B</b></li>",6.72
170941,1708493,18500,SSHIRT,SWEATSHIRTS AND HOODIES,MENSSH,Mens Sweatshirts & Hoodies,GILDAN,Gildan,760062,71,Azalea,12,XL,Heavy Blend? Adult Hooded Sweatshirt,8.79,1,6,24,31-12-2025 23:45,C,https://myebrochure.co.uk/images/colours/gildan/gildan-71.jpg,https://myebrochure.co.uk/images/products/prod_29009_18500_184580.jpg,https://myebrochure.co.uk/images/products.small/prod_29009_18500_184580.jpg,https://myebrochure.co.uk/images/products.hires/prod_29009_18500_184580.jpg,https://myebrochure.co.uk/images/brands/gildan_25.png,https://myebrochure.co.uk/images/products.hires/prod_29009_18500_176498.jpg,,,,,,,,,,"<li>24/1 MVS Yarn</li> <li>The Heavy Blend collection is now made with finer yarns and new MVS Air spinning technology, that improves the fabric by reducing pilling, enhancing durability and creating a smoother printing surface.</li> <li>Proud member of the US Cotton Trust Protocol (USCTP) and Better Cotton&#8482;</li> <li>Cotton products from Gildan support more sustainable + ethical cotton farming</li> <li>2-end midweight fleece fabric</li> <li>Double-lined hood with color-matched drawcord </li> <li>Pouch pocket</li> <li>1 x 1 rib with spandex for enhanced stretch and recovery</li> <li>Classic fit, tubular body</li> <li>High-performing tear-away label</li> <li><b>Also available in childrens sizes code 18500B</b></li>",6.72
170942,1708509,18500,SSHIRT,SWEATSHIRTS AND HOODIES,MENSSH,Mens Sweatshirts & Hoodies,GILDAN,Gildan,760062,71,Azalea,12,2XL,Heavy Blend? Adult Hooded Sweatshirt,8.79,1,6,24,31-12-2025 23:45,C,https://myebrochure.co.uk/images/colours/gildan/gildan-71.jpg,https://myebrochure.co.uk/images/products/prod_29009_18500_184580.jpg,https://myebrochure.co.uk/images/products.small/prod_29009_18500_184580.jpg,https://myebrochure.co.uk/images/products.hires/prod_29009_18500_184580.jpg,https://myebrochure.co.uk/images/brands/gildan_25.png,https://myebrochure.co.uk/images/products.hires/prod_29009_18500_176498.jpg,,,,,,,,,,"<li>24/1 MVS Yarn</li> <li>The Heavy Blend collection is now made with finer yarns and new MVS Air spinning technology, that improves the fabric by reducing pilling, enhancing durability and creating a smoother printing surface.</li> <li>Proud member of the US Cotton Trust Protocol (USCTP) and Better Cotton&#8482;</li> <li>Cotton products from Gildan support more sustainable + ethical cotton farming</li> <li>2-end midweight fleece fabric</li> <li>Double-lined hood with color-matched drawcord </li> <li>Pouch pocket</li> <li>1 x 1 rib with spandex for enhanced stretch and recovery</li> <li>Classic fit, tubular body</li> <li>High-performing tear-away label</li> <li><b>Also available in childrens sizes code 18500B</b></li>",6.72
170943,1708516,18500,SSHIRT,SWEATSHIRTS AND HOODIES,MENSSH,Mens Sweatshirts & Hoodies,GILDAN,Gildan,760062,71,Azalea,12,3XL,Heavy Blend? Adult Hooded Sweatshirt,12.12,1,12,24,31-12-2025 23:45,C,https://myebrochure.co.uk/images/colours/gildan/gildan-71.jpg,https://myebrochure.co.uk/images/products/prod_29009_18500_184580.jpg,https://myebrochure.co.uk/images/products.small/prod_29009_18500_184580.jpg,https://myebrochure.co.uk/images/products.hires/prod_29009_18500_184580.jpg,https://myebrochure.co.uk/images/brands/gildan_25.png,https://myebrochure.co.uk/images/products.hires/prod_29009_18500_176498.jpg,,,,,,,,,,"<li>24/1 MVS Yarn</li> <li>The Heavy Blend collection is now made with finer yarns and new MVS Air spinning technology, that improves the fabric by reducing pilling, enhancing durability and creating a smoother printing surface.</li> <li>Proud member of the US Cotton Trust Protocol (USCTP) and Better Cotton&#8482;</li> <li>Cotton products from Gildan support more sustainable + ethical cotton farming</li> <li>2-end midweight fleece fabric</li> <li>Double-lined hood with color-matched drawcord </li> <li>Pouch pocket</li> <li>1 x 1 rib with spandex for enhanced stretch and recovery</li> <li>Classic fit, tubular body</li> <li>High-performing tear-away label</li> <li><b>Also available in childrens sizes code 18500B</b></li>",9.27
38190,381833,18500,SSHIRT,SWEATSHIRTS AND HOODIES,MENSSH,Mens Sweatshirts & Hoodies,GILDAN,Gildan,760062,36,Black,12,S,Heavy Blend? Adult Hooded Sweatshirt,8.79,1,6,24,31-12-2025 23:45,C,https://myebrochure.co.uk/images/colours/gildan/gildan-36.jpg,https://myebrochure.co.uk/images/products/prod_29009_18500_184580.jpg,https://myebrochure.co.uk/images/products.small/prod_29009_18500_184580.jpg,https://myebrochure.co.uk/images/products.hires/prod_29009_18500_184580.jpg,https://myebrochure.co.uk/images/brands/gildan_25.png,https://myebrochure.co.uk/images/products.hires/prod_29009_18500_176507.jpg,,,,,,,,,,"<li>24/1 MVS Yarn</li> <li>The Heavy Blend collection is now made with finer yarns and new MVS Air spinning technology, that improves the fabric by reducing pilling, enhancing durability and creating a smoother printing surface.</li> <li>Proud member of the US Cotton Trust Protocol (USCTP) and Better Cotton&#8482;</li> <li>Cotton products from Gildan support more sustainable + ethical cotton farming</li> <li>2-end midweight fleece fabric</li> <li>Double-lined hood with color-matched drawcord </li> <li>Pouch pocket</li> <li>1 x 1 rib with spandex for enhanced stretch and recovery</li> <li>Classic fit, tubular body</li> <li>High-performing tear-away label</li> <li><b>Also available in childrens sizes code 18500B</b></li>",6.72
38191,381840,18500,SSHIRT,SWEATSHIRTS AND HOODIES,MENSSH,Mens Sweatshirts & Hoodies,GILDAN,Gildan,760062,36,Black,12,M,Heavy Blend? Adult Hooded Sweatshirt,8.79,1,6,24,31-12-2025 23:45,C,https://myebrochure.co.uk/images/colours/gildan/gildan-36.jpg,https://myebrochure.co.uk/images/products/prod_29009_18500_184580.jpg,https://myebrochure.co.uk/images/products.small/prod_29009_18500_184580.jpg,https://myebrochure.co.uk/images/products.hires/prod_29009_18500_184580.jpg,https://myebrochure.co.uk/images/brands/gildan_25.png,https://myebrochure.co.uk/images/products.hires/prod_29009_18500_176507.jpg,,,,,,,,,,"<li>24/1 MVS Yarn</li> <li>The Heavy Blend collection is now made with finer yarns and new MVS Air spinning technology, that improves the fabric by reducing pilling, enhancing durability and creating a smoother printing surface.</li> <li>Proud member of the US Cotton Trust Protocol (USCTP) and Better Cotton&#8482;</li> <li>Cotton products from Gildan support more sustainable + ethical cotton farming</li> <li>2-end midweight fleece fabric</li> <li>Double-lined hood with color-matched drawcord </li> <li>Pouch pocket</li> <li>1 x 1 rib with spandex for enhanced stretch and recovery</li> <li>Classic fit, tubular body</li> <li>High-performing tear-away label</li> <li><b>Also available in childrens sizes code 18500B</b></li>",6.72
38192,381857,18500,SSHIRT,SWEATSHIRTS AND HOODIES,MENSSH,Mens Sweatshirts & Hoodies,GILDAN,Gildan,760062,36,Black,12,L,Heavy Blend? Adult Hooded Sweatshirt,8.79,1,6,24,31-12-2025 23:45,C,https://myebrochure.co.uk/images/colours/gildan/gildan-36.jpg,https://myebrochure.co.uk/images/products/prod_29009_18500_184580.jpg,https://myebrochure.co.uk/images/products.small/prod_29009_18500_184580.jpg,https://myebrochure.co.uk/images/products.hires/prod_29009_18500_184580.jpg,https://myebrochure.co.uk/images/brands/gildan_25.png,https://myebrochure.co.uk/images/products.hires/prod_29009_18500_176507.jpg,,,,,,,,,,"<li>24/1 MVS Yarn</li> <li>The Heavy Blend collection is now made with finer yarns and new MVS Air spinning technology, that improves the fabric by reducing pilling, enhancing durability and creating a smoother printing surface.</li> <li>Proud member of the US Cotton Trust Protocol (USCTP) and Better Cotton&#8482;</li> <li>Cotton products from Gildan support more sustainable + ethical cotton farming</li> <li>2-end midweight fleece fabric</li> <li>Double-lined hood with color-matched drawcord </li> <li>Pouch pocket</li> <li>1 x 1 rib with spandex for enhanced stretch and recovery</li> <li>Classic fit, tubular body</li> <li>High-performing tear-away label</li> <li><b>Also available in childrens sizes code 18500B</b></li>",6.72
38193,381864,18500,SSHIRT,SWEATSHIRTS AND HOODIES,MENSSH,Mens Sweatshirts & Hoodies,GILDAN,Gildan,760062,36,Black,12,XL,Heavy Blend? Adult Hooded Sweatshirt,8.79,1,6,24,31-12-2025 23:45,C,https://myebrochure.co.uk/images/colours/gildan/gildan-36.jpg,https://myebrochure.co.uk/images/products/prod_29009_18500_184580.jpg,https://myebrochure.co.uk/images/products.small/prod_29009_18500_184580.jpg,https://myebrochure.co.uk/images/products.hires/prod_29009_18500_184580.jpg,https://myebrochure.co.uk/images/brands/gildan_25.png,https://myebrochure.co.uk/images/products.hires/prod_29009_18500_176507.jpg,,,,,,,,,,"<li>24/1 MVS Yarn</li> <li>The Heavy Blend collection is now made with finer yarns and new MVS Air spinning technology, that improves the fabric by reducing pilling, enhancing durability and creating a smoother printing surface.</li> <li>Proud member of the US Cotton Trust Protocol (USCTP) and Better Cotton&#8482;</li> <li>Cotton products from Gildan support more sustainable + ethical cotton farming</li> <li>2-end midweight fleece fabric</li> <li>Double-lined hood with color-matched drawcord </li> <li>Pouch pocket</li> <li>1 x 1 rib with spandex for enhanced stretch and recovery</li> <li>Classic fit, tubular body</li> <li>High-performing tear-away label</li> <li><b>Also available in childrens sizes code 18500B</b></li>",6.72
38194,381871,18500,SSHIRT,SWEATSHIRTS AND HOODIES,MENSSH,Mens Sweatshirts & Hoodies,GILDAN,Gildan,760062,36,Black,12,2XL,Heavy Blend? Adult Hooded Sweatshirt,8.79,1,6,24,31-12-2025 23:45,C,https://myebrochure.co.uk/images/colours/gildan/gildan-36.jpg,https://myebrochure.co.uk/images/products/prod_29009_18500_184580.jpg,https://myebrochure.co.uk/images/products.small/prod_29009_18500_184580.jpg,https://myebrochure.co.uk/images/products.hires/prod_29009_18500_184580.jpg,https://myebrochure.co.uk/images/brands/gildan_25.png,https://myebrochure.co.uk/images/products.hires/prod_29009_18500_176507.jpg,,,,,,,,,,"<li>24/1 MVS Yarn</li> <li>The Heavy Blend collection is now made with finer yarns and new MVS Air spinning technology, that improves the fabric by reducing pilling, enhancing durability and creating a smoother printing surface.</li> <li>Proud member of the US Cotton Trust Protocol (USCTP) and Better Cotton&#8482;</li> <li>Cotton products from Gildan support more sustainable + ethical cotton farming</li> <li>2-end midweight fleece fabric</li> <li>Double-lined hood with color-matched drawcord </li> <li>Pouch pocket</li> <li>1 x 1 rib with spandex for enhanced stretch and recovery</li> <li>Classic fit, tubular body</li> <li>High-performing tear-away label</li> <li><b>Also available in childrens sizes code 18500B</b></li>",6.72
137573,1374803,18500,SSHIRT,SWEATSHIRTS AND HOODIES,MENSSH,Mens Sweatshirts & Hoodies,GILDAN,Gildan,760062,36,Black,12,3XL,Heavy Blend? Adult Hooded Sweatshirt,12.12,1,6,24,31-12-2025 23:45,C,https://myebrochure.co.uk/images/colours/gildan/gildan-36.jpg,https://myebrochure.co.uk/images/products/prod_29009_18500_184580.jpg,https://myebrochure.co.uk/images/products.small/prod_29009_18500_184580.jpg,https://myebrochure.co.uk/images/products.hires/prod_29009_18500_184580.jpg,https://myebrochure.co.uk/images/brands/gildan_25.png,https://myebrochure.co.uk/images/products.hires/prod_29009_18500_176507.jpg,,,,,,,,,,"<li>24/1 MVS Yarn</li> <li>The Heavy Blend collection is now made with finer yarns and new MVS Air spinning technology, that improves the fabric by reducing pilling, enhancing durability and creating a smoother printing surface.</li> <li>Proud member of the US Cotton Trust Protocol (USCTP) and Better Cotton&#8482;</li> <li>Cotton products from Gildan support more sustainable + ethical cotton farming</li> <li>2-end midweight fleece fabric</li> <li>Double-lined hood with color-matched drawcord </li> <li>Pouch pocket</li> <li>1 x 1 rib with spandex for enhanced stretch and recovery</li> <li>Classic fit, tubular body</li> <li>High-performing tear-away label</li> <li><b>Also available in childrens sizes code 18500B</b></li>",9.27
137574,1374810,18500,SSHIRT,SWEATSHIRTS AND HOODIES,MENSSH,Mens Sweatshirts & Hoodies,GILDAN,Gildan,760062,36,Black,12,4XL,Heavy Blend? Adult Hooded Sweatshirt,12.12,1,6,12,31-12-2025 23:45,C,https://myebrochure.co.uk/images/colours/gildan/gildan-36.jpg,https://myebrochure.co.uk/images/products/prod_29009_18500_184580.jpg,https://myebrochure.co.uk/images/products.small/prod_29009_18500_184580.jpg,https://myebrochure.co.uk/images/products.hires/prod_29009_18500_184580.jpg,https://myebrochure.co.uk/images/brands/gildan_25.png,https://myebrochure.co.uk/images/products.hires/prod_29009_18500_176507.jpg,,,,,,,,,,"<li>24/1 MVS Yarn</li> <li>The Heavy Blend collection is now made with finer yarns and new MVS Air spinning technology, that improves the fabric by reducing pilling, enhancing durability and creating a smoother printing surface.</li> <li>Proud member of the US Cotton Trust Protocol (USCTP) and Better Cotton&#8482;</li> <li>Cotton products from Gildan support more sustainable + ethical cotton farming</li> <li>2-end midweight fleece fabric</li> <li>Double-lined hood with color-matched drawcord </li> <li>Pouch pocket</li> <li>1 x 1 rib with spandex for enhanced stretch and recovery</li> <li>Classic fit, tubular body</li> <li>High-performing tear-away label</li> <li><b>Also available in childrens sizes code 18500B</b></li>",9.27
137575,1374827,18500,SSHIRT,SWEATSHIRTS AND HOODIES,MENSSH,Mens Sweatshirts & Hoodies,GILDAN,Gildan,760062,36,Black,12,5XL,Heavy Blend? Adult Hooded Sweatshirt,12.12,1,6,12,31-12-2025 23:45,C,https://myebrochure.co.uk/images/colours/gildan/gildan-36.jpg,https://myebrochure.co.uk/images/products/prod_29009_18500_184580.jpg,https://myebrochure.co.uk/images/products.small/prod_29009_18500_184580.jpg,https://myebrochure.co.uk/images/products.hires/prod_29009_18500_184580.jpg,https://myebrochure.co.uk/images/brands/gildan_25.png,https://myebrochure.co.uk/images/products.hires/prod_29009_18500_176507.jpg,,,,,,,,,,"<li>24/1 MVS Yarn</li> <li>The Heavy Blend collection is now made with finer yarns and new MVS Air spinning technology, that improves the fabric by reducing pilling, enhancing durability and creating a smoother printing surface.</li> <li>Proud member of the US Cotton Trust Protocol (USCTP) and Better Cotton&#8482;</li> <li>Cotton products from Gildan support more sustainable + ethical cotton farming</li> <li>2-end midweight fleece fabric</li> <li>Double-lined hood with color-matched drawcord </li> <li>Pouch pocket</li> <li>1 x 1 rib with spandex for enhanced stretch and recovery</li> <li>Classic fit, tubular body</li> <li>High-performing tear-away label</li> <li><b>Also available in childrens sizes code 18500B</b></li>",9.27
38265,382588,18500,SSHIRT,SWEATSHIRTS AND HOODIES,MENSSH,Mens Sweatshirts & Hoodies,GILDAN,Gildan,760062,109,Carolina Blue,12,S,Heavy Blend? Adult Hooded Sweatshirt,8.79,1,6,24,31-12-2025 23:45,C,https://myebrochure.co.uk/images/colours/gildan/gildan-109.jpg,https://myebrochure.co.uk/images/products/prod_29009_18500_184580.jpg,https://myebrochure.co.uk/images/products.small/prod_29009_18500_184580.jpg,https://myebrochure.co.uk/images/products.hires/prod_29009_18500_184580.jpg,https://myebrochure.co.uk/images/brands/gildan_25.png,https://myebrochure.co.uk/images/products.hires/prod_29009_18500_176514.jpg,,,,,,,,,,"<li>24/1 MVS Yarn</li> <li>The Heavy Blend collection is now made with finer yarns and new MVS Air spinning technology, that improves the fabric by reducing pilling, enhancing durability and creating a smoother printing surface.</li> <li>Proud member of the US Cotton Trust Protocol (USCTP) and Better Cotton&#8482;</li> <li>Cotton products from Gildan support more sustainable + ethical cotton farming</li> <li>2-end midweight fleece fabric</li> <li>Double-lined hood with color-matched drawcord </li> <li>Pouch pocket</li> <li>1 x 1 rib with spandex for enhanced stretch and recovery</li> <li>Classic fit, tubular body</li> <li>High-performing tear-away label</li> <li><b>Also available in childrens sizes code 18500B</b></li>",6.72
38266,382595,18500,SSHIRT,SWEATSHIRTS AND HOODIES,MENSSH,Mens Sweatshirts & Hoodies,GILDAN,Gildan,760062,109,Carolina Blue,12,M,Heavy Blend? Adult Hooded Sweatshirt,8.79,1,6,24,31-12-2025 23:45,C,https://myebrochure.co.uk/images/colours/gildan/gildan-109.jpg,https://myebrochure.co.uk/images/products/prod_29009_18500_184580.jpg,https://myebrochure.co.uk/images/products.small/prod_29009_18500_184580.jpg,https://myebrochure.co.uk/images/products.hires/prod_29009_18500_184580.jpg,https://myebrochure.co.uk/images/brands/gildan_25.png,https://myebrochure.co.uk/images/products.hires/prod_29009_18500_176514.jpg,,,,,,,,,,"<li>24/1 MVS Yarn</li> <li>The Heavy Blend collection is now made with finer yarns and new MVS Air spinning technology, that improves the fabric by reducing pilling, enhancing durability and creating a smoother printing surface.</li> <li>Proud member of the US Cotton Trust Protocol (USCTP) and Better Cotton&#8482;</li> <li>Cotton products from Gildan support more sustainable + ethical cotton farming</li> <li>2-end midweight fleece fabric</li> <li>Double-lined hood with color-matched drawcord </li> <li>Pouch pocket</li> <li>1 x 1 rib with spandex for enhanced stretch and recovery</li> <li>Classic fit, tubular body</li> <li>High-performing tear-away label</li> <li><b>Also available in childrens sizes code 18500B</b></li>",6.72
38267,382601,18500,SSHIRT,SWEATSHIRTS AND HOODIES,MENSSH,Mens Sweatshirts & Hoodies,GILDAN,Gildan,760062,109,Carolina Blue,12,L,Heavy Blend? Adult Hooded Sweatshirt,8.79,1,6,24,31-12-2025 23:45,C,https://myebrochure.co.uk/images/colours/gildan/gildan-109.jpg,https://myebrochure.co.uk/images/products/prod_29009_18500_184580.jpg,https://myebrochure.co.uk/images/products.small/prod_29009_18500_184580.jpg,https://myebrochure.co.uk/images/products.hires/prod_29009_18500_184580.jpg,https://myebrochure.co.uk/images/brands/gildan_25.png,https://myebrochure.co.uk/images/products.hires/prod_29009_18500_176514.jpg,,,,,,,,,,"<li>24/1 MVS Yarn</li> <li>The Heavy Blend collection is now made with finer yarns and new MVS Air spinning technology, that improves the fabric by reducing pilling, enhancing durability and creating a smoother printing surface.</li> <li>Proud member of the US Cotton Trust Protocol (USCTP) and Better Cotton&#8482;</li> <li>Cotton products from Gildan support more sustainable + ethical cotton farming</li> <li>2-end midweight fleece fabric</li> <li>Double-lined hood with color-matched drawcord </li> <li>Pouch pocket</li> <li>1 x 1 rib with spandex for enhanced stretch and recovery</li> <li>Classic fit, tubular body</li> <li>High-performing tear-away label</li> <li><b>Also available in childrens sizes code 18500B</b></li>",6.72
38268,382618,18500,SSHIRT,SWEATSHIRTS AND HOODIES,MENSSH,Mens Sweatshirts & Hoodies,GILDAN,Gildan,760062,109,Carolina Blue,12,XL,Heavy Blend? Adult Hooded Sweatshirt,8.79,1,6,24,31-12-2025 23:45,C,https://myebrochure.co.uk/images/colours/gildan/gildan-109.jpg,https://myebrochure.co.uk/images/products/prod_29009_18500_184580.jpg,https://myebrochure.co.uk/images/products.small/prod_29009_18500_184580.jpg,https://myebrochure.co.uk/images/products.hires/prod_29009_18500_184580.jpg,https://myebrochure.co.uk/images/brands/gildan_25.png,https://myebrochure.co.uk/images/products.hires/prod_29009_18500_176514.jpg,,,,,,,,,,"<li>24/1 MVS Yarn</li> <li>The Heavy Blend collection is now made with finer yarns and new MVS Air spinning technology, that improves the fabric by reducing pilling, enhancing durability and creating a smoother printing surface.</li> <li>Proud member of the US Cotton Trust Protocol (USCTP) and Better Cotton&#8482;</li> <li>Cotton products from Gildan support more sustainable + ethical cotton farming</li> <li>2-end midweight fleece fabric</li> <li>Double-lined hood with color-matched drawcord </li> <li>Pouch pocket</li> <li>1 x 1 rib with spandex for enhanced stretch and recovery</li> <li>Classic fit, tubular body</li> <li>High-performing tear-away label</li> <li><b>Also available in childrens sizes code 18500B</b></li>",6.72
38269,382625,18500,SSHIRT,SWEATSHIRTS AND HOODIES,MENSSH,Mens Sweatshirts & Hoodies,GILDAN,Gildan,760062,109,Carolina Blue,12,2XL,Heavy Blend? Adult Hooded Sweatshirt,8.79,1,6,24,31-12-2025 23:45,C,https://myebrochure.co.uk/images/colours/gildan/gildan-109.jpg,https://myebrochure.co.uk/images/products/prod_29009_18500_184580.jpg,https://myebrochure.co.uk/images/products.small/prod_29009_18500_184580.jpg,https://myebrochure.co.uk/images/products.hires/prod_29009_18500_184580.jpg,https://myebrochure.co.uk/images/brands/gildan_25.png,https://myebrochure.co.uk/images/products.hires/prod_29009_18500_176514.jpg,,,,,,,,,,"<li>24/1 MVS Yarn</li> <li>The Heavy Blend collection is now made with finer yarns and new MVS Air spinning technology, that improves the fabric by reducing pilling, enhancing durability and creating a smoother printing surface.</li> <li>Proud member of the US Cotton Trust Protocol (USCTP) and Better Cotton&#8482;</li> <li>Cotton products from Gildan support more sustainable + ethical cotton farming</li> <li>2-end midweight fleece fabric</li> <li>Double-lined hood with color-matched drawcord </li> <li>Pouch pocket</li> <li>1 x 1 rib with spandex for enhanced stretch and recovery</li> <li>Classic fit, tubular body</li> <li>High-performing tear-away label</li> <li><b>Also available in childrens sizes code 18500B</b></li>",6.72
137528,1374353,18500,SSHIRT,SWEATSHIRTS AND HOODIES,MENSSH,Mens Sweatshirts & Hoodies,GILDAN,Gildan,760062,109,Carolina Blue,12,3XL,Heavy Blend? Adult Hooded Sweatshirt,12.12,1,12,24,31-12-2025 23:45,C,https://myebrochure.co.uk/images/colours/gildan/gildan-109.jpg,https://myebrochure.co.uk/images/products/prod_29009_18500_184580.jpg,https://myebrochure.co.uk/images/products.small/prod_29009_18500_184580.jpg,https://myebrochure.co.uk/images/products.hires/prod_29009_18500_184580.jpg,https://myebrochure.co.uk/images/brands/gildan_25.png,https://myebrochure.co.uk/images/products.hires/prod_29009_18500_176514.jpg,,,,,,,,,,"<li>24/1 MVS Yarn</li> <li>The Heavy Blend collection is now made with finer yarns and new MVS Air spinning technology, that improves the fabric by reducing pilling, enhancing durability and creating a smoother printing surface.</li> <li>Proud member of the US Cotton Trust Protocol (USCTP) and Better Cotton&#8482;</li> <li>Cotton products from Gildan support more sustainable + ethical cotton farming</li> <li>2-end midweight fleece fabric</li> <li>Double-lined hood with color-matched drawcord </li> <li>Pouch pocket</li> <li>1 x 1 rib with spandex for enhanced stretch and recovery</li> <li>Classic fit, tubular body</li> <li>High-performing tear-away label</li> <li><b>Also available in childrens sizes code 18500B</b></li>",9.27
77889,778404,18500,SSHIRT,SWEATSHIRTS AND HOODIES,MENSSH,Mens Sweatshirts & Hoodies,GILDAN,Gildan,760062,42,Charcoal,12,S,Heavy Blend? Adult Hooded Sweatshirt,8.79,1,6,24,31-12-2025 23:45,C,https://myebrochure.co.uk/images/colours/gildan/gildan-42.jpg,https://myebrochure.co.uk/images/products/prod_29009_18500_184580.jpg,https://myebrochure.co.uk/images/products.small/prod_29009_18500_184580.jpg,https://myebrochure.co.uk/images/products.hires/prod_29009_18500_184580.jpg,https://myebrochure.co.uk/images/brands/gildan_25.png,https://myebrochure.co.uk/images/products.hires/prod_29009_18500_176523.jpg,,,,,,,,,,"<li>24/1 MVS Yarn</li> <li>The Heavy Blend collection is now made with finer yarns and new MVS Air spinning technology, that improves the fabric by reducing pilling, enhancing durability and creating a smoother printing surface.</li> <li>Proud member of the US Cotton Trust Protocol (USCTP) and Better Cotton&#8482;</li> <li>Cotton products from Gildan support more sustainable + ethical cotton farming</li> <li>2-end midweight fleece fabric</li> <li>Double-lined hood with color-matched drawcord </li> <li>Pouch pocket</li> <li>1 x 1 rib with spandex for enhanced stretch and recovery</li> <li>Classic fit, tubular body</li> <li>High-performing tear-away label</li> <li><b>Also available in childrens sizes code 18500B</b></li>",6.72
77890,778411,18500,SSHIRT,SWEATSHIRTS AND HOODIES,MENSSH,Mens Sweatshirts & Hoodies,GILDAN,Gildan,760062,42,Charcoal,12,M,Heavy Blend? Adult Hooded Sweatshirt,8.79,1,6,24,31-12-2025 23:45,C,https://myebrochure.co.uk/images/colours/gildan/gildan-42.jpg,https://myebrochure.co.uk/images/products/prod_29009_18500_184580.jpg,https://myebrochure.co.uk/images/products.small/prod_29009_18500_184580.jpg,https://myebrochure.co.uk/images/products.hires/prod_29009_18500_184580.jpg,https://myebrochure.co.uk/images/brands/gildan_25.png,https://myebrochure.co.uk/images/products.hires/prod_29009_18500_176523.jpg,,,,,,,,,,"<li>24/1 MVS Yarn</li> <li>The Heavy Blend collection is now made with finer yarns and new MVS Air spinning technology, that improves the fabric by reducing pilling, enhancing durability and creating a smoother printing surface.</li> <li>Proud member of the US Cotton Trust Protocol (USCTP) and Better Cotton&#8482;</li> <li>Cotton products from Gildan support more sustainable + ethical cotton farming</li> <li>2-end midweight fleece fabric</li> <li>Double-lined hood with color-matched drawcord </li> <li>Pouch pocket</li> <li>1 x 1 rib with spandex for enhanced stretch and recovery</li> <li>Classic fit, tubular body</li> <li>High-performing tear-away label</li> <li><b>Also available in childrens sizes code 18500B</b></li>",6.72
77891,778428,18500,SSHIRT,SWEATSHIRTS AND HOODIES,MENSSH,Mens Sweatshirts & Hoodies,GILDAN,Gildan,760062,42,Charcoal,12,L,Heavy Blend? Adult Hooded Sweatshirt,8.79,1,6,24,31-12-2025 23:45,C,https://myebrochure.co.uk/images/colours/gildan/gildan-42.jpg,https://myebrochure.co.uk/images/products/prod_29009_18500_184580.jpg,https://myebrochure.co.uk/images/products.small/prod_29009_18500_184580.jpg,https://myebrochure.co.uk/images/products.hires/prod_29009_18500_184580.jpg,https://myebrochure.co.uk/images/brands/gildan_25.png,https://myebrochure.co.uk/images/products.hires/prod_29009_18500_176523.jpg,,,,,,,,,,"<li>24/1 MVS Yarn</li> <li>The Heavy Blend collection is now made with finer yarns and new MVS Air spinning technology, that improves the fabric by reducing pilling, enhancing durability and creating a smoother printing surface.</li> <li>Proud member of the US Cotton Trust Protocol (USCTP) and Better Cotton&#8482;</li> <li>Cotton products from Gildan support more sustainable + ethical cotton farming</li> <li>2-end midweight fleece fabric</li> <li>Double-lined hood with color-matched drawcord </li> <li>Pouch pocket</li> <li>1 x 1 rib with spandex for enhanced stretch and recovery</li> <li>Classic fit, tubular body</li> <li>High-performing tear-away label</li> <li><b>Also available in childrens sizes code 18500B</b></li>",6.72
77892,778435,18500,SSHIRT,SWEATSHIRTS AND HOODIES,MENSSH,Mens Sweatshirts & Hoodies,GILDAN,Gildan,760062,42,Charcoal,12,XL,Heavy Blend? Adult Hooded Sweatshirt,8.79,1,6,24,31-12-2025 23:45,C,https://myebrochure.co.uk/images/colours/gildan/gildan-42.jpg,https://myebrochure.co.uk/images/products/prod_29009_18500_184580.jpg,https://myebrochure.co.uk/images/products.small/prod_29009_18500_184580.jpg,https://myebrochure.co.uk/images/products.hires/prod_29009_18500_184580.jpg,https://myebrochure.co.uk/images/brands/gildan_25.png,https://myebrochure.co.uk/images/products.hires/prod_29009_18500_176523.jpg,,,,,,,,,,"<li>24/1 MVS Yarn</li> <li>The Heavy Blend collection is now made with finer yarns and new MVS Air spinning technology, that improves the fabric by reducing pilling, enhancing durability and creating a smoother printing surface.</li> <li>Proud member of the US Cotton Trust Protocol (USCTP) and Better Cotton&#8482;</li> <li>Cotton products from Gildan support more sustainable + ethical cotton farming</li> <li>2-end midweight fleece fabric</li> <li>Double-lined hood with color-matched drawcord </li> <li>Pouch pocket</li> <li>1 x 1 rib with spandex for enhanced stretch and recovery</li> <li>Classic fit, tubular body</li> <li>High-performing tear-away label</li> <li><b>Also available in childrens sizes code 18500B</b></li>",6.72
77893,778442,18500,SSHIRT,SWEATSHIRTS AND HOODIES,MENSSH,Mens Sweatshirts & Hoodies,GILDAN,Gildan,760062,42,Charcoal,12,2XL,Heavy Blend? Adult Hooded Sweatshirt,8.79,1,6,24,31-12-2025 23:45,C,https://myebrochure.co.uk/images/colours/gildan/gildan-42.jpg,https://myebrochure.co.uk/images/products/prod_29009_18500_184580.jpg,https://myebrochure.co.uk/images/products.small/prod_29009_18500_184580.jpg,https://myebrochure.co.uk/images/products.hires/prod_29009_18500_184580.jpg,https://myebrochure.co.uk/images/brands/gildan_25.png,https://myebrochure.co.uk/images/products.hires/prod_29009_18500_176523.jpg,,,,,,,,,,"<li>24/1 MVS Yarn</li> <li>The Heavy Blend collection is now made with finer yarns and new MVS Air spinning technology, that improves the fabric by reducing pilling, enhancing durability and creating a smoother printing surface.</li> <li>Proud member of the US Cotton Trust Protocol (USCTP) and Better Cotton&#8482;</li> <li>Cotton products from Gildan support more sustainable + ethical cotton farming</li> <li>2-end midweight fleece fabric</li> <li>Double-lined hood with color-matched drawcord </li> <li>Pouch pocket</li> <li>1 x 1 rib with spandex for enhanced stretch and recovery</li> <li>Classic fit, tubular body</li> <li>High-performing tear-away label</li> <li><b>Also available in childrens sizes code 18500B</b></li>",6.72
137588,1374957,18500,SSHIRT,SWEATSHIRTS AND HOODIES,MENSSH,Mens Sweatshirts & Hoodies,GILDAN,Gildan,760062,42,Charcoal,12,3XL,Heavy Blend? Adult Hooded Sweatshirt,12.12,1,12,24,31-12-2025 23:45,C,https://myebrochure.co.uk/images/colours/gildan/gildan-42.jpg,https://myebrochure.co.uk/images/products/prod_29009_18500_184580.jpg,https://myebrochure.co.uk/images/products.small/prod_29009_18500_184580.jpg,https://myebrochure.co.uk/images/products.hires/prod_29009_18500_184580.jpg,https://myebrochure.co.uk/images/brands/gildan_25.png,https://myebrochure.co.uk/images/products.hires/prod_29009_18500_176523.jpg,,,,,,,,,,"<li>24/1 MVS Yarn</li> <li>The Heavy Blend collection is now made with finer yarns and new MVS Air spinning technology, that improves the fabric by reducing pilling, enhancing durability and creating a smoother printing surface.</li> <li>Proud member of the US Cotton Trust Protocol (USCTP) and Better Cotton&#8482;</li> <li>Cotton products from Gildan support more sustainable + ethical cotton farming</li> <li>2-end midweight fleece fabric</li> <li>Double-lined hood with color-matched drawcord </li> <li>Pouch pocket</li> <li>1 x 1 rib with spandex for enhanced stretch and recovery</li> <li>Classic fit, tubular body</li> <li>High-performing tear-away label</li> <li><b>Also available in childrens sizes code 18500B</b></li>",9.27
38285,382786,18500,SSHIRT,SWEATSHIRTS AND HOODIES,MENSSH,Mens Sweatshirts & Hoodies,GILDAN,Gildan,760062,194,Cherry Red,12,S,Heavy Blend? Adult Hooded Sweatshirt,8.79,1,6,24,31-12-2025 23:45,C,https://myebrochure.co.uk/images/colours/gildan/gildan-194.jpg,https://myebrochure.co.uk/images/products/prod_29009_18500_184580.jpg,https://myebrochure.co.uk/images/products.small/prod_29009_18500_184580.jpg,https://myebrochure.co.uk/images/products.hires/prod_29009_18500_184580.jpg,https://myebrochure.co.uk/images/brands/gildan_25.png,https://myebrochure.co.uk/images/products.hires/prod_29009_18500_176494.jpg,,,,,,,,,,"<li>24/1 MVS Yarn</li> <li>The Heavy Blend collection is now made with finer yarns and new MVS Air spinning technology, that improves the fabric by reducing pilling, enhancing durability and creating a smoother printing surface.</li> <li>Proud member of the US Cotton Trust Protocol (USCTP) and Better Cotton&#8482;</li> <li>Cotton products from Gildan support more sustainable + ethical cotton farming</li> <li>2-end midweight fleece fabric</li> <li>Double-lined hood with color-matched drawcord </li> <li>Pouch pocket</li> <li>1 x 1 rib with spandex for enhanced stretch and recovery</li> <li>Classic fit, tubular body</li> <li>High-performing tear-away label</li> <li><b>Also available in childrens sizes code 18500B</b></li>",6.72
38286,382793,18500,SSHIRT,SWEATSHIRTS AND HOODIES,MENSSH,Mens Sweatshirts & Hoodies,GILDAN,Gildan,760062,194,Cherry Red,12,M,Heavy Blend? Adult Hooded Sweatshirt,8.79,1,6,24,31-12-2025 23:45,C,https://myebrochure.co.uk/images/colours/gildan/gildan-194.jpg,https://myebrochure.co.uk/images/products/prod_29009_18500_184580.jpg,https://myebrochure.co.uk/images/products.small/prod_29009_18500_184580.jpg,https://myebrochure.co.uk/images/products.hires/prod_29009_18500_184580.jpg,https://myebrochure.co.uk/images/brands/gildan_25.png,https://myebrochure.co.uk/images/products.hires/prod_29009_18500_176494.jpg,,,,,,,,,,"<li>24/1 MVS Yarn</li> <li>The Heavy Blend collection is now made with finer yarns and new MVS Air spinning technology, that improves the fabric by reducing pilling, enhancing durability and creating a smoother printing surface.</li> <li>Proud member of the US Cotton Trust Protocol (USCTP) and Better Cotton&#8482;</li> <li>Cotton products from Gildan support more sustainable + ethical cotton farming</li> <li>2-end midweight fleece fabric</li> <li>Double-lined hood with color-matched drawcord </li> <li>Pouch pocket</li> <li>1 x 1 rib with spandex for enhanced stretch and recovery</li> <li>Classic fit, tubular body</li> <li>High-performing tear-away label</li> <li><b>Also available in childrens sizes code 18500B</b></li>",6.72
38287,382809,18500,SSHIRT,SWEATSHIRTS AND HOODIES,MENSSH,Mens Sweatshirts & Hoodies,GILDAN,Gildan,760062,194,Cherry Red,12,L,Heavy Blend? Adult Hooded Sweatshirt,8.79,1,6,24,31-12-2025 23:45,C,https://myebrochure.co.uk/images/colours/gildan/gildan-194.jpg,https://myebrochure.co.uk/images/products/prod_29009_18500_184580.jpg,https://myebrochure.co.uk/images/products.small/prod_29009_18500_184580.jpg,https://myebrochure.co.uk/images/products.hires/prod_29009_18500_184580.jpg,https://myebrochure.co.uk/images/brands/gildan_25.png,https://myebrochure.co.uk/images/products.hires/prod_29009_18500_176494.jpg,,,,,,,,,,"<li>24/1 MVS Yarn</li> <li>The Heavy Blend collection is now made with finer yarns and new MVS Air spinning technology, that improves the fabric by reducing pilling, enhancing durability and creating a smoother printing surface.</li> <li>Proud member of the US Cotton Trust Protocol (USCTP) and Better Cotton&#8482;</li> <li>Cotton products from Gildan support more sustainable + ethical cotton farming</li> <li>2-end midweight fleece fabric</li> <li>Double-lined hood with color-matched drawcord </li> <li>Pouch pocket</li> <li>1 x 1 rib with spandex for enhanced stretch and recovery</li> <li>Classic fit, tubular body</li> <li>High-performing tear-away label</li> <li><b>Also available in childrens sizes code 18500B</b></li>",6.72
38288,382816,18500,SSHIRT,SWEATSHIRTS AND HOODIES,MENSSH,Mens Sweatshirts & Hoodies,GILDAN,Gildan,760062,194,Cherry Red,12,XL,Heavy Blend? Adult Hooded Sweatshirt,8.79,1,6,24,31-12-2025 23:45,C,https://myebrochure.co.uk/images/colours/gildan/gildan-194.jpg,https://myebrochure.co.uk/images/products/prod_29009_18500_184580.jpg,https://myebrochure.co.uk/images/products.small/prod_29009_18500_184580.jpg,https://myebrochure.co.uk/images/products.hires/prod_29009_18500_184580.jpg,https://myebrochure.co.uk/images/brands/gildan_25.png,https://myebrochure.co.uk/images/products.hires/prod_29009_18500_176494.jpg,,,,,,,,,,"<li>24/1 MVS Yarn</li> <li>The Heavy Blend collection is now made with finer yarns and new MVS Air spinning technology, that improves the fabric by reducing pilling, enhancing durability and creating a smoother printing surface.</li> <li>Proud member of the US Cotton Trust Protocol (USCTP) and Better Cotton&#8482;</li> <li>Cotton products from Gildan support more sustainable + ethical cotton farming</li> <li>2-end midweight fleece fabric</li> <li>Double-lined hood with color-matched drawcord </li> <li>Pouch pocket</li> <li>1 x 1 rib with spandex for enhanced stretch and recovery</li> <li>Classic fit, tubular body</li> <li>High-performing tear-away label</li> <li><b>Also available in childrens sizes code 18500B</b></li>",6.72
38289,382823,18500,SSHIRT,SWEATSHIRTS AND HOODIES,MENSSH,Mens Sweatshirts & Hoodies,GILDAN,Gildan,760062,194,Cherry Red,12,2XL,Heavy Blend? Adult Hooded Sweatshirt,8.79,1,6,24,31-12-2025 23:45,C,https://myebrochure.co.uk/images/colours/gildan/gildan-194.jpg,https://myebrochure.co.uk/images/products/prod_29009_18500_184580.jpg,https://myebrochure.co.uk/images/products.small/prod_29009_18500_184580.jpg,https://myebrochure.co.uk/images/products.hires/prod_29009_18500_184580.jpg,https://myebrochure.co.uk/images/brands/gildan_25.png,https://myebrochure.co.uk/images/products.hires/prod_29009_18500_176494.jpg,,,,,,,,,,"<li>24/1 MVS Yarn</li> <li>The Heavy Blend collection is now made with finer yarns and new MVS Air spinning technology, that improves the fabric by reducing pilling, enhancing durability and creating a smoother printing surface.</li> <li>Proud member of the US Cotton Trust Protocol (USCTP) and Better Cotton&#8482;</li> <li>Cotton products from Gildan support more sustainable + ethical cotton farming</li> <li>2-end midweight fleece fabric</li> <li>Double-lined hood with color-matched drawcord </li> <li>Pouch pocket</li> <li>1 x 1 rib with spandex for enhanced stretch and recovery</li> <li>Classic fit, tubular body</li> <li>High-performing tear-away label</li> <li><b>Also available in childrens sizes code 18500B</b></li>",6.72
137543,1374506,18500,SSHIRT,SWEATSHIRTS AND HOODIES,MENSSH,Mens Sweatshirts & Hoodies,GILDAN,Gildan,760062,194,Cherry Red,12,3XL,Heavy Blend? Adult Hooded Sweatshirt,12.12,1,12,24,31-12-2025 23:45,C,https://myebrochure.co.uk/images/colours/gildan/gildan-194.jpg,https://myebrochure.co.uk/images/products/prod_29009_18500_184580.jpg,https://myebrochure.co.uk/images/products.small/prod_29009_18500_184580.jpg,https://myebrochure.co.uk/images/products.hires/prod_29009_18500_184580.jpg,https://myebrochure.co.uk/images/brands/gildan_25.png,https://myebrochure.co.uk/images/products.hires/prod_29009_18500_176494.jpg,,,,,,,,,,"<li>24/1 MVS Yarn</li> <li>The Heavy Blend collection is now made with finer yarns and new MVS Air spinning technology, that improves the fabric by reducing pilling, enhancing durability and creating a smoother printing surface.</li> <li>Proud member of the US Cotton Trust Protocol (USCTP) and Better Cotton&#8482;</li> <li>Cotton products from Gildan support more sustainable + ethical cotton farming</li> <li>2-end midweight fleece fabric</li> <li>Double-lined hood with color-matched drawcord </li> <li>Pouch pocket</li> <li>1 x 1 rib with spandex for enhanced stretch and recovery</li> <li>Classic fit, tubular body</li> <li>High-performing tear-away label</li> <li><b>Also available in childrens sizes code 18500B</b></li>",9.27
38255,382489,18500,SSHIRT,SWEATSHIRTS AND HOODIES,MENSSH,Mens Sweatshirts & Hoodies,GILDAN,Gildan,760062,105,Dark Chocolate,12,S,Heavy Blend? Adult Hooded Sweatshirt,8.79,1,6,24,31-12-2025 23:45,C,https://myebrochure.co.uk/images/colours/gildan/gildan-105.jpg,https://myebrochure.co.uk/images/products/prod_29009_18500_184580.jpg,https://myebrochure.co.uk/images/products.small/prod_29009_18500_184580.jpg,https://myebrochure.co.uk/images/products.hires/prod_29009_18500_184580.jpg,https://myebrochure.co.uk/images/brands/gildan_25.png,https://myebrochure.co.uk/images/products.hires/prod_29009_18500_176506.jpg,,,,,,,,,,"<li>24/1 MVS Yarn</li> <li>The Heavy Blend collection is now made with finer yarns and new MVS Air spinning technology, that improves the fabric by reducing pilling, enhancing durability and creating a smoother printing surface.</li> <li>Proud member of the US Cotton Trust Protocol (USCTP) and Better Cotton&#8482;</li> <li>Cotton products from Gildan support more sustainable + ethical cotton farming</li> <li>2-end midweight fleece fabric</li> <li>Double-lined hood with color-matched drawcord </li> <li>Pouch pocket</li> <li>1 x 1 rib with spandex for enhanced stretch and recovery</li> <li>Classic fit, tubular body</li> <li>High-performing tear-away label</li> <li><b>Also available in childrens sizes code 18500B</b></li>",6.72
38256,382496,18500,SSHIRT,SWEATSHIRTS AND HOODIES,MENSSH,Mens Sweatshirts & Hoodies,GILDAN,Gildan,760062,105,Dark Chocolate,12,M,Heavy Blend? Adult Hooded Sweatshirt,8.79,1,6,24,31-12-2025 23:45,C,https://myebrochure.co.uk/images/colours/gildan/gildan-105.jpg,https://myebrochure.co.uk/images/products/prod_29009_18500_184580.jpg,https://myebrochure.co.uk/images/products.small/prod_29009_18500_184580.jpg,https://myebrochure.co.uk/images/products.hires/prod_29009_18500_184580.jpg,https://myebrochure.co.uk/images/brands/gildan_25.png,https://myebrochure.co.uk/images/products.hires/prod_29009_18500_176506.jpg,,,,,,,,,,"<li>24/1 MVS Yarn</li> <li>The Heavy Blend collection is now made with finer yarns and new MVS Air spinning technology, that improves the fabric by reducing pilling, enhancing durability and creating a smoother printing surface.</li> <li>Proud member of the US Cotton Trust Protocol (USCTP) and Better Cotton&#8482;</li> <li>Cotton products from Gildan support more sustainable + ethical cotton farming</li> <li>2-end midweight fleece fabric</li> <li>Double-lined hood with color-matched drawcord </li> <li>Pouch pocket</li> <li>1 x 1 rib with spandex for enhanced stretch and recovery</li> <li>Classic fit, tubular body</li> <li>High-performing tear-away label</li> <li><b>Also available in childrens sizes code 18500B</b></li>",6.72
38257,382502,18500,SSHIRT,SWEATSHIRTS AND HOODIES,MENSSH,Mens Sweatshirts & Hoodies,GILDAN,Gildan,760062,105,Dark Chocolate,12,L,Heavy Blend? Adult Hooded Sweatshirt,8.79,1,6,24,31-12-2025 23:45,C,https://myebrochure.co.uk/images/colours/gildan/gildan-105.jpg,https://myebrochure.co.uk/images/products/prod_29009_18500_184580.jpg,https://myebrochure.co.uk/images/products.small/prod_29009_18500_184580.jpg,https://myebrochure.co.uk/images/products.hires/prod_29009_18500_184580.jpg,https://myebrochure.co.uk/images/brands/gildan_25.png,https://myebrochure.co.uk/images/products.hires/prod_29009_18500_176506.jpg,,,,,,,,,,"<li>24/1 MVS Yarn</li> <li>The Heavy Blend collection is now made with finer yarns and new MVS Air spinning technology, that improves the fabric by reducing pilling, enhancing durability and creating a smoother printing surface.</li> <li>Proud member of the US Cotton Trust Protocol (USCTP) and Better Cotton&#8482;</li> <li>Cotton products from Gildan support more sustainable + ethical cotton farming</li> <li>2-end midweight fleece fabric</li> <li>Double-lined hood with color-matched drawcord </li> <li>Pouch pocket</li> <li>1 x 1 rib with spandex for enhanced stretch and recovery</li> <li>Classic fit, tubular body</li> <li>High-performing tear-away label</li> <li><b>Also available in childrens sizes code 18500B</b></li>",6.72
38258,382519,18500,SSHIRT,SWEATSHIRTS AND HOODIES,MENSSH,Mens Sweatshirts & Hoodies,GILDAN,Gildan,760062,105,Dark Chocolate,12,XL,Heavy Blend? Adult Hooded Sweatshirt,8.79,1,6,24,31-12-2025 23:45,C,https://myebrochure.co.uk/images/colours/gildan/gildan-105.jpg,https://myebrochure.co.uk/images/products/prod_29009_18500_184580.jpg,https://myebrochure.co.uk/images/products.small/prod_29009_18500_184580.jpg,https://myebrochure.co.uk/images/products.hires/prod_29009_18500_184580.jpg,https://myebrochure.co.uk/images/brands/gildan_25.png,https://myebrochure.co.uk/images/products.hires/prod_29009_18500_176506.jpg,,,,,,,,,,"<li>24/1 MVS Yarn</li> <li>The Heavy Blend collection is now made with finer yarns and new MVS Air spinning technology, that improves the fabric by reducing pilling, enhancing durability and creating a smoother printing surface.</li> <li>Proud member of the US Cotton Trust Protocol (USCTP) and Better Cotton&#8482;</li> <li>Cotton products from Gildan support more sustainable + ethical cotton farming</li> <li>2-end midweight fleece fabric</li> <li>Double-lined hood with color-matched drawcord </li> <li>Pouch pocket</li> <li>1 x 1 rib with spandex for enhanced stretch and recovery</li> <li>Classic fit, tubular body</li> <li>High-performing tear-away label</li> <li><b>Also available in childrens sizes code 18500B</b></li>",6.72
38259,382526,18500,SSHIRT,SWEATSHIRTS AND HOODIES,MENSSH,Mens Sweatshirts & Hoodies,GILDAN,Gildan,760062,105,Dark Chocolate,12,2XL,Heavy Blend? Adult Hooded Sweatshirt,8.79,1,6,24,01-01-2026 1:50,C,https://myebrochure.co.uk/images/colours/gildan/gildan-105.jpg,https://myebrochure.co.uk/images/products/prod_29009_18500_184580.jpg,https://myebrochure.co.uk/images/products.small/prod_29009_18500_184580.jpg,https://myebrochure.co.uk/images/products.hires/prod_29009_18500_184580.jpg,https://myebrochure.co.uk/images/brands/gildan_25.png,https://myebrochure.co.uk/images/products.hires/prod_29009_18500_176506.jpg,,,,,,,,,,"<li>24/1 MVS Yarn</li> <li>The Heavy Blend collection is now made with finer yarns and new MVS Air spinning technology, that improves the fabric by reducing pilling, enhancing durability and creating a smoother printing surface.</li> <li>Proud member of the US Cotton Trust Protocol (USCTP) and Better Cotton&#8482;</li> <li>Cotton products from Gildan support more sustainable + ethical cotton farming</li> <li>2-end midweight fleece fabric</li> <li>Double-lined hood with color-matched drawcord </li> <li>Pouch pocket</li> <li>1 x 1 rib with spandex for enhanced stretch and recovery</li> <li>Classic fit, tubular body</li> <li>High-performing tear-away label</li> <li><b>Also available in childrens sizes code 18500B</b></li>",6.72
137519,1374261,18500,SSHIRT,SWEATSHIRTS AND HOODIES,MENSSH,Mens Sweatshirts & Hoodies,GILDAN,Gildan,760062,105,Dark Chocolate,12,3XL,Heavy Blend? Adult Hooded Sweatshirt,12.12,1,12,24,01-01-2026 1:50,C,https://myebrochure.co.uk/images/colours/gildan/gildan-105.jpg,https://myebrochure.co.uk/images/products/prod_29009_18500_184580.jpg,https://myebrochure.co.uk/images/products.small/prod_29009_18500_184580.jpg,https://myebrochure.co.uk/images/products.hires/prod_29009_18500_184580.jpg,https://myebrochure.co.uk/images/brands/gildan_25.png,https://myebrochure.co.uk/images/products.hires/prod_29009_18500_176506.jpg,,,,,,,,,,"<li>24/1 MVS Yarn</li> <li>The Heavy Blend collection is now made with finer yarns and new MVS Air spinning technology, that improves the fabric by reducing pilling, enhancing durability and creating a smoother printing surface.</li> <li>Proud member of the US Cotton Trust Protocol (USCTP) and Better Cotton&#8482;</li> <li>Cotton products from Gildan support more sustainable + ethical cotton farming</li> <li>2-end midweight fleece fabric</li> <li>Double-lined hood with color-matched drawcord </li> <li>Pouch pocket</li> <li>1 x 1 rib with spandex for enhanced stretch and recovery</li> <li>Classic fit, tubular body</li> <li>High-performing tear-away label</li> <li><b>Also available in childrens sizes code 18500B</b></li>",9.27
38260,382533,18500,SSHIRT,SWEATSHIRTS AND HOODIES,MENSSH,Mens Sweatshirts & Hoodies,GILDAN,Gildan,760062,108,Dark Heather,12,S,Heavy Blend? Adult Hooded Sweatshirt,8.79,1,6,24,31-12-2025 23:45,C,https://myebrochure.co.uk/images/colours/gildan/gildan-108.jpg,https://myebrochure.co.uk/images/products/prod_29009_18500_184580.jpg,https://myebrochure.co.uk/images/products.small/prod_29009_18500_184580.jpg,https://myebrochure.co.uk/images/products.hires/prod_29009_18500_184580.jpg,https://myebrochure.co.uk/images/brands/gildan_25.png,https://myebrochure.co.uk/images/products.hires/prod_29009_18500_176519.jpg,,,,,,,,,,"<li>24/1 MVS Yarn</li> <li>The Heavy Blend collection is now made with finer yarns and new MVS Air spinning technology, that improves the fabric by reducing pilling, enhancing durability and creating a smoother printing surface.</li> <li>Proud member of the US Cotton Trust Protocol (USCTP) and Better Cotton&#8482;</li> <li>Cotton products from Gildan support more sustainable + ethical cotton farming</li> <li>2-end midweight fleece fabric</li> <li>Double-lined hood with color-matched drawcord </li> <li>Pouch pocket</li> <li>1 x 1 rib with spandex for enhanced stretch and recovery</li> <li>Classic fit, tubular body</li> <li>High-performing tear-away label</li> <li><b>Also available in childrens sizes code 18500B</b></li>",6.72
38261,382540,18500,SSHIRT,SWEATSHIRTS AND HOODIES,MENSSH,Mens Sweatshirts & Hoodies,GILDAN,Gildan,760062,108,Dark Heather,12,M,Heavy Blend? Adult Hooded Sweatshirt,8.79,1,6,24,31-12-2025 23:45,C,https://myebrochure.co.uk/images/colours/gildan/gildan-108.jpg,https://myebrochure.co.uk/images/products/prod_29009_18500_184580.jpg,https://myebrochure.co.uk/images/products.small/prod_29009_18500_184580.jpg,https://myebrochure.co.uk/images/products.hires/prod_29009_18500_184580.jpg,https://myebrochure.co.uk/images/brands/gildan_25.png,https://myebrochure.co.uk/images/products.hires/prod_29009_18500_176519.jpg,,,,,,,,,,"<li>24/1 MVS Yarn</li> <li>The Heavy Blend collection is now made with finer yarns and new MVS Air spinning technology, that improves the fabric by reducing pilling, enhancing durability and creating a smoother printing surface.</li> <li>Proud member of the US Cotton Trust Protocol (USCTP) and Better Cotton&#8482;</li> <li>Cotton products from Gildan support more sustainable + ethical cotton farming</li> <li>2-end midweight fleece fabric</li> <li>Double-lined hood with color-matched drawcord </li> <li>Pouch pocket</li> <li>1 x 1 rib with spandex for enhanced stretch and recovery</li> <li>Classic fit, tubular body</li> <li>High-performing tear-away label</li> <li><b>Also available in childrens sizes code 18500B</b></li>",6.72
38262,382557,18500,SSHIRT,SWEATSHIRTS AND HOODIES,MENSSH,Mens Sweatshirts & Hoodies,GILDAN,Gildan,760062,108,Dark Heather,12,L,Heavy Blend? Adult Hooded Sweatshirt,8.79,1,6,24,31-12-2025 23:45,C,https://myebrochure.co.uk/images/colours/gildan/gildan-108.jpg,https://myebrochure.co.uk/images/products/prod_29009_18500_184580.jpg,https://myebrochure.co.uk/images/products.small/prod_29009_18500_184580.jpg,https://myebrochure.co.uk/images/products.hires/prod_29009_18500_184580.jpg,https://myebrochure.co.uk/images/brands/gildan_25.png,https://myebrochure.co.uk/images/products.hires/prod_29009_18500_176519.jpg,,,,,,,,,,"<li>24/1 MVS Yarn</li> <li>The Heavy Blend collection is now made with finer yarns and new MVS Air spinning technology, that improves the fabric by reducing pilling, enhancing durability and creating a smoother printing surface.</li> <li>Proud member of the US Cotton Trust Protocol (USCTP) and Better Cotton&#8482;</li> <li>Cotton products from Gildan support more sustainable + ethical cotton farming</li> <li>2-end midweight fleece fabric</li> <li>Double-lined hood with color-matched drawcord </li> <li>Pouch pocket</li> <li>1 x 1 rib with spandex for enhanced stretch and recovery</li> <li>Classic fit, tubular body</li> <li>High-performing tear-away label</li> <li><b>Also available in childrens sizes code 18500B</b></li>",6.72
38263,382564,18500,SSHIRT,SWEATSHIRTS AND HOODIES,MENSSH,Mens Sweatshirts & Hoodies,GILDAN,Gildan,760062,108,Dark Heather,12,XL,Heavy Blend? Adult Hooded Sweatshirt,8.79,1,6,24,31-12-2025 23:45,C,https://myebrochure.co.uk/images/colours/gildan/gildan-108.jpg,https://myebrochure.co.uk/images/products/prod_29009_18500_184580.jpg,https://myebrochure.co.uk/images/products.small/prod_29009_18500_184580.jpg,https://myebrochure.co.uk/images/products.hires/prod_29009_18500_184580.jpg,https://myebrochure.co.uk/images/brands/gildan_25.png,https://myebrochure.co.uk/images/products.hires/prod_29009_18500_176519.jpg,,,,,,,,,,"<li>24/1 MVS Yarn</li> <li>The Heavy Blend collection is now made with finer yarns and new MVS Air spinning technology, that improves the fabric by reducing pilling, enhancing durability and creating a smoother printing surface.</li> <li>Proud member of the US Cotton Trust Protocol (USCTP) and Better Cotton&#8482;</li> <li>Cotton products from Gildan support more sustainable + ethical cotton farming</li> <li>2-end midweight fleece fabric</li> <li>Double-lined hood with color-matched drawcord </li> <li>Pouch pocket</li> <li>1 x 1 rib with spandex for enhanced stretch and recovery</li> <li>Classic fit, tubular body</li> <li>High-performing tear-away label</li> <li><b>Also available in childrens sizes code 18500B</b></li>",6.72
38264,382571,18500,SSHIRT,SWEATSHIRTS AND HOODIES,MENSSH,Mens Sweatshirts & Hoodies,GILDAN,Gildan,760062,108,Dark Heather,12,2XL,Heavy Blend? Adult Hooded Sweatshirt,8.79,1,6,24,31-12-2025 23:45,C,https://myebrochure.co.uk/images/colours/gildan/gildan-108.jpg,https://myebrochure.co.uk/images/products/prod_29009_18500_184580.jpg,https://myebrochure.co.uk/images/products.small/prod_29009_18500_184580.jpg,https://myebrochure.co.uk/images/products.hires/prod_29009_18500_184580.jpg,https://myebrochure.co.uk/images/brands/gildan_25.png,https://myebrochure.co.uk/images/products.hires/prod_29009_18500_176519.jpg,,,,,,,,,,"<li>24/1 MVS Yarn</li> <li>The Heavy Blend collection is now made with finer yarns and new MVS Air spinning technology, that improves the fabric by reducing pilling, enhancing durability and creating a smoother printing surface.</li> <li>Proud member of the US Cotton Trust Protocol (USCTP) and Better Cotton&#8482;</li> <li>Cotton products from Gildan support more sustainable + ethical cotton farming</li> <li>2-end midweight fleece fabric</li> <li>Double-lined hood with color-matched drawcord </li> <li>Pouch pocket</li> <li>1 x 1 rib with spandex for enhanced stretch and recovery</li> <li>Classic fit, tubular body</li> <li>High-performing tear-away label</li> <li><b>Also available in childrens sizes code 18500B</b></li>",6.72
137525,1374322,18500,SSHIRT,SWEATSHIRTS AND HOODIES,MENSSH,Mens Sweatshirts & Hoodies,GILDAN,Gildan,760062,108,Dark Heather,12,3XL,Heavy Blend? Adult Hooded Sweatshirt,12.12,1,12,24,01-01-2026 1:50,C,https://myebrochure.co.uk/images/colours/gildan/gildan-108.jpg,https://myebrochure.co.uk/images/products/prod_29009_18500_184580.jpg,https://myebrochure.co.uk/images/products.small/prod_29009_18500_184580.jpg,https://myebrochure.co.uk/images/products.hires/prod_29009_18500_184580.jpg,https://myebrochure.co.uk/images/brands/gildan_25.png,https://myebrochure.co.uk/images/products.hires/prod_29009_18500_176519.jpg,,,,,,,,,,"<li>24/1 MVS Yarn</li> <li>The Heavy Blend collection is now made with finer yarns and new MVS Air spinning technology, that improves the fabric by reducing pilling, enhancing durability and creating a smoother printing surface.</li> <li>Proud member of the US Cotton Trust Protocol (USCTP) and Better Cotton&#8482;</li> <li>Cotton products from Gildan support more sustainable + ethical cotton farming</li> <li>2-end midweight fleece fabric</li> <li>Double-lined hood with color-matched drawcord </li> <li>Pouch pocket</li> <li>1 x 1 rib with spandex for enhanced stretch and recovery</li> <li>Classic fit, tubular body</li> <li>High-performing tear-away label</li> <li><b>Also available in childrens sizes code 18500B</b></li>",9.27
235547,2355481,18500,SSHIRT,SWEATSHIRTS AND HOODIES,MENSSH,Mens Sweatshirts & Hoodies,GILDAN,Gildan,760062,23F,Fan Charcoal Heather,12,S,Heavy Blend? Adult Hooded Sweatshirt,8.79,1,6,24,31-12-2025 23:45,C,https://myebrochure.co.uk/images/colours/gildan/gildan-23f.jpg,https://myebrochure.co.uk/images/products/prod_29009_18500_184580.jpg,https://myebrochure.co.uk/images/products.small/prod_29009_18500_184580.jpg,https://myebrochure.co.uk/images/products.hires/prod_29009_18500_184580.jpg,https://myebrochure.co.uk/images/brands/gildan_25.png,https://myebrochure.co.uk/images/products.hires/prod_29009_18500_184972.jpg,,,,,,,,,,"<li>24/1 MVS Yarn</li> <li>The Heavy Blend collection is now made with finer yarns and new MVS Air spinning technology, that improves the fabric by reducing pilling, enhancing durability and creating a smoother printing surface.</li> <li>Proud member of the US Cotton Trust Protocol (USCTP) and Better Cotton&#8482;</li> <li>Cotton products from Gildan support more sustainable + ethical cotton farming</li> <li>2-end midweight fleece fabric</li> <li>Double-lined hood with color-matched drawcord </li> <li>Pouch pocket</li> <li>1 x 1 rib with spandex for enhanced stretch and recovery</li> <li>Classic fit, tubular body</li> <li>High-performing tear-away label</li> <li><b>Also available in childrens sizes code 18500B</b></li>",6.72
235548,2355498,18500,SSHIRT,SWEATSHIRTS AND HOODIES,MENSSH,Mens Sweatshirts & Hoodies,GILDAN,Gildan,760062,23F,Fan Charcoal Heather,12,M,Heavy Blend? Adult Hooded Sweatshirt,8.79,1,6,24,31-12-2025 23:45,C,https://myebrochure.co.uk/images/colours/gildan/gildan-23f.jpg,https://myebrochure.co.uk/images/products/prod_29009_18500_184580.jpg,https://myebrochure.co.uk/images/products.small/prod_29009_18500_184580.jpg,https://myebrochure.co.uk/images/products.hires/prod_29009_18500_184580.jpg,https://myebrochure.co.uk/images/brands/gildan_25.png,https://myebrochure.co.uk/images/products.hires/prod_29009_18500_184972.jpg,,,,,,,,,,"<li>24/1 MVS Yarn</li> <li>The Heavy Blend collection is now made with finer yarns and new MVS Air spinning technology, that improves the fabric by reducing pilling, enhancing durability and creating a smoother printing surface.</li> <li>Proud member of the US Cotton Trust Protocol (USCTP) and Better Cotton&#8482;</li> <li>Cotton products from Gildan support more sustainable + ethical cotton farming</li> <li>2-end midweight fleece fabric</li> <li>Double-lined hood with color-matched drawcord </li> <li>Pouch pocket</li> <li>1 x 1 rib with spandex for enhanced stretch and recovery</li> <li>Classic fit, tubular body</li> <li>High-performing tear-away label</li> <li><b>Also available in childrens sizes code 18500B</b></li>",6.72
235549,2355504,18500,SSHIRT,SWEATSHIRTS AND HOODIES,MENSSH,Mens Sweatshirts & Hoodies,GILDAN,Gildan,760062,23F,Fan Charcoal Heather,12,L,Heavy Blend? Adult Hooded Sweatshirt,8.79,1,6,24,31-12-2025 23:45,C,https://myebrochure.co.uk/images/colours/gildan/gildan-23f.jpg,https://myebrochure.co.uk/images/products/prod_29009_18500_184580.jpg,https://myebrochure.co.uk/images/products.small/prod_29009_18500_184580.jpg,https://myebrochure.co.uk/images/products.hires/prod_29009_18500_184580.jpg,https://myebrochure.co.uk/images/brands/gildan_25.png,https://myebrochure.co.uk/images/products.hires/prod_29009_18500_184972.jpg,,,,,,,,,,"<li>24/1 MVS Yarn</li> <li>The Heavy Blend collection is now made with finer yarns and new MVS Air spinning technology, that improves the fabric by reducing pilling, enhancing durability and creating a smoother printing surface.</li> <li>Proud member of the US Cotton Trust Protocol (USCTP) and Better Cotton&#8482;</li> <li>Cotton products from Gildan support more sustainable + ethical cotton farming</li> <li>2-end midweight fleece fabric</li> <li>Double-lined hood with color-matched drawcord </li> <li>Pouch pocket</li> <li>1 x 1 rib with spandex for enhanced stretch and recovery</li> <li>Classic fit, tubular body</li> <li>High-performing tear-away label</li> <li><b>Also available in childrens sizes code 18500B</b></li>",6.72
235550,2355511,18500,SSHIRT,SWEATSHIRTS AND HOODIES,MENSSH,Mens Sweatshirts & Hoodies,GILDAN,Gildan,760062,23F,Fan Charcoal Heather,12,XL,Heavy Blend? Adult Hooded Sweatshirt,8.79,1,6,24,31-12-2025 23:45,C,https://myebrochure.co.uk/images/colours/gildan/gildan-23f.jpg,https://myebrochure.co.uk/images/products/prod_29009_18500_184580.jpg,https://myebrochure.co.uk/images/products.small/prod_29009_18500_184580.jpg,https://myebrochure.co.uk/images/products.hires/prod_29009_18500_184580.jpg,https://myebrochure.co.uk/images/brands/gildan_25.png,https://myebrochure.co.uk/images/products.hires/prod_29009_18500_184972.jpg,,,,,,,,,,"<li>24/1 MVS Yarn</li> <li>The Heavy Blend collection is now made with finer yarns and new MVS Air spinning technology, that improves the fabric by reducing pilling, enhancing durability and creating a smoother printing surface.</li> <li>Proud member of the US Cotton Trust Protocol (USCTP) and Better Cotton&#8482;</li> <li>Cotton products from Gildan support more sustainable + ethical cotton farming</li> <li>2-end midweight fleece fabric</li> <li>Double-lined hood with color-matched drawcord </li> <li>Pouch pocket</li> <li>1 x 1 rib with spandex for enhanced stretch and recovery</li> <li>Classic fit, tubular body</li> <li>High-performing tear-away label</li> <li><b>Also available in childrens sizes code 18500B</b></li>",6.72
235551,2355528,18500,SSHIRT,SWEATSHIRTS AND HOODIES,MENSSH,Mens Sweatshirts & Hoodies,GILDAN,Gildan,760062,23F,Fan Charcoal Heather,12,2XL,Heavy Blend? Adult Hooded Sweatshirt,8.79,1,6,24,31-12-2025 23:45,C,https://myebrochure.co.uk/images/colours/gildan/gildan-23f.jpg,https://myebrochure.co.uk/images/products/prod_29009_18500_184580.jpg,https://myebrochure.co.uk/images/products.small/prod_29009_18500_184580.jpg,https://myebrochure.co.uk/images/products.hires/prod_29009_18500_184580.jpg,https://myebrochure.co.uk/images/brands/gildan_25.png,https://myebrochure.co.uk/images/products.hires/prod_29009_18500_184972.jpg,,,,,,,,,,"<li>24/1 MVS Yarn</li> <li>The Heavy Blend collection is now made with finer yarns and new MVS Air spinning technology, that improves the fabric by reducing pilling, enhancing durability and creating a smoother printing surface.</li> <li>Proud member of the US Cotton Trust Protocol (USCTP) and Better Cotton&#8482;</li> <li>Cotton products from Gildan support more sustainable + ethical cotton farming</li> <li>2-end midweight fleece fabric</li> <li>Double-lined hood with color-matched drawcord </li> <li>Pouch pocket</li> <li>1 x 1 rib with spandex for enhanced stretch and recovery</li> <li>Classic fit, tubular body</li> <li>High-performing tear-away label</li> <li><b>Also available in childrens sizes code 18500B</b></li>",6.72
235552,2355535,18500,SSHIRT,SWEATSHIRTS AND HOODIES,MENSSH,Mens Sweatshirts & Hoodies,GILDAN,Gildan,760062,23F,Fan Charcoal Heather,12,3XL,Heavy Blend? Adult Hooded Sweatshirt,8.79,1,6,24,31-12-2025 23:45,C,https://myebrochure.co.uk/images/colours/gildan/gildan-23f.jpg,https://myebrochure.co.uk/images/products/prod_29009_18500_184580.jpg,https://myebrochure.co.uk/images/products.small/prod_29009_18500_184580.jpg,https://myebrochure.co.uk/images/products.hires/prod_29009_18500_184580.jpg,https://myebrochure.co.uk/images/brands/gildan_25.png,https://myebrochure.co.uk/images/products.hires/prod_29009_18500_184972.jpg,,,,,,,,,,"<li>24/1 MVS Yarn</li> <li>The Heavy Blend collection is now made with finer yarns and new MVS Air spinning technology, that improves the fabric by reducing pilling, enhancing durability and creating a smoother printing surface.</li> <li>Proud member of the US Cotton Trust Protocol (USCTP) and Better Cotton&#8482;</li> <li>Cotton products from Gildan support more sustainable + ethical cotton farming</li> <li>2-end midweight fleece fabric</li> <li>Double-lined hood with color-matched drawcord </li> <li>Pouch pocket</li> <li>1 x 1 rib with spandex for enhanced stretch and recovery</li> <li>Classic fit, tubular body</li> <li>High-performing tear-away label</li> <li><b>Also available in childrens sizes code 18500B</b></li>",6.72
235555,2355566,18500,SSHIRT,SWEATSHIRTS AND HOODIES,MENSSH,Mens Sweatshirts & Hoodies,GILDAN,Gildan,760062,10F,Fan Dark Green,12,S,Heavy Blend? Adult Hooded Sweatshirt,8.79,1,6,24,31-12-2025 23:45,C,https://myebrochure.co.uk/images/colours/gildan/gildan-10f.jpg,https://myebrochure.co.uk/images/products/prod_29009_18500_184580.jpg,https://myebrochure.co.uk/images/products.small/prod_29009_18500_184580.jpg,https://myebrochure.co.uk/images/products.hires/prod_29009_18500_184580.jpg,https://myebrochure.co.uk/images/brands/gildan_25.png,https://myebrochure.co.uk/images/products.hires/prod_29009_18500_184973.jpg,,,,,,,,,,"<li>24/1 MVS Yarn</li> <li>The Heavy Blend collection is now made with finer yarns and new MVS Air spinning technology, that improves the fabric by reducing pilling, enhancing durability and creating a smoother printing surface.</li> <li>Proud member of the US Cotton Trust Protocol (USCTP) and Better Cotton&#8482;</li> <li>Cotton products from Gildan support more sustainable + ethical cotton farming</li> <li>2-end midweight fleece fabric</li> <li>Double-lined hood with color-matched drawcord </li> <li>Pouch pocket</li> <li>1 x 1 rib with spandex for enhanced stretch and recovery</li> <li>Classic fit, tubular body</li> <li>High-performing tear-away label</li> <li><b>Also available in childrens sizes code 18500B</b></li>",6.72
235556,2355573,18500,SSHIRT,SWEATSHIRTS AND HOODIES,MENSSH,Mens Sweatshirts & Hoodies,GILDAN,Gildan,760062,10F,Fan Dark Green,12,M,Heavy Blend? Adult Hooded Sweatshirt,8.79,1,6,24,31-12-2025 23:45,C,https://myebrochure.co.uk/images/colours/gildan/gildan-10f.jpg,https://myebrochure.co.uk/images/products/prod_29009_18500_184580.jpg,https://myebrochure.co.uk/images/products.small/prod_29009_18500_184580.jpg,https://myebrochure.co.uk/images/products.hires/prod_29009_18500_184580.jpg,https://myebrochure.co.uk/images/brands/gildan_25.png,https://myebrochure.co.uk/images/products.hires/prod_29009_18500_184973.jpg,,,,,,,,,,"<li>24/1 MVS Yarn</li> <li>The Heavy Blend collection is now made with finer yarns and new MVS Air spinning technology, that improves the fabric by reducing pilling, enhancing durability and creating a smoother printing surface.</li> <li>Proud member of the US Cotton Trust Protocol (USCTP) and Better Cotton&#8482;</li> <li>Cotton products from Gildan support more sustainable + ethical cotton farming</li> <li>2-end midweight fleece fabric</li> <li>Double-lined hood with color-matched drawcord </li> <li>Pouch pocket</li> <li>1 x 1 rib with spandex for enhanced stretch and recovery</li> <li>Classic fit, tubular body</li> <li>High-performing tear-away label</li> <li><b>Also available in childrens sizes code 18500B</b></li>",6.72
235557,2355580,18500,SSHIRT,SWEATSHIRTS AND HOODIES,MENSSH,Mens Sweatshirts & Hoodies,GILDAN,Gildan,760062,10F,Fan Dark Green,12,L,Heavy Blend? Adult Hooded Sweatshirt,8.79,1,6,24,31-12-2025 23:45,C,https://myebrochure.co.uk/images/colours/gildan/gildan-10f.jpg,https://myebrochure.co.uk/images/products/prod_29009_18500_184580.jpg,https://myebrochure.co.uk/images/products.small/prod_29009_18500_184580.jpg,https://myebrochure.co.uk/images/products.hires/prod_29009_18500_184580.jpg,https://myebrochure.co.uk/images/brands/gildan_25.png,https://myebrochure.co.uk/images/products.hires/prod_29009_18500_184973.jpg,,,,,,,,,,"<li>24/1 MVS Yarn</li> <li>The Heavy Blend collection is now made with finer yarns and new MVS Air spinning technology, that improves the fabric by reducing pilling, enhancing durability and creating a smoother printing surface.</li> <li>Proud member of the US Cotton Trust Protocol (USCTP) and Better Cotton&#8482;</li> <li>Cotton products from Gildan support more sustainable + ethical cotton farming</li> <li>2-end midweight fleece fabric</li> <li>Double-lined hood with color-matched drawcord </li> <li>Pouch pocket</li> <li>1 x 1 rib with spandex for enhanced stretch and recovery</li> <li>Classic fit, tubular body</li> <li>High-performing tear-away label</li> <li><b>Also available in childrens sizes code 18500B</b></li>",6.72
235558,2355597,18500,SSHIRT,SWEATSHIRTS AND HOODIES,MENSSH,Mens Sweatshirts & Hoodies,GILDAN,Gildan,760062,10F,Fan Dark Green,12,XL,Heavy Blend? Adult Hooded Sweatshirt,8.79,1,6,24,31-12-2025 23:45,C,https://myebrochure.co.uk/images/colours/gildan/gildan-10f.jpg,https://myebrochure.co.uk/images/products/prod_29009_18500_184580.jpg,https://myebrochure.co.uk/images/products.small/prod_29009_18500_184580.jpg,https://myebrochure.co.uk/images/products.hires/prod_29009_18500_184580.jpg,https://myebrochure.co.uk/images/brands/gildan_25.png,https://myebrochure.co.uk/images/products.hires/prod_29009_18500_184973.jpg,,,,,,,,,,"<li>24/1 MVS Yarn</li> <li>The Heavy Blend collection is now made with finer yarns and new MVS Air spinning technology, that improves the fabric by reducing pilling, enhancing durability and creating a smoother printing surface.</li> <li>Proud member of the US Cotton Trust Protocol (USCTP) and Better Cotton&#8482;</li> <li>Cotton products from Gildan support more sustainable + ethical cotton farming</li> <li>2-end midweight fleece fabric</li> <li>Double-lined hood with color-matched drawcord </li> <li>Pouch pocket</li> <li>1 x 1 rib with spandex for enhanced stretch and recovery</li> <li>Classic fit, tubular body</li> <li>High-performing tear-away label</li> <li><b>Also available in childrens sizes code 18500B</b></li>",6.72
235559,2355603,18500,SSHIRT,SWEATSHIRTS AND HOODIES,MENSSH,Mens Sweatshirts & Hoodies,GILDAN,Gildan,760062,10F,Fan Dark Green,12,2XL,Heavy Blend? Adult Hooded Sweatshirt,8.79,1,6,24,31-12-2025 23:45,C,https://myebrochure.co.uk/images/colours/gildan/gildan-10f.jpg,https://myebrochure.co.uk/images/products/prod_29009_18500_184580.jpg,https://myebrochure.co.uk/images/products.small/prod_29009_18500_184580.jpg,https://myebrochure.co.uk/images/products.hires/prod_29009_18500_184580.jpg,https://myebrochure.co.uk/images/brands/gildan_25.png,https://myebrochure.co.uk/images/products.hires/prod_29009_18500_184973.jpg,,,,,,,,,,"<li>24/1 MVS Yarn</li> <li>The Heavy Blend collection is now made with finer yarns and new MVS Air spinning technology, that improves the fabric by reducing pilling, enhancing durability and creating a smoother printing surface.</li> <li>Proud member of the US Cotton Trust Protocol (USCTP) and Better Cotton&#8482;</li> <li>Cotton products from Gildan support more sustainable + ethical cotton farming</li> <li>2-end midweight fleece fabric</li> <li>Double-lined hood with color-matched drawcord </li> <li>Pouch pocket</li> <li>1 x 1 rib with spandex for enhanced stretch and recovery</li> <li>Classic fit, tubular body</li> <li>High-performing tear-away label</li> <li><b>Also available in childrens sizes code 18500B</b></li>",6.72
235560,2355610,18500,SSHIRT,SWEATSHIRTS AND HOODIES,MENSSH,Mens Sweatshirts & Hoodies,GILDAN,Gildan,760062,10F,Fan Dark Green,12,3XL,Heavy Blend? Adult Hooded Sweatshirt,8.79,1,6,24,31-12-2025 23:45,C,https://myebrochure.co.uk/images/colours/gildan/gildan-10f.jpg,https://myebrochure.co.uk/images/products/prod_29009_18500_184580.jpg,https://myebrochure.co.uk/images/products.small/prod_29009_18500_184580.jpg,https://myebrochure.co.uk/images/products.hires/prod_29009_18500_184580.jpg,https://myebrochure.co.uk/images/brands/gildan_25.png,https://myebrochure.co.uk/images/products.hires/prod_29009_18500_184973.jpg,,,,,,,,,,"<li>24/1 MVS Yarn</li> <li>The Heavy Blend collection is now made with finer yarns and new MVS Air spinning technology, that improves the fabric by reducing pilling, enhancing durability and creating a smoother printing surface.</li> <li>Proud member of the US Cotton Trust Protocol (USCTP) and Better Cotton&#8482;</li> <li>Cotton products from Gildan support more sustainable + ethical cotton farming</li> <li>2-end midweight fleece fabric</li> <li>Double-lined hood with color-matched drawcord </li> <li>Pouch pocket</li> <li>1 x 1 rib with spandex for enhanced stretch and recovery</li> <li>Classic fit, tubular body</li> <li>High-performing tear-away label</li> <li><b>Also available in childrens sizes code 18500B</b></li>",6.72
235563,2355641,18500,SSHIRT,SWEATSHIRTS AND HOODIES,MENSSH,Mens Sweatshirts & Hoodies,GILDAN,Gildan,760062,11F,Fan Deep Royal,12,S,Heavy Blend? Adult Hooded Sweatshirt,8.79,1,6,24,31-12-2025 23:45,C,https://myebrochure.co.uk/images/colours/gildan/gildan-11f.jpg,https://myebrochure.co.uk/images/products/prod_29009_18500_184580.jpg,https://myebrochure.co.uk/images/products.small/prod_29009_18500_184580.jpg,https://myebrochure.co.uk/images/products.hires/prod_29009_18500_184580.jpg,https://myebrochure.co.uk/images/brands/gildan_25.png,https://myebrochure.co.uk/images/products.hires/prod_29009_18500_184971.jpg,,,,,,,,,,"<li>24/1 MVS Yarn</li> <li>The Heavy Blend collection is now made with finer yarns and new MVS Air spinning technology, that improves the fabric by reducing pilling, enhancing durability and creating a smoother printing surface.</li> <li>Proud member of the US Cotton Trust Protocol (USCTP) and Better Cotton&#8482;</li> <li>Cotton products from Gildan support more sustainable + ethical cotton farming</li> <li>2-end midweight fleece fabric</li> <li>Double-lined hood with color-matched drawcord </li> <li>Pouch pocket</li> <li>1 x 1 rib with spandex for enhanced stretch and recovery</li> <li>Classic fit, tubular body</li> <li>High-performing tear-away label</li> <li><b>Also available in childrens sizes code 18500B</b></li>",6.72
235564,2355658,18500,SSHIRT,SWEATSHIRTS AND HOODIES,MENSSH,Mens Sweatshirts & Hoodies,GILDAN,Gildan,760062,11F,Fan Deep Royal,12,M,Heavy Blend? Adult Hooded Sweatshirt,8.79,1,6,24,31-12-2025 23:45,C,https://myebrochure.co.uk/images/colours/gildan/gildan-11f.jpg,https://myebrochure.co.uk/images/products/prod_29009_18500_184580.jpg,https://myebrochure.co.uk/images/products.small/prod_29009_18500_184580.jpg,https://myebrochure.co.uk/images/products.hires/prod_29009_18500_184580.jpg,https://myebrochure.co.uk/images/brands/gildan_25.png,https://myebrochure.co.uk/images/products.hires/prod_29009_18500_184971.jpg,,,,,,,,,,"<li>24/1 MVS Yarn</li> <li>The Heavy Blend collection is now made with finer yarns and new MVS Air spinning technology, that improves the fabric by reducing pilling, enhancing durability and creating a smoother printing surface.</li> <li>Proud member of the US Cotton Trust Protocol (USCTP) and Better Cotton&#8482;</li> <li>Cotton products from Gildan support more sustainable + ethical cotton farming</li> <li>2-end midweight fleece fabric</li> <li>Double-lined hood with color-matched drawcord </li> <li>Pouch pocket</li> <li>1 x 1 rib with spandex for enhanced stretch and recovery</li> <li>Classic fit, tubular body</li> <li>High-performing tear-away label</li> <li><b>Also available in childrens sizes code 18500B</b></li>",6.72
235565,2355665,18500,SSHIRT,SWEATSHIRTS AND HOODIES,MENSSH,Mens Sweatshirts & Hoodies,GILDAN,Gildan,760062,11F,Fan Deep Royal,12,L,Heavy Blend? Adult Hooded Sweatshirt,8.79,1,6,24,31-12-2025 23:45,C,https://myebrochure.co.uk/images/colours/gildan/gildan-11f.jpg,https://myebrochure.co.uk/images/products/prod_29009_18500_184580.jpg,https://myebrochure.co.uk/images/products.small/prod_29009_18500_184580.jpg,https://myebrochure.co.uk/images/products.hires/prod_29009_18500_184580.jpg,https://myebrochure.co.uk/images/brands/gildan_25.png,https://myebrochure.co.uk/images/products.hires/prod_29009_18500_184971.jpg,,,,,,,,,,"<li>24/1 MVS Yarn</li> <li>The Heavy Blend collection is now made with finer yarns and new MVS Air spinning technology, that improves the fabric by reducing pilling, enhancing durability and creating a smoother printing surface.</li> <li>Proud member of the US Cotton Trust Protocol (USCTP) and Better Cotton&#8482;</li> <li>Cotton products from Gildan support more sustainable + ethical cotton farming</li> <li>2-end midweight fleece fabric</li> <li>Double-lined hood with color-matched drawcord </li> <li>Pouch pocket</li> <li>1 x 1 rib with spandex for enhanced stretch and recovery</li> <li>Classic fit, tubular body</li> <li>High-performing tear-away label</li> <li><b>Also available in childrens sizes code 18500B</b></li>",6.72
235566,2355672,18500,SSHIRT,SWEATSHIRTS AND HOODIES,MENSSH,Mens Sweatshirts & Hoodies,GILDAN,Gildan,760062,11F,Fan Deep Royal,12,XL,Heavy Blend? Adult Hooded Sweatshirt,8.79,1,6,24,31-12-2025 23:45,C,https://myebrochure.co.uk/images/colours/gildan/gildan-11f.jpg,https://myebrochure.co.uk/images/products/prod_29009_18500_184580.jpg,https://myebrochure.co.uk/images/products.small/prod_29009_18500_184580.jpg,https://myebrochure.co.uk/images/products.hires/prod_29009_18500_184580.jpg,https://myebrochure.co.uk/images/brands/gildan_25.png,https://myebrochure.co.uk/images/products.hires/prod_29009_18500_184971.jpg,,,,,,,,,,"<li>24/1 MVS Yarn</li> <li>The Heavy Blend collection is now made with finer yarns and new MVS Air spinning technology, that improves the fabric by reducing pilling, enhancing durability and creating a smoother printing surface.</li> <li>Proud member of the US Cotton Trust Protocol (USCTP) and Better Cotton&#8482;</li> <li>Cotton products from Gildan support more sustainable + ethical cotton farming</li> <li>2-end midweight fleece fabric</li> <li>Double-lined hood with color-matched drawcord </li> <li>Pouch pocket</li> <li>1 x 1 rib with spandex for enhanced stretch and recovery</li> <li>Classic fit, tubular body</li> <li>High-performing tear-away label</li> <li><b>Also available in childrens sizes code 18500B</b></li>",6.72
235567,2355689,18500,SSHIRT,SWEATSHIRTS AND HOODIES,MENSSH,Mens Sweatshirts & Hoodies,GILDAN,Gildan,760062,11F,Fan Deep Royal,12,2XL,Heavy Blend? Adult Hooded Sweatshirt,8.79,1,6,24,31-12-2025 23:45,C,https://myebrochure.co.uk/images/colours/gildan/gildan-11f.jpg,https://myebrochure.co.uk/images/products/prod_29009_18500_184580.jpg,https://myebrochure.co.uk/images/products.small/prod_29009_18500_184580.jpg,https://myebrochure.co.uk/images/products.hires/prod_29009_18500_184580.jpg,https://myebrochure.co.uk/images/brands/gildan_25.png,https://myebrochure.co.uk/images/products.hires/prod_29009_18500_184971.jpg,,,,,,,,,,"<li>24/1 MVS Yarn</li> <li>The Heavy Blend collection is now made with finer yarns and new MVS Air spinning technology, that improves the fabric by reducing pilling, enhancing durability and creating a smoother printing surface.</li> <li>Proud member of the US Cotton Trust Protocol (USCTP) and Better Cotton&#8482;</li> <li>Cotton products from Gildan support more sustainable + ethical cotton farming</li> <li>2-end midweight fleece fabric</li> <li>Double-lined hood with color-matched drawcord </li> <li>Pouch pocket</li> <li>1 x 1 rib with spandex for enhanced stretch and recovery</li> <li>Classic fit, tubular body</li> <li>High-performing tear-away label</li> <li><b>Also available in childrens sizes code 18500B</b></li>",6.72
235568,2355696,18500,SSHIRT,SWEATSHIRTS AND HOODIES,MENSSH,Mens Sweatshirts & Hoodies,GILDAN,Gildan,760062,11F,Fan Deep Royal,12,3XL,Heavy Blend? Adult Hooded Sweatshirt,8.79,1,6,24,31-12-2025 23:45,C,https://myebrochure.co.uk/images/colours/gildan/gildan-11f.jpg,https://myebrochure.co.uk/images/products/prod_29009_18500_184580.jpg,https://myebrochure.co.uk/images/products.small/prod_29009_18500_184580.jpg,https://myebrochure.co.uk/images/products.hires/prod_29009_18500_184580.jpg,https://myebrochure.co.uk/images/brands/gildan_25.png,https://myebrochure.co.uk/images/products.hires/prod_29009_18500_184971.jpg,,,,,,,,,,"<li>24/1 MVS Yarn</li> <li>The Heavy Blend collection is now made with finer yarns and new MVS Air spinning technology, that improves the fabric by reducing pilling, enhancing durability and creating a smoother printing surface.</li> <li>Proud member of the US Cotton Trust Protocol (USCTP) and Better Cotton&#8482;</li> <li>Cotton products from Gildan support more sustainable + ethical cotton farming</li> <li>2-end midweight fleece fabric</li> <li>Double-lined hood with color-matched drawcord </li> <li>Pouch pocket</li> <li>1 x 1 rib with spandex for enhanced stretch and recovery</li> <li>Classic fit, tubular body</li> <li>High-performing tear-away label</li> <li><b>Also available in childrens sizes code 18500B</b></li>",6.72
38185,381789,18500,SSHIRT,SWEATSHIRTS AND HOODIES,MENSSH,Mens Sweatshirts & Hoodies,GILDAN,Gildan,760062,33,Forest Green,12,S,Heavy Blend? Adult Hooded Sweatshirt,8.79,1,6,24,31-12-2025 23:45,C,https://myebrochure.co.uk/images/colours/gildan/gildan-33.jpg,https://myebrochure.co.uk/images/products/prod_29009_18500_184580.jpg,https://myebrochure.co.uk/images/products.small/prod_29009_18500_184580.jpg,https://myebrochure.co.uk/images/products.hires/prod_29009_18500_184580.jpg,https://myebrochure.co.uk/images/brands/gildan_25.png,https://myebrochure.co.uk/images/products.hires/prod_29009_18500_176511.jpg,,,,,,,,,,"<li>24/1 MVS Yarn</li> <li>The Heavy Blend collection is now made with finer yarns and new MVS Air spinning technology, that improves the fabric by reducing pilling, enhancing durability and creating a smoother printing surface.</li> <li>Proud member of the US Cotton Trust Protocol (USCTP) and Better Cotton&#8482;</li> <li>Cotton products from Gildan support more sustainable + ethical cotton farming</li> <li>2-end midweight fleece fabric</li> <li>Double-lined hood with color-matched drawcord </li> <li>Pouch pocket</li> <li>1 x 1 rib with spandex for enhanced stretch and recovery</li> <li>Classic fit, tubular body</li> <li>High-performing tear-away label</li> <li><b>Also available in childrens sizes code 18500B</b></li>",6.72
38186,381796,18500,SSHIRT,SWEATSHIRTS AND HOODIES,MENSSH,Mens Sweatshirts & Hoodies,GILDAN,Gildan,760062,33,Forest Green,12,M,Heavy Blend? Adult Hooded Sweatshirt,8.79,1,6,24,01-01-2026 1:50,C,https://myebrochure.co.uk/images/colours/gildan/gildan-33.jpg,https://myebrochure.co.uk/images/products/prod_29009_18500_184580.jpg,https://myebrochure.co.uk/images/products.small/prod_29009_18500_184580.jpg,https://myebrochure.co.uk/images/products.hires/prod_29009_18500_184580.jpg,https://myebrochure.co.uk/images/brands/gildan_25.png,https://myebrochure.co.uk/images/products.hires/prod_29009_18500_176511.jpg,,,,,,,,,,"<li>24/1 MVS Yarn</li> <li>The Heavy Blend collection is now made with finer yarns and new MVS Air spinning technology, that improves the fabric by reducing pilling, enhancing durability and creating a smoother printing surface.</li> <li>Proud member of the US Cotton Trust Protocol (USCTP) and Better Cotton&#8482;</li> <li>Cotton products from Gildan support more sustainable + ethical cotton farming</li> <li>2-end midweight fleece fabric</li> <li>Double-lined hood with color-matched drawcord </li> <li>Pouch pocket</li> <li>1 x 1 rib with spandex for enhanced stretch and recovery</li> <li>Classic fit, tubular body</li> <li>High-performing tear-away label</li> <li><b>Also available in childrens sizes code 18500B</b></li>",6.72
38187,381802,18500,SSHIRT,SWEATSHIRTS AND HOODIES,MENSSH,Mens Sweatshirts & Hoodies,GILDAN,Gildan,760062,33,Forest Green,12,L,Heavy Blend? Adult Hooded Sweatshirt,8.79,1,6,24,01-01-2026 1:50,C,https://myebrochure.co.uk/images/colours/gildan/gildan-33.jpg,https://myebrochure.co.uk/images/products/prod_29009_18500_184580.jpg,https://myebrochure.co.uk/images/products.small/prod_29009_18500_184580.jpg,https://myebrochure.co.uk/images/products.hires/prod_29009_18500_184580.jpg,https://myebrochure.co.uk/images/brands/gildan_25.png,https://myebrochure.co.uk/images/products.hires/prod_29009_18500_176511.jpg,,,,,,,,,,"<li>24/1 MVS Yarn</li> <li>The Heavy Blend collection is now made with finer yarns and new MVS Air spinning technology, that improves the fabric by reducing pilling, enhancing durability and creating a smoother printing surface.</li> <li>Proud member of the US Cotton Trust Protocol (USCTP) and Better Cotton&#8482;</li> <li>Cotton products from Gildan support more sustainable + ethical cotton farming</li> <li>2-end midweight fleece fabric</li> <li>Double-lined hood with color-matched drawcord </li> <li>Pouch pocket</li> <li>1 x 1 rib with spandex for enhanced stretch and recovery</li> <li>Classic fit, tubular body</li> <li>High-performing tear-away label</li> <li><b>Also available in childrens sizes code 18500B</b></li>",6.72
38188,381819,18500,SSHIRT,SWEATSHIRTS AND HOODIES,MENSSH,Mens Sweatshirts & Hoodies,GILDAN,Gildan,760062,33,Forest Green,12,XL,Heavy Blend? Adult Hooded Sweatshirt,8.79,1,6,24,31-12-2025 23:45,C,https://myebrochure.co.uk/images/colours/gildan/gildan-33.jpg,https://myebrochure.co.uk/images/products/prod_29009_18500_184580.jpg,https://myebrochure.co.uk/images/products.small/prod_29009_18500_184580.jpg,https://myebrochure.co.uk/images/products.hires/prod_29009_18500_184580.jpg,https://myebrochure.co.uk/images/brands/gildan_25.png,https://myebrochure.co.uk/images/products.hires/prod_29009_18500_176511.jpg,,,,,,,,,,"<li>24/1 MVS Yarn</li> <li>The Heavy Blend collection is now made with finer yarns and new MVS Air spinning technology, that improves the fabric by reducing pilling, enhancing durability and creating a smoother printing surface.</li> <li>Proud member of the US Cotton Trust Protocol (USCTP) and Better Cotton&#8482;</li> <li>Cotton products from Gildan support more sustainable + ethical cotton farming</li> <li>2-end midweight fleece fabric</li> <li>Double-lined hood with color-matched drawcord </li> <li>Pouch pocket</li> <li>1 x 1 rib with spandex for enhanced stretch and recovery</li> <li>Classic fit, tubular body</li> <li>High-performing tear-away label</li> <li><b>Also available in childrens sizes code 18500B</b></li>",6.72
38189,381826,18500,SSHIRT,SWEATSHIRTS AND HOODIES,MENSSH,Mens Sweatshirts & Hoodies,GILDAN,Gildan,760062,33,Forest Green,12,2XL,Heavy Blend? Adult Hooded Sweatshirt,8.79,1,6,24,01-01-2026 1:50,C,https://myebrochure.co.uk/images/colours/gildan/gildan-33.jpg,https://myebrochure.co.uk/images/products/prod_29009_18500_184580.jpg,https://myebrochure.co.uk/images/products.small/prod_29009_18500_184580.jpg,https://myebrochure.co.uk/images/products.hires/prod_29009_18500_184580.jpg,https://myebrochure.co.uk/images/brands/gildan_25.png,https://myebrochure.co.uk/images/products.hires/prod_29009_18500_176511.jpg,,,,,,,,,,"<li>24/1 MVS Yarn</li> <li>The Heavy Blend collection is now made with finer yarns and new MVS Air spinning technology, that improves the fabric by reducing pilling, enhancing durability and creating a smoother printing surface.</li> <li>Proud member of the US Cotton Trust Protocol (USCTP) and Better Cotton&#8482;</li> <li>Cotton products from Gildan support more sustainable + ethical cotton farming</li> <li>2-end midweight fleece fabric</li> <li>Double-lined hood with color-matched drawcord </li> <li>Pouch pocket</li> <li>1 x 1 rib with spandex for enhanced stretch and recovery</li> <li>Classic fit, tubular body</li> <li>High-performing tear-away label</li> <li><b>Also available in childrens sizes code 18500B</b></li>",6.72
137570,1374773,18500,SSHIRT,SWEATSHIRTS AND HOODIES,MENSSH,Mens Sweatshirts & Hoodies,GILDAN,Gildan,760062,33,Forest Green,12,3XL,Heavy Blend? Adult Hooded Sweatshirt,12.12,1,12,24,31-12-2025 23:45,C,https://myebrochure.co.uk/images/colours/gildan/gildan-33.jpg,https://myebrochure.co.uk/images/products/prod_29009_18500_184580.jpg,https://myebrochure.co.uk/images/products.small/prod_29009_18500_184580.jpg,https://myebrochure.co.uk/images/products.hires/prod_29009_18500_184580.jpg,https://myebrochure.co.uk/images/brands/gildan_25.png,https://myebrochure.co.uk/images/products.hires/prod_29009_18500_176511.jpg,,,,,,,,,,"<li>24/1 MVS Yarn</li> <li>The Heavy Blend collection is now made with finer yarns and new MVS Air spinning technology, that improves the fabric by reducing pilling, enhancing durability and creating a smoother printing surface.</li> <li>Proud member of the US Cotton Trust Protocol (USCTP) and Better Cotton&#8482;</li> <li>Cotton products from Gildan support more sustainable + ethical cotton farming</li> <li>2-end midweight fleece fabric</li> <li>Double-lined hood with color-matched drawcord </li> <li>Pouch pocket</li> <li>1 x 1 rib with spandex for enhanced stretch and recovery</li> <li>Classic fit, tubular body</li> <li>High-performing tear-away label</li> <li><b>Also available in childrens sizes code 18500B</b></li>",9.27
103211,1031706,18500,SSHIRT,SWEATSHIRTS AND HOODIES,MENSSH,Mens Sweatshirts & Hoodies,GILDAN,Gildan,760062,219,Garnet,12,S,Heavy Blend? Adult Hooded Sweatshirt,8.79,1,6,24,31-12-2025 23:45,C,https://myebrochure.co.uk/images/colours/gildan/gildan-219.jpg,https://myebrochure.co.uk/images/products/prod_29009_18500_184580.jpg,https://myebrochure.co.uk/images/products.small/prod_29009_18500_184580.jpg,https://myebrochure.co.uk/images/products.hires/prod_29009_18500_184580.jpg,https://myebrochure.co.uk/images/brands/gildan_25.png,https://myebrochure.co.uk/images/products.hires/prod_29009_18500_176495.jpg,,,,,,,,,,"<li>24/1 MVS Yarn</li> <li>The Heavy Blend collection is now made with finer yarns and new MVS Air spinning technology, that improves the fabric by reducing pilling, enhancing durability and creating a smoother printing surface.</li> <li>Proud member of the US Cotton Trust Protocol (USCTP) and Better Cotton&#8482;</li> <li>Cotton products from Gildan support more sustainable + ethical cotton farming</li> <li>2-end midweight fleece fabric</li> <li>Double-lined hood with color-matched drawcord </li> <li>Pouch pocket</li> <li>1 x 1 rib with spandex for enhanced stretch and recovery</li> <li>Classic fit, tubular body</li> <li>High-performing tear-away label</li> <li><b>Also available in childrens sizes code 18500B</b></li>",6.72
103212,1031713,18500,SSHIRT,SWEATSHIRTS AND HOODIES,MENSSH,Mens Sweatshirts & Hoodies,GILDAN,Gildan,760062,219,Garnet,12,M,Heavy Blend? Adult Hooded Sweatshirt,8.79,1,6,24,31-12-2025 23:45,C,https://myebrochure.co.uk/images/colours/gildan/gildan-219.jpg,https://myebrochure.co.uk/images/products/prod_29009_18500_184580.jpg,https://myebrochure.co.uk/images/products.small/prod_29009_18500_184580.jpg,https://myebrochure.co.uk/images/products.hires/prod_29009_18500_184580.jpg,https://myebrochure.co.uk/images/brands/gildan_25.png,https://myebrochure.co.uk/images/products.hires/prod_29009_18500_176495.jpg,,,,,,,,,,"<li>24/1 MVS Yarn</li> <li>The Heavy Blend collection is now made with finer yarns and new MVS Air spinning technology, that improves the fabric by reducing pilling, enhancing durability and creating a smoother printing surface.</li> <li>Proud member of the US Cotton Trust Protocol (USCTP) and Better Cotton&#8482;</li> <li>Cotton products from Gildan support more sustainable + ethical cotton farming</li> <li>2-end midweight fleece fabric</li> <li>Double-lined hood with color-matched drawcord </li> <li>Pouch pocket</li> <li>1 x 1 rib with spandex for enhanced stretch and recovery</li> <li>Classic fit, tubular body</li> <li>High-performing tear-away label</li> <li><b>Also available in childrens sizes code 18500B</b></li>",6.72
103213,1031720,18500,SSHIRT,SWEATSHIRTS AND HOODIES,MENSSH,Mens Sweatshirts & Hoodies,GILDAN,Gildan,760062,219,Garnet,12,L,Heavy Blend? Adult Hooded Sweatshirt,8.79,1,6,24,31-12-2025 23:45,C,https://myebrochure.co.uk/images/colours/gildan/gildan-219.jpg,https://myebrochure.co.uk/images/products/prod_29009_18500_184580.jpg,https://myebrochure.co.uk/images/products.small/prod_29009_18500_184580.jpg,https://myebrochure.co.uk/images/products.hires/prod_29009_18500_184580.jpg,https://myebrochure.co.uk/images/brands/gildan_25.png,https://myebrochure.co.uk/images/products.hires/prod_29009_18500_176495.jpg,,,,,,,,,,"<li>24/1 MVS Yarn</li> <li>The Heavy Blend collection is now made with finer yarns and new MVS Air spinning technology, that improves the fabric by reducing pilling, enhancing durability and creating a smoother printing surface.</li> <li>Proud member of the US Cotton Trust Protocol (USCTP) and Better Cotton&#8482;</li> <li>Cotton products from Gildan support more sustainable + ethical cotton farming</li> <li>2-end midweight fleece fabric</li> <li>Double-lined hood with color-matched drawcord </li> <li>Pouch pocket</li> <li>1 x 1 rib with spandex for enhanced stretch and recovery</li> <li>Classic fit, tubular body</li> <li>High-performing tear-away label</li> <li><b>Also available in childrens sizes code 18500B</b></li>",6.72
103214,1031737,18500,SSHIRT,SWEATSHIRTS AND HOODIES,MENSSH,Mens Sweatshirts & Hoodies,GILDAN,Gildan,760062,219,Garnet,12,XL,Heavy Blend? Adult Hooded Sweatshirt,8.79,1,6,24,31-12-2025 23:45,C,https://myebrochure.co.uk/images/colours/gildan/gildan-219.jpg,https://myebrochure.co.uk/images/products/prod_29009_18500_184580.jpg,https://myebrochure.co.uk/images/products.small/prod_29009_18500_184580.jpg,https://myebrochure.co.uk/images/products.hires/prod_29009_18500_184580.jpg,https://myebrochure.co.uk/images/brands/gildan_25.png,https://myebrochure.co.uk/images/products.hires/prod_29009_18500_176495.jpg,,,,,,,,,,"<li>24/1 MVS Yarn</li> <li>The Heavy Blend collection is now made with finer yarns and new MVS Air spinning technology, that improves the fabric by reducing pilling, enhancing durability and creating a smoother printing surface.</li> <li>Proud member of the US Cotton Trust Protocol (USCTP) and Better Cotton&#8482;</li> <li>Cotton products from Gildan support more sustainable + ethical cotton farming</li> <li>2-end midweight fleece fabric</li> <li>Double-lined hood with color-matched drawcord </li> <li>Pouch pocket</li> <li>1 x 1 rib with spandex for enhanced stretch and recovery</li> <li>Classic fit, tubular body</li> <li>High-performing tear-away label</li> <li><b>Also available in childrens sizes code 18500B</b></li>",6.72
103215,1031744,18500,SSHIRT,SWEATSHIRTS AND HOODIES,MENSSH,Mens Sweatshirts & Hoodies,GILDAN,Gildan,760062,219,Garnet,12,2XL,Heavy Blend? Adult Hooded Sweatshirt,8.79,1,6,24,31-12-2025 23:45,C,https://myebrochure.co.uk/images/colours/gildan/gildan-219.jpg,https://myebrochure.co.uk/images/products/prod_29009_18500_184580.jpg,https://myebrochure.co.uk/images/products.small/prod_29009_18500_184580.jpg,https://myebrochure.co.uk/images/products.hires/prod_29009_18500_184580.jpg,https://myebrochure.co.uk/images/brands/gildan_25.png,https://myebrochure.co.uk/images/products.hires/prod_29009_18500_176495.jpg,,,,,,,,,,"<li>24/1 MVS Yarn</li> <li>The Heavy Blend collection is now made with finer yarns and new MVS Air spinning technology, that improves the fabric by reducing pilling, enhancing durability and creating a smoother printing surface.</li> <li>Proud member of the US Cotton Trust Protocol (USCTP) and Better Cotton&#8482;</li> <li>Cotton products from Gildan support more sustainable + ethical cotton farming</li> <li>2-end midweight fleece fabric</li> <li>Double-lined hood with color-matched drawcord </li> <li>Pouch pocket</li> <li>1 x 1 rib with spandex for enhanced stretch and recovery</li> <li>Classic fit, tubular body</li> <li>High-performing tear-away label</li> <li><b>Also available in childrens sizes code 18500B</b></li>",6.72
137549,1374568,18500,SSHIRT,SWEATSHIRTS AND HOODIES,MENSSH,Mens Sweatshirts & Hoodies,GILDAN,Gildan,760062,219,Garnet,12,3XL,Heavy Blend? Adult Hooded Sweatshirt,12.12,1,12,24,31-12-2025 23:45,C,https://myebrochure.co.uk/images/colours/gildan/gildan-219.jpg,https://myebrochure.co.uk/images/products/prod_29009_18500_184580.jpg,https://myebrochure.co.uk/images/products.small/prod_29009_18500_184580.jpg,https://myebrochure.co.uk/images/products.hires/prod_29009_18500_184580.jpg,https://myebrochure.co.uk/images/brands/gildan_25.png,https://myebrochure.co.uk/images/products.hires/prod_29009_18500_176495.jpg,,,,,,,,,,"<li>24/1 MVS Yarn</li> <li>The Heavy Blend collection is now made with finer yarns and new MVS Air spinning technology, that improves the fabric by reducing pilling, enhancing durability and creating a smoother printing surface.</li> <li>Proud member of the US Cotton Trust Protocol (USCTP) and Better Cotton&#8482;</li> <li>Cotton products from Gildan support more sustainable + ethical cotton farming</li> <li>2-end midweight fleece fabric</li> <li>Double-lined hood with color-matched drawcord </li> <li>Pouch pocket</li> <li>1 x 1 rib with spandex for enhanced stretch and recovery</li> <li>Classic fit, tubular body</li> <li>High-performing tear-away label</li> <li><b>Also available in childrens sizes code 18500B</b></li>",9.27
38170,381635,18500,SSHIRT,SWEATSHIRTS AND HOODIES,MENSSH,Mens Sweatshirts & Hoodies,GILDAN,Gildan,760062,24,Gold,12,S,Heavy Blend? Adult Hooded Sweatshirt,8.79,1,6,24,31-12-2025 23:45,C,https://myebrochure.co.uk/images/colours/gildan/gildan-24.jpg,https://myebrochure.co.uk/images/products/prod_29009_18500_184580.jpg,https://myebrochure.co.uk/images/products.small/prod_29009_18500_184580.jpg,https://myebrochure.co.uk/images/products.hires/prod_29009_18500_184580.jpg,https://myebrochure.co.uk/images/brands/gildan_25.png,https://myebrochure.co.uk/images/products.hires/prod_29009_18500_176493.jpg,,,,,,,,,,"<li>24/1 MVS Yarn</li> <li>The Heavy Blend collection is now made with finer yarns and new MVS Air spinning technology, that improves the fabric by reducing pilling, enhancing durability and creating a smoother printing surface.</li> <li>Proud member of the US Cotton Trust Protocol (USCTP) and Better Cotton&#8482;</li> <li>Cotton products from Gildan support more sustainable + ethical cotton farming</li> <li>2-end midweight fleece fabric</li> <li>Double-lined hood with color-matched drawcord </li> <li>Pouch pocket</li> <li>1 x 1 rib with spandex for enhanced stretch and recovery</li> <li>Classic fit, tubular body</li> <li>High-performing tear-away label</li> <li><b>Also available in childrens sizes code 18500B</b></li>",6.72
38171,381642,18500,SSHIRT,SWEATSHIRTS AND HOODIES,MENSSH,Mens Sweatshirts & Hoodies,GILDAN,Gildan,760062,24,Gold,12,M,Heavy Blend? Adult Hooded Sweatshirt,8.79,1,6,24,31-12-2025 23:45,C,https://myebrochure.co.uk/images/colours/gildan/gildan-24.jpg,https://myebrochure.co.uk/images/products/prod_29009_18500_184580.jpg,https://myebrochure.co.uk/images/products.small/prod_29009_18500_184580.jpg,https://myebrochure.co.uk/images/products.hires/prod_29009_18500_184580.jpg,https://myebrochure.co.uk/images/brands/gildan_25.png,https://myebrochure.co.uk/images/products.hires/prod_29009_18500_176493.jpg,,,,,,,,,,"<li>24/1 MVS Yarn</li> <li>The Heavy Blend collection is now made with finer yarns and new MVS Air spinning technology, that improves the fabric by reducing pilling, enhancing durability and creating a smoother printing surface.</li> <li>Proud member of the US Cotton Trust Protocol (USCTP) and Better Cotton&#8482;</li> <li>Cotton products from Gildan support more sustainable + ethical cotton farming</li> <li>2-end midweight fleece fabric</li> <li>Double-lined hood with color-matched drawcord </li> <li>Pouch pocket</li> <li>1 x 1 rib with spandex for enhanced stretch and recovery</li> <li>Classic fit, tubular body</li> <li>High-performing tear-away label</li> <li><b>Also available in childrens sizes code 18500B</b></li>",6.72
38172,381659,18500,SSHIRT,SWEATSHIRTS AND HOODIES,MENSSH,Mens Sweatshirts & Hoodies,GILDAN,Gildan,760062,24,Gold,12,L,Heavy Blend? Adult Hooded Sweatshirt,8.79,1,6,24,31-12-2025 23:45,C,https://myebrochure.co.uk/images/colours/gildan/gildan-24.jpg,https://myebrochure.co.uk/images/products/prod_29009_18500_184580.jpg,https://myebrochure.co.uk/images/products.small/prod_29009_18500_184580.jpg,https://myebrochure.co.uk/images/products.hires/prod_29009_18500_184580.jpg,https://myebrochure.co.uk/images/brands/gildan_25.png,https://myebrochure.co.uk/images/products.hires/prod_29009_18500_176493.jpg,,,,,,,,,,"<li>24/1 MVS Yarn</li> <li>The Heavy Blend collection is now made with finer yarns and new MVS Air spinning technology, that improves the fabric by reducing pilling, enhancing durability and creating a smoother printing surface.</li> <li>Proud member of the US Cotton Trust Protocol (USCTP) and Better Cotton&#8482;</li> <li>Cotton products from Gildan support more sustainable + ethical cotton farming</li> <li>2-end midweight fleece fabric</li> <li>Double-lined hood with color-matched drawcord </li> <li>Pouch pocket</li> <li>1 x 1 rib with spandex for enhanced stretch and recovery</li> <li>Classic fit, tubular body</li> <li>High-performing tear-away label</li> <li><b>Also available in childrens sizes code 18500B</b></li>",6.72
38173,381666,18500,SSHIRT,SWEATSHIRTS AND HOODIES,MENSSH,Mens Sweatshirts & Hoodies,GILDAN,Gildan,760062,24,Gold,12,XL,Heavy Blend? Adult Hooded Sweatshirt,8.79,1,6,24,31-12-2025 23:45,C,https://myebrochure.co.uk/images/colours/gildan/gildan-24.jpg,https://myebrochure.co.uk/images/products/prod_29009_18500_184580.jpg,https://myebrochure.co.uk/images/products.small/prod_29009_18500_184580.jpg,https://myebrochure.co.uk/images/products.hires/prod_29009_18500_184580.jpg,https://myebrochure.co.uk/images/brands/gildan_25.png,https://myebrochure.co.uk/images/products.hires/prod_29009_18500_176493.jpg,,,,,,,,,,"<li>24/1 MVS Yarn</li> <li>The Heavy Blend collection is now made with finer yarns and new MVS Air spinning technology, that improves the fabric by reducing pilling, enhancing durability and creating a smoother printing surface.</li> <li>Proud member of the US Cotton Trust Protocol (USCTP) and Better Cotton&#8482;</li> <li>Cotton products from Gildan support more sustainable + ethical cotton farming</li> <li>2-end midweight fleece fabric</li> <li>Double-lined hood with color-matched drawcord </li> <li>Pouch pocket</li> <li>1 x 1 rib with spandex for enhanced stretch and recovery</li> <li>Classic fit, tubular body</li> <li>High-performing tear-away label</li> <li><b>Also available in childrens sizes code 18500B</b></li>",6.72
38174,381673,18500,SSHIRT,SWEATSHIRTS AND HOODIES,MENSSH,Mens Sweatshirts & Hoodies,GILDAN,Gildan,760062,24,Gold,12,2XL,Heavy Blend? Adult Hooded Sweatshirt,8.79,1,6,24,31-12-2025 23:45,C,https://myebrochure.co.uk/images/colours/gildan/gildan-24.jpg,https://myebrochure.co.uk/images/products/prod_29009_18500_184580.jpg,https://myebrochure.co.uk/images/products.small/prod_29009_18500_184580.jpg,https://myebrochure.co.uk/images/products.hires/prod_29009_18500_184580.jpg,https://myebrochure.co.uk/images/brands/gildan_25.png,https://myebrochure.co.uk/images/products.hires/prod_29009_18500_176493.jpg,,,,,,,,,,"<li>24/1 MVS Yarn</li> <li>The Heavy Blend collection is now made with finer yarns and new MVS Air spinning technology, that improves the fabric by reducing pilling, enhancing durability and creating a smoother printing surface.</li> <li>Proud member of the US Cotton Trust Protocol (USCTP) and Better Cotton&#8482;</li> <li>Cotton products from Gildan support more sustainable + ethical cotton farming</li> <li>2-end midweight fleece fabric</li> <li>Double-lined hood with color-matched drawcord </li> <li>Pouch pocket</li> <li>1 x 1 rib with spandex for enhanced stretch and recovery</li> <li>Classic fit, tubular body</li> <li>High-performing tear-away label</li> <li><b>Also available in childrens sizes code 18500B</b></li>",6.72
137552,1374599,18500,SSHIRT,SWEATSHIRTS AND HOODIES,MENSSH,Mens Sweatshirts & Hoodies,GILDAN,Gildan,760062,24,Gold,12,3XL,Heavy Blend? Adult Hooded Sweatshirt,12.12,1,12,24,31-12-2025 23:45,C,https://myebrochure.co.uk/images/colours/gildan/gildan-24.jpg,https://myebrochure.co.uk/images/products/prod_29009_18500_184580.jpg,https://myebrochure.co.uk/images/products.small/prod_29009_18500_184580.jpg,https://myebrochure.co.uk/images/products.hires/prod_29009_18500_184580.jpg,https://myebrochure.co.uk/images/brands/gildan_25.png,https://myebrochure.co.uk/images/products.hires/prod_29009_18500_176493.jpg,,,,,,,,,,"<li>24/1 MVS Yarn</li> <li>The Heavy Blend collection is now made with finer yarns and new MVS Air spinning technology, that improves the fabric by reducing pilling, enhancing durability and creating a smoother printing surface.</li> <li>Proud member of the US Cotton Trust Protocol (USCTP) and Better Cotton&#8482;</li> <li>Cotton products from Gildan support more sustainable + ethical cotton farming</li> <li>2-end midweight fleece fabric</li> <li>Double-lined hood with color-matched drawcord </li> <li>Pouch pocket</li> <li>1 x 1 rib with spandex for enhanced stretch and recovery</li> <li>Classic fit, tubular body</li> <li>High-performing tear-away label</li> <li><b>Also available in childrens sizes code 18500B</b></li>",9.27
146319,1462234,18500,SSHIRT,SWEATSHIRTS AND HOODIES,MENSSH,Mens Sweatshirts & Hoodies,GILDAN,Gildan,760062,516,Graphite Heather,12,S,Heavy Blend? Adult Hooded Sweatshirt,8.79,1,6,24,31-12-2025 23:45,C,https://myebrochure.co.uk/images/colours/gildan/gildan-516.jpg,https://myebrochure.co.uk/images/products/prod_29009_18500_184580.jpg,https://myebrochure.co.uk/images/products.small/prod_29009_18500_184580.jpg,https://myebrochure.co.uk/images/products.hires/prod_29009_18500_184580.jpg,https://myebrochure.co.uk/images/brands/gildan_25.png,https://myebrochure.co.uk/images/products.hires/prod_29009_18500_176526.jpg,,,,,,,,,,"<li>24/1 MVS Yarn</li> <li>The Heavy Blend collection is now made with finer yarns and new MVS Air spinning technology, that improves the fabric by reducing pilling, enhancing durability and creating a smoother printing surface.</li> <li>Proud member of the US Cotton Trust Protocol (USCTP) and Better Cotton&#8482;</li> <li>Cotton products from Gildan support more sustainable + ethical cotton farming</li> <li>2-end midweight fleece fabric</li> <li>Double-lined hood with color-matched drawcord </li> <li>Pouch pocket</li> <li>1 x 1 rib with spandex for enhanced stretch and recovery</li> <li>Classic fit, tubular body</li> <li>High-performing tear-away label</li> <li><b>Also available in childrens sizes code 18500B</b></li>",6.72
146320,1462241,18500,SSHIRT,SWEATSHIRTS AND HOODIES,MENSSH,Mens Sweatshirts & Hoodies,GILDAN,Gildan,760062,516,Graphite Heather,12,M,Heavy Blend? Adult Hooded Sweatshirt,8.79,1,6,24,31-12-2025 23:45,C,https://myebrochure.co.uk/images/colours/gildan/gildan-516.jpg,https://myebrochure.co.uk/images/products/prod_29009_18500_184580.jpg,https://myebrochure.co.uk/images/products.small/prod_29009_18500_184580.jpg,https://myebrochure.co.uk/images/products.hires/prod_29009_18500_184580.jpg,https://myebrochure.co.uk/images/brands/gildan_25.png,https://myebrochure.co.uk/images/products.hires/prod_29009_18500_176526.jpg,,,,,,,,,,"<li>24/1 MVS Yarn</li> <li>The Heavy Blend collection is now made with finer yarns and new MVS Air spinning technology, that improves the fabric by reducing pilling, enhancing durability and creating a smoother printing surface.</li> <li>Proud member of the US Cotton Trust Protocol (USCTP) and Better Cotton&#8482;</li> <li>Cotton products from Gildan support more sustainable + ethical cotton farming</li> <li>2-end midweight fleece fabric</li> <li>Double-lined hood with color-matched drawcord </li> <li>Pouch pocket</li> <li>1 x 1 rib with spandex for enhanced stretch and recovery</li> <li>Classic fit, tubular body</li> <li>High-performing tear-away label</li> <li><b>Also available in childrens sizes code 18500B</b></li>",6.72
146321,1462258,18500,SSHIRT,SWEATSHIRTS AND HOODIES,MENSSH,Mens Sweatshirts & Hoodies,GILDAN,Gildan,760062,516,Graphite Heather,12,L,Heavy Blend? Adult Hooded Sweatshirt,8.79,1,6,24,01-01-2026 1:50,C,https://myebrochure.co.uk/images/colours/gildan/gildan-516.jpg,https://myebrochure.co.uk/images/products/prod_29009_18500_184580.jpg,https://myebrochure.co.uk/images/products.small/prod_29009_18500_184580.jpg,https://myebrochure.co.uk/images/products.hires/prod_29009_18500_184580.jpg,https://myebrochure.co.uk/images/brands/gildan_25.png,https://myebrochure.co.uk/images/products.hires/prod_29009_18500_176526.jpg,,,,,,,,,,"<li>24/1 MVS Yarn</li> <li>The Heavy Blend collection is now made with finer yarns and new MVS Air spinning technology, that improves the fabric by reducing pilling, enhancing durability and creating a smoother printing surface.</li> <li>Proud member of the US Cotton Trust Protocol (USCTP) and Better Cotton&#8482;</li> <li>Cotton products from Gildan support more sustainable + ethical cotton farming</li> <li>2-end midweight fleece fabric</li> <li>Double-lined hood with color-matched drawcord </li> <li>Pouch pocket</li> <li>1 x 1 rib with spandex for enhanced stretch and recovery</li> <li>Classic fit, tubular body</li> <li>High-performing tear-away label</li> <li><b>Also available in childrens sizes code 18500B</b></li>",6.72
146322,1462265,18500,SSHIRT,SWEATSHIRTS AND HOODIES,MENSSH,Mens Sweatshirts & Hoodies,GILDAN,Gildan,760062,516,Graphite Heather,12,XL,Heavy Blend? Adult Hooded Sweatshirt,8.79,1,6,24,31-12-2025 23:45,C,https://myebrochure.co.uk/images/colours/gildan/gildan-516.jpg,https://myebrochure.co.uk/images/products/prod_29009_18500_184580.jpg,https://myebrochure.co.uk/images/products.small/prod_29009_18500_184580.jpg,https://myebrochure.co.uk/images/products.hires/prod_29009_18500_184580.jpg,https://myebrochure.co.uk/images/brands/gildan_25.png,https://myebrochure.co.uk/images/products.hires/prod_29009_18500_176526.jpg,,,,,,,,,,"<li>24/1 MVS Yarn</li> <li>The Heavy Blend collection is now made with finer yarns and new MVS Air spinning technology, that improves the fabric by reducing pilling, enhancing durability and creating a smoother printing surface.</li> <li>Proud member of the US Cotton Trust Protocol (USCTP) and Better Cotton&#8482;</li> <li>Cotton products from Gildan support more sustainable + ethical cotton farming</li> <li>2-end midweight fleece fabric</li> <li>Double-lined hood with color-matched drawcord </li> <li>Pouch pocket</li> <li>1 x 1 rib with spandex for enhanced stretch and recovery</li> <li>Classic fit, tubular body</li> <li>High-performing tear-away label</li> <li><b>Also available in childrens sizes code 18500B</b></li>",6.72
146323,1462272,18500,SSHIRT,SWEATSHIRTS AND HOODIES,MENSSH,Mens Sweatshirts & Hoodies,GILDAN,Gildan,760062,516,Graphite Heather,12,2XL,Heavy Blend? Adult Hooded Sweatshirt,8.79,1,6,24,31-12-2025 23:45,C,https://myebrochure.co.uk/images/colours/gildan/gildan-516.jpg,https://myebrochure.co.uk/images/products/prod_29009_18500_184580.jpg,https://myebrochure.co.uk/images/products.small/prod_29009_18500_184580.jpg,https://myebrochure.co.uk/images/products.hires/prod_29009_18500_184580.jpg,https://myebrochure.co.uk/images/brands/gildan_25.png,https://myebrochure.co.uk/images/products.hires/prod_29009_18500_176526.jpg,,,,,,,,,,"<li>24/1 MVS Yarn</li> <li>The Heavy Blend collection is now made with finer yarns and new MVS Air spinning technology, that improves the fabric by reducing pilling, enhancing durability and creating a smoother printing surface.</li> <li>Proud member of the US Cotton Trust Protocol (USCTP) and Better Cotton&#8482;</li> <li>Cotton products from Gildan support more sustainable + ethical cotton farming</li> <li>2-end midweight fleece fabric</li> <li>Double-lined hood with color-matched drawcord </li> <li>Pouch pocket</li> <li>1 x 1 rib with spandex for enhanced stretch and recovery</li> <li>Classic fit, tubular body</li> <li>High-performing tear-away label</li> <li><b>Also available in childrens sizes code 18500B</b></li>",6.72
146324,1462289,18500,SSHIRT,SWEATSHIRTS AND HOODIES,MENSSH,Mens Sweatshirts & Hoodies,GILDAN,Gildan,760062,516,Graphite Heather,12,3XL,Heavy Blend? Adult Hooded Sweatshirt,12.12,1,6,24,31-12-2025 23:45,C,https://myebrochure.co.uk/images/colours/gildan/gildan-516.jpg,https://myebrochure.co.uk/images/products/prod_29009_18500_184580.jpg,https://myebrochure.co.uk/images/products.small/prod_29009_18500_184580.jpg,https://myebrochure.co.uk/images/products.hires/prod_29009_18500_184580.jpg,https://myebrochure.co.uk/images/brands/gildan_25.png,https://myebrochure.co.uk/images/products.hires/prod_29009_18500_176526.jpg,,,,,,,,,,"<li>24/1 MVS Yarn</li> <li>The Heavy Blend collection is now made with finer yarns and new MVS Air spinning technology, that improves the fabric by reducing pilling, enhancing durability and creating a smoother printing surface.</li> <li>Proud member of the US Cotton Trust Protocol (USCTP) and Better Cotton&#8482;</li> <li>Cotton products from Gildan support more sustainable + ethical cotton farming</li> <li>2-end midweight fleece fabric</li> <li>Double-lined hood with color-matched drawcord </li> <li>Pouch pocket</li> <li>1 x 1 rib with spandex for enhanced stretch and recovery</li> <li>Classic fit, tubular body</li> <li>High-performing tear-away label</li> <li><b>Also available in childrens sizes code 18500B</b></li>",9.27
58608,586016,18500,SSHIRT,SWEATSHIRTS AND HOODIES,MENSSH,Mens Sweatshirts & Hoodies,GILDAN,Gildan,760062,10,Heliconia,12,S,Heavy Blend? Adult Hooded Sweatshirt,8.79,1,6,24,31-12-2025 23:45,C,https://myebrochure.co.uk/images/colours/gildan/gildan-10.jpg,https://myebrochure.co.uk/images/products/prod_29009_18500_184580.jpg,https://myebrochure.co.uk/images/products.small/prod_29009_18500_184580.jpg,https://myebrochure.co.uk/images/products.hires/prod_29009_18500_184580.jpg,https://myebrochure.co.uk/images/brands/gildan_25.png,https://myebrochure.co.uk/images/products.hires/prod_29009_18500_176500.jpg,,,,,,,,,,"<li>24/1 MVS Yarn</li> <li>The Heavy Blend collection is now made with finer yarns and new MVS Air spinning technology, that improves the fabric by reducing pilling, enhancing durability and creating a smoother printing surface.</li> <li>Proud member of the US Cotton Trust Protocol (USCTP) and Better Cotton&#8482;</li> <li>Cotton products from Gildan support more sustainable + ethical cotton farming</li> <li>2-end midweight fleece fabric</li> <li>Double-lined hood with color-matched drawcord </li> <li>Pouch pocket</li> <li>1 x 1 rib with spandex for enhanced stretch and recovery</li> <li>Classic fit, tubular body</li> <li>High-performing tear-away label</li> <li><b>Also available in childrens sizes code 18500B</b></li>",6.72
54172,541602,18500,SSHIRT,SWEATSHIRTS AND HOODIES,MENSSH,Mens Sweatshirts & Hoodies,GILDAN,Gildan,760062,10,Heliconia,12,M,Heavy Blend? Adult Hooded Sweatshirt,8.79,1,6,24,31-12-2025 23:45,C,https://myebrochure.co.uk/images/colours/gildan/gildan-10.jpg,https://myebrochure.co.uk/images/products/prod_29009_18500_184580.jpg,https://myebrochure.co.uk/images/products.small/prod_29009_18500_184580.jpg,https://myebrochure.co.uk/images/products.hires/prod_29009_18500_184580.jpg,https://myebrochure.co.uk/images/brands/gildan_25.png,https://myebrochure.co.uk/images/products.hires/prod_29009_18500_176500.jpg,,,,,,,,,,"<li>24/1 MVS Yarn</li> <li>The Heavy Blend collection is now made with finer yarns and new MVS Air spinning technology, that improves the fabric by reducing pilling, enhancing durability and creating a smoother printing surface.</li> <li>Proud member of the US Cotton Trust Protocol (USCTP) and Better Cotton&#8482;</li> <li>Cotton products from Gildan support more sustainable + ethical cotton farming</li> <li>2-end midweight fleece fabric</li> <li>Double-lined hood with color-matched drawcord </li> <li>Pouch pocket</li> <li>1 x 1 rib with spandex for enhanced stretch and recovery</li> <li>Classic fit, tubular body</li> <li>High-performing tear-away label</li> <li><b>Also available in childrens sizes code 18500B</b></li>",6.72
54173,541619,18500,SSHIRT,SWEATSHIRTS AND HOODIES,MENSSH,Mens Sweatshirts & Hoodies,GILDAN,Gildan,760062,10,Heliconia,12,L,Heavy Blend? Adult Hooded Sweatshirt,8.79,1,6,24,31-12-2025 23:45,C,https://myebrochure.co.uk/images/colours/gildan/gildan-10.jpg,https://myebrochure.co.uk/images/products/prod_29009_18500_184580.jpg,https://myebrochure.co.uk/images/products.small/prod_29009_18500_184580.jpg,https://myebrochure.co.uk/images/products.hires/prod_29009_18500_184580.jpg,https://myebrochure.co.uk/images/brands/gildan_25.png,https://myebrochure.co.uk/images/products.hires/prod_29009_18500_176500.jpg,,,,,,,,,,"<li>24/1 MVS Yarn</li> <li>The Heavy Blend collection is now made with finer yarns and new MVS Air spinning technology, that improves the fabric by reducing pilling, enhancing durability and creating a smoother printing surface.</li> <li>Proud member of the US Cotton Trust Protocol (USCTP) and Better Cotton&#8482;</li> <li>Cotton products from Gildan support more sustainable + ethical cotton farming</li> <li>2-end midweight fleece fabric</li> <li>Double-lined hood with color-matched drawcord </li> <li>Pouch pocket</li> <li>1 x 1 rib with spandex for enhanced stretch and recovery</li> <li>Classic fit, tubular body</li> <li>High-performing tear-away label</li> <li><b>Also available in childrens sizes code 18500B</b></li>",6.72
54174,541626,18500,SSHIRT,SWEATSHIRTS AND HOODIES,MENSSH,Mens Sweatshirts & Hoodies,GILDAN,Gildan,760062,10,Heliconia,12,XL,Heavy Blend? Adult Hooded Sweatshirt,8.79,1,6,24,31-12-2025 23:45,C,https://myebrochure.co.uk/images/colours/gildan/gildan-10.jpg,https://myebrochure.co.uk/images/products/prod_29009_18500_184580.jpg,https://myebrochure.co.uk/images/products.small/prod_29009_18500_184580.jpg,https://myebrochure.co.uk/images/products.hires/prod_29009_18500_184580.jpg,https://myebrochure.co.uk/images/brands/gildan_25.png,https://myebrochure.co.uk/images/products.hires/prod_29009_18500_176500.jpg,,,,,,,,,,"<li>24/1 MVS Yarn</li> <li>The Heavy Blend collection is now made with finer yarns and new MVS Air spinning technology, that improves the fabric by reducing pilling, enhancing durability and creating a smoother printing surface.</li> <li>Proud member of the US Cotton Trust Protocol (USCTP) and Better Cotton&#8482;</li> <li>Cotton products from Gildan support more sustainable + ethical cotton farming</li> <li>2-end midweight fleece fabric</li> <li>Double-lined hood with color-matched drawcord </li> <li>Pouch pocket</li> <li>1 x 1 rib with spandex for enhanced stretch and recovery</li> <li>Classic fit, tubular body</li> <li>High-performing tear-away label</li> <li><b>Also available in childrens sizes code 18500B</b></li>",6.72
54175,541633,18500,SSHIRT,SWEATSHIRTS AND HOODIES,MENSSH,Mens Sweatshirts & Hoodies,GILDAN,Gildan,760062,10,Heliconia,12,2XL,Heavy Blend? Adult Hooded Sweatshirt,8.79,1,6,24,31-12-2025 23:45,C,https://myebrochure.co.uk/images/colours/gildan/gildan-10.jpg,https://myebrochure.co.uk/images/products/prod_29009_18500_184580.jpg,https://myebrochure.co.uk/images/products.small/prod_29009_18500_184580.jpg,https://myebrochure.co.uk/images/products.hires/prod_29009_18500_184580.jpg,https://myebrochure.co.uk/images/brands/gildan_25.png,https://myebrochure.co.uk/images/products.hires/prod_29009_18500_176500.jpg,,,,,,,,,,"<li>24/1 MVS Yarn</li> <li>The Heavy Blend collection is now made with finer yarns and new MVS Air spinning technology, that improves the fabric by reducing pilling, enhancing durability and creating a smoother printing surface.</li> <li>Proud member of the US Cotton Trust Protocol (USCTP) and Better Cotton&#8482;</li> <li>Cotton products from Gildan support more sustainable + ethical cotton farming</li> <li>2-end midweight fleece fabric</li> <li>Double-lined hood with color-matched drawcord </li> <li>Pouch pocket</li> <li>1 x 1 rib with spandex for enhanced stretch and recovery</li> <li>Classic fit, tubular body</li> <li>High-performing tear-away label</li> <li><b>Also available in childrens sizes code 18500B</b></li>",6.72
137516,1374230,18500,SSHIRT,SWEATSHIRTS AND HOODIES,MENSSH,Mens Sweatshirts & Hoodies,GILDAN,Gildan,760062,10,Heliconia,12,3XL,Heavy Blend? Adult Hooded Sweatshirt,12.12,1,12,24,31-12-2025 23:45,C,https://myebrochure.co.uk/images/colours/gildan/gildan-10.jpg,https://myebrochure.co.uk/images/products/prod_29009_18500_184580.jpg,https://myebrochure.co.uk/images/products.small/prod_29009_18500_184580.jpg,https://myebrochure.co.uk/images/products.hires/prod_29009_18500_184580.jpg,https://myebrochure.co.uk/images/brands/gildan_25.png,https://myebrochure.co.uk/images/products.hires/prod_29009_18500_176500.jpg,,,,,,,,,,"<li>24/1 MVS Yarn</li> <li>The Heavy Blend collection is now made with finer yarns and new MVS Air spinning technology, that improves the fabric by reducing pilling, enhancing durability and creating a smoother printing surface.</li> <li>Proud member of the US Cotton Trust Protocol (USCTP) and Better Cotton&#8482;</li> <li>Cotton products from Gildan support more sustainable + ethical cotton farming</li> <li>2-end midweight fleece fabric</li> <li>Double-lined hood with color-matched drawcord </li> <li>Pouch pocket</li> <li>1 x 1 rib with spandex for enhanced stretch and recovery</li> <li>Classic fit, tubular body</li> <li>High-performing tear-away label</li> <li><b>Also available in childrens sizes code 18500B</b></li>",9.27
38220,382137,18500,SSHIRT,SWEATSHIRTS AND HOODIES,MENSSH,Mens Sweatshirts & Hoodies,GILDAN,Gildan,760062,80,Indigo Blue,12,S,Heavy Blend? Adult Hooded Sweatshirt,8.79,1,6,24,31-12-2025 23:45,C,https://myebrochure.co.uk/images/colours/gildan/gildan-80.jpg,https://myebrochure.co.uk/images/products/prod_29009_18500_184580.jpg,https://myebrochure.co.uk/images/products.small/prod_29009_18500_184580.jpg,https://myebrochure.co.uk/images/products.hires/prod_29009_18500_184580.jpg,https://myebrochure.co.uk/images/brands/gildan_25.png,https://myebrochure.co.uk/images/products.hires/prod_29009_18500_176509.jpg,,,,,,,,,,"<li>24/1 MVS Yarn</li> <li>The Heavy Blend collection is now made with finer yarns and new MVS Air spinning technology, that improves the fabric by reducing pilling, enhancing durability and creating a smoother printing surface.</li> <li>Proud member of the US Cotton Trust Protocol (USCTP) and Better Cotton&#8482;</li> <li>Cotton products from Gildan support more sustainable + ethical cotton farming</li> <li>2-end midweight fleece fabric</li> <li>Double-lined hood with color-matched drawcord </li> <li>Pouch pocket</li> <li>1 x 1 rib with spandex for enhanced stretch and recovery</li> <li>Classic fit, tubular body</li> <li>High-performing tear-away label</li> <li><b>Also available in childrens sizes code 18500B</b></li>",6.72
38221,382144,18500,SSHIRT,SWEATSHIRTS AND HOODIES,MENSSH,Mens Sweatshirts & Hoodies,GILDAN,Gildan,760062,80,Indigo Blue,12,M,Heavy Blend? Adult Hooded Sweatshirt,8.79,1,6,24,31-12-2025 23:45,C,https://myebrochure.co.uk/images/colours/gildan/gildan-80.jpg,https://myebrochure.co.uk/images/products/prod_29009_18500_184580.jpg,https://myebrochure.co.uk/images/products.small/prod_29009_18500_184580.jpg,https://myebrochure.co.uk/images/products.hires/prod_29009_18500_184580.jpg,https://myebrochure.co.uk/images/brands/gildan_25.png,https://myebrochure.co.uk/images/products.hires/prod_29009_18500_176509.jpg,,,,,,,,,,"<li>24/1 MVS Yarn</li> <li>The Heavy Blend collection is now made with finer yarns and new MVS Air spinning technology, that improves the fabric by reducing pilling, enhancing durability and creating a smoother printing surface.</li> <li>Proud member of the US Cotton Trust Protocol (USCTP) and Better Cotton&#8482;</li> <li>Cotton products from Gildan support more sustainable + ethical cotton farming</li> <li>2-end midweight fleece fabric</li> <li>Double-lined hood with color-matched drawcord </li> <li>Pouch pocket</li> <li>1 x 1 rib with spandex for enhanced stretch and recovery</li> <li>Classic fit, tubular body</li> <li>High-performing tear-away label</li> <li><b>Also available in childrens sizes code 18500B</b></li>",6.72
38222,382151,18500,SSHIRT,SWEATSHIRTS AND HOODIES,MENSSH,Mens Sweatshirts & Hoodies,GILDAN,Gildan,760062,80,Indigo Blue,12,L,Heavy Blend? Adult Hooded Sweatshirt,8.79,1,6,24,31-12-2025 23:45,C,https://myebrochure.co.uk/images/colours/gildan/gildan-80.jpg,https://myebrochure.co.uk/images/products/prod_29009_18500_184580.jpg,https://myebrochure.co.uk/images/products.small/prod_29009_18500_184580.jpg,https://myebrochure.co.uk/images/products.hires/prod_29009_18500_184580.jpg,https://myebrochure.co.uk/images/brands/gildan_25.png,https://myebrochure.co.uk/images/products.hires/prod_29009_18500_176509.jpg,,,,,,,,,,"<li>24/1 MVS Yarn</li> <li>The Heavy Blend collection is now made with finer yarns and new MVS Air spinning technology, that improves the fabric by reducing pilling, enhancing durability and creating a smoother printing surface.</li> <li>Proud member of the US Cotton Trust Protocol (USCTP) and Better Cotton&#8482;</li> <li>Cotton products from Gildan support more sustainable + ethical cotton farming</li> <li>2-end midweight fleece fabric</li> <li>Double-lined hood with color-matched drawcord </li> <li>Pouch pocket</li> <li>1 x 1 rib with spandex for enhanced stretch and recovery</li> <li>Classic fit, tubular body</li> <li>High-performing tear-away label</li> <li><b>Also available in childrens sizes code 18500B</b></li>",6.72
38223,382168,18500,SSHIRT,SWEATSHIRTS AND HOODIES,MENSSH,Mens Sweatshirts & Hoodies,GILDAN,Gildan,760062,80,Indigo Blue,12,XL,Heavy Blend? Adult Hooded Sweatshirt,8.79,1,6,24,31-12-2025 23:45,C,https://myebrochure.co.uk/images/colours/gildan/gildan-80.jpg,https://myebrochure.co.uk/images/products/prod_29009_18500_184580.jpg,https://myebrochure.co.uk/images/products.small/prod_29009_18500_184580.jpg,https://myebrochure.co.uk/images/products.hires/prod_29009_18500_184580.jpg,https://myebrochure.co.uk/images/brands/gildan_25.png,https://myebrochure.co.uk/images/products.hires/prod_29009_18500_176509.jpg,,,,,,,,,,"<li>24/1 MVS Yarn</li> <li>The Heavy Blend collection is now made with finer yarns and new MVS Air spinning technology, that improves the fabric by reducing pilling, enhancing durability and creating a smoother printing surface.</li> <li>Proud member of the US Cotton Trust Protocol (USCTP) and Better Cotton&#8482;</li> <li>Cotton products from Gildan support more sustainable + ethical cotton farming</li> <li>2-end midweight fleece fabric</li> <li>Double-lined hood with color-matched drawcord </li> <li>Pouch pocket</li> <li>1 x 1 rib with spandex for enhanced stretch and recovery</li> <li>Classic fit, tubular body</li> <li>High-performing tear-away label</li> <li><b>Also available in childrens sizes code 18500B</b></li>",6.72
38224,382175,18500,SSHIRT,SWEATSHIRTS AND HOODIES,MENSSH,Mens Sweatshirts & Hoodies,GILDAN,Gildan,760062,80,Indigo Blue,12,2XL,Heavy Blend? Adult Hooded Sweatshirt,8.79,1,6,24,31-12-2025 23:45,C,https://myebrochure.co.uk/images/colours/gildan/gildan-80.jpg,https://myebrochure.co.uk/images/products/prod_29009_18500_184580.jpg,https://myebrochure.co.uk/images/products.small/prod_29009_18500_184580.jpg,https://myebrochure.co.uk/images/products.hires/prod_29009_18500_184580.jpg,https://myebrochure.co.uk/images/brands/gildan_25.png,https://myebrochure.co.uk/images/products.hires/prod_29009_18500_176509.jpg,,,,,,,,,,"<li>24/1 MVS Yarn</li> <li>The Heavy Blend collection is now made with finer yarns and new MVS Air spinning technology, that improves the fabric by reducing pilling, enhancing durability and creating a smoother printing surface.</li> <li>Proud member of the US Cotton Trust Protocol (USCTP) and Better Cotton&#8482;</li> <li>Cotton products from Gildan support more sustainable + ethical cotton farming</li> <li>2-end midweight fleece fabric</li> <li>Double-lined hood with color-matched drawcord </li> <li>Pouch pocket</li> <li>1 x 1 rib with spandex for enhanced stretch and recovery</li> <li>Classic fit, tubular body</li> <li>High-performing tear-away label</li> <li><b>Also available in childrens sizes code 18500B</b></li>",6.72
137597,1375046,18500,SSHIRT,SWEATSHIRTS AND HOODIES,MENSSH,Mens Sweatshirts & Hoodies,GILDAN,Gildan,760062,80,Indigo Blue,12,3XL,Heavy Blend? Adult Hooded Sweatshirt,12.12,1,12,24,31-12-2025 23:45,C,https://myebrochure.co.uk/images/colours/gildan/gildan-80.jpg,https://myebrochure.co.uk/images/products/prod_29009_18500_184580.jpg,https://myebrochure.co.uk/images/products.small/prod_29009_18500_184580.jpg,https://myebrochure.co.uk/images/products.hires/prod_29009_18500_184580.jpg,https://myebrochure.co.uk/images/brands/gildan_25.png,https://myebrochure.co.uk/images/products.hires/prod_29009_18500_176509.jpg,,,,,,,,,,"<li>24/1 MVS Yarn</li> <li>The Heavy Blend collection is now made with finer yarns and new MVS Air spinning technology, that improves the fabric by reducing pilling, enhancing durability and creating a smoother printing surface.</li> <li>Proud member of the US Cotton Trust Protocol (USCTP) and Better Cotton&#8482;</li> <li>Cotton products from Gildan support more sustainable + ethical cotton farming</li> <li>2-end midweight fleece fabric</li> <li>Double-lined hood with color-matched drawcord </li> <li>Pouch pocket</li> <li>1 x 1 rib with spandex for enhanced stretch and recovery</li> <li>Classic fit, tubular body</li> <li>High-performing tear-away label</li> <li><b>Also available in childrens sizes code 18500B</b></li>",9.27
38270,382632,18500,SSHIRT,SWEATSHIRTS AND HOODIES,MENSSH,Mens Sweatshirts & Hoodies,GILDAN,Gildan,760062,167,Irish Green,12,S,Heavy Blend? Adult Hooded Sweatshirt,8.79,1,6,24,31-12-2025 23:45,C,https://myebrochure.co.uk/images/colours/gildan/gildan-167.jpg,https://myebrochure.co.uk/images/products/prod_29009_18500_184580.jpg,https://myebrochure.co.uk/images/products.small/prod_29009_18500_184580.jpg,https://myebrochure.co.uk/images/products.hires/prod_29009_18500_184580.jpg,https://myebrochure.co.uk/images/brands/gildan_25.png,https://myebrochure.co.uk/images/products.hires/prod_29009_18500_176501.jpg,,,,,,,,,,"<li>24/1 MVS Yarn</li> <li>The Heavy Blend collection is now made with finer yarns and new MVS Air spinning technology, that improves the fabric by reducing pilling, enhancing durability and creating a smoother printing surface.</li> <li>Proud member of the US Cotton Trust Protocol (USCTP) and Better Cotton&#8482;</li> <li>Cotton products from Gildan support more sustainable + ethical cotton farming</li> <li>2-end midweight fleece fabric</li> <li>Double-lined hood with color-matched drawcord </li> <li>Pouch pocket</li> <li>1 x 1 rib with spandex for enhanced stretch and recovery</li> <li>Classic fit, tubular body</li> <li>High-performing tear-away label</li> <li><b>Also available in childrens sizes code 18500B</b></li>",6.72
38271,382649,18500,SSHIRT,SWEATSHIRTS AND HOODIES,MENSSH,Mens Sweatshirts & Hoodies,GILDAN,Gildan,760062,167,Irish Green,12,M,Heavy Blend? Adult Hooded Sweatshirt,8.79,1,6,24,31-12-2025 23:45,C,https://myebrochure.co.uk/images/colours/gildan/gildan-167.jpg,https://myebrochure.co.uk/images/products/prod_29009_18500_184580.jpg,https://myebrochure.co.uk/images/products.small/prod_29009_18500_184580.jpg,https://myebrochure.co.uk/images/products.hires/prod_29009_18500_184580.jpg,https://myebrochure.co.uk/images/brands/gildan_25.png,https://myebrochure.co.uk/images/products.hires/prod_29009_18500_176501.jpg,,,,,,,,,,"<li>24/1 MVS Yarn</li> <li>The Heavy Blend collection is now made with finer yarns and new MVS Air spinning technology, that improves the fabric by reducing pilling, enhancing durability and creating a smoother printing surface.</li> <li>Proud member of the US Cotton Trust Protocol (USCTP) and Better Cotton&#8482;</li> <li>Cotton products from Gildan support more sustainable + ethical cotton farming</li> <li>2-end midweight fleece fabric</li> <li>Double-lined hood with color-matched drawcord </li> <li>Pouch pocket</li> <li>1 x 1 rib with spandex for enhanced stretch and recovery</li> <li>Classic fit, tubular body</li> <li>High-performing tear-away label</li> <li><b>Also available in childrens sizes code 18500B</b></li>",6.72
38272,382656,18500,SSHIRT,SWEATSHIRTS AND HOODIES,MENSSH,Mens Sweatshirts & Hoodies,GILDAN,Gildan,760062,167,Irish Green,12,L,Heavy Blend? Adult Hooded Sweatshirt,8.79,1,6,24,31-12-2025 23:45,C,https://myebrochure.co.uk/images/colours/gildan/gildan-167.jpg,https://myebrochure.co.uk/images/products/prod_29009_18500_184580.jpg,https://myebrochure.co.uk/images/products.small/prod_29009_18500_184580.jpg,https://myebrochure.co.uk/images/products.hires/prod_29009_18500_184580.jpg,https://myebrochure.co.uk/images/brands/gildan_25.png,https://myebrochure.co.uk/images/products.hires/prod_29009_18500_176501.jpg,,,,,,,,,,"<li>24/1 MVS Yarn</li> <li>The Heavy Blend collection is now made with finer yarns and new MVS Air spinning technology, that improves the fabric by reducing pilling, enhancing durability and creating a smoother printing surface.</li> <li>Proud member of the US Cotton Trust Protocol (USCTP) and Better Cotton&#8482;</li> <li>Cotton products from Gildan support more sustainable + ethical cotton farming</li> <li>2-end midweight fleece fabric</li> <li>Double-lined hood with color-matched drawcord </li> <li>Pouch pocket</li> <li>1 x 1 rib with spandex for enhanced stretch and recovery</li> <li>Classic fit, tubular body</li> <li>High-performing tear-away label</li> <li><b>Also available in childrens sizes code 18500B</b></li>",6.72
38273,382663,18500,SSHIRT,SWEATSHIRTS AND HOODIES,MENSSH,Mens Sweatshirts & Hoodies,GILDAN,Gildan,760062,167,Irish Green,12,XL,Heavy Blend? Adult Hooded Sweatshirt,8.79,1,6,24,31-12-2025 23:45,C,https://myebrochure.co.uk/images/colours/gildan/gildan-167.jpg,https://myebrochure.co.uk/images/products/prod_29009_18500_184580.jpg,https://myebrochure.co.uk/images/products.small/prod_29009_18500_184580.jpg,https://myebrochure.co.uk/images/products.hires/prod_29009_18500_184580.jpg,https://myebrochure.co.uk/images/brands/gildan_25.png,https://myebrochure.co.uk/images/products.hires/prod_29009_18500_176501.jpg,,,,,,,,,,"<li>24/1 MVS Yarn</li> <li>The Heavy Blend collection is now made with finer yarns and new MVS Air spinning technology, that improves the fabric by reducing pilling, enhancing durability and creating a smoother printing surface.</li> <li>Proud member of the US Cotton Trust Protocol (USCTP) and Better Cotton&#8482;</li> <li>Cotton products from Gildan support more sustainable + ethical cotton farming</li> <li>2-end midweight fleece fabric</li> <li>Double-lined hood with color-matched drawcord </li> <li>Pouch pocket</li> <li>1 x 1 rib with spandex for enhanced stretch and recovery</li> <li>Classic fit, tubular body</li> <li>High-performing tear-away label</li> <li><b>Also available in childrens sizes code 18500B</b></li>",6.72
38274,382670,18500,SSHIRT,SWEATSHIRTS AND HOODIES,MENSSH,Mens Sweatshirts & Hoodies,GILDAN,Gildan,760062,167,Irish Green,12,2XL,Heavy Blend? Adult Hooded Sweatshirt,8.79,1,6,24,01-01-2026 1:50,C,https://myebrochure.co.uk/images/colours/gildan/gildan-167.jpg,https://myebrochure.co.uk/images/products/prod_29009_18500_184580.jpg,https://myebrochure.co.uk/images/products.small/prod_29009_18500_184580.jpg,https://myebrochure.co.uk/images/products.hires/prod_29009_18500_184580.jpg,https://myebrochure.co.uk/images/brands/gildan_25.png,https://myebrochure.co.uk/images/products.hires/prod_29009_18500_176501.jpg,,,,,,,,,,"<li>24/1 MVS Yarn</li> <li>The Heavy Blend collection is now made with finer yarns and new MVS Air spinning technology, that improves the fabric by reducing pilling, enhancing durability and creating a smoother printing surface.</li> <li>Proud member of the US Cotton Trust Protocol (USCTP) and Better Cotton&#8482;</li> <li>Cotton products from Gildan support more sustainable + ethical cotton farming</li> <li>2-end midweight fleece fabric</li> <li>Double-lined hood with color-matched drawcord </li> <li>Pouch pocket</li> <li>1 x 1 rib with spandex for enhanced stretch and recovery</li> <li>Classic fit, tubular body</li> <li>High-performing tear-away label</li> <li><b>Also available in childrens sizes code 18500B</b></li>",6.72
137531,1374384,18500,SSHIRT,SWEATSHIRTS AND HOODIES,MENSSH,Mens Sweatshirts & Hoodies,GILDAN,Gildan,760062,167,Irish Green,12,3XL,Heavy Blend? Adult Hooded Sweatshirt,12.12,1,12,24,31-12-2025 23:45,C,https://myebrochure.co.uk/images/colours/gildan/gildan-167.jpg,https://myebrochure.co.uk/images/products/prod_29009_18500_184580.jpg,https://myebrochure.co.uk/images/products.small/prod_29009_18500_184580.jpg,https://myebrochure.co.uk/images/products.hires/prod_29009_18500_184580.jpg,https://myebrochure.co.uk/images/brands/gildan_25.png,https://myebrochure.co.uk/images/products.hires/prod_29009_18500_176501.jpg,,,,,,,,,,"<li>24/1 MVS Yarn</li> <li>The Heavy Blend collection is now made with finer yarns and new MVS Air spinning technology, that improves the fabric by reducing pilling, enhancing durability and creating a smoother printing surface.</li> <li>Proud member of the US Cotton Trust Protocol (USCTP) and Better Cotton&#8482;</li> <li>Cotton products from Gildan support more sustainable + ethical cotton farming</li> <li>2-end midweight fleece fabric</li> <li>Double-lined hood with color-matched drawcord </li> <li>Pouch pocket</li> <li>1 x 1 rib with spandex for enhanced stretch and recovery</li> <li>Classic fit, tubular body</li> <li>High-performing tear-away label</li> <li><b>Also available in childrens sizes code 18500B</b></li>",9.27
137532,1374391,18500,SSHIRT,SWEATSHIRTS AND HOODIES,MENSSH,Mens Sweatshirts & Hoodies,GILDAN,Gildan,760062,167,Irish Green,12,4XL,Heavy Blend? Adult Hooded Sweatshirt,11.56,1,6,12,31-12-2025 23:45,C,https://myebrochure.co.uk/images/colours/gildan/gildan-167.jpg,https://myebrochure.co.uk/images/products/prod_29009_18500_184580.jpg,https://myebrochure.co.uk/images/products.small/prod_29009_18500_184580.jpg,https://myebrochure.co.uk/images/products.hires/prod_29009_18500_184580.jpg,https://myebrochure.co.uk/images/brands/gildan_25.png,https://myebrochure.co.uk/images/products.hires/prod_29009_18500_176501.jpg,,,,,,,,,,"<li>24/1 MVS Yarn</li> <li>The Heavy Blend collection is now made with finer yarns and new MVS Air spinning technology, that improves the fabric by reducing pilling, enhancing durability and creating a smoother printing surface.</li> <li>Proud member of the US Cotton Trust Protocol (USCTP) and Better Cotton&#8482;</li> <li>Cotton products from Gildan support more sustainable + ethical cotton farming</li> <li>2-end midweight fleece fabric</li> <li>Double-lined hood with color-matched drawcord </li> <li>Pouch pocket</li> <li>1 x 1 rib with spandex for enhanced stretch and recovery</li> <li>Classic fit, tubular body</li> <li>High-performing tear-away label</li> <li><b>Also available in childrens sizes code 18500B</b></li>",8.84
137533,1374407,18500,SSHIRT,SWEATSHIRTS AND HOODIES,MENSSH,Mens Sweatshirts & Hoodies,GILDAN,Gildan,760062,167,Irish Green,12,5XL,Heavy Blend? Adult Hooded Sweatshirt,11.56,1,6,12,31-12-2025 23:45,C,https://myebrochure.co.uk/images/colours/gildan/gildan-167.jpg,https://myebrochure.co.uk/images/products/prod_29009_18500_184580.jpg,https://myebrochure.co.uk/images/products.small/prod_29009_18500_184580.jpg,https://myebrochure.co.uk/images/products.hires/prod_29009_18500_184580.jpg,https://myebrochure.co.uk/images/brands/gildan_25.png,https://myebrochure.co.uk/images/products.hires/prod_29009_18500_176501.jpg,,,,,,,,,,"<li>24/1 MVS Yarn</li> <li>The Heavy Blend collection is now made with finer yarns and new MVS Air spinning technology, that improves the fabric by reducing pilling, enhancing durability and creating a smoother printing surface.</li> <li>Proud member of the US Cotton Trust Protocol (USCTP) and Better Cotton&#8482;</li> <li>Cotton products from Gildan support more sustainable + ethical cotton farming</li> <li>2-end midweight fleece fabric</li> <li>Double-lined hood with color-matched drawcord </li> <li>Pouch pocket</li> <li>1 x 1 rib with spandex for enhanced stretch and recovery</li> <li>Classic fit, tubular body</li> <li>High-performing tear-away label</li> <li><b>Also available in childrens sizes code 18500B</b></li>",8.84
38215,382083,18500,SSHIRT,SWEATSHIRTS AND HOODIES,MENSSH,Mens Sweatshirts & Hoodies,GILDAN,Gildan,760062,69,Light Blue,12,S,Heavy Blend? Adult Hooded Sweatshirt,8.79,1,6,24,31-12-2025 23:45,C,https://myebrochure.co.uk/images/colours/gildan/gildan-69.jpg,https://myebrochure.co.uk/images/products/prod_29009_18500_184580.jpg,https://myebrochure.co.uk/images/products.small/prod_29009_18500_184580.jpg,https://myebrochure.co.uk/images/products.hires/prod_29009_18500_184580.jpg,https://myebrochure.co.uk/images/brands/gildan_25.png,https://myebrochure.co.uk/images/products.hires/prod_29009_18500_176510.jpg,,,,,,,,,,"<li>24/1 MVS Yarn</li> <li>The Heavy Blend collection is now made with finer yarns and new MVS Air spinning technology, that improves the fabric by reducing pilling, enhancing durability and creating a smoother printing surface.</li> <li>Proud member of the US Cotton Trust Protocol (USCTP) and Better Cotton&#8482;</li> <li>Cotton products from Gildan support more sustainable + ethical cotton farming</li> <li>2-end midweight fleece fabric</li> <li>Double-lined hood with color-matched drawcord </li> <li>Pouch pocket</li> <li>1 x 1 rib with spandex for enhanced stretch and recovery</li> <li>Classic fit, tubular body</li> <li>High-performing tear-away label</li> <li><b>Also available in childrens sizes code 18500B</b></li>",6.72
38216,382090,18500,SSHIRT,SWEATSHIRTS AND HOODIES,MENSSH,Mens Sweatshirts & Hoodies,GILDAN,Gildan,760062,69,Light Blue,12,M,Heavy Blend? Adult Hooded Sweatshirt,8.79,1,6,24,31-12-2025 23:45,C,https://myebrochure.co.uk/images/colours/gildan/gildan-69.jpg,https://myebrochure.co.uk/images/products/prod_29009_18500_184580.jpg,https://myebrochure.co.uk/images/products.small/prod_29009_18500_184580.jpg,https://myebrochure.co.uk/images/products.hires/prod_29009_18500_184580.jpg,https://myebrochure.co.uk/images/brands/gildan_25.png,https://myebrochure.co.uk/images/products.hires/prod_29009_18500_176510.jpg,,,,,,,,,,"<li>24/1 MVS Yarn</li> <li>The Heavy Blend collection is now made with finer yarns and new MVS Air spinning technology, that improves the fabric by reducing pilling, enhancing durability and creating a smoother printing surface.</li> <li>Proud member of the US Cotton Trust Protocol (USCTP) and Better Cotton&#8482;</li> <li>Cotton products from Gildan support more sustainable + ethical cotton farming</li> <li>2-end midweight fleece fabric</li> <li>Double-lined hood with color-matched drawcord </li> <li>Pouch pocket</li> <li>1 x 1 rib with spandex for enhanced stretch and recovery</li> <li>Classic fit, tubular body</li> <li>High-performing tear-away label</li> <li><b>Also available in childrens sizes code 18500B</b></li>",6.72
38217,382106,18500,SSHIRT,SWEATSHIRTS AND HOODIES,MENSSH,Mens Sweatshirts & Hoodies,GILDAN,Gildan,760062,69,Light Blue,12,L,Heavy Blend? Adult Hooded Sweatshirt,8.79,1,6,24,31-12-2025 23:45,C,https://myebrochure.co.uk/images/colours/gildan/gildan-69.jpg,https://myebrochure.co.uk/images/products/prod_29009_18500_184580.jpg,https://myebrochure.co.uk/images/products.small/prod_29009_18500_184580.jpg,https://myebrochure.co.uk/images/products.hires/prod_29009_18500_184580.jpg,https://myebrochure.co.uk/images/brands/gildan_25.png,https://myebrochure.co.uk/images/products.hires/prod_29009_18500_176510.jpg,,,,,,,,,,"<li>24/1 MVS Yarn</li> <li>The Heavy Blend collection is now made with finer yarns and new MVS Air spinning technology, that improves the fabric by reducing pilling, enhancing durability and creating a smoother printing surface.</li> <li>Proud member of the US Cotton Trust Protocol (USCTP) and Better Cotton&#8482;</li> <li>Cotton products from Gildan support more sustainable + ethical cotton farming</li> <li>2-end midweight fleece fabric</li> <li>Double-lined hood with color-matched drawcord </li> <li>Pouch pocket</li> <li>1 x 1 rib with spandex for enhanced stretch and recovery</li> <li>Classic fit, tubular body</li> <li>High-performing tear-away label</li> <li><b>Also available in childrens sizes code 18500B</b></li>",6.72
38218,382113,18500,SSHIRT,SWEATSHIRTS AND HOODIES,MENSSH,Mens Sweatshirts & Hoodies,GILDAN,Gildan,760062,69,Light Blue,12,XL,Heavy Blend? Adult Hooded Sweatshirt,8.79,1,6,24,31-12-2025 23:45,C,https://myebrochure.co.uk/images/colours/gildan/gildan-69.jpg,https://myebrochure.co.uk/images/products/prod_29009_18500_184580.jpg,https://myebrochure.co.uk/images/products.small/prod_29009_18500_184580.jpg,https://myebrochure.co.uk/images/products.hires/prod_29009_18500_184580.jpg,https://myebrochure.co.uk/images/brands/gildan_25.png,https://myebrochure.co.uk/images/products.hires/prod_29009_18500_176510.jpg,,,,,,,,,,"<li>24/1 MVS Yarn</li> <li>The Heavy Blend collection is now made with finer yarns and new MVS Air spinning technology, that improves the fabric by reducing pilling, enhancing durability and creating a smoother printing surface.</li> <li>Proud member of the US Cotton Trust Protocol (USCTP) and Better Cotton&#8482;</li> <li>Cotton products from Gildan support more sustainable + ethical cotton farming</li> <li>2-end midweight fleece fabric</li> <li>Double-lined hood with color-matched drawcord </li> <li>Pouch pocket</li> <li>1 x 1 rib with spandex for enhanced stretch and recovery</li> <li>Classic fit, tubular body</li> <li>High-performing tear-away label</li> <li><b>Also available in childrens sizes code 18500B</b></li>",6.72
38219,382120,18500,SSHIRT,SWEATSHIRTS AND HOODIES,MENSSH,Mens Sweatshirts & Hoodies,GILDAN,Gildan,760062,69,Light Blue,12,2XL,Heavy Blend? Adult Hooded Sweatshirt,8.79,1,6,24,31-12-2025 23:45,C,https://myebrochure.co.uk/images/colours/gildan/gildan-69.jpg,https://myebrochure.co.uk/images/products/prod_29009_18500_184580.jpg,https://myebrochure.co.uk/images/products.small/prod_29009_18500_184580.jpg,https://myebrochure.co.uk/images/products.hires/prod_29009_18500_184580.jpg,https://myebrochure.co.uk/images/brands/gildan_25.png,https://myebrochure.co.uk/images/products.hires/prod_29009_18500_176510.jpg,,,,,,,,,,"<li>24/1 MVS Yarn</li> <li>The Heavy Blend collection is now made with finer yarns and new MVS Air spinning technology, that improves the fabric by reducing pilling, enhancing durability and creating a smoother printing surface.</li> <li>Proud member of the US Cotton Trust Protocol (USCTP) and Better Cotton&#8482;</li> <li>Cotton products from Gildan support more sustainable + ethical cotton farming</li> <li>2-end midweight fleece fabric</li> <li>Double-lined hood with color-matched drawcord </li> <li>Pouch pocket</li> <li>1 x 1 rib with spandex for enhanced stretch and recovery</li> <li>Classic fit, tubular body</li> <li>High-performing tear-away label</li> <li><b>Also available in childrens sizes code 18500B</b></li>",6.72
137594,1375015,18500,SSHIRT,SWEATSHIRTS AND HOODIES,MENSSH,Mens Sweatshirts & Hoodies,GILDAN,Gildan,760062,69,Light Blue,12,3XL,Heavy Blend? Adult Hooded Sweatshirt,12.12,1,12,24,31-12-2025 23:45,C,https://myebrochure.co.uk/images/colours/gildan/gildan-69.jpg,https://myebrochure.co.uk/images/products/prod_29009_18500_184580.jpg,https://myebrochure.co.uk/images/products.small/prod_29009_18500_184580.jpg,https://myebrochure.co.uk/images/products.hires/prod_29009_18500_184580.jpg,https://myebrochure.co.uk/images/brands/gildan_25.png,https://myebrochure.co.uk/images/products.hires/prod_29009_18500_176510.jpg,,,,,,,,,,"<li>24/1 MVS Yarn</li> <li>The Heavy Blend collection is now made with finer yarns and new MVS Air spinning technology, that improves the fabric by reducing pilling, enhancing durability and creating a smoother printing surface.</li> <li>Proud member of the US Cotton Trust Protocol (USCTP) and Better Cotton&#8482;</li> <li>Cotton products from Gildan support more sustainable + ethical cotton farming</li> <li>2-end midweight fleece fabric</li> <li>Double-lined hood with color-matched drawcord </li> <li>Pouch pocket</li> <li>1 x 1 rib with spandex for enhanced stretch and recovery</li> <li>Classic fit, tubular body</li> <li>High-performing tear-away label</li> <li><b>Also available in childrens sizes code 18500B</b></li>",9.27
38165,381581,18500,SSHIRT,SWEATSHIRTS AND HOODIES,MENSSH,Mens Sweatshirts & Hoodies,GILDAN,Gildan,760062,20,Light Pink,12,S,Heavy Blend? Adult Hooded Sweatshirt,8.79,1,6,24,31-12-2025 23:45,C,https://myebrochure.co.uk/images/colours/gildan/gildan-20.jpg,https://myebrochure.co.uk/images/products/prod_29009_18500_184580.jpg,https://myebrochure.co.uk/images/products.small/prod_29009_18500_184580.jpg,https://myebrochure.co.uk/images/products.hires/prod_29009_18500_184580.jpg,https://myebrochure.co.uk/images/brands/gildan_25.png,https://myebrochure.co.uk/images/products.hires/prod_29009_18500_176515.jpg,,,,,,,,,,"<li>24/1 MVS Yarn</li> <li>The Heavy Blend collection is now made with finer yarns and new MVS Air spinning technology, that improves the fabric by reducing pilling, enhancing durability and creating a smoother printing surface.</li> <li>Proud member of the US Cotton Trust Protocol (USCTP) and Better Cotton&#8482;</li> <li>Cotton products from Gildan support more sustainable + ethical cotton farming</li> <li>2-end midweight fleece fabric</li> <li>Double-lined hood with color-matched drawcord </li> <li>Pouch pocket</li> <li>1 x 1 rib with spandex for enhanced stretch and recovery</li> <li>Classic fit, tubular body</li> <li>High-performing tear-away label</li> <li><b>Also available in childrens sizes code 18500B</b></li>",6.72
38166,381598,18500,SSHIRT,SWEATSHIRTS AND HOODIES,MENSSH,Mens Sweatshirts & Hoodies,GILDAN,Gildan,760062,20,Light Pink,12,M,Heavy Blend? Adult Hooded Sweatshirt,8.79,1,6,24,31-12-2025 23:45,C,https://myebrochure.co.uk/images/colours/gildan/gildan-20.jpg,https://myebrochure.co.uk/images/products/prod_29009_18500_184580.jpg,https://myebrochure.co.uk/images/products.small/prod_29009_18500_184580.jpg,https://myebrochure.co.uk/images/products.hires/prod_29009_18500_184580.jpg,https://myebrochure.co.uk/images/brands/gildan_25.png,https://myebrochure.co.uk/images/products.hires/prod_29009_18500_176515.jpg,,,,,,,,,,"<li>24/1 MVS Yarn</li> <li>The Heavy Blend collection is now made with finer yarns and new MVS Air spinning technology, that improves the fabric by reducing pilling, enhancing durability and creating a smoother printing surface.</li> <li>Proud member of the US Cotton Trust Protocol (USCTP) and Better Cotton&#8482;</li> <li>Cotton products from Gildan support more sustainable + ethical cotton farming</li> <li>2-end midweight fleece fabric</li> <li>Double-lined hood with color-matched drawcord </li> <li>Pouch pocket</li> <li>1 x 1 rib with spandex for enhanced stretch and recovery</li> <li>Classic fit, tubular body</li> <li>High-performing tear-away label</li> <li><b>Also available in childrens sizes code 18500B</b></li>",6.72
38167,381604,18500,SSHIRT,SWEATSHIRTS AND HOODIES,MENSSH,Mens Sweatshirts & Hoodies,GILDAN,Gildan,760062,20,Light Pink,12,L,Heavy Blend? Adult Hooded Sweatshirt,8.79,1,6,24,31-12-2025 23:45,C,https://myebrochure.co.uk/images/colours/gildan/gildan-20.jpg,https://myebrochure.co.uk/images/products/prod_29009_18500_184580.jpg,https://myebrochure.co.uk/images/products.small/prod_29009_18500_184580.jpg,https://myebrochure.co.uk/images/products.hires/prod_29009_18500_184580.jpg,https://myebrochure.co.uk/images/brands/gildan_25.png,https://myebrochure.co.uk/images/products.hires/prod_29009_18500_176515.jpg,,,,,,,,,,"<li>24/1 MVS Yarn</li> <li>The Heavy Blend collection is now made with finer yarns and new MVS Air spinning technology, that improves the fabric by reducing pilling, enhancing durability and creating a smoother printing surface.</li> <li>Proud member of the US Cotton Trust Protocol (USCTP) and Better Cotton&#8482;</li> <li>Cotton products from Gildan support more sustainable + ethical cotton farming</li> <li>2-end midweight fleece fabric</li> <li>Double-lined hood with color-matched drawcord </li> <li>Pouch pocket</li> <li>1 x 1 rib with spandex for enhanced stretch and recovery</li> <li>Classic fit, tubular body</li> <li>High-performing tear-away label</li> <li><b>Also available in childrens sizes code 18500B</b></li>",6.72
38168,381611,18500,SSHIRT,SWEATSHIRTS AND HOODIES,MENSSH,Mens Sweatshirts & Hoodies,GILDAN,Gildan,760062,20,Light Pink,12,XL,Heavy Blend? Adult Hooded Sweatshirt,8.79,1,6,24,31-12-2025 23:45,C,https://myebrochure.co.uk/images/colours/gildan/gildan-20.jpg,https://myebrochure.co.uk/images/products/prod_29009_18500_184580.jpg,https://myebrochure.co.uk/images/products.small/prod_29009_18500_184580.jpg,https://myebrochure.co.uk/images/products.hires/prod_29009_18500_184580.jpg,https://myebrochure.co.uk/images/brands/gildan_25.png,https://myebrochure.co.uk/images/products.hires/prod_29009_18500_176515.jpg,,,,,,,,,,"<li>24/1 MVS Yarn</li> <li>The Heavy Blend collection is now made with finer yarns and new MVS Air spinning technology, that improves the fabric by reducing pilling, enhancing durability and creating a smoother printing surface.</li> <li>Proud member of the US Cotton Trust Protocol (USCTP) and Better Cotton&#8482;</li> <li>Cotton products from Gildan support more sustainable + ethical cotton farming</li> <li>2-end midweight fleece fabric</li> <li>Double-lined hood with color-matched drawcord </li> <li>Pouch pocket</li> <li>1 x 1 rib with spandex for enhanced stretch and recovery</li> <li>Classic fit, tubular body</li> <li>High-performing tear-away label</li> <li><b>Also available in childrens sizes code 18500B</b></li>",6.72
38169,381628,18500,SSHIRT,SWEATSHIRTS AND HOODIES,MENSSH,Mens Sweatshirts & Hoodies,GILDAN,Gildan,760062,20,Light Pink,12,2XL,Heavy Blend? Adult Hooded Sweatshirt,8.79,1,6,24,31-12-2025 23:45,C,https://myebrochure.co.uk/images/colours/gildan/gildan-20.jpg,https://myebrochure.co.uk/images/products/prod_29009_18500_184580.jpg,https://myebrochure.co.uk/images/products.small/prod_29009_18500_184580.jpg,https://myebrochure.co.uk/images/products.hires/prod_29009_18500_184580.jpg,https://myebrochure.co.uk/images/brands/gildan_25.png,https://myebrochure.co.uk/images/products.hires/prod_29009_18500_176515.jpg,,,,,,,,,,"<li>24/1 MVS Yarn</li> <li>The Heavy Blend collection is now made with finer yarns and new MVS Air spinning technology, that improves the fabric by reducing pilling, enhancing durability and creating a smoother printing surface.</li> <li>Proud member of the US Cotton Trust Protocol (USCTP) and Better Cotton&#8482;</li> <li>Cotton products from Gildan support more sustainable + ethical cotton farming</li> <li>2-end midweight fleece fabric</li> <li>Double-lined hood with color-matched drawcord </li> <li>Pouch pocket</li> <li>1 x 1 rib with spandex for enhanced stretch and recovery</li> <li>Classic fit, tubular body</li> <li>High-performing tear-away label</li> <li><b>Also available in childrens sizes code 18500B</b></li>",6.72
137546,1374537,18500,SSHIRT,SWEATSHIRTS AND HOODIES,MENSSH,Mens Sweatshirts & Hoodies,GILDAN,Gildan,760062,20,Light Pink,12,3XL,Heavy Blend? Adult Hooded Sweatshirt,12.12,1,12,24,31-12-2025 23:45,C,https://myebrochure.co.uk/images/colours/gildan/gildan-20.jpg,https://myebrochure.co.uk/images/products/prod_29009_18500_184580.jpg,https://myebrochure.co.uk/images/products.small/prod_29009_18500_184580.jpg,https://myebrochure.co.uk/images/products.hires/prod_29009_18500_184580.jpg,https://myebrochure.co.uk/images/brands/gildan_25.png,https://myebrochure.co.uk/images/products.hires/prod_29009_18500_176515.jpg,,,,,,,,,,"<li>24/1 MVS Yarn</li> <li>The Heavy Blend collection is now made with finer yarns and new MVS Air spinning technology, that improves the fabric by reducing pilling, enhancing durability and creating a smoother printing surface.</li> <li>Proud member of the US Cotton Trust Protocol (USCTP) and Better Cotton&#8482;</li> <li>Cotton products from Gildan support more sustainable + ethical cotton farming</li> <li>2-end midweight fleece fabric</li> <li>Double-lined hood with color-matched drawcord </li> <li>Pouch pocket</li> <li>1 x 1 rib with spandex for enhanced stretch and recovery</li> <li>Classic fit, tubular body</li> <li>High-performing tear-away label</li> <li><b>Also available in childrens sizes code 18500B</b></li>",9.27
137547,1374544,18500,SSHIRT,SWEATSHIRTS AND HOODIES,MENSSH,Mens Sweatshirts & Hoodies,GILDAN,Gildan,760062,20,Light Pink,12,4XL,Heavy Blend? Adult Hooded Sweatshirt,11.56,1,6,12,31-12-2025 23:45,C,https://myebrochure.co.uk/images/colours/gildan/gildan-20.jpg,https://myebrochure.co.uk/images/products/prod_29009_18500_184580.jpg,https://myebrochure.co.uk/images/products.small/prod_29009_18500_184580.jpg,https://myebrochure.co.uk/images/products.hires/prod_29009_18500_184580.jpg,https://myebrochure.co.uk/images/brands/gildan_25.png,https://myebrochure.co.uk/images/products.hires/prod_29009_18500_176515.jpg,,,,,,,,,,"<li>24/1 MVS Yarn</li> <li>The Heavy Blend collection is now made with finer yarns and new MVS Air spinning technology, that improves the fabric by reducing pilling, enhancing durability and creating a smoother printing surface.</li> <li>Proud member of the US Cotton Trust Protocol (USCTP) and Better Cotton&#8482;</li> <li>Cotton products from Gildan support more sustainable + ethical cotton farming</li> <li>2-end midweight fleece fabric</li> <li>Double-lined hood with color-matched drawcord </li> <li>Pouch pocket</li> <li>1 x 1 rib with spandex for enhanced stretch and recovery</li> <li>Classic fit, tubular body</li> <li>High-performing tear-away label</li> <li><b>Also available in childrens sizes code 18500B</b></li>",8.84
137548,1374551,18500,SSHIRT,SWEATSHIRTS AND HOODIES,MENSSH,Mens Sweatshirts & Hoodies,GILDAN,Gildan,760062,20,Light Pink,12,5XL,Heavy Blend? Adult Hooded Sweatshirt,11.56,1,6,12,31-12-2025 23:45,C,https://myebrochure.co.uk/images/colours/gildan/gildan-20.jpg,https://myebrochure.co.uk/images/products/prod_29009_18500_184580.jpg,https://myebrochure.co.uk/images/products.small/prod_29009_18500_184580.jpg,https://myebrochure.co.uk/images/products.hires/prod_29009_18500_184580.jpg,https://myebrochure.co.uk/images/brands/gildan_25.png,https://myebrochure.co.uk/images/products.hires/prod_29009_18500_176515.jpg,,,,,,,,,,"<li>24/1 MVS Yarn</li> <li>The Heavy Blend collection is now made with finer yarns and new MVS Air spinning technology, that improves the fabric by reducing pilling, enhancing durability and creating a smoother printing surface.</li> <li>Proud member of the US Cotton Trust Protocol (USCTP) and Better Cotton&#8482;</li> <li>Cotton products from Gildan support more sustainable + ethical cotton farming</li> <li>2-end midweight fleece fabric</li> <li>Double-lined hood with color-matched drawcord </li> <li>Pouch pocket</li> <li>1 x 1 rib with spandex for enhanced stretch and recovery</li> <li>Classic fit, tubular body</li> <li>High-performing tear-away label</li> <li><b>Also available in childrens sizes code 18500B</b></li>",8.84
38230,382236,18500,SSHIRT,SWEATSHIRTS AND HOODIES,MENSSH,Mens Sweatshirts & Hoodies,GILDAN,Gildan,760062,83,Maroon,12,S,Heavy Blend? Adult Hooded Sweatshirt,8.79,1,6,24,31-12-2025 23:45,C,https://myebrochure.co.uk/images/colours/gildan/gildan-83.jpg,https://myebrochure.co.uk/images/products/prod_29009_18500_184580.jpg,https://myebrochure.co.uk/images/products.small/prod_29009_18500_184580.jpg,https://myebrochure.co.uk/images/products.hires/prod_29009_18500_184580.jpg,https://myebrochure.co.uk/images/brands/gildan_25.png,https://myebrochure.co.uk/images/products.hires/prod_29009_18500_176520.jpg,,,,,,,,,,"<li>24/1 MVS Yarn</li> <li>The Heavy Blend collection is now made with finer yarns and new MVS Air spinning technology, that improves the fabric by reducing pilling, enhancing durability and creating a smoother printing surface.</li> <li>Proud member of the US Cotton Trust Protocol (USCTP) and Better Cotton&#8482;</li> <li>Cotton products from Gildan support more sustainable + ethical cotton farming</li> <li>2-end midweight fleece fabric</li> <li>Double-lined hood with color-matched drawcord </li> <li>Pouch pocket</li> <li>1 x 1 rib with spandex for enhanced stretch and recovery</li> <li>Classic fit, tubular body</li> <li>High-performing tear-away label</li> <li><b>Also available in childrens sizes code 18500B</b></li>",6.72
38231,382243,18500,SSHIRT,SWEATSHIRTS AND HOODIES,MENSSH,Mens Sweatshirts & Hoodies,GILDAN,Gildan,760062,83,Maroon,12,M,Heavy Blend? Adult Hooded Sweatshirt,8.79,1,6,24,31-12-2025 23:45,C,https://myebrochure.co.uk/images/colours/gildan/gildan-83.jpg,https://myebrochure.co.uk/images/products/prod_29009_18500_184580.jpg,https://myebrochure.co.uk/images/products.small/prod_29009_18500_184580.jpg,https://myebrochure.co.uk/images/products.hires/prod_29009_18500_184580.jpg,https://myebrochure.co.uk/images/brands/gildan_25.png,https://myebrochure.co.uk/images/products.hires/prod_29009_18500_176520.jpg,,,,,,,,,,"<li>24/1 MVS Yarn</li> <li>The Heavy Blend collection is now made with finer yarns and new MVS Air spinning technology, that improves the fabric by reducing pilling, enhancing durability and creating a smoother printing surface.</li> <li>Proud member of the US Cotton Trust Protocol (USCTP) and Better Cotton&#8482;</li> <li>Cotton products from Gildan support more sustainable + ethical cotton farming</li> <li>2-end midweight fleece fabric</li> <li>Double-lined hood with color-matched drawcord </li> <li>Pouch pocket</li> <li>1 x 1 rib with spandex for enhanced stretch and recovery</li> <li>Classic fit, tubular body</li> <li>High-performing tear-away label</li> <li><b>Also available in childrens sizes code 18500B</b></li>",6.72
38232,382250,18500,SSHIRT,SWEATSHIRTS AND HOODIES,MENSSH,Mens Sweatshirts & Hoodies,GILDAN,Gildan,760062,83,Maroon,12,L,Heavy Blend? Adult Hooded Sweatshirt,8.79,1,6,24,31-12-2025 23:45,C,https://myebrochure.co.uk/images/colours/gildan/gildan-83.jpg,https://myebrochure.co.uk/images/products/prod_29009_18500_184580.jpg,https://myebrochure.co.uk/images/products.small/prod_29009_18500_184580.jpg,https://myebrochure.co.uk/images/products.hires/prod_29009_18500_184580.jpg,https://myebrochure.co.uk/images/brands/gildan_25.png,https://myebrochure.co.uk/images/products.hires/prod_29009_18500_176520.jpg,,,,,,,,,,"<li>24/1 MVS Yarn</li> <li>The Heavy Blend collection is now made with finer yarns and new MVS Air spinning technology, that improves the fabric by reducing pilling, enhancing durability and creating a smoother printing surface.</li> <li>Proud member of the US Cotton Trust Protocol (USCTP) and Better Cotton&#8482;</li> <li>Cotton products from Gildan support more sustainable + ethical cotton farming</li> <li>2-end midweight fleece fabric</li> <li>Double-lined hood with color-matched drawcord </li> <li>Pouch pocket</li> <li>1 x 1 rib with spandex for enhanced stretch and recovery</li> <li>Classic fit, tubular body</li> <li>High-performing tear-away label</li> <li><b>Also available in childrens sizes code 18500B</b></li>",6.72
38233,382267,18500,SSHIRT,SWEATSHIRTS AND HOODIES,MENSSH,Mens Sweatshirts & Hoodies,GILDAN,Gildan,760062,83,Maroon,12,XL,Heavy Blend? Adult Hooded Sweatshirt,8.79,1,6,24,01-01-2026 1:50,C,https://myebrochure.co.uk/images/colours/gildan/gildan-83.jpg,https://myebrochure.co.uk/images/products/prod_29009_18500_184580.jpg,https://myebrochure.co.uk/images/products.small/prod_29009_18500_184580.jpg,https://myebrochure.co.uk/images/products.hires/prod_29009_18500_184580.jpg,https://myebrochure.co.uk/images/brands/gildan_25.png,https://myebrochure.co.uk/images/products.hires/prod_29009_18500_176520.jpg,,,,,,,,,,"<li>24/1 MVS Yarn</li> <li>The Heavy Blend collection is now made with finer yarns and new MVS Air spinning technology, that improves the fabric by reducing pilling, enhancing durability and creating a smoother printing surface.</li> <li>Proud member of the US Cotton Trust Protocol (USCTP) and Better Cotton&#8482;</li> <li>Cotton products from Gildan support more sustainable + ethical cotton farming</li> <li>2-end midweight fleece fabric</li> <li>Double-lined hood with color-matched drawcord </li> <li>Pouch pocket</li> <li>1 x 1 rib with spandex for enhanced stretch and recovery</li> <li>Classic fit, tubular body</li> <li>High-performing tear-away label</li> <li><b>Also available in childrens sizes code 18500B</b></li>",6.72
38234,382274,18500,SSHIRT,SWEATSHIRTS AND HOODIES,MENSSH,Mens Sweatshirts & Hoodies,GILDAN,Gildan,760062,83,Maroon,12,2XL,Heavy Blend? Adult Hooded Sweatshirt,8.79,1,6,24,31-12-2025 23:45,C,https://myebrochure.co.uk/images/colours/gildan/gildan-83.jpg,https://myebrochure.co.uk/images/products/prod_29009_18500_184580.jpg,https://myebrochure.co.uk/images/products.small/prod_29009_18500_184580.jpg,https://myebrochure.co.uk/images/products.hires/prod_29009_18500_184580.jpg,https://myebrochure.co.uk/images/brands/gildan_25.png,https://myebrochure.co.uk/images/products.hires/prod_29009_18500_176520.jpg,,,,,,,,,,"<li>24/1 MVS Yarn</li> <li>The Heavy Blend collection is now made with finer yarns and new MVS Air spinning technology, that improves the fabric by reducing pilling, enhancing durability and creating a smoother printing surface.</li> <li>Proud member of the US Cotton Trust Protocol (USCTP) and Better Cotton&#8482;</li> <li>Cotton products from Gildan support more sustainable + ethical cotton farming</li> <li>2-end midweight fleece fabric</li> <li>Double-lined hood with color-matched drawcord </li> <li>Pouch pocket</li> <li>1 x 1 rib with spandex for enhanced stretch and recovery</li> <li>Classic fit, tubular body</li> <li>High-performing tear-away label</li> <li><b>Also available in childrens sizes code 18500B</b></li>",6.72
137603,1375107,18500,SSHIRT,SWEATSHIRTS AND HOODIES,MENSSH,Mens Sweatshirts & Hoodies,GILDAN,Gildan,760062,83,Maroon,12,3XL,Heavy Blend? Adult Hooded Sweatshirt,12.12,1,12,24,31-12-2025 23:45,C,https://myebrochure.co.uk/images/colours/gildan/gildan-83.jpg,https://myebrochure.co.uk/images/products/prod_29009_18500_184580.jpg,https://myebrochure.co.uk/images/products.small/prod_29009_18500_184580.jpg,https://myebrochure.co.uk/images/products.hires/prod_29009_18500_184580.jpg,https://myebrochure.co.uk/images/brands/gildan_25.png,https://myebrochure.co.uk/images/products.hires/prod_29009_18500_176520.jpg,,,,,,,,,,"<li>24/1 MVS Yarn</li> <li>The Heavy Blend collection is now made with finer yarns and new MVS Air spinning technology, that improves the fabric by reducing pilling, enhancing durability and creating a smoother printing surface.</li> <li>Proud member of the US Cotton Trust Protocol (USCTP) and Better Cotton&#8482;</li> <li>Cotton products from Gildan support more sustainable + ethical cotton farming</li> <li>2-end midweight fleece fabric</li> <li>Double-lined hood with color-matched drawcord </li> <li>Pouch pocket</li> <li>1 x 1 rib with spandex for enhanced stretch and recovery</li> <li>Classic fit, tubular body</li> <li>High-performing tear-away label</li> <li><b>Also available in childrens sizes code 18500B</b></li>",9.27
137604,1375114,18500,SSHIRT,SWEATSHIRTS AND HOODIES,MENSSH,Mens Sweatshirts & Hoodies,GILDAN,Gildan,760062,83,Maroon,12,4XL,Heavy Blend? Adult Hooded Sweatshirt,11.56,1,6,12,31-12-2025 23:45,C,https://myebrochure.co.uk/images/colours/gildan/gildan-83.jpg,https://myebrochure.co.uk/images/products/prod_29009_18500_184580.jpg,https://myebrochure.co.uk/images/products.small/prod_29009_18500_184580.jpg,https://myebrochure.co.uk/images/products.hires/prod_29009_18500_184580.jpg,https://myebrochure.co.uk/images/brands/gildan_25.png,https://myebrochure.co.uk/images/products.hires/prod_29009_18500_176520.jpg,,,,,,,,,,"<li>24/1 MVS Yarn</li> <li>The Heavy Blend collection is now made with finer yarns and new MVS Air spinning technology, that improves the fabric by reducing pilling, enhancing durability and creating a smoother printing surface.</li> <li>Proud member of the US Cotton Trust Protocol (USCTP) and Better Cotton&#8482;</li> <li>Cotton products from Gildan support more sustainable + ethical cotton farming</li> <li>2-end midweight fleece fabric</li> <li>Double-lined hood with color-matched drawcord </li> <li>Pouch pocket</li> <li>1 x 1 rib with spandex for enhanced stretch and recovery</li> <li>Classic fit, tubular body</li> <li>High-performing tear-away label</li> <li><b>Also available in childrens sizes code 18500B</b></li>",8.84
137605,1375121,18500,SSHIRT,SWEATSHIRTS AND HOODIES,MENSSH,Mens Sweatshirts & Hoodies,GILDAN,Gildan,760062,83,Maroon,12,5XL,Heavy Blend? Adult Hooded Sweatshirt,11.56,1,6,12,31-12-2025 23:45,C,https://myebrochure.co.uk/images/colours/gildan/gildan-83.jpg,https://myebrochure.co.uk/images/products/prod_29009_18500_184580.jpg,https://myebrochure.co.uk/images/products.small/prod_29009_18500_184580.jpg,https://myebrochure.co.uk/images/products.hires/prod_29009_18500_184580.jpg,https://myebrochure.co.uk/images/brands/gildan_25.png,https://myebrochure.co.uk/images/products.hires/prod_29009_18500_176520.jpg,,,,,,,,,,"<li>24/1 MVS Yarn</li> <li>The Heavy Blend collection is now made with finer yarns and new MVS Air spinning technology, that improves the fabric by reducing pilling, enhancing durability and creating a smoother printing surface.</li> <li>Proud member of the US Cotton Trust Protocol (USCTP) and Better Cotton&#8482;</li> <li>Cotton products from Gildan support more sustainable + ethical cotton farming</li> <li>2-end midweight fleece fabric</li> <li>Double-lined hood with color-matched drawcord </li> <li>Pouch pocket</li> <li>1 x 1 rib with spandex for enhanced stretch and recovery</li> <li>Classic fit, tubular body</li> <li>High-performing tear-away label</li> <li><b>Also available in childrens sizes code 18500B</b></li>",8.84
77894,778459,18500,SSHIRT,SWEATSHIRTS AND HOODIES,MENSSH,Mens Sweatshirts & Hoodies,GILDAN,Gildan,760062,106,Military Green,12,S,Heavy Blend? Adult Hooded Sweatshirt,8.79,1,6,24,31-12-2025 23:45,C,https://myebrochure.co.uk/images/colours/gildan/gildan-106.jpg,https://myebrochure.co.uk/images/products/prod_29009_18500_184580.jpg,https://myebrochure.co.uk/images/products.small/prod_29009_18500_184580.jpg,https://myebrochure.co.uk/images/products.hires/prod_29009_18500_184580.jpg,https://myebrochure.co.uk/images/brands/gildan_25.png,https://myebrochure.co.uk/images/products.hires/prod_29009_18500_176512.jpg,,,,,,,,,,"<li>24/1 MVS Yarn</li> <li>The Heavy Blend collection is now made with finer yarns and new MVS Air spinning technology, that improves the fabric by reducing pilling, enhancing durability and creating a smoother printing surface.</li> <li>Proud member of the US Cotton Trust Protocol (USCTP) and Better Cotton&#8482;</li> <li>Cotton products from Gildan support more sustainable + ethical cotton farming</li> <li>2-end midweight fleece fabric</li> <li>Double-lined hood with color-matched drawcord </li> <li>Pouch pocket</li> <li>1 x 1 rib with spandex for enhanced stretch and recovery</li> <li>Classic fit, tubular body</li> <li>High-performing tear-away label</li> <li><b>Also available in childrens sizes code 18500B</b></li>",6.72
77895,778466,18500,SSHIRT,SWEATSHIRTS AND HOODIES,MENSSH,Mens Sweatshirts & Hoodies,GILDAN,Gildan,760062,106,Military Green,12,M,Heavy Blend? Adult Hooded Sweatshirt,8.79,1,6,24,31-12-2025 23:45,C,https://myebrochure.co.uk/images/colours/gildan/gildan-106.jpg,https://myebrochure.co.uk/images/products/prod_29009_18500_184580.jpg,https://myebrochure.co.uk/images/products.small/prod_29009_18500_184580.jpg,https://myebrochure.co.uk/images/products.hires/prod_29009_18500_184580.jpg,https://myebrochure.co.uk/images/brands/gildan_25.png,https://myebrochure.co.uk/images/products.hires/prod_29009_18500_176512.jpg,,,,,,,,,,"<li>24/1 MVS Yarn</li> <li>The Heavy Blend collection is now made with finer yarns and new MVS Air spinning technology, that improves the fabric by reducing pilling, enhancing durability and creating a smoother printing surface.</li> <li>Proud member of the US Cotton Trust Protocol (USCTP) and Better Cotton&#8482;</li> <li>Cotton products from Gildan support more sustainable + ethical cotton farming</li> <li>2-end midweight fleece fabric</li> <li>Double-lined hood with color-matched drawcord </li> <li>Pouch pocket</li> <li>1 x 1 rib with spandex for enhanced stretch and recovery</li> <li>Classic fit, tubular body</li> <li>High-performing tear-away label</li> <li><b>Also available in childrens sizes code 18500B</b></li>",6.72
77896,778473,18500,SSHIRT,SWEATSHIRTS AND HOODIES,MENSSH,Mens Sweatshirts & Hoodies,GILDAN,Gildan,760062,106,Military Green,12,L,Heavy Blend? Adult Hooded Sweatshirt,8.79,1,6,24,31-12-2025 23:45,C,https://myebrochure.co.uk/images/colours/gildan/gildan-106.jpg,https://myebrochure.co.uk/images/products/prod_29009_18500_184580.jpg,https://myebrochure.co.uk/images/products.small/prod_29009_18500_184580.jpg,https://myebrochure.co.uk/images/products.hires/prod_29009_18500_184580.jpg,https://myebrochure.co.uk/images/brands/gildan_25.png,https://myebrochure.co.uk/images/products.hires/prod_29009_18500_176512.jpg,,,,,,,,,,"<li>24/1 MVS Yarn</li> <li>The Heavy Blend collection is now made with finer yarns and new MVS Air spinning technology, that improves the fabric by reducing pilling, enhancing durability and creating a smoother printing surface.</li> <li>Proud member of the US Cotton Trust Protocol (USCTP) and Better Cotton&#8482;</li> <li>Cotton products from Gildan support more sustainable + ethical cotton farming</li> <li>2-end midweight fleece fabric</li> <li>Double-lined hood with color-matched drawcord </li> <li>Pouch pocket</li> <li>1 x 1 rib with spandex for enhanced stretch and recovery</li> <li>Classic fit, tubular body</li> <li>High-performing tear-away label</li> <li><b>Also available in childrens sizes code 18500B</b></li>",6.72
77897,778480,18500,SSHIRT,SWEATSHIRTS AND HOODIES,MENSSH,Mens Sweatshirts & Hoodies,GILDAN,Gildan,760062,106,Military Green,12,XL,Heavy Blend? Adult Hooded Sweatshirt,8.79,1,6,24,31-12-2025 23:45,C,https://myebrochure.co.uk/images/colours/gildan/gildan-106.jpg,https://myebrochure.co.uk/images/products/prod_29009_18500_184580.jpg,https://myebrochure.co.uk/images/products.small/prod_29009_18500_184580.jpg,https://myebrochure.co.uk/images/products.hires/prod_29009_18500_184580.jpg,https://myebrochure.co.uk/images/brands/gildan_25.png,https://myebrochure.co.uk/images/products.hires/prod_29009_18500_176512.jpg,,,,,,,,,,"<li>24/1 MVS Yarn</li> <li>The Heavy Blend collection is now made with finer yarns and new MVS Air spinning technology, that improves the fabric by reducing pilling, enhancing durability and creating a smoother printing surface.</li> <li>Proud member of the US Cotton Trust Protocol (USCTP) and Better Cotton&#8482;</li> <li>Cotton products from Gildan support more sustainable + ethical cotton farming</li> <li>2-end midweight fleece fabric</li> <li>Double-lined hood with color-matched drawcord </li> <li>Pouch pocket</li> <li>1 x 1 rib with spandex for enhanced stretch and recovery</li> <li>Classic fit, tubular body</li> <li>High-performing tear-away label</li> <li><b>Also available in childrens sizes code 18500B</b></li>",6.72
77898,778497,18500,SSHIRT,SWEATSHIRTS AND HOODIES,MENSSH,Mens Sweatshirts & Hoodies,GILDAN,Gildan,760062,106,Military Green,12,2XL,Heavy Blend? Adult Hooded Sweatshirt,8.79,1,6,24,31-12-2025 23:45,C,https://myebrochure.co.uk/images/colours/gildan/gildan-106.jpg,https://myebrochure.co.uk/images/products/prod_29009_18500_184580.jpg,https://myebrochure.co.uk/images/products.small/prod_29009_18500_184580.jpg,https://myebrochure.co.uk/images/products.hires/prod_29009_18500_184580.jpg,https://myebrochure.co.uk/images/brands/gildan_25.png,https://myebrochure.co.uk/images/products.hires/prod_29009_18500_176512.jpg,,,,,,,,,,"<li>24/1 MVS Yarn</li> <li>The Heavy Blend collection is now made with finer yarns and new MVS Air spinning technology, that improves the fabric by reducing pilling, enhancing durability and creating a smoother printing surface.</li> <li>Proud member of the US Cotton Trust Protocol (USCTP) and Better Cotton&#8482;</li> <li>Cotton products from Gildan support more sustainable + ethical cotton farming</li> <li>2-end midweight fleece fabric</li> <li>Double-lined hood with color-matched drawcord </li> <li>Pouch pocket</li> <li>1 x 1 rib with spandex for enhanced stretch and recovery</li> <li>Classic fit, tubular body</li> <li>High-performing tear-away label</li> <li><b>Also available in childrens sizes code 18500B</b></li>",6.72
137522,1374292,18500,SSHIRT,SWEATSHIRTS AND HOODIES,MENSSH,Mens Sweatshirts & Hoodies,GILDAN,Gildan,760062,106,Military Green,12,3XL,Heavy Blend? Adult Hooded Sweatshirt,12.12,1,12,24,31-12-2025 23:45,C,https://myebrochure.co.uk/images/colours/gildan/gildan-106.jpg,https://myebrochure.co.uk/images/products/prod_29009_18500_184580.jpg,https://myebrochure.co.uk/images/products.small/prod_29009_18500_184580.jpg,https://myebrochure.co.uk/images/products.hires/prod_29009_18500_184580.jpg,https://myebrochure.co.uk/images/brands/gildan_25.png,https://myebrochure.co.uk/images/products.hires/prod_29009_18500_176512.jpg,,,,,,,,,,"<li>24/1 MVS Yarn</li> <li>The Heavy Blend collection is now made with finer yarns and new MVS Air spinning technology, that improves the fabric by reducing pilling, enhancing durability and creating a smoother printing surface.</li> <li>Proud member of the US Cotton Trust Protocol (USCTP) and Better Cotton&#8482;</li> <li>Cotton products from Gildan support more sustainable + ethical cotton farming</li> <li>2-end midweight fleece fabric</li> <li>Double-lined hood with color-matched drawcord </li> <li>Pouch pocket</li> <li>1 x 1 rib with spandex for enhanced stretch and recovery</li> <li>Classic fit, tubular body</li> <li>High-performing tear-away label</li> <li><b>Also available in childrens sizes code 18500B</b></li>",9.27
137523,1374308,18500,SSHIRT,SWEATSHIRTS AND HOODIES,MENSSH,Mens Sweatshirts & Hoodies,GILDAN,Gildan,760062,106,Military Green,12,4XL,Heavy Blend? Adult Hooded Sweatshirt,11.56,1,6,12,31-12-2025 23:45,C,https://myebrochure.co.uk/images/colours/gildan/gildan-106.jpg,https://myebrochure.co.uk/images/products/prod_29009_18500_184580.jpg,https://myebrochure.co.uk/images/products.small/prod_29009_18500_184580.jpg,https://myebrochure.co.uk/images/products.hires/prod_29009_18500_184580.jpg,https://myebrochure.co.uk/images/brands/gildan_25.png,https://myebrochure.co.uk/images/products.hires/prod_29009_18500_176512.jpg,,,,,,,,,,"<li>24/1 MVS Yarn</li> <li>The Heavy Blend collection is now made with finer yarns and new MVS Air spinning technology, that improves the fabric by reducing pilling, enhancing durability and creating a smoother printing surface.</li> <li>Proud member of the US Cotton Trust Protocol (USCTP) and Better Cotton&#8482;</li> <li>Cotton products from Gildan support more sustainable + ethical cotton farming</li> <li>2-end midweight fleece fabric</li> <li>Double-lined hood with color-matched drawcord </li> <li>Pouch pocket</li> <li>1 x 1 rib with spandex for enhanced stretch and recovery</li> <li>Classic fit, tubular body</li> <li>High-performing tear-away label</li> <li><b>Also available in childrens sizes code 18500B</b></li>",8.84
137524,1374315,18500,SSHIRT,SWEATSHIRTS AND HOODIES,MENSSH,Mens Sweatshirts & Hoodies,GILDAN,Gildan,760062,106,Military Green,12,5XL,Heavy Blend? Adult Hooded Sweatshirt,11.56,1,6,12,31-12-2025 23:45,C,https://myebrochure.co.uk/images/colours/gildan/gildan-106.jpg,https://myebrochure.co.uk/images/products/prod_29009_18500_184580.jpg,https://myebrochure.co.uk/images/products.small/prod_29009_18500_184580.jpg,https://myebrochure.co.uk/images/products.hires/prod_29009_18500_184580.jpg,https://myebrochure.co.uk/images/brands/gildan_25.png,https://myebrochure.co.uk/images/products.hires/prod_29009_18500_176512.jpg,,,,,,,,,,"<li>24/1 MVS Yarn</li> <li>The Heavy Blend collection is now made with finer yarns and new MVS Air spinning technology, that improves the fabric by reducing pilling, enhancing durability and creating a smoother printing surface.</li> <li>Proud member of the US Cotton Trust Protocol (USCTP) and Better Cotton&#8482;</li> <li>Cotton products from Gildan support more sustainable + ethical cotton farming</li> <li>2-end midweight fleece fabric</li> <li>Double-lined hood with color-matched drawcord </li> <li>Pouch pocket</li> <li>1 x 1 rib with spandex for enhanced stretch and recovery</li> <li>Classic fit, tubular body</li> <li>High-performing tear-away label</li> <li><b>Also available in childrens sizes code 18500B</b></li>",8.84
170954,1708622,18500,SSHIRT,SWEATSHIRTS AND HOODIES,MENSSH,Mens Sweatshirts & Hoodies,GILDAN,Gildan,760062,455,Mint Green,12,S,Heavy Blend? Adult Hooded Sweatshirt,8.79,1,6,24,31-12-2025 23:45,C,https://myebrochure.co.uk/images/colours/gildan/gildan-455.jpg,https://myebrochure.co.uk/images/products/prod_29009_18500_184580.jpg,https://myebrochure.co.uk/images/products.small/prod_29009_18500_184580.jpg,https://myebrochure.co.uk/images/products.hires/prod_29009_18500_184580.jpg,https://myebrochure.co.uk/images/brands/gildan_25.png,https://myebrochure.co.uk/images/products.hires/prod_29009_18500_176504.jpg,,,,,,,,,,"<li>24/1 MVS Yarn</li> <li>The Heavy Blend collection is now made with finer yarns and new MVS Air spinning technology, that improves the fabric by reducing pilling, enhancing durability and creating a smoother printing surface.</li> <li>Proud member of the US Cotton Trust Protocol (USCTP) and Better Cotton&#8482;</li> <li>Cotton products from Gildan support more sustainable + ethical cotton farming</li> <li>2-end midweight fleece fabric</li> <li>Double-lined hood with color-matched drawcord </li> <li>Pouch pocket</li> <li>1 x 1 rib with spandex for enhanced stretch and recovery</li> <li>Classic fit, tubular body</li> <li>High-performing tear-away label</li> <li><b>Also available in childrens sizes code 18500B</b></li>",6.72
170955,1708639,18500,SSHIRT,SWEATSHIRTS AND HOODIES,MENSSH,Mens Sweatshirts & Hoodies,GILDAN,Gildan,760062,455,Mint Green,12,M,Heavy Blend? Adult Hooded Sweatshirt,8.79,1,6,24,31-12-2025 23:45,C,https://myebrochure.co.uk/images/colours/gildan/gildan-455.jpg,https://myebrochure.co.uk/images/products/prod_29009_18500_184580.jpg,https://myebrochure.co.uk/images/products.small/prod_29009_18500_184580.jpg,https://myebrochure.co.uk/images/products.hires/prod_29009_18500_184580.jpg,https://myebrochure.co.uk/images/brands/gildan_25.png,https://myebrochure.co.uk/images/products.hires/prod_29009_18500_176504.jpg,,,,,,,,,,"<li>24/1 MVS Yarn</li> <li>The Heavy Blend collection is now made with finer yarns and new MVS Air spinning technology, that improves the fabric by reducing pilling, enhancing durability and creating a smoother printing surface.</li> <li>Proud member of the US Cotton Trust Protocol (USCTP) and Better Cotton&#8482;</li> <li>Cotton products from Gildan support more sustainable + ethical cotton farming</li> <li>2-end midweight fleece fabric</li> <li>Double-lined hood with color-matched drawcord </li> <li>Pouch pocket</li> <li>1 x 1 rib with spandex for enhanced stretch and recovery</li> <li>Classic fit, tubular body</li> <li>High-performing tear-away label</li> <li><b>Also available in childrens sizes code 18500B</b></li>",6.72
170956,1708646,18500,SSHIRT,SWEATSHIRTS AND HOODIES,MENSSH,Mens Sweatshirts & Hoodies,GILDAN,Gildan,760062,455,Mint Green,12,L,Heavy Blend? Adult Hooded Sweatshirt,8.79,1,6,24,01-01-2026 1:50,C,https://myebrochure.co.uk/images/colours/gildan/gildan-455.jpg,https://myebrochure.co.uk/images/products/prod_29009_18500_184580.jpg,https://myebrochure.co.uk/images/products.small/prod_29009_18500_184580.jpg,https://myebrochure.co.uk/images/products.hires/prod_29009_18500_184580.jpg,https://myebrochure.co.uk/images/brands/gildan_25.png,https://myebrochure.co.uk/images/products.hires/prod_29009_18500_176504.jpg,,,,,,,,,,"<li>24/1 MVS Yarn</li> <li>The Heavy Blend collection is now made with finer yarns and new MVS Air spinning technology, that improves the fabric by reducing pilling, enhancing durability and creating a smoother printing surface.</li> <li>Proud member of the US Cotton Trust Protocol (USCTP) and Better Cotton&#8482;</li> <li>Cotton products from Gildan support more sustainable + ethical cotton farming</li> <li>2-end midweight fleece fabric</li> <li>Double-lined hood with color-matched drawcord </li> <li>Pouch pocket</li> <li>1 x 1 rib with spandex for enhanced stretch and recovery</li> <li>Classic fit, tubular body</li> <li>High-performing tear-away label</li> <li><b>Also available in childrens sizes code 18500B</b></li>",6.72
170957,1708653,18500,SSHIRT,SWEATSHIRTS AND HOODIES,MENSSH,Mens Sweatshirts & Hoodies,GILDAN,Gildan,760062,455,Mint Green,12,XL,Heavy Blend? Adult Hooded Sweatshirt,8.79,1,6,24,01-01-2026 1:50,C,https://myebrochure.co.uk/images/colours/gildan/gildan-455.jpg,https://myebrochure.co.uk/images/products/prod_29009_18500_184580.jpg,https://myebrochure.co.uk/images/products.small/prod_29009_18500_184580.jpg,https://myebrochure.co.uk/images/products.hires/prod_29009_18500_184580.jpg,https://myebrochure.co.uk/images/brands/gildan_25.png,https://myebrochure.co.uk/images/products.hires/prod_29009_18500_176504.jpg,,,,,,,,,,"<li>24/1 MVS Yarn</li> <li>The Heavy Blend collection is now made with finer yarns and new MVS Air spinning technology, that improves the fabric by reducing pilling, enhancing durability and creating a smoother printing surface.</li> <li>Proud member of the US Cotton Trust Protocol (USCTP) and Better Cotton&#8482;</li> <li>Cotton products from Gildan support more sustainable + ethical cotton farming</li> <li>2-end midweight fleece fabric</li> <li>Double-lined hood with color-matched drawcord </li> <li>Pouch pocket</li> <li>1 x 1 rib with spandex for enhanced stretch and recovery</li> <li>Classic fit, tubular body</li> <li>High-performing tear-away label</li> <li><b>Also available in childrens sizes code 18500B</b></li>",6.72
170958,1708660,18500,SSHIRT,SWEATSHIRTS AND HOODIES,MENSSH,Mens Sweatshirts & Hoodies,GILDAN,Gildan,760062,455,Mint Green,12,2XL,Heavy Blend? Adult Hooded Sweatshirt,8.79,1,6,24,31-12-2025 23:45,C,https://myebrochure.co.uk/images/colours/gildan/gildan-455.jpg,https://myebrochure.co.uk/images/products/prod_29009_18500_184580.jpg,https://myebrochure.co.uk/images/products.small/prod_29009_18500_184580.jpg,https://myebrochure.co.uk/images/products.hires/prod_29009_18500_184580.jpg,https://myebrochure.co.uk/images/brands/gildan_25.png,https://myebrochure.co.uk/images/products.hires/prod_29009_18500_176504.jpg,,,,,,,,,,"<li>24/1 MVS Yarn</li> <li>The Heavy Blend collection is now made with finer yarns and new MVS Air spinning technology, that improves the fabric by reducing pilling, enhancing durability and creating a smoother printing surface.</li> <li>Proud member of the US Cotton Trust Protocol (USCTP) and Better Cotton&#8482;</li> <li>Cotton products from Gildan support more sustainable + ethical cotton farming</li> <li>2-end midweight fleece fabric</li> <li>Double-lined hood with color-matched drawcord </li> <li>Pouch pocket</li> <li>1 x 1 rib with spandex for enhanced stretch and recovery</li> <li>Classic fit, tubular body</li> <li>High-performing tear-away label</li> <li><b>Also available in childrens sizes code 18500B</b></li>",6.72
170959,1708677,18500,SSHIRT,SWEATSHIRTS AND HOODIES,MENSSH,Mens Sweatshirts & Hoodies,GILDAN,Gildan,760062,455,Mint Green,12,3XL,Heavy Blend? Adult Hooded Sweatshirt,12.12,1,12,24,31-12-2025 23:45,C,https://myebrochure.co.uk/images/colours/gildan/gildan-455.jpg,https://myebrochure.co.uk/images/products/prod_29009_18500_184580.jpg,https://myebrochure.co.uk/images/products.small/prod_29009_18500_184580.jpg,https://myebrochure.co.uk/images/products.hires/prod_29009_18500_184580.jpg,https://myebrochure.co.uk/images/brands/gildan_25.png,https://myebrochure.co.uk/images/products.hires/prod_29009_18500_176504.jpg,,,,,,,,,,"<li>24/1 MVS Yarn</li> <li>The Heavy Blend collection is now made with finer yarns and new MVS Air spinning technology, that improves the fabric by reducing pilling, enhancing durability and creating a smoother printing surface.</li> <li>Proud member of the US Cotton Trust Protocol (USCTP) and Better Cotton&#8482;</li> <li>Cotton products from Gildan support more sustainable + ethical cotton farming</li> <li>2-end midweight fleece fabric</li> <li>Double-lined hood with color-matched drawcord </li> <li>Pouch pocket</li> <li>1 x 1 rib with spandex for enhanced stretch and recovery</li> <li>Classic fit, tubular body</li> <li>High-performing tear-away label</li> <li><b>Also available in childrens sizes code 18500B</b></li>",9.27
38180,381734,18500,SSHIRT,SWEATSHIRTS AND HOODIES,MENSSH,Mens Sweatshirts & Hoodies,GILDAN,Gildan,760062,32,Navy Blue,12,S,Heavy Blend? Adult Hooded Sweatshirt,8.79,1,6,24,31-12-2025 23:45,C,https://myebrochure.co.uk/images/colours/gildan/gildan-32.jpg,https://myebrochure.co.uk/images/products/prod_29009_18500_184580.jpg,https://myebrochure.co.uk/images/products.small/prod_29009_18500_184580.jpg,https://myebrochure.co.uk/images/products.hires/prod_29009_18500_184580.jpg,https://myebrochure.co.uk/images/brands/gildan_25.png,https://myebrochure.co.uk/images/products.hires/prod_29009_18500_176508.jpg,,,,,,,,,,"<li>24/1 MVS Yarn</li> <li>The Heavy Blend collection is now made with finer yarns and new MVS Air spinning technology, that improves the fabric by reducing pilling, enhancing durability and creating a smoother printing surface.</li> <li>Proud member of the US Cotton Trust Protocol (USCTP) and Better Cotton&#8482;</li> <li>Cotton products from Gildan support more sustainable + ethical cotton farming</li> <li>2-end midweight fleece fabric</li> <li>Double-lined hood with color-matched drawcord </li> <li>Pouch pocket</li> <li>1 x 1 rib with spandex for enhanced stretch and recovery</li> <li>Classic fit, tubular body</li> <li>High-performing tear-away label</li> <li><b>Also available in childrens sizes code 18500B</b></li>",6.72
38181,381741,18500,SSHIRT,SWEATSHIRTS AND HOODIES,MENSSH,Mens Sweatshirts & Hoodies,GILDAN,Gildan,760062,32,Navy Blue,12,M,Heavy Blend? Adult Hooded Sweatshirt,8.79,1,6,24,31-12-2025 23:45,C,https://myebrochure.co.uk/images/colours/gildan/gildan-32.jpg,https://myebrochure.co.uk/images/products/prod_29009_18500_184580.jpg,https://myebrochure.co.uk/images/products.small/prod_29009_18500_184580.jpg,https://myebrochure.co.uk/images/products.hires/prod_29009_18500_184580.jpg,https://myebrochure.co.uk/images/brands/gildan_25.png,https://myebrochure.co.uk/images/products.hires/prod_29009_18500_176508.jpg,,,,,,,,,,"<li>24/1 MVS Yarn</li> <li>The Heavy Blend collection is now made with finer yarns and new MVS Air spinning technology, that improves the fabric by reducing pilling, enhancing durability and creating a smoother printing surface.</li> <li>Proud member of the US Cotton Trust Protocol (USCTP) and Better Cotton&#8482;</li> <li>Cotton products from Gildan support more sustainable + ethical cotton farming</li> <li>2-end midweight fleece fabric</li> <li>Double-lined hood with color-matched drawcord </li> <li>Pouch pocket</li> <li>1 x 1 rib with spandex for enhanced stretch and recovery</li> <li>Classic fit, tubular body</li> <li>High-performing tear-away label</li> <li><b>Also available in childrens sizes code 18500B</b></li>",6.72
38182,381758,18500,SSHIRT,SWEATSHIRTS AND HOODIES,MENSSH,Mens Sweatshirts & Hoodies,GILDAN,Gildan,760062,32,Navy Blue,12,L,Heavy Blend? Adult Hooded Sweatshirt,8.79,1,6,24,31-12-2025 23:45,C,https://myebrochure.co.uk/images/colours/gildan/gildan-32.jpg,https://myebrochure.co.uk/images/products/prod_29009_18500_184580.jpg,https://myebrochure.co.uk/images/products.small/prod_29009_18500_184580.jpg,https://myebrochure.co.uk/images/products.hires/prod_29009_18500_184580.jpg,https://myebrochure.co.uk/images/brands/gildan_25.png,https://myebrochure.co.uk/images/products.hires/prod_29009_18500_176508.jpg,,,,,,,,,,"<li>24/1 MVS Yarn</li> <li>The Heavy Blend collection is now made with finer yarns and new MVS Air spinning technology, that improves the fabric by reducing pilling, enhancing durability and creating a smoother printing surface.</li> <li>Proud member of the US Cotton Trust Protocol (USCTP) and Better Cotton&#8482;</li> <li>Cotton products from Gildan support more sustainable + ethical cotton farming</li> <li>2-end midweight fleece fabric</li> <li>Double-lined hood with color-matched drawcord </li> <li>Pouch pocket</li> <li>1 x 1 rib with spandex for enhanced stretch and recovery</li> <li>Classic fit, tubular body</li> <li>High-performing tear-away label</li> <li><b>Also available in childrens sizes code 18500B</b></li>",6.72
38183,381765,18500,SSHIRT,SWEATSHIRTS AND HOODIES,MENSSH,Mens Sweatshirts & Hoodies,GILDAN,Gildan,760062,32,Navy Blue,12,XL,Heavy Blend? Adult Hooded Sweatshirt,8.79,1,6,24,31-12-2025 23:45,C,https://myebrochure.co.uk/images/colours/gildan/gildan-32.jpg,https://myebrochure.co.uk/images/products/prod_29009_18500_184580.jpg,https://myebrochure.co.uk/images/products.small/prod_29009_18500_184580.jpg,https://myebrochure.co.uk/images/products.hires/prod_29009_18500_184580.jpg,https://myebrochure.co.uk/images/brands/gildan_25.png,https://myebrochure.co.uk/images/products.hires/prod_29009_18500_176508.jpg,,,,,,,,,,"<li>24/1 MVS Yarn</li> <li>The Heavy Blend collection is now made with finer yarns and new MVS Air spinning technology, that improves the fabric by reducing pilling, enhancing durability and creating a smoother printing surface.</li> <li>Proud member of the US Cotton Trust Protocol (USCTP) and Better Cotton&#8482;</li> <li>Cotton products from Gildan support more sustainable + ethical cotton farming</li> <li>2-end midweight fleece fabric</li> <li>Double-lined hood with color-matched drawcord </li> <li>Pouch pocket</li> <li>1 x 1 rib with spandex for enhanced stretch and recovery</li> <li>Classic fit, tubular body</li> <li>High-performing tear-away label</li> <li><b>Also available in childrens sizes code 18500B</b></li>",6.72
38184,381772,18500,SSHIRT,SWEATSHIRTS AND HOODIES,MENSSH,Mens Sweatshirts & Hoodies,GILDAN,Gildan,760062,32,Navy Blue,12,2XL,Heavy Blend? Adult Hooded Sweatshirt,8.79,1,6,24,31-12-2025 23:45,C,https://myebrochure.co.uk/images/colours/gildan/gildan-32.jpg,https://myebrochure.co.uk/images/products/prod_29009_18500_184580.jpg,https://myebrochure.co.uk/images/products.small/prod_29009_18500_184580.jpg,https://myebrochure.co.uk/images/products.hires/prod_29009_18500_184580.jpg,https://myebrochure.co.uk/images/brands/gildan_25.png,https://myebrochure.co.uk/images/products.hires/prod_29009_18500_176508.jpg,,,,,,,,,,"<li>24/1 MVS Yarn</li> <li>The Heavy Blend collection is now made with finer yarns and new MVS Air spinning technology, that improves the fabric by reducing pilling, enhancing durability and creating a smoother printing surface.</li> <li>Proud member of the US Cotton Trust Protocol (USCTP) and Better Cotton&#8482;</li> <li>Cotton products from Gildan support more sustainable + ethical cotton farming</li> <li>2-end midweight fleece fabric</li> <li>Double-lined hood with color-matched drawcord </li> <li>Pouch pocket</li> <li>1 x 1 rib with spandex for enhanced stretch and recovery</li> <li>Classic fit, tubular body</li> <li>High-performing tear-away label</li> <li><b>Also available in childrens sizes code 18500B</b></li>",6.72
137567,1374742,18500,SSHIRT,SWEATSHIRTS AND HOODIES,MENSSH,Mens Sweatshirts & Hoodies,GILDAN,Gildan,760062,32,Navy Blue,12,3XL,Heavy Blend? Adult Hooded Sweatshirt,12.12,1,6,24,31-12-2025 23:45,C,https://myebrochure.co.uk/images/colours/gildan/gildan-32.jpg,https://myebrochure.co.uk/images/products/prod_29009_18500_184580.jpg,https://myebrochure.co.uk/images/products.small/prod_29009_18500_184580.jpg,https://myebrochure.co.uk/images/products.hires/prod_29009_18500_184580.jpg,https://myebrochure.co.uk/images/brands/gildan_25.png,https://myebrochure.co.uk/images/products.hires/prod_29009_18500_176508.jpg,,,,,,,,,,"<li>24/1 MVS Yarn</li> <li>The Heavy Blend collection is now made with finer yarns and new MVS Air spinning technology, that improves the fabric by reducing pilling, enhancing durability and creating a smoother printing surface.</li> <li>Proud member of the US Cotton Trust Protocol (USCTP) and Better Cotton&#8482;</li> <li>Cotton products from Gildan support more sustainable + ethical cotton farming</li> <li>2-end midweight fleece fabric</li> <li>Double-lined hood with color-matched drawcord </li> <li>Pouch pocket</li> <li>1 x 1 rib with spandex for enhanced stretch and recovery</li> <li>Classic fit, tubular body</li> <li>High-performing tear-away label</li> <li><b>Also available in childrens sizes code 18500B</b></li>",9.27
137568,1374759,18500,SSHIRT,SWEATSHIRTS AND HOODIES,MENSSH,Mens Sweatshirts & Hoodies,GILDAN,Gildan,760062,32,Navy Blue,12,4XL,Heavy Blend? Adult Hooded Sweatshirt,12.12,1,6,12,31-12-2025 23:45,C,https://myebrochure.co.uk/images/colours/gildan/gildan-32.jpg,https://myebrochure.co.uk/images/products/prod_29009_18500_184580.jpg,https://myebrochure.co.uk/images/products.small/prod_29009_18500_184580.jpg,https://myebrochure.co.uk/images/products.hires/prod_29009_18500_184580.jpg,https://myebrochure.co.uk/images/brands/gildan_25.png,https://myebrochure.co.uk/images/products.hires/prod_29009_18500_176508.jpg,,,,,,,,,,"<li>24/1 MVS Yarn</li> <li>The Heavy Blend collection is now made with finer yarns and new MVS Air spinning technology, that improves the fabric by reducing pilling, enhancing durability and creating a smoother printing surface.</li> <li>Proud member of the US Cotton Trust Protocol (USCTP) and Better Cotton&#8482;</li> <li>Cotton products from Gildan support more sustainable + ethical cotton farming</li> <li>2-end midweight fleece fabric</li> <li>Double-lined hood with color-matched drawcord </li> <li>Pouch pocket</li> <li>1 x 1 rib with spandex for enhanced stretch and recovery</li> <li>Classic fit, tubular body</li> <li>High-performing tear-away label</li> <li><b>Also available in childrens sizes code 18500B</b></li>",9.27
137569,1374766,18500,SSHIRT,SWEATSHIRTS AND HOODIES,MENSSH,Mens Sweatshirts & Hoodies,GILDAN,Gildan,760062,32,Navy Blue,12,5XL,Heavy Blend? Adult Hooded Sweatshirt,12.12,1,6,12,31-12-2025 23:45,C,https://myebrochure.co.uk/images/colours/gildan/gildan-32.jpg,https://myebrochure.co.uk/images/products/prod_29009_18500_184580.jpg,https://myebrochure.co.uk/images/products.small/prod_29009_18500_184580.jpg,https://myebrochure.co.uk/images/products.hires/prod_29009_18500_184580.jpg,https://myebrochure.co.uk/images/brands/gildan_25.png,https://myebrochure.co.uk/images/products.hires/prod_29009_18500_176508.jpg,,,,,,,,,,"<li>24/1 MVS Yarn</li> <li>The Heavy Blend collection is now made with finer yarns and new MVS Air spinning technology, that improves the fabric by reducing pilling, enhancing durability and creating a smoother printing surface.</li> <li>Proud member of the US Cotton Trust Protocol (USCTP) and Better Cotton&#8482;</li> <li>Cotton products from Gildan support more sustainable + ethical cotton farming</li> <li>2-end midweight fleece fabric</li> <li>Double-lined hood with color-matched drawcord </li> <li>Pouch pocket</li> <li>1 x 1 rib with spandex for enhanced stretch and recovery</li> <li>Classic fit, tubular body</li> <li>High-performing tear-away label</li> <li><b>Also available in childrens sizes code 18500B</b></li>",9.27
170962,1708707,18500,SSHIRT,SWEATSHIRTS AND HOODIES,MENSSH,Mens Sweatshirts & Hoodies,GILDAN,Gildan,760062,222,Old Gold,12,S,Heavy Blend? Adult Hooded Sweatshirt,8.79,1,6,24,31-12-2025 23:45,C,https://myebrochure.co.uk/images/colours/gildan/gildan-222.jpg,https://myebrochure.co.uk/images/products/prod_29009_18500_184580.jpg,https://myebrochure.co.uk/images/products.small/prod_29009_18500_184580.jpg,https://myebrochure.co.uk/images/products.hires/prod_29009_18500_184580.jpg,https://myebrochure.co.uk/images/brands/gildan_25.png,https://myebrochure.co.uk/images/products.hires/prod_29009_18500_176502.jpg,,,,,,,,,,"<li>24/1 MVS Yarn</li> <li>The Heavy Blend collection is now made with finer yarns and new MVS Air spinning technology, that improves the fabric by reducing pilling, enhancing durability and creating a smoother printing surface.</li> <li>Proud member of the US Cotton Trust Protocol (USCTP) and Better Cotton&#8482;</li> <li>Cotton products from Gildan support more sustainable + ethical cotton farming</li> <li>2-end midweight fleece fabric</li> <li>Double-lined hood with color-matched drawcord </li> <li>Pouch pocket</li> <li>1 x 1 rib with spandex for enhanced stretch and recovery</li> <li>Classic fit, tubular body</li> <li>High-performing tear-away label</li> <li><b>Also available in childrens sizes code 18500B</b></li>",6.72
170963,1708714,18500,SSHIRT,SWEATSHIRTS AND HOODIES,MENSSH,Mens Sweatshirts & Hoodies,GILDAN,Gildan,760062,222,Old Gold,12,M,Heavy Blend? Adult Hooded Sweatshirt,8.79,1,6,24,31-12-2025 23:45,C,https://myebrochure.co.uk/images/colours/gildan/gildan-222.jpg,https://myebrochure.co.uk/images/products/prod_29009_18500_184580.jpg,https://myebrochure.co.uk/images/products.small/prod_29009_18500_184580.jpg,https://myebrochure.co.uk/images/products.hires/prod_29009_18500_184580.jpg,https://myebrochure.co.uk/images/brands/gildan_25.png,https://myebrochure.co.uk/images/products.hires/prod_29009_18500_176502.jpg,,,,,,,,,,"<li>24/1 MVS Yarn</li> <li>The Heavy Blend collection is now made with finer yarns and new MVS Air spinning technology, that improves the fabric by reducing pilling, enhancing durability and creating a smoother printing surface.</li> <li>Proud member of the US Cotton Trust Protocol (USCTP) and Better Cotton&#8482;</li> <li>Cotton products from Gildan support more sustainable + ethical cotton farming</li> <li>2-end midweight fleece fabric</li> <li>Double-lined hood with color-matched drawcord </li> <li>Pouch pocket</li> <li>1 x 1 rib with spandex for enhanced stretch and recovery</li> <li>Classic fit, tubular body</li> <li>High-performing tear-away label</li> <li><b>Also available in childrens sizes code 18500B</b></li>",6.72
170964,1708721,18500,SSHIRT,SWEATSHIRTS AND HOODIES,MENSSH,Mens Sweatshirts & Hoodies,GILDAN,Gildan,760062,222,Old Gold,12,L,Heavy Blend? Adult Hooded Sweatshirt,8.79,1,6,24,31-12-2025 23:45,C,https://myebrochure.co.uk/images/colours/gildan/gildan-222.jpg,https://myebrochure.co.uk/images/products/prod_29009_18500_184580.jpg,https://myebrochure.co.uk/images/products.small/prod_29009_18500_184580.jpg,https://myebrochure.co.uk/images/products.hires/prod_29009_18500_184580.jpg,https://myebrochure.co.uk/images/brands/gildan_25.png,https://myebrochure.co.uk/images/products.hires/prod_29009_18500_176502.jpg,,,,,,,,,,"<li>24/1 MVS Yarn</li> <li>The Heavy Blend collection is now made with finer yarns and new MVS Air spinning technology, that improves the fabric by reducing pilling, enhancing durability and creating a smoother printing surface.</li> <li>Proud member of the US Cotton Trust Protocol (USCTP) and Better Cotton&#8482;</li> <li>Cotton products from Gildan support more sustainable + ethical cotton farming</li> <li>2-end midweight fleece fabric</li> <li>Double-lined hood with color-matched drawcord </li> <li>Pouch pocket</li> <li>1 x 1 rib with spandex for enhanced stretch and recovery</li> <li>Classic fit, tubular body</li> <li>High-performing tear-away label</li> <li><b>Also available in childrens sizes code 18500B</b></li>",6.72
170965,1708738,18500,SSHIRT,SWEATSHIRTS AND HOODIES,MENSSH,Mens Sweatshirts & Hoodies,GILDAN,Gildan,760062,222,Old Gold,12,XL,Heavy Blend? Adult Hooded Sweatshirt,8.79,1,6,24,31-12-2025 23:45,C,https://myebrochure.co.uk/images/colours/gildan/gildan-222.jpg,https://myebrochure.co.uk/images/products/prod_29009_18500_184580.jpg,https://myebrochure.co.uk/images/products.small/prod_29009_18500_184580.jpg,https://myebrochure.co.uk/images/products.hires/prod_29009_18500_184580.jpg,https://myebrochure.co.uk/images/brands/gildan_25.png,https://myebrochure.co.uk/images/products.hires/prod_29009_18500_176502.jpg,,,,,,,,,,"<li>24/1 MVS Yarn</li> <li>The Heavy Blend collection is now made with finer yarns and new MVS Air spinning technology, that improves the fabric by reducing pilling, enhancing durability and creating a smoother printing surface.</li> <li>Proud member of the US Cotton Trust Protocol (USCTP) and Better Cotton&#8482;</li> <li>Cotton products from Gildan support more sustainable + ethical cotton farming</li> <li>2-end midweight fleece fabric</li> <li>Double-lined hood with color-matched drawcord </li> <li>Pouch pocket</li> <li>1 x 1 rib with spandex for enhanced stretch and recovery</li> <li>Classic fit, tubular body</li> <li>High-performing tear-away label</li> <li><b>Also available in childrens sizes code 18500B</b></li>",6.72
170966,1708745,18500,SSHIRT,SWEATSHIRTS AND HOODIES,MENSSH,Mens Sweatshirts & Hoodies,GILDAN,Gildan,760062,222,Old Gold,12,2XL,Heavy Blend? Adult Hooded Sweatshirt,8.79,1,6,24,31-12-2025 23:45,C,https://myebrochure.co.uk/images/colours/gildan/gildan-222.jpg,https://myebrochure.co.uk/images/products/prod_29009_18500_184580.jpg,https://myebrochure.co.uk/images/products.small/prod_29009_18500_184580.jpg,https://myebrochure.co.uk/images/products.hires/prod_29009_18500_184580.jpg,https://myebrochure.co.uk/images/brands/gildan_25.png,https://myebrochure.co.uk/images/products.hires/prod_29009_18500_176502.jpg,,,,,,,,,,"<li>24/1 MVS Yarn</li> <li>The Heavy Blend collection is now made with finer yarns and new MVS Air spinning technology, that improves the fabric by reducing pilling, enhancing durability and creating a smoother printing surface.</li> <li>Proud member of the US Cotton Trust Protocol (USCTP) and Better Cotton&#8482;</li> <li>Cotton products from Gildan support more sustainable + ethical cotton farming</li> <li>2-end midweight fleece fabric</li> <li>Double-lined hood with color-matched drawcord </li> <li>Pouch pocket</li> <li>1 x 1 rib with spandex for enhanced stretch and recovery</li> <li>Classic fit, tubular body</li> <li>High-performing tear-away label</li> <li><b>Also available in childrens sizes code 18500B</b></li>",6.72
170967,1708752,18500,SSHIRT,SWEATSHIRTS AND HOODIES,MENSSH,Mens Sweatshirts & Hoodies,GILDAN,Gildan,760062,222,Old Gold,12,3XL,Heavy Blend? Adult Hooded Sweatshirt,12.12,1,12,24,31-12-2025 23:45,C,https://myebrochure.co.uk/images/colours/gildan/gildan-222.jpg,https://myebrochure.co.uk/images/products/prod_29009_18500_184580.jpg,https://myebrochure.co.uk/images/products.small/prod_29009_18500_184580.jpg,https://myebrochure.co.uk/images/products.hires/prod_29009_18500_184580.jpg,https://myebrochure.co.uk/images/brands/gildan_25.png,https://myebrochure.co.uk/images/products.hires/prod_29009_18500_176502.jpg,,,,,,,,,,"<li>24/1 MVS Yarn</li> <li>The Heavy Blend collection is now made with finer yarns and new MVS Air spinning technology, that improves the fabric by reducing pilling, enhancing durability and creating a smoother printing surface.</li> <li>Proud member of the US Cotton Trust Protocol (USCTP) and Better Cotton&#8482;</li> <li>Cotton products from Gildan support more sustainable + ethical cotton farming</li> <li>2-end midweight fleece fabric</li> <li>Double-lined hood with color-matched drawcord </li> <li>Pouch pocket</li> <li>1 x 1 rib with spandex for enhanced stretch and recovery</li> <li>Classic fit, tubular body</li> <li>High-performing tear-away label</li> <li><b>Also available in childrens sizes code 18500B</b></li>",9.27
38195,381888,18500,SSHIRT,SWEATSHIRTS AND HOODIES,MENSSH,Mens Sweatshirts & Hoodies,GILDAN,Gildan,760062,37,Orange,12,S,Heavy Blend? Adult Hooded Sweatshirt,8.79,1,6,24,01-01-2026 1:50,C,https://myebrochure.co.uk/images/colours/gildan/gildan-37.jpg,https://myebrochure.co.uk/images/products/prod_29009_18500_184580.jpg,https://myebrochure.co.uk/images/products.small/prod_29009_18500_184580.jpg,https://myebrochure.co.uk/images/products.hires/prod_29009_18500_184580.jpg,https://myebrochure.co.uk/images/brands/gildan_25.png,https://myebrochure.co.uk/images/products.hires/prod_29009_18500_176497.jpg,,,,,,,,,,"<li>24/1 MVS Yarn</li> <li>The Heavy Blend collection is now made with finer yarns and new MVS Air spinning technology, that improves the fabric by reducing pilling, enhancing durability and creating a smoother printing surface.</li> <li>Proud member of the US Cotton Trust Protocol (USCTP) and Better Cotton&#8482;</li> <li>Cotton products from Gildan support more sustainable + ethical cotton farming</li> <li>2-end midweight fleece fabric</li> <li>Double-lined hood with color-matched drawcord </li> <li>Pouch pocket</li> <li>1 x 1 rib with spandex for enhanced stretch and recovery</li> <li>Classic fit, tubular body</li> <li>High-performing tear-away label</li> <li><b>Also available in childrens sizes code 18500B</b></li>",6.72
38196,381895,18500,SSHIRT,SWEATSHIRTS AND HOODIES,MENSSH,Mens Sweatshirts & Hoodies,GILDAN,Gildan,760062,37,Orange,12,M,Heavy Blend? Adult Hooded Sweatshirt,8.79,1,6,24,31-12-2025 23:45,C,https://myebrochure.co.uk/images/colours/gildan/gildan-37.jpg,https://myebrochure.co.uk/images/products/prod_29009_18500_184580.jpg,https://myebrochure.co.uk/images/products.small/prod_29009_18500_184580.jpg,https://myebrochure.co.uk/images/products.hires/prod_29009_18500_184580.jpg,https://myebrochure.co.uk/images/brands/gildan_25.png,https://myebrochure.co.uk/images/products.hires/prod_29009_18500_176497.jpg,,,,,,,,,,"<li>24/1 MVS Yarn</li> <li>The Heavy Blend collection is now made with finer yarns and new MVS Air spinning technology, that improves the fabric by reducing pilling, enhancing durability and creating a smoother printing surface.</li> <li>Proud member of the US Cotton Trust Protocol (USCTP) and Better Cotton&#8482;</li> <li>Cotton products from Gildan support more sustainable + ethical cotton farming</li> <li>2-end midweight fleece fabric</li> <li>Double-lined hood with color-matched drawcord </li> <li>Pouch pocket</li> <li>1 x 1 rib with spandex for enhanced stretch and recovery</li> <li>Classic fit, tubular body</li> <li>High-performing tear-away label</li> <li><b>Also available in childrens sizes code 18500B</b></li>",6.72
38197,381901,18500,SSHIRT,SWEATSHIRTS AND HOODIES,MENSSH,Mens Sweatshirts & Hoodies,GILDAN,Gildan,760062,37,Orange,12,L,Heavy Blend? Adult Hooded Sweatshirt,8.79,1,6,24,31-12-2025 23:45,C,https://myebrochure.co.uk/images/colours/gildan/gildan-37.jpg,https://myebrochure.co.uk/images/products/prod_29009_18500_184580.jpg,https://myebrochure.co.uk/images/products.small/prod_29009_18500_184580.jpg,https://myebrochure.co.uk/images/products.hires/prod_29009_18500_184580.jpg,https://myebrochure.co.uk/images/brands/gildan_25.png,https://myebrochure.co.uk/images/products.hires/prod_29009_18500_176497.jpg,,,,,,,,,,"<li>24/1 MVS Yarn</li> <li>The Heavy Blend collection is now made with finer yarns and new MVS Air spinning technology, that improves the fabric by reducing pilling, enhancing durability and creating a smoother printing surface.</li> <li>Proud member of the US Cotton Trust Protocol (USCTP) and Better Cotton&#8482;</li> <li>Cotton products from Gildan support more sustainable + ethical cotton farming</li> <li>2-end midweight fleece fabric</li> <li>Double-lined hood with color-matched drawcord </li> <li>Pouch pocket</li> <li>1 x 1 rib with spandex for enhanced stretch and recovery</li> <li>Classic fit, tubular body</li> <li>High-performing tear-away label</li> <li><b>Also available in childrens sizes code 18500B</b></li>",6.72
38198,381918,18500,SSHIRT,SWEATSHIRTS AND HOODIES,MENSSH,Mens Sweatshirts & Hoodies,GILDAN,Gildan,760062,37,Orange,12,XL,Heavy Blend? Adult Hooded Sweatshirt,8.79,1,6,24,31-12-2025 23:45,C,https://myebrochure.co.uk/images/colours/gildan/gildan-37.jpg,https://myebrochure.co.uk/images/products/prod_29009_18500_184580.jpg,https://myebrochure.co.uk/images/products.small/prod_29009_18500_184580.jpg,https://myebrochure.co.uk/images/products.hires/prod_29009_18500_184580.jpg,https://myebrochure.co.uk/images/brands/gildan_25.png,https://myebrochure.co.uk/images/products.hires/prod_29009_18500_176497.jpg,,,,,,,,,,"<li>24/1 MVS Yarn</li> <li>The Heavy Blend collection is now made with finer yarns and new MVS Air spinning technology, that improves the fabric by reducing pilling, enhancing durability and creating a smoother printing surface.</li> <li>Proud member of the US Cotton Trust Protocol (USCTP) and Better Cotton&#8482;</li> <li>Cotton products from Gildan support more sustainable + ethical cotton farming</li> <li>2-end midweight fleece fabric</li> <li>Double-lined hood with color-matched drawcord </li> <li>Pouch pocket</li> <li>1 x 1 rib with spandex for enhanced stretch and recovery</li> <li>Classic fit, tubular body</li> <li>High-performing tear-away label</li> <li><b>Also available in childrens sizes code 18500B</b></li>",6.72
38199,381925,18500,SSHIRT,SWEATSHIRTS AND HOODIES,MENSSH,Mens Sweatshirts & Hoodies,GILDAN,Gildan,760062,37,Orange,12,2XL,Heavy Blend? Adult Hooded Sweatshirt,8.79,1,6,24,31-12-2025 23:45,C,https://myebrochure.co.uk/images/colours/gildan/gildan-37.jpg,https://myebrochure.co.uk/images/products/prod_29009_18500_184580.jpg,https://myebrochure.co.uk/images/products.small/prod_29009_18500_184580.jpg,https://myebrochure.co.uk/images/products.hires/prod_29009_18500_184580.jpg,https://myebrochure.co.uk/images/brands/gildan_25.png,https://myebrochure.co.uk/images/products.hires/prod_29009_18500_176497.jpg,,,,,,,,,,"<li>24/1 MVS Yarn</li> <li>The Heavy Blend collection is now made with finer yarns and new MVS Air spinning technology, that improves the fabric by reducing pilling, enhancing durability and creating a smoother printing surface.</li> <li>Proud member of the US Cotton Trust Protocol (USCTP) and Better Cotton&#8482;</li> <li>Cotton products from Gildan support more sustainable + ethical cotton farming</li> <li>2-end midweight fleece fabric</li> <li>Double-lined hood with color-matched drawcord </li> <li>Pouch pocket</li> <li>1 x 1 rib with spandex for enhanced stretch and recovery</li> <li>Classic fit, tubular body</li> <li>High-performing tear-away label</li> <li><b>Also available in childrens sizes code 18500B</b></li>",6.72
137576,1374834,18500,SSHIRT,SWEATSHIRTS AND HOODIES,MENSSH,Mens Sweatshirts & Hoodies,GILDAN,Gildan,760062,37,Orange,12,3XL,Heavy Blend? Adult Hooded Sweatshirt,12.12,1,12,24,31-12-2025 23:45,C,https://myebrochure.co.uk/images/colours/gildan/gildan-37.jpg,https://myebrochure.co.uk/images/products/prod_29009_18500_184580.jpg,https://myebrochure.co.uk/images/products.small/prod_29009_18500_184580.jpg,https://myebrochure.co.uk/images/products.hires/prod_29009_18500_184580.jpg,https://myebrochure.co.uk/images/brands/gildan_25.png,https://myebrochure.co.uk/images/products.hires/prod_29009_18500_176497.jpg,,,,,,,,,,"<li>24/1 MVS Yarn</li> <li>The Heavy Blend collection is now made with finer yarns and new MVS Air spinning technology, that improves the fabric by reducing pilling, enhancing durability and creating a smoother printing surface.</li> <li>Proud member of the US Cotton Trust Protocol (USCTP) and Better Cotton&#8482;</li> <li>Cotton products from Gildan support more sustainable + ethical cotton farming</li> <li>2-end midweight fleece fabric</li> <li>Double-lined hood with color-matched drawcord </li> <li>Pouch pocket</li> <li>1 x 1 rib with spandex for enhanced stretch and recovery</li> <li>Classic fit, tubular body</li> <li>High-performing tear-away label</li> <li><b>Also available in childrens sizes code 18500B</b></li>",9.27
170970,1708783,18500,SSHIRT,SWEATSHIRTS AND HOODIES,MENSSH,Mens Sweatshirts & Hoodies,GILDAN,Gildan,760062,191,Orchid,12,S,Heavy Blend? Adult Hooded Sweatshirt,8.79,1,6,24,31-12-2025 23:45,C,https://myebrochure.co.uk/images/colours/gildan/gildan-191.jpg,https://myebrochure.co.uk/images/products/prod_29009_18500_184580.jpg,https://myebrochure.co.uk/images/products.small/prod_29009_18500_184580.jpg,https://myebrochure.co.uk/images/products.hires/prod_29009_18500_184580.jpg,https://myebrochure.co.uk/images/brands/gildan_25.png,https://myebrochure.co.uk/images/products.hires/prod_29009_18500_176503.jpg,,,,,,,,,,"<li>24/1 MVS Yarn</li> <li>The Heavy Blend collection is now made with finer yarns and new MVS Air spinning technology, that improves the fabric by reducing pilling, enhancing durability and creating a smoother printing surface.</li> <li>Proud member of the US Cotton Trust Protocol (USCTP) and Better Cotton&#8482;</li> <li>Cotton products from Gildan support more sustainable + ethical cotton farming</li> <li>2-end midweight fleece fabric</li> <li>Double-lined hood with color-matched drawcord </li> <li>Pouch pocket</li> <li>1 x 1 rib with spandex for enhanced stretch and recovery</li> <li>Classic fit, tubular body</li> <li>High-performing tear-away label</li> <li><b>Also available in childrens sizes code 18500B</b></li>",6.72
170971,1708790,18500,SSHIRT,SWEATSHIRTS AND HOODIES,MENSSH,Mens Sweatshirts & Hoodies,GILDAN,Gildan,760062,191,Orchid,12,M,Heavy Blend? Adult Hooded Sweatshirt,8.79,1,6,24,31-12-2025 23:45,C,https://myebrochure.co.uk/images/colours/gildan/gildan-191.jpg,https://myebrochure.co.uk/images/products/prod_29009_18500_184580.jpg,https://myebrochure.co.uk/images/products.small/prod_29009_18500_184580.jpg,https://myebrochure.co.uk/images/products.hires/prod_29009_18500_184580.jpg,https://myebrochure.co.uk/images/brands/gildan_25.png,https://myebrochure.co.uk/images/products.hires/prod_29009_18500_176503.jpg,,,,,,,,,,"<li>24/1 MVS Yarn</li> <li>The Heavy Blend collection is now made with finer yarns and new MVS Air spinning technology, that improves the fabric by reducing pilling, enhancing durability and creating a smoother printing surface.</li> <li>Proud member of the US Cotton Trust Protocol (USCTP) and Better Cotton&#8482;</li> <li>Cotton products from Gildan support more sustainable + ethical cotton farming</li> <li>2-end midweight fleece fabric</li> <li>Double-lined hood with color-matched drawcord </li> <li>Pouch pocket</li> <li>1 x 1 rib with spandex for enhanced stretch and recovery</li> <li>Classic fit, tubular body</li> <li>High-performing tear-away label</li> <li><b>Also available in childrens sizes code 18500B</b></li>",6.72
170972,1708806,18500,SSHIRT,SWEATSHIRTS AND HOODIES,MENSSH,Mens Sweatshirts & Hoodies,GILDAN,Gildan,760062,191,Orchid,12,L,Heavy Blend? Adult Hooded Sweatshirt,8.79,1,6,24,31-12-2025 23:45,C,https://myebrochure.co.uk/images/colours/gildan/gildan-191.jpg,https://myebrochure.co.uk/images/products/prod_29009_18500_184580.jpg,https://myebrochure.co.uk/images/products.small/prod_29009_18500_184580.jpg,https://myebrochure.co.uk/images/products.hires/prod_29009_18500_184580.jpg,https://myebrochure.co.uk/images/brands/gildan_25.png,https://myebrochure.co.uk/images/products.hires/prod_29009_18500_176503.jpg,,,,,,,,,,"<li>24/1 MVS Yarn</li> <li>The Heavy Blend collection is now made with finer yarns and new MVS Air spinning technology, that improves the fabric by reducing pilling, enhancing durability and creating a smoother printing surface.</li> <li>Proud member of the US Cotton Trust Protocol (USCTP) and Better Cotton&#8482;</li> <li>Cotton products from Gildan support more sustainable + ethical cotton farming</li> <li>2-end midweight fleece fabric</li> <li>Double-lined hood with color-matched drawcord </li> <li>Pouch pocket</li> <li>1 x 1 rib with spandex for enhanced stretch and recovery</li> <li>Classic fit, tubular body</li> <li>High-performing tear-away label</li> <li><b>Also available in childrens sizes code 18500B</b></li>",6.72
170973,1708813,18500,SSHIRT,SWEATSHIRTS AND HOODIES,MENSSH,Mens Sweatshirts & Hoodies,GILDAN,Gildan,760062,191,Orchid,12,XL,Heavy Blend? Adult Hooded Sweatshirt,8.79,1,6,24,31-12-2025 23:45,C,https://myebrochure.co.uk/images/colours/gildan/gildan-191.jpg,https://myebrochure.co.uk/images/products/prod_29009_18500_184580.jpg,https://myebrochure.co.uk/images/products.small/prod_29009_18500_184580.jpg,https://myebrochure.co.uk/images/products.hires/prod_29009_18500_184580.jpg,https://myebrochure.co.uk/images/brands/gildan_25.png,https://myebrochure.co.uk/images/products.hires/prod_29009_18500_176503.jpg,,,,,,,,,,"<li>24/1 MVS Yarn</li> <li>The Heavy Blend collection is now made with finer yarns and new MVS Air spinning technology, that improves the fabric by reducing pilling, enhancing durability and creating a smoother printing surface.</li> <li>Proud member of the US Cotton Trust Protocol (USCTP) and Better Cotton&#8482;</li> <li>Cotton products from Gildan support more sustainable + ethical cotton farming</li> <li>2-end midweight fleece fabric</li> <li>Double-lined hood with color-matched drawcord </li> <li>Pouch pocket</li> <li>1 x 1 rib with spandex for enhanced stretch and recovery</li> <li>Classic fit, tubular body</li> <li>High-performing tear-away label</li> <li><b>Also available in childrens sizes code 18500B</b></li>",6.72
170974,1708820,18500,SSHIRT,SWEATSHIRTS AND HOODIES,MENSSH,Mens Sweatshirts & Hoodies,GILDAN,Gildan,760062,191,Orchid,12,2XL,Heavy Blend? Adult Hooded Sweatshirt,8.79,1,6,24,31-12-2025 23:45,C,https://myebrochure.co.uk/images/colours/gildan/gildan-191.jpg,https://myebrochure.co.uk/images/products/prod_29009_18500_184580.jpg,https://myebrochure.co.uk/images/products.small/prod_29009_18500_184580.jpg,https://myebrochure.co.uk/images/products.hires/prod_29009_18500_184580.jpg,https://myebrochure.co.uk/images/brands/gildan_25.png,https://myebrochure.co.uk/images/products.hires/prod_29009_18500_176503.jpg,,,,,,,,,,"<li>24/1 MVS Yarn</li> <li>The Heavy Blend collection is now made with finer yarns and new MVS Air spinning technology, that improves the fabric by reducing pilling, enhancing durability and creating a smoother printing surface.</li> <li>Proud member of the US Cotton Trust Protocol (USCTP) and Better Cotton&#8482;</li> <li>Cotton products from Gildan support more sustainable + ethical cotton farming</li> <li>2-end midweight fleece fabric</li> <li>Double-lined hood with color-matched drawcord </li> <li>Pouch pocket</li> <li>1 x 1 rib with spandex for enhanced stretch and recovery</li> <li>Classic fit, tubular body</li> <li>High-performing tear-away label</li> <li><b>Also available in childrens sizes code 18500B</b></li>",6.72
170975,1708837,18500,SSHIRT,SWEATSHIRTS AND HOODIES,MENSSH,Mens Sweatshirts & Hoodies,GILDAN,Gildan,760062,191,Orchid,12,3XL,Heavy Blend? Adult Hooded Sweatshirt,12.12,1,6,24,31-12-2025 23:45,C,https://myebrochure.co.uk/images/colours/gildan/gildan-191.jpg,https://myebrochure.co.uk/images/products/prod_29009_18500_184580.jpg,https://myebrochure.co.uk/images/products.small/prod_29009_18500_184580.jpg,https://myebrochure.co.uk/images/products.hires/prod_29009_18500_184580.jpg,https://myebrochure.co.uk/images/brands/gildan_25.png,https://myebrochure.co.uk/images/products.hires/prod_29009_18500_176503.jpg,,,,,,,,,,"<li>24/1 MVS Yarn</li> <li>The Heavy Blend collection is now made with finer yarns and new MVS Air spinning technology, that improves the fabric by reducing pilling, enhancing durability and creating a smoother printing surface.</li> <li>Proud member of the US Cotton Trust Protocol (USCTP) and Better Cotton&#8482;</li> <li>Cotton products from Gildan support more sustainable + ethical cotton farming</li> <li>2-end midweight fleece fabric</li> <li>Double-lined hood with color-matched drawcord </li> <li>Pouch pocket</li> <li>1 x 1 rib with spandex for enhanced stretch and recovery</li> <li>Classic fit, tubular body</li> <li>High-performing tear-away label</li> <li><b>Also available in childrens sizes code 18500B</b></li>",9.27
38225,382182,18500,SSHIRT,SWEATSHIRTS AND HOODIES,MENSSH,Mens Sweatshirts & Hoodies,GILDAN,Gildan,760062,81,Purple,12,S,Heavy Blend? Adult Hooded Sweatshirt,8.79,1,6,24,31-12-2025 23:45,C,https://myebrochure.co.uk/images/colours/gildan/gildan-81.jpg,https://myebrochure.co.uk/images/products/prod_29009_18500_184580.jpg,https://myebrochure.co.uk/images/products.small/prod_29009_18500_184580.jpg,https://myebrochure.co.uk/images/products.hires/prod_29009_18500_184580.jpg,https://myebrochure.co.uk/images/brands/gildan_25.png,https://myebrochure.co.uk/images/products.hires/prod_29009_18500_176499.jpg,,,,,,,,,,"<li>24/1 MVS Yarn</li> <li>The Heavy Blend collection is now made with finer yarns and new MVS Air spinning technology, that improves the fabric by reducing pilling, enhancing durability and creating a smoother printing surface.</li> <li>Proud member of the US Cotton Trust Protocol (USCTP) and Better Cotton&#8482;</li> <li>Cotton products from Gildan support more sustainable + ethical cotton farming</li> <li>2-end midweight fleece fabric</li> <li>Double-lined hood with color-matched drawcord </li> <li>Pouch pocket</li> <li>1 x 1 rib with spandex for enhanced stretch and recovery</li> <li>Classic fit, tubular body</li> <li>High-performing tear-away label</li> <li><b>Also available in childrens sizes code 18500B</b></li>",6.72
38226,382199,18500,SSHIRT,SWEATSHIRTS AND HOODIES,MENSSH,Mens Sweatshirts & Hoodies,GILDAN,Gildan,760062,81,Purple,12,M,Heavy Blend? Adult Hooded Sweatshirt,8.79,1,6,24,31-12-2025 23:45,C,https://myebrochure.co.uk/images/colours/gildan/gildan-81.jpg,https://myebrochure.co.uk/images/products/prod_29009_18500_184580.jpg,https://myebrochure.co.uk/images/products.small/prod_29009_18500_184580.jpg,https://myebrochure.co.uk/images/products.hires/prod_29009_18500_184580.jpg,https://myebrochure.co.uk/images/brands/gildan_25.png,https://myebrochure.co.uk/images/products.hires/prod_29009_18500_176499.jpg,,,,,,,,,,"<li>24/1 MVS Yarn</li> <li>The Heavy Blend collection is now made with finer yarns and new MVS Air spinning technology, that improves the fabric by reducing pilling, enhancing durability and creating a smoother printing surface.</li> <li>Proud member of the US Cotton Trust Protocol (USCTP) and Better Cotton&#8482;</li> <li>Cotton products from Gildan support more sustainable + ethical cotton farming</li> <li>2-end midweight fleece fabric</li> <li>Double-lined hood with color-matched drawcord </li> <li>Pouch pocket</li> <li>1 x 1 rib with spandex for enhanced stretch and recovery</li> <li>Classic fit, tubular body</li> <li>High-performing tear-away label</li> <li><b>Also available in childrens sizes code 18500B</b></li>",6.72
38227,382205,18500,SSHIRT,SWEATSHIRTS AND HOODIES,MENSSH,Mens Sweatshirts & Hoodies,GILDAN,Gildan,760062,81,Purple,12,L,Heavy Blend? Adult Hooded Sweatshirt,8.79,1,6,24,31-12-2025 23:45,C,https://myebrochure.co.uk/images/colours/gildan/gildan-81.jpg,https://myebrochure.co.uk/images/products/prod_29009_18500_184580.jpg,https://myebrochure.co.uk/images/products.small/prod_29009_18500_184580.jpg,https://myebrochure.co.uk/images/products.hires/prod_29009_18500_184580.jpg,https://myebrochure.co.uk/images/brands/gildan_25.png,https://myebrochure.co.uk/images/products.hires/prod_29009_18500_176499.jpg,,,,,,,,,,"<li>24/1 MVS Yarn</li> <li>The Heavy Blend collection is now made with finer yarns and new MVS Air spinning technology, that improves the fabric by reducing pilling, enhancing durability and creating a smoother printing surface.</li> <li>Proud member of the US Cotton Trust Protocol (USCTP) and Better Cotton&#8482;</li> <li>Cotton products from Gildan support more sustainable + ethical cotton farming</li> <li>2-end midweight fleece fabric</li> <li>Double-lined hood with color-matched drawcord </li> <li>Pouch pocket</li> <li>1 x 1 rib with spandex for enhanced stretch and recovery</li> <li>Classic fit, tubular body</li> <li>High-performing tear-away label</li> <li><b>Also available in childrens sizes code 18500B</b></li>",6.72
38228,382212,18500,SSHIRT,SWEATSHIRTS AND HOODIES,MENSSH,Mens Sweatshirts & Hoodies,GILDAN,Gildan,760062,81,Purple,12,XL,Heavy Blend? Adult Hooded Sweatshirt,8.79,1,6,24,31-12-2025 23:45,C,https://myebrochure.co.uk/images/colours/gildan/gildan-81.jpg,https://myebrochure.co.uk/images/products/prod_29009_18500_184580.jpg,https://myebrochure.co.uk/images/products.small/prod_29009_18500_184580.jpg,https://myebrochure.co.uk/images/products.hires/prod_29009_18500_184580.jpg,https://myebrochure.co.uk/images/brands/gildan_25.png,https://myebrochure.co.uk/images/products.hires/prod_29009_18500_176499.jpg,,,,,,,,,,"<li>24/1 MVS Yarn</li> <li>The Heavy Blend collection is now made with finer yarns and new MVS Air spinning technology, that improves the fabric by reducing pilling, enhancing durability and creating a smoother printing surface.</li> <li>Proud member of the US Cotton Trust Protocol (USCTP) and Better Cotton&#8482;</li> <li>Cotton products from Gildan support more sustainable + ethical cotton farming</li> <li>2-end midweight fleece fabric</li> <li>Double-lined hood with color-matched drawcord </li> <li>Pouch pocket</li> <li>1 x 1 rib with spandex for enhanced stretch and recovery</li> <li>Classic fit, tubular body</li> <li>High-performing tear-away label</li> <li><b>Also available in childrens sizes code 18500B</b></li>",6.72
38229,382229,18500,SSHIRT,SWEATSHIRTS AND HOODIES,MENSSH,Mens Sweatshirts & Hoodies,GILDAN,Gildan,760062,81,Purple,12,2XL,Heavy Blend? Adult Hooded Sweatshirt,8.79,1,6,24,31-12-2025 23:45,C,https://myebrochure.co.uk/images/colours/gildan/gildan-81.jpg,https://myebrochure.co.uk/images/products/prod_29009_18500_184580.jpg,https://myebrochure.co.uk/images/products.small/prod_29009_18500_184580.jpg,https://myebrochure.co.uk/images/products.hires/prod_29009_18500_184580.jpg,https://myebrochure.co.uk/images/brands/gildan_25.png,https://myebrochure.co.uk/images/products.hires/prod_29009_18500_176499.jpg,,,,,,,,,,"<li>24/1 MVS Yarn</li> <li>The Heavy Blend collection is now made with finer yarns and new MVS Air spinning technology, that improves the fabric by reducing pilling, enhancing durability and creating a smoother printing surface.</li> <li>Proud member of the US Cotton Trust Protocol (USCTP) and Better Cotton&#8482;</li> <li>Cotton products from Gildan support more sustainable + ethical cotton farming</li> <li>2-end midweight fleece fabric</li> <li>Double-lined hood with color-matched drawcord </li> <li>Pouch pocket</li> <li>1 x 1 rib with spandex for enhanced stretch and recovery</li> <li>Classic fit, tubular body</li> <li>High-performing tear-away label</li> <li><b>Also available in childrens sizes code 18500B</b></li>",6.72
137600,1375077,18500,SSHIRT,SWEATSHIRTS AND HOODIES,MENSSH,Mens Sweatshirts & Hoodies,GILDAN,Gildan,760062,81,Purple,12,3XL,Heavy Blend? Adult Hooded Sweatshirt,12.12,1,12,24,31-12-2025 23:45,C,https://myebrochure.co.uk/images/colours/gildan/gildan-81.jpg,https://myebrochure.co.uk/images/products/prod_29009_18500_184580.jpg,https://myebrochure.co.uk/images/products.small/prod_29009_18500_184580.jpg,https://myebrochure.co.uk/images/products.hires/prod_29009_18500_184580.jpg,https://myebrochure.co.uk/images/brands/gildan_25.png,https://myebrochure.co.uk/images/products.hires/prod_29009_18500_176499.jpg,,,,,,,,,,"<li>24/1 MVS Yarn</li> <li>The Heavy Blend collection is now made with finer yarns and new MVS Air spinning technology, that improves the fabric by reducing pilling, enhancing durability and creating a smoother printing surface.</li> <li>Proud member of the US Cotton Trust Protocol (USCTP) and Better Cotton&#8482;</li> <li>Cotton products from Gildan support more sustainable + ethical cotton farming</li> <li>2-end midweight fleece fabric</li> <li>Double-lined hood with color-matched drawcord </li> <li>Pouch pocket</li> <li>1 x 1 rib with spandex for enhanced stretch and recovery</li> <li>Classic fit, tubular body</li> <li>High-performing tear-away label</li> <li><b>Also available in childrens sizes code 18500B</b></li>",9.27
137601,1375084,18500,SSHIRT,SWEATSHIRTS AND HOODIES,MENSSH,Mens Sweatshirts & Hoodies,GILDAN,Gildan,760062,81,Purple,12,4XL,Heavy Blend? Adult Hooded Sweatshirt,11.56,1,6,12,31-12-2025 23:45,C,https://myebrochure.co.uk/images/colours/gildan/gildan-81.jpg,https://myebrochure.co.uk/images/products/prod_29009_18500_184580.jpg,https://myebrochure.co.uk/images/products.small/prod_29009_18500_184580.jpg,https://myebrochure.co.uk/images/products.hires/prod_29009_18500_184580.jpg,https://myebrochure.co.uk/images/brands/gildan_25.png,https://myebrochure.co.uk/images/products.hires/prod_29009_18500_176499.jpg,,,,,,,,,,"<li>24/1 MVS Yarn</li> <li>The Heavy Blend collection is now made with finer yarns and new MVS Air spinning technology, that improves the fabric by reducing pilling, enhancing durability and creating a smoother printing surface.</li> <li>Proud member of the US Cotton Trust Protocol (USCTP) and Better Cotton&#8482;</li> <li>Cotton products from Gildan support more sustainable + ethical cotton farming</li> <li>2-end midweight fleece fabric</li> <li>Double-lined hood with color-matched drawcord </li> <li>Pouch pocket</li> <li>1 x 1 rib with spandex for enhanced stretch and recovery</li> <li>Classic fit, tubular body</li> <li>High-performing tear-away label</li> <li><b>Also available in childrens sizes code 18500B</b></li>",8.84
137602,1375091,18500,SSHIRT,SWEATSHIRTS AND HOODIES,MENSSH,Mens Sweatshirts & Hoodies,GILDAN,Gildan,760062,81,Purple,12,5XL,Heavy Blend? Adult Hooded Sweatshirt,11.56,1,6,12,31-12-2025 23:45,C,https://myebrochure.co.uk/images/colours/gildan/gildan-81.jpg,https://myebrochure.co.uk/images/products/prod_29009_18500_184580.jpg,https://myebrochure.co.uk/images/products.small/prod_29009_18500_184580.jpg,https://myebrochure.co.uk/images/products.hires/prod_29009_18500_184580.jpg,https://myebrochure.co.uk/images/brands/gildan_25.png,https://myebrochure.co.uk/images/products.hires/prod_29009_18500_176499.jpg,,,,,,,,,,"<li>24/1 MVS Yarn</li> <li>The Heavy Blend collection is now made with finer yarns and new MVS Air spinning technology, that improves the fabric by reducing pilling, enhancing durability and creating a smoother printing surface.</li> <li>Proud member of the US Cotton Trust Protocol (USCTP) and Better Cotton&#8482;</li> <li>Cotton products from Gildan support more sustainable + ethical cotton farming</li> <li>2-end midweight fleece fabric</li> <li>Double-lined hood with color-matched drawcord </li> <li>Pouch pocket</li> <li>1 x 1 rib with spandex for enhanced stretch and recovery</li> <li>Classic fit, tubular body</li> <li>High-performing tear-away label</li> <li><b>Also available in childrens sizes code 18500B</b></li>",8.84
38205,381987,18500,SSHIRT,SWEATSHIRTS AND HOODIES,MENSSH,Mens Sweatshirts & Hoodies,GILDAN,Gildan,760062,40,Red,12,S,Heavy Blend? Adult Hooded Sweatshirt,8.79,1,6,24,31-12-2025 23:45,C,https://myebrochure.co.uk/images/colours/gildan/gildan-40.jpg,https://myebrochure.co.uk/images/products/prod_29009_18500_184580.jpg,https://myebrochure.co.uk/images/products.small/prod_29009_18500_184580.jpg,https://myebrochure.co.uk/images/products.hires/prod_29009_18500_184580.jpg,https://myebrochure.co.uk/images/brands/gildan_25.png,https://myebrochure.co.uk/images/products.hires/prod_29009_18500_176496.jpg,,,,,,,,,,"<li>24/1 MVS Yarn</li> <li>The Heavy Blend collection is now made with finer yarns and new MVS Air spinning technology, that improves the fabric by reducing pilling, enhancing durability and creating a smoother printing surface.</li> <li>Proud member of the US Cotton Trust Protocol (USCTP) and Better Cotton&#8482;</li> <li>Cotton products from Gildan support more sustainable + ethical cotton farming</li> <li>2-end midweight fleece fabric</li> <li>Double-lined hood with color-matched drawcord </li> <li>Pouch pocket</li> <li>1 x 1 rib with spandex for enhanced stretch and recovery</li> <li>Classic fit, tubular body</li> <li>High-performing tear-away label</li> <li><b>Also available in childrens sizes code 18500B</b></li>",6.72
38206,381994,18500,SSHIRT,SWEATSHIRTS AND HOODIES,MENSSH,Mens Sweatshirts & Hoodies,GILDAN,Gildan,760062,40,Red,12,M,Heavy Blend? Adult Hooded Sweatshirt,8.79,1,6,24,31-12-2025 23:45,C,https://myebrochure.co.uk/images/colours/gildan/gildan-40.jpg,https://myebrochure.co.uk/images/products/prod_29009_18500_184580.jpg,https://myebrochure.co.uk/images/products.small/prod_29009_18500_184580.jpg,https://myebrochure.co.uk/images/products.hires/prod_29009_18500_184580.jpg,https://myebrochure.co.uk/images/brands/gildan_25.png,https://myebrochure.co.uk/images/products.hires/prod_29009_18500_176496.jpg,,,,,,,,,,"<li>24/1 MVS Yarn</li> <li>The Heavy Blend collection is now made with finer yarns and new MVS Air spinning technology, that improves the fabric by reducing pilling, enhancing durability and creating a smoother printing surface.</li> <li>Proud member of the US Cotton Trust Protocol (USCTP) and Better Cotton&#8482;</li> <li>Cotton products from Gildan support more sustainable + ethical cotton farming</li> <li>2-end midweight fleece fabric</li> <li>Double-lined hood with color-matched drawcord </li> <li>Pouch pocket</li> <li>1 x 1 rib with spandex for enhanced stretch and recovery</li> <li>Classic fit, tubular body</li> <li>High-performing tear-away label</li> <li><b>Also available in childrens sizes code 18500B</b></li>",6.72
38207,382007,18500,SSHIRT,SWEATSHIRTS AND HOODIES,MENSSH,Mens Sweatshirts & Hoodies,GILDAN,Gildan,760062,40,Red,12,L,Heavy Blend? Adult Hooded Sweatshirt,8.79,1,6,24,01-01-2026 1:50,C,https://myebrochure.co.uk/images/colours/gildan/gildan-40.jpg,https://myebrochure.co.uk/images/products/prod_29009_18500_184580.jpg,https://myebrochure.co.uk/images/products.small/prod_29009_18500_184580.jpg,https://myebrochure.co.uk/images/products.hires/prod_29009_18500_184580.jpg,https://myebrochure.co.uk/images/brands/gildan_25.png,https://myebrochure.co.uk/images/products.hires/prod_29009_18500_176496.jpg,,,,,,,,,,"<li>24/1 MVS Yarn</li> <li>The Heavy Blend collection is now made with finer yarns and new MVS Air spinning technology, that improves the fabric by reducing pilling, enhancing durability and creating a smoother printing surface.</li> <li>Proud member of the US Cotton Trust Protocol (USCTP) and Better Cotton&#8482;</li> <li>Cotton products from Gildan support more sustainable + ethical cotton farming</li> <li>2-end midweight fleece fabric</li> <li>Double-lined hood with color-matched drawcord </li> <li>Pouch pocket</li> <li>1 x 1 rib with spandex for enhanced stretch and recovery</li> <li>Classic fit, tubular body</li> <li>High-performing tear-away label</li> <li><b>Also available in childrens sizes code 18500B</b></li>",6.72
38208,382014,18500,SSHIRT,SWEATSHIRTS AND HOODIES,MENSSH,Mens Sweatshirts & Hoodies,GILDAN,Gildan,760062,40,Red,12,XL,Heavy Blend? Adult Hooded Sweatshirt,8.79,1,6,24,31-12-2025 23:45,C,https://myebrochure.co.uk/images/colours/gildan/gildan-40.jpg,https://myebrochure.co.uk/images/products/prod_29009_18500_184580.jpg,https://myebrochure.co.uk/images/products.small/prod_29009_18500_184580.jpg,https://myebrochure.co.uk/images/products.hires/prod_29009_18500_184580.jpg,https://myebrochure.co.uk/images/brands/gildan_25.png,https://myebrochure.co.uk/images/products.hires/prod_29009_18500_176496.jpg,,,,,,,,,,"<li>24/1 MVS Yarn</li> <li>The Heavy Blend collection is now made with finer yarns and new MVS Air spinning technology, that improves the fabric by reducing pilling, enhancing durability and creating a smoother printing surface.</li> <li>Proud member of the US Cotton Trust Protocol (USCTP) and Better Cotton&#8482;</li> <li>Cotton products from Gildan support more sustainable + ethical cotton farming</li> <li>2-end midweight fleece fabric</li> <li>Double-lined hood with color-matched drawcord </li> <li>Pouch pocket</li> <li>1 x 1 rib with spandex for enhanced stretch and recovery</li> <li>Classic fit, tubular body</li> <li>High-performing tear-away label</li> <li><b>Also available in childrens sizes code 18500B</b></li>",6.72
38209,382021,18500,SSHIRT,SWEATSHIRTS AND HOODIES,MENSSH,Mens Sweatshirts & Hoodies,GILDAN,Gildan,760062,40,Red,12,2XL,Heavy Blend? Adult Hooded Sweatshirt,8.79,1,6,24,01-01-2026 1:50,C,https://myebrochure.co.uk/images/colours/gildan/gildan-40.jpg,https://myebrochure.co.uk/images/products/prod_29009_18500_184580.jpg,https://myebrochure.co.uk/images/products.small/prod_29009_18500_184580.jpg,https://myebrochure.co.uk/images/products.hires/prod_29009_18500_184580.jpg,https://myebrochure.co.uk/images/brands/gildan_25.png,https://myebrochure.co.uk/images/products.hires/prod_29009_18500_176496.jpg,,,,,,,,,,"<li>24/1 MVS Yarn</li> <li>The Heavy Blend collection is now made with finer yarns and new MVS Air spinning technology, that improves the fabric by reducing pilling, enhancing durability and creating a smoother printing surface.</li> <li>Proud member of the US Cotton Trust Protocol (USCTP) and Better Cotton&#8482;</li> <li>Cotton products from Gildan support more sustainable + ethical cotton farming</li> <li>2-end midweight fleece fabric</li> <li>Double-lined hood with color-matched drawcord </li> <li>Pouch pocket</li> <li>1 x 1 rib with spandex for enhanced stretch and recovery</li> <li>Classic fit, tubular body</li> <li>High-performing tear-away label</li> <li><b>Also available in childrens sizes code 18500B</b></li>",6.72
137585,1374926,18500,SSHIRT,SWEATSHIRTS AND HOODIES,MENSSH,Mens Sweatshirts & Hoodies,GILDAN,Gildan,760062,40,Red,12,3XL,Heavy Blend? Adult Hooded Sweatshirt,12.12,1,6,24,31-12-2025 23:45,C,https://myebrochure.co.uk/images/colours/gildan/gildan-40.jpg,https://myebrochure.co.uk/images/products/prod_29009_18500_184580.jpg,https://myebrochure.co.uk/images/products.small/prod_29009_18500_184580.jpg,https://myebrochure.co.uk/images/products.hires/prod_29009_18500_184580.jpg,https://myebrochure.co.uk/images/brands/gildan_25.png,https://myebrochure.co.uk/images/products.hires/prod_29009_18500_176496.jpg,,,,,,,,,,"<li>24/1 MVS Yarn</li> <li>The Heavy Blend collection is now made with finer yarns and new MVS Air spinning technology, that improves the fabric by reducing pilling, enhancing durability and creating a smoother printing surface.</li> <li>Proud member of the US Cotton Trust Protocol (USCTP) and Better Cotton&#8482;</li> <li>Cotton products from Gildan support more sustainable + ethical cotton farming</li> <li>2-end midweight fleece fabric</li> <li>Double-lined hood with color-matched drawcord </li> <li>Pouch pocket</li> <li>1 x 1 rib with spandex for enhanced stretch and recovery</li> <li>Classic fit, tubular body</li> <li>High-performing tear-away label</li> <li><b>Also available in childrens sizes code 18500B</b></li>",9.27
137586,1374933,18500,SSHIRT,SWEATSHIRTS AND HOODIES,MENSSH,Mens Sweatshirts & Hoodies,GILDAN,Gildan,760062,40,Red,12,4XL,Heavy Blend? Adult Hooded Sweatshirt,12.12,1,6,12,31-12-2025 23:45,C,https://myebrochure.co.uk/images/colours/gildan/gildan-40.jpg,https://myebrochure.co.uk/images/products/prod_29009_18500_184580.jpg,https://myebrochure.co.uk/images/products.small/prod_29009_18500_184580.jpg,https://myebrochure.co.uk/images/products.hires/prod_29009_18500_184580.jpg,https://myebrochure.co.uk/images/brands/gildan_25.png,https://myebrochure.co.uk/images/products.hires/prod_29009_18500_176496.jpg,,,,,,,,,,"<li>24/1 MVS Yarn</li> <li>The Heavy Blend collection is now made with finer yarns and new MVS Air spinning technology, that improves the fabric by reducing pilling, enhancing durability and creating a smoother printing surface.</li> <li>Proud member of the US Cotton Trust Protocol (USCTP) and Better Cotton&#8482;</li> <li>Cotton products from Gildan support more sustainable + ethical cotton farming</li> <li>2-end midweight fleece fabric</li> <li>Double-lined hood with color-matched drawcord </li> <li>Pouch pocket</li> <li>1 x 1 rib with spandex for enhanced stretch and recovery</li> <li>Classic fit, tubular body</li> <li>High-performing tear-away label</li> <li><b>Also available in childrens sizes code 18500B</b></li>",9.27
137587,1374940,18500,SSHIRT,SWEATSHIRTS AND HOODIES,MENSSH,Mens Sweatshirts & Hoodies,GILDAN,Gildan,760062,40,Red,12,5XL,Heavy Blend? Adult Hooded Sweatshirt,12.12,1,6,12,31-12-2025 23:45,C,https://myebrochure.co.uk/images/colours/gildan/gildan-40.jpg,https://myebrochure.co.uk/images/products/prod_29009_18500_184580.jpg,https://myebrochure.co.uk/images/products.small/prod_29009_18500_184580.jpg,https://myebrochure.co.uk/images/products.hires/prod_29009_18500_184580.jpg,https://myebrochure.co.uk/images/brands/gildan_25.png,https://myebrochure.co.uk/images/products.hires/prod_29009_18500_176496.jpg,,,,,,,,,,"<li>24/1 MVS Yarn</li> <li>The Heavy Blend collection is now made with finer yarns and new MVS Air spinning technology, that improves the fabric by reducing pilling, enhancing durability and creating a smoother printing surface.</li> <li>Proud member of the US Cotton Trust Protocol (USCTP) and Better Cotton&#8482;</li> <li>Cotton products from Gildan support more sustainable + ethical cotton farming</li> <li>2-end midweight fleece fabric</li> <li>Double-lined hood with color-matched drawcord </li> <li>Pouch pocket</li> <li>1 x 1 rib with spandex for enhanced stretch and recovery</li> <li>Classic fit, tubular body</li> <li>High-performing tear-away label</li> <li><b>Also available in childrens sizes code 18500B</b></li>",9.27
38210,382038,18500,SSHIRT,SWEATSHIRTS AND HOODIES,MENSSH,Mens Sweatshirts & Hoodies,GILDAN,Gildan,760062,51,Royal,12,S,Heavy Blend? Adult Hooded Sweatshirt,8.79,1,6,24,31-12-2025 23:45,C,https://myebrochure.co.uk/images/colours/gildan/gildan-51.jpg,https://myebrochure.co.uk/images/products/prod_29009_18500_184580.jpg,https://myebrochure.co.uk/images/products.small/prod_29009_18500_184580.jpg,https://myebrochure.co.uk/images/products.hires/prod_29009_18500_184580.jpg,https://myebrochure.co.uk/images/brands/gildan_25.png,https://myebrochure.co.uk/images/products.hires/prod_29009_18500_176521.jpg,,,,,,,,,,"<li>24/1 MVS Yarn</li> <li>The Heavy Blend collection is now made with finer yarns and new MVS Air spinning technology, that improves the fabric by reducing pilling, enhancing durability and creating a smoother printing surface.</li> <li>Proud member of the US Cotton Trust Protocol (USCTP) and Better Cotton&#8482;</li> <li>Cotton products from Gildan support more sustainable + ethical cotton farming</li> <li>2-end midweight fleece fabric</li> <li>Double-lined hood with color-matched drawcord </li> <li>Pouch pocket</li> <li>1 x 1 rib with spandex for enhanced stretch and recovery</li> <li>Classic fit, tubular body</li> <li>High-performing tear-away label</li> <li><b>Also available in childrens sizes code 18500B</b></li>",6.72
38211,382045,18500,SSHIRT,SWEATSHIRTS AND HOODIES,MENSSH,Mens Sweatshirts & Hoodies,GILDAN,Gildan,760062,51,Royal,12,M,Heavy Blend? Adult Hooded Sweatshirt,8.79,1,6,24,31-12-2025 23:45,C,https://myebrochure.co.uk/images/colours/gildan/gildan-51.jpg,https://myebrochure.co.uk/images/products/prod_29009_18500_184580.jpg,https://myebrochure.co.uk/images/products.small/prod_29009_18500_184580.jpg,https://myebrochure.co.uk/images/products.hires/prod_29009_18500_184580.jpg,https://myebrochure.co.uk/images/brands/gildan_25.png,https://myebrochure.co.uk/images/products.hires/prod_29009_18500_176521.jpg,,,,,,,,,,"<li>24/1 MVS Yarn</li> <li>The Heavy Blend collection is now made with finer yarns and new MVS Air spinning technology, that improves the fabric by reducing pilling, enhancing durability and creating a smoother printing surface.</li> <li>Proud member of the US Cotton Trust Protocol (USCTP) and Better Cotton&#8482;</li> <li>Cotton products from Gildan support more sustainable + ethical cotton farming</li> <li>2-end midweight fleece fabric</li> <li>Double-lined hood with color-matched drawcord </li> <li>Pouch pocket</li> <li>1 x 1 rib with spandex for enhanced stretch and recovery</li> <li>Classic fit, tubular body</li> <li>High-performing tear-away label</li> <li><b>Also available in childrens sizes code 18500B</b></li>",6.72
38212,382052,18500,SSHIRT,SWEATSHIRTS AND HOODIES,MENSSH,Mens Sweatshirts & Hoodies,GILDAN,Gildan,760062,51,Royal,12,L,Heavy Blend? Adult Hooded Sweatshirt,8.79,1,6,24,31-12-2025 23:45,C,https://myebrochure.co.uk/images/colours/gildan/gildan-51.jpg,https://myebrochure.co.uk/images/products/prod_29009_18500_184580.jpg,https://myebrochure.co.uk/images/products.small/prod_29009_18500_184580.jpg,https://myebrochure.co.uk/images/products.hires/prod_29009_18500_184580.jpg,https://myebrochure.co.uk/images/brands/gildan_25.png,https://myebrochure.co.uk/images/products.hires/prod_29009_18500_176521.jpg,,,,,,,,,,"<li>24/1 MVS Yarn</li> <li>The Heavy Blend collection is now made with finer yarns and new MVS Air spinning technology, that improves the fabric by reducing pilling, enhancing durability and creating a smoother printing surface.</li> <li>Proud member of the US Cotton Trust Protocol (USCTP) and Better Cotton&#8482;</li> <li>Cotton products from Gildan support more sustainable + ethical cotton farming</li> <li>2-end midweight fleece fabric</li> <li>Double-lined hood with color-matched drawcord </li> <li>Pouch pocket</li> <li>1 x 1 rib with spandex for enhanced stretch and recovery</li> <li>Classic fit, tubular body</li> <li>High-performing tear-away label</li> <li><b>Also available in childrens sizes code 18500B</b></li>",6.72
38213,382069,18500,SSHIRT,SWEATSHIRTS AND HOODIES,MENSSH,Mens Sweatshirts & Hoodies,GILDAN,Gildan,760062,51,Royal,12,XL,Heavy Blend? Adult Hooded Sweatshirt,8.79,1,6,24,31-12-2025 23:45,C,https://myebrochure.co.uk/images/colours/gildan/gildan-51.jpg,https://myebrochure.co.uk/images/products/prod_29009_18500_184580.jpg,https://myebrochure.co.uk/images/products.small/prod_29009_18500_184580.jpg,https://myebrochure.co.uk/images/products.hires/prod_29009_18500_184580.jpg,https://myebrochure.co.uk/images/brands/gildan_25.png,https://myebrochure.co.uk/images/products.hires/prod_29009_18500_176521.jpg,,,,,,,,,,"<li>24/1 MVS Yarn</li> <li>The Heavy Blend collection is now made with finer yarns and new MVS Air spinning technology, that improves the fabric by reducing pilling, enhancing durability and creating a smoother printing surface.</li> <li>Proud member of the US Cotton Trust Protocol (USCTP) and Better Cotton&#8482;</li> <li>Cotton products from Gildan support more sustainable + ethical cotton farming</li> <li>2-end midweight fleece fabric</li> <li>Double-lined hood with color-matched drawcord </li> <li>Pouch pocket</li> <li>1 x 1 rib with spandex for enhanced stretch and recovery</li> <li>Classic fit, tubular body</li> <li>High-performing tear-away label</li> <li><b>Also available in childrens sizes code 18500B</b></li>",6.72
38214,382076,18500,SSHIRT,SWEATSHIRTS AND HOODIES,MENSSH,Mens Sweatshirts & Hoodies,GILDAN,Gildan,760062,51,Royal,12,2XL,Heavy Blend? Adult Hooded Sweatshirt,8.79,1,6,24,31-12-2025 23:45,C,https://myebrochure.co.uk/images/colours/gildan/gildan-51.jpg,https://myebrochure.co.uk/images/products/prod_29009_18500_184580.jpg,https://myebrochure.co.uk/images/products.small/prod_29009_18500_184580.jpg,https://myebrochure.co.uk/images/products.hires/prod_29009_18500_184580.jpg,https://myebrochure.co.uk/images/brands/gildan_25.png,https://myebrochure.co.uk/images/products.hires/prod_29009_18500_176521.jpg,,,,,,,,,,"<li>24/1 MVS Yarn</li> <li>The Heavy Blend collection is now made with finer yarns and new MVS Air spinning technology, that improves the fabric by reducing pilling, enhancing durability and creating a smoother printing surface.</li> <li>Proud member of the US Cotton Trust Protocol (USCTP) and Better Cotton&#8482;</li> <li>Cotton products from Gildan support more sustainable + ethical cotton farming</li> <li>2-end midweight fleece fabric</li> <li>Double-lined hood with color-matched drawcord </li> <li>Pouch pocket</li> <li>1 x 1 rib with spandex for enhanced stretch and recovery</li> <li>Classic fit, tubular body</li> <li>High-performing tear-away label</li> <li><b>Also available in childrens sizes code 18500B</b></li>",6.72
137591,1374988,18500,SSHIRT,SWEATSHIRTS AND HOODIES,MENSSH,Mens Sweatshirts & Hoodies,GILDAN,Gildan,760062,51,Royal,12,3XL,Heavy Blend? Adult Hooded Sweatshirt,12.12,1,6,24,31-12-2025 23:45,C,https://myebrochure.co.uk/images/colours/gildan/gildan-51.jpg,https://myebrochure.co.uk/images/products/prod_29009_18500_184580.jpg,https://myebrochure.co.uk/images/products.small/prod_29009_18500_184580.jpg,https://myebrochure.co.uk/images/products.hires/prod_29009_18500_184580.jpg,https://myebrochure.co.uk/images/brands/gildan_25.png,https://myebrochure.co.uk/images/products.hires/prod_29009_18500_176521.jpg,,,,,,,,,,"<li>24/1 MVS Yarn</li> <li>The Heavy Blend collection is now made with finer yarns and new MVS Air spinning technology, that improves the fabric by reducing pilling, enhancing durability and creating a smoother printing surface.</li> <li>Proud member of the US Cotton Trust Protocol (USCTP) and Better Cotton&#8482;</li> <li>Cotton products from Gildan support more sustainable + ethical cotton farming</li> <li>2-end midweight fleece fabric</li> <li>Double-lined hood with color-matched drawcord </li> <li>Pouch pocket</li> <li>1 x 1 rib with spandex for enhanced stretch and recovery</li> <li>Classic fit, tubular body</li> <li>High-performing tear-away label</li> <li><b>Also available in childrens sizes code 18500B</b></li>",9.27
137592,1374995,18500,SSHIRT,SWEATSHIRTS AND HOODIES,MENSSH,Mens Sweatshirts & Hoodies,GILDAN,Gildan,760062,51,Royal,12,4XL,Heavy Blend? Adult Hooded Sweatshirt,12.12,1,6,12,31-12-2025 23:45,C,https://myebrochure.co.uk/images/colours/gildan/gildan-51.jpg,https://myebrochure.co.uk/images/products/prod_29009_18500_184580.jpg,https://myebrochure.co.uk/images/products.small/prod_29009_18500_184580.jpg,https://myebrochure.co.uk/images/products.hires/prod_29009_18500_184580.jpg,https://myebrochure.co.uk/images/brands/gildan_25.png,https://myebrochure.co.uk/images/products.hires/prod_29009_18500_176521.jpg,,,,,,,,,,"<li>24/1 MVS Yarn</li> <li>The Heavy Blend collection is now made with finer yarns and new MVS Air spinning technology, that improves the fabric by reducing pilling, enhancing durability and creating a smoother printing surface.</li> <li>Proud member of the US Cotton Trust Protocol (USCTP) and Better Cotton&#8482;</li> <li>Cotton products from Gildan support more sustainable + ethical cotton farming</li> <li>2-end midweight fleece fabric</li> <li>Double-lined hood with color-matched drawcord </li> <li>Pouch pocket</li> <li>1 x 1 rib with spandex for enhanced stretch and recovery</li> <li>Classic fit, tubular body</li> <li>High-performing tear-away label</li> <li><b>Also available in childrens sizes code 18500B</b></li>",9.27
137593,1375008,18500,SSHIRT,SWEATSHIRTS AND HOODIES,MENSSH,Mens Sweatshirts & Hoodies,GILDAN,Gildan,760062,51,Royal,12,5XL,Heavy Blend? Adult Hooded Sweatshirt,12.12,1,6,12,01-01-2026 1:50,C,https://myebrochure.co.uk/images/colours/gildan/gildan-51.jpg,https://myebrochure.co.uk/images/products/prod_29009_18500_184580.jpg,https://myebrochure.co.uk/images/products.small/prod_29009_18500_184580.jpg,https://myebrochure.co.uk/images/products.hires/prod_29009_18500_184580.jpg,https://myebrochure.co.uk/images/brands/gildan_25.png,https://myebrochure.co.uk/images/products.hires/prod_29009_18500_176521.jpg,,,,,,,,,,"<li>24/1 MVS Yarn</li> <li>The Heavy Blend collection is now made with finer yarns and new MVS Air spinning technology, that improves the fabric by reducing pilling, enhancing durability and creating a smoother printing surface.</li> <li>Proud member of the US Cotton Trust Protocol (USCTP) and Better Cotton&#8482;</li> <li>Cotton products from Gildan support more sustainable + ethical cotton farming</li> <li>2-end midweight fleece fabric</li> <li>Double-lined hood with color-matched drawcord </li> <li>Pouch pocket</li> <li>1 x 1 rib with spandex for enhanced stretch and recovery</li> <li>Classic fit, tubular body</li> <li>High-performing tear-away label</li> <li><b>Also available in childrens sizes code 18500B</b></li>",9.27
103216,1031751,18500,SSHIRT,SWEATSHIRTS AND HOODIES,MENSSH,Mens Sweatshirts & Hoodies,GILDAN,Gildan,760062,188,Safety Green,12,S,Heavy Blend? Adult Hooded Sweatshirt,8.79,1,6,24,31-12-2025 23:45,C,https://myebrochure.co.uk/images/colours/gildan/gildan-188.jpg,https://myebrochure.co.uk/images/products/prod_29009_18500_184580.jpg,https://myebrochure.co.uk/images/products.small/prod_29009_18500_184580.jpg,https://myebrochure.co.uk/images/products.hires/prod_29009_18500_184580.jpg,https://myebrochure.co.uk/images/brands/gildan_25.png,https://myebrochure.co.uk/images/products.hires/prod_29009_18500_176505.jpg,,,,,,,,,,"<li>24/1 MVS Yarn</li> <li>The Heavy Blend collection is now made with finer yarns and new MVS Air spinning technology, that improves the fabric by reducing pilling, enhancing durability and creating a smoother printing surface.</li> <li>Proud member of the US Cotton Trust Protocol (USCTP) and Better Cotton&#8482;</li> <li>Cotton products from Gildan support more sustainable + ethical cotton farming</li> <li>2-end midweight fleece fabric</li> <li>Double-lined hood with color-matched drawcord </li> <li>Pouch pocket</li> <li>1 x 1 rib with spandex for enhanced stretch and recovery</li> <li>Classic fit, tubular body</li> <li>High-performing tear-away label</li> <li><b>Also available in childrens sizes code 18500B</b></li>",6.72
103217,1031768,18500,SSHIRT,SWEATSHIRTS AND HOODIES,MENSSH,Mens Sweatshirts & Hoodies,GILDAN,Gildan,760062,188,Safety Green,12,M,Heavy Blend? Adult Hooded Sweatshirt,8.79,1,6,24,31-12-2025 23:45,C,https://myebrochure.co.uk/images/colours/gildan/gildan-188.jpg,https://myebrochure.co.uk/images/products/prod_29009_18500_184580.jpg,https://myebrochure.co.uk/images/products.small/prod_29009_18500_184580.jpg,https://myebrochure.co.uk/images/products.hires/prod_29009_18500_184580.jpg,https://myebrochure.co.uk/images/brands/gildan_25.png,https://myebrochure.co.uk/images/products.hires/prod_29009_18500_176505.jpg,,,,,,,,,,"<li>24/1 MVS Yarn</li> <li>The Heavy Blend collection is now made with finer yarns and new MVS Air spinning technology, that improves the fabric by reducing pilling, enhancing durability and creating a smoother printing surface.</li> <li>Proud member of the US Cotton Trust Protocol (USCTP) and Better Cotton&#8482;</li> <li>Cotton products from Gildan support more sustainable + ethical cotton farming</li> <li>2-end midweight fleece fabric</li> <li>Double-lined hood with color-matched drawcord </li> <li>Pouch pocket</li> <li>1 x 1 rib with spandex for enhanced stretch and recovery</li> <li>Classic fit, tubular body</li> <li>High-performing tear-away label</li> <li><b>Also available in childrens sizes code 18500B</b></li>",6.72
103218,1031775,18500,SSHIRT,SWEATSHIRTS AND HOODIES,MENSSH,Mens Sweatshirts & Hoodies,GILDAN,Gildan,760062,188,Safety Green,12,L,Heavy Blend? Adult Hooded Sweatshirt,8.79,1,6,24,31-12-2025 23:45,C,https://myebrochure.co.uk/images/colours/gildan/gildan-188.jpg,https://myebrochure.co.uk/images/products/prod_29009_18500_184580.jpg,https://myebrochure.co.uk/images/products.small/prod_29009_18500_184580.jpg,https://myebrochure.co.uk/images/products.hires/prod_29009_18500_184580.jpg,https://myebrochure.co.uk/images/brands/gildan_25.png,https://myebrochure.co.uk/images/products.hires/prod_29009_18500_176505.jpg,,,,,,,,,,"<li>24/1 MVS Yarn</li> <li>The Heavy Blend collection is now made with finer yarns and new MVS Air spinning technology, that improves the fabric by reducing pilling, enhancing durability and creating a smoother printing surface.</li> <li>Proud member of the US Cotton Trust Protocol (USCTP) and Better Cotton&#8482;</li> <li>Cotton products from Gildan support more sustainable + ethical cotton farming</li> <li>2-end midweight fleece fabric</li> <li>Double-lined hood with color-matched drawcord </li> <li>Pouch pocket</li> <li>1 x 1 rib with spandex for enhanced stretch and recovery</li> <li>Classic fit, tubular body</li> <li>High-performing tear-away label</li> <li><b>Also available in childrens sizes code 18500B</b></li>",6.72
103219,1031782,18500,SSHIRT,SWEATSHIRTS AND HOODIES,MENSSH,Mens Sweatshirts & Hoodies,GILDAN,Gildan,760062,188,Safety Green,12,XL,Heavy Blend? Adult Hooded Sweatshirt,8.79,1,6,24,31-12-2025 23:45,C,https://myebrochure.co.uk/images/colours/gildan/gildan-188.jpg,https://myebrochure.co.uk/images/products/prod_29009_18500_184580.jpg,https://myebrochure.co.uk/images/products.small/prod_29009_18500_184580.jpg,https://myebrochure.co.uk/images/products.hires/prod_29009_18500_184580.jpg,https://myebrochure.co.uk/images/brands/gildan_25.png,https://myebrochure.co.uk/images/products.hires/prod_29009_18500_176505.jpg,,,,,,,,,,"<li>24/1 MVS Yarn</li> <li>The Heavy Blend collection is now made with finer yarns and new MVS Air spinning technology, that improves the fabric by reducing pilling, enhancing durability and creating a smoother printing surface.</li> <li>Proud member of the US Cotton Trust Protocol (USCTP) and Better Cotton&#8482;</li> <li>Cotton products from Gildan support more sustainable + ethical cotton farming</li> <li>2-end midweight fleece fabric</li> <li>Double-lined hood with color-matched drawcord </li> <li>Pouch pocket</li> <li>1 x 1 rib with spandex for enhanced stretch and recovery</li> <li>Classic fit, tubular body</li> <li>High-performing tear-away label</li> <li><b>Also available in childrens sizes code 18500B</b></li>",6.72
103220,1031799,18500,SSHIRT,SWEATSHIRTS AND HOODIES,MENSSH,Mens Sweatshirts & Hoodies,GILDAN,Gildan,760062,188,Safety Green,12,2XL,Heavy Blend? Adult Hooded Sweatshirt,8.79,1,6,24,31-12-2025 23:45,C,https://myebrochure.co.uk/images/colours/gildan/gildan-188.jpg,https://myebrochure.co.uk/images/products/prod_29009_18500_184580.jpg,https://myebrochure.co.uk/images/products.small/prod_29009_18500_184580.jpg,https://myebrochure.co.uk/images/products.hires/prod_29009_18500_184580.jpg,https://myebrochure.co.uk/images/brands/gildan_25.png,https://myebrochure.co.uk/images/products.hires/prod_29009_18500_176505.jpg,,,,,,,,,,"<li>24/1 MVS Yarn</li> <li>The Heavy Blend collection is now made with finer yarns and new MVS Air spinning technology, that improves the fabric by reducing pilling, enhancing durability and creating a smoother printing surface.</li> <li>Proud member of the US Cotton Trust Protocol (USCTP) and Better Cotton&#8482;</li> <li>Cotton products from Gildan support more sustainable + ethical cotton farming</li> <li>2-end midweight fleece fabric</li> <li>Double-lined hood with color-matched drawcord </li> <li>Pouch pocket</li> <li>1 x 1 rib with spandex for enhanced stretch and recovery</li> <li>Classic fit, tubular body</li> <li>High-performing tear-away label</li> <li><b>Also available in childrens sizes code 18500B</b></li>",6.72
137537,1374445,18500,SSHIRT,SWEATSHIRTS AND HOODIES,MENSSH,Mens Sweatshirts & Hoodies,GILDAN,Gildan,760062,188,Safety Green,12,3XL,Heavy Blend? Adult Hooded Sweatshirt,12.12,1,12,24,31-12-2025 23:45,C,https://myebrochure.co.uk/images/colours/gildan/gildan-188.jpg,https://myebrochure.co.uk/images/products/prod_29009_18500_184580.jpg,https://myebrochure.co.uk/images/products.small/prod_29009_18500_184580.jpg,https://myebrochure.co.uk/images/products.hires/prod_29009_18500_184580.jpg,https://myebrochure.co.uk/images/brands/gildan_25.png,https://myebrochure.co.uk/images/products.hires/prod_29009_18500_176505.jpg,,,,,,,,,,"<li>24/1 MVS Yarn</li> <li>The Heavy Blend collection is now made with finer yarns and new MVS Air spinning technology, that improves the fabric by reducing pilling, enhancing durability and creating a smoother printing surface.</li> <li>Proud member of the US Cotton Trust Protocol (USCTP) and Better Cotton&#8482;</li> <li>Cotton products from Gildan support more sustainable + ethical cotton farming</li> <li>2-end midweight fleece fabric</li> <li>Double-lined hood with color-matched drawcord </li> <li>Pouch pocket</li> <li>1 x 1 rib with spandex for enhanced stretch and recovery</li> <li>Classic fit, tubular body</li> <li>High-performing tear-away label</li> <li><b>Also available in childrens sizes code 18500B</b></li>",9.27
137538,1374452,18500,SSHIRT,SWEATSHIRTS AND HOODIES,MENSSH,Mens Sweatshirts & Hoodies,GILDAN,Gildan,760062,188,Safety Green,12,4XL,Heavy Blend? Adult Hooded Sweatshirt,11.56,1,6,12,31-12-2025 23:45,C,https://myebrochure.co.uk/images/colours/gildan/gildan-188.jpg,https://myebrochure.co.uk/images/products/prod_29009_18500_184580.jpg,https://myebrochure.co.uk/images/products.small/prod_29009_18500_184580.jpg,https://myebrochure.co.uk/images/products.hires/prod_29009_18500_184580.jpg,https://myebrochure.co.uk/images/brands/gildan_25.png,https://myebrochure.co.uk/images/products.hires/prod_29009_18500_176505.jpg,,,,,,,,,,"<li>24/1 MVS Yarn</li> <li>The Heavy Blend collection is now made with finer yarns and new MVS Air spinning technology, that improves the fabric by reducing pilling, enhancing durability and creating a smoother printing surface.</li> <li>Proud member of the US Cotton Trust Protocol (USCTP) and Better Cotton&#8482;</li> <li>Cotton products from Gildan support more sustainable + ethical cotton farming</li> <li>2-end midweight fleece fabric</li> <li>Double-lined hood with color-matched drawcord </li> <li>Pouch pocket</li> <li>1 x 1 rib with spandex for enhanced stretch and recovery</li> <li>Classic fit, tubular body</li> <li>High-performing tear-away label</li> <li><b>Also available in childrens sizes code 18500B</b></li>",8.84
137539,1374469,18500,SSHIRT,SWEATSHIRTS AND HOODIES,MENSSH,Mens Sweatshirts & Hoodies,GILDAN,Gildan,760062,188,Safety Green,12,5XL,Heavy Blend? Adult Hooded Sweatshirt,11.56,1,6,12,31-12-2025 23:45,C,https://myebrochure.co.uk/images/colours/gildan/gildan-188.jpg,https://myebrochure.co.uk/images/products/prod_29009_18500_184580.jpg,https://myebrochure.co.uk/images/products.small/prod_29009_18500_184580.jpg,https://myebrochure.co.uk/images/products.hires/prod_29009_18500_184580.jpg,https://myebrochure.co.uk/images/brands/gildan_25.png,https://myebrochure.co.uk/images/products.hires/prod_29009_18500_176505.jpg,,,,,,,,,,"<li>24/1 MVS Yarn</li> <li>The Heavy Blend collection is now made with finer yarns and new MVS Air spinning technology, that improves the fabric by reducing pilling, enhancing durability and creating a smoother printing surface.</li> <li>Proud member of the US Cotton Trust Protocol (USCTP) and Better Cotton&#8482;</li> <li>Cotton products from Gildan support more sustainable + ethical cotton farming</li> <li>2-end midweight fleece fabric</li> <li>Double-lined hood with color-matched drawcord </li> <li>Pouch pocket</li> <li>1 x 1 rib with spandex for enhanced stretch and recovery</li> <li>Classic fit, tubular body</li> <li>High-performing tear-away label</li> <li><b>Also available in childrens sizes code 18500B</b></li>",8.84
103221,1031805,18500,SSHIRT,SWEATSHIRTS AND HOODIES,MENSSH,Mens Sweatshirts & Hoodies,GILDAN,Gildan,760062,193,Safety Orange,12,S,Heavy Blend? Adult Hooded Sweatshirt,8.79,1,6,24,31-12-2025 23:45,C,https://myebrochure.co.uk/images/colours/gildan/gildan-193.jpg,https://myebrochure.co.uk/images/products/prod_29009_18500_184580.jpg,https://myebrochure.co.uk/images/products.small/prod_29009_18500_184580.jpg,https://myebrochure.co.uk/images/products.hires/prod_29009_18500_184580.jpg,https://myebrochure.co.uk/images/brands/gildan_25.png,https://myebrochure.co.uk/images/products.hires/prod_29009_18500_176492.jpg,,,,,,,,,,"<li>24/1 MVS Yarn</li> <li>The Heavy Blend collection is now made with finer yarns and new MVS Air spinning technology, that improves the fabric by reducing pilling, enhancing durability and creating a smoother printing surface.</li> <li>Proud member of the US Cotton Trust Protocol (USCTP) and Better Cotton&#8482;</li> <li>Cotton products from Gildan support more sustainable + ethical cotton farming</li> <li>2-end midweight fleece fabric</li> <li>Double-lined hood with color-matched drawcord </li> <li>Pouch pocket</li> <li>1 x 1 rib with spandex for enhanced stretch and recovery</li> <li>Classic fit, tubular body</li> <li>High-performing tear-away label</li> <li><b>Also available in childrens sizes code 18500B</b></li>",6.72
103222,1031812,18500,SSHIRT,SWEATSHIRTS AND HOODIES,MENSSH,Mens Sweatshirts & Hoodies,GILDAN,Gildan,760062,193,Safety Orange,12,M,Heavy Blend? Adult Hooded Sweatshirt,8.79,1,6,24,31-12-2025 23:45,C,https://myebrochure.co.uk/images/colours/gildan/gildan-193.jpg,https://myebrochure.co.uk/images/products/prod_29009_18500_184580.jpg,https://myebrochure.co.uk/images/products.small/prod_29009_18500_184580.jpg,https://myebrochure.co.uk/images/products.hires/prod_29009_18500_184580.jpg,https://myebrochure.co.uk/images/brands/gildan_25.png,https://myebrochure.co.uk/images/products.hires/prod_29009_18500_176492.jpg,,,,,,,,,,"<li>24/1 MVS Yarn</li> <li>The Heavy Blend collection is now made with finer yarns and new MVS Air spinning technology, that improves the fabric by reducing pilling, enhancing durability and creating a smoother printing surface.</li> <li>Proud member of the US Cotton Trust Protocol (USCTP) and Better Cotton&#8482;</li> <li>Cotton products from Gildan support more sustainable + ethical cotton farming</li> <li>2-end midweight fleece fabric</li> <li>Double-lined hood with color-matched drawcord </li> <li>Pouch pocket</li> <li>1 x 1 rib with spandex for enhanced stretch and recovery</li> <li>Classic fit, tubular body</li> <li>High-performing tear-away label</li> <li><b>Also available in childrens sizes code 18500B</b></li>",6.72
103223,1031829,18500,SSHIRT,SWEATSHIRTS AND HOODIES,MENSSH,Mens Sweatshirts & Hoodies,GILDAN,Gildan,760062,193,Safety Orange,12,L,Heavy Blend? Adult Hooded Sweatshirt,8.79,1,6,24,31-12-2025 23:45,C,https://myebrochure.co.uk/images/colours/gildan/gildan-193.jpg,https://myebrochure.co.uk/images/products/prod_29009_18500_184580.jpg,https://myebrochure.co.uk/images/products.small/prod_29009_18500_184580.jpg,https://myebrochure.co.uk/images/products.hires/prod_29009_18500_184580.jpg,https://myebrochure.co.uk/images/brands/gildan_25.png,https://myebrochure.co.uk/images/products.hires/prod_29009_18500_176492.jpg,,,,,,,,,,"<li>24/1 MVS Yarn</li> <li>The Heavy Blend collection is now made with finer yarns and new MVS Air spinning technology, that improves the fabric by reducing pilling, enhancing durability and creating a smoother printing surface.</li> <li>Proud member of the US Cotton Trust Protocol (USCTP) and Better Cotton&#8482;</li> <li>Cotton products from Gildan support more sustainable + ethical cotton farming</li> <li>2-end midweight fleece fabric</li> <li>Double-lined hood with color-matched drawcord </li> <li>Pouch pocket</li> <li>1 x 1 rib with spandex for enhanced stretch and recovery</li> <li>Classic fit, tubular body</li> <li>High-performing tear-away label</li> <li><b>Also available in childrens sizes code 18500B</b></li>",6.72
103224,1031836,18500,SSHIRT,SWEATSHIRTS AND HOODIES,MENSSH,Mens Sweatshirts & Hoodies,GILDAN,Gildan,760062,193,Safety Orange,12,XL,Heavy Blend? Adult Hooded Sweatshirt,8.79,1,6,24,31-12-2025 23:45,C,https://myebrochure.co.uk/images/colours/gildan/gildan-193.jpg,https://myebrochure.co.uk/images/products/prod_29009_18500_184580.jpg,https://myebrochure.co.uk/images/products.small/prod_29009_18500_184580.jpg,https://myebrochure.co.uk/images/products.hires/prod_29009_18500_184580.jpg,https://myebrochure.co.uk/images/brands/gildan_25.png,https://myebrochure.co.uk/images/products.hires/prod_29009_18500_176492.jpg,,,,,,,,,,"<li>24/1 MVS Yarn</li> <li>The Heavy Blend collection is now made with finer yarns and new MVS Air spinning technology, that improves the fabric by reducing pilling, enhancing durability and creating a smoother printing surface.</li> <li>Proud member of the US Cotton Trust Protocol (USCTP) and Better Cotton&#8482;</li> <li>Cotton products from Gildan support more sustainable + ethical cotton farming</li> <li>2-end midweight fleece fabric</li> <li>Double-lined hood with color-matched drawcord </li> <li>Pouch pocket</li> <li>1 x 1 rib with spandex for enhanced stretch and recovery</li> <li>Classic fit, tubular body</li> <li>High-performing tear-away label</li> <li><b>Also available in childrens sizes code 18500B</b></li>",6.72
103225,1031843,18500,SSHIRT,SWEATSHIRTS AND HOODIES,MENSSH,Mens Sweatshirts & Hoodies,GILDAN,Gildan,760062,193,Safety Orange,12,2XL,Heavy Blend? Adult Hooded Sweatshirt,8.79,1,6,24,31-12-2025 23:45,C,https://myebrochure.co.uk/images/colours/gildan/gildan-193.jpg,https://myebrochure.co.uk/images/products/prod_29009_18500_184580.jpg,https://myebrochure.co.uk/images/products.small/prod_29009_18500_184580.jpg,https://myebrochure.co.uk/images/products.hires/prod_29009_18500_184580.jpg,https://myebrochure.co.uk/images/brands/gildan_25.png,https://myebrochure.co.uk/images/products.hires/prod_29009_18500_176492.jpg,,,,,,,,,,"<li>24/1 MVS Yarn</li> <li>The Heavy Blend collection is now made with finer yarns and new MVS Air spinning technology, that improves the fabric by reducing pilling, enhancing durability and creating a smoother printing surface.</li> <li>Proud member of the US Cotton Trust Protocol (USCTP) and Better Cotton&#8482;</li> <li>Cotton products from Gildan support more sustainable + ethical cotton farming</li> <li>2-end midweight fleece fabric</li> <li>Double-lined hood with color-matched drawcord </li> <li>Pouch pocket</li> <li>1 x 1 rib with spandex for enhanced stretch and recovery</li> <li>Classic fit, tubular body</li> <li>High-performing tear-away label</li> <li><b>Also available in childrens sizes code 18500B</b></li>",6.72
137540,1374476,18500,SSHIRT,SWEATSHIRTS AND HOODIES,MENSSH,Mens Sweatshirts & Hoodies,GILDAN,Gildan,760062,193,Safety Orange,12,3XL,Heavy Blend? Adult Hooded Sweatshirt,12.12,1,12,24,31-12-2025 23:45,C,https://myebrochure.co.uk/images/colours/gildan/gildan-193.jpg,https://myebrochure.co.uk/images/products/prod_29009_18500_184580.jpg,https://myebrochure.co.uk/images/products.small/prod_29009_18500_184580.jpg,https://myebrochure.co.uk/images/products.hires/prod_29009_18500_184580.jpg,https://myebrochure.co.uk/images/brands/gildan_25.png,https://myebrochure.co.uk/images/products.hires/prod_29009_18500_176492.jpg,,,,,,,,,,"<li>24/1 MVS Yarn</li> <li>The Heavy Blend collection is now made with finer yarns and new MVS Air spinning technology, that improves the fabric by reducing pilling, enhancing durability and creating a smoother printing surface.</li> <li>Proud member of the US Cotton Trust Protocol (USCTP) and Better Cotton&#8482;</li> <li>Cotton products from Gildan support more sustainable + ethical cotton farming</li> <li>2-end midweight fleece fabric</li> <li>Double-lined hood with color-matched drawcord </li> <li>Pouch pocket</li> <li>1 x 1 rib with spandex for enhanced stretch and recovery</li> <li>Classic fit, tubular body</li> <li>High-performing tear-away label</li> <li><b>Also available in childrens sizes code 18500B</b></li>",9.27
137541,1374483,18500,SSHIRT,SWEATSHIRTS AND HOODIES,MENSSH,Mens Sweatshirts & Hoodies,GILDAN,Gildan,760062,193,Safety Orange,12,4XL,Heavy Blend? Adult Hooded Sweatshirt,11.56,1,6,12,31-12-2025 23:45,C,https://myebrochure.co.uk/images/colours/gildan/gildan-193.jpg,https://myebrochure.co.uk/images/products/prod_29009_18500_184580.jpg,https://myebrochure.co.uk/images/products.small/prod_29009_18500_184580.jpg,https://myebrochure.co.uk/images/products.hires/prod_29009_18500_184580.jpg,https://myebrochure.co.uk/images/brands/gildan_25.png,https://myebrochure.co.uk/images/products.hires/prod_29009_18500_176492.jpg,,,,,,,,,,"<li>24/1 MVS Yarn</li> <li>The Heavy Blend collection is now made with finer yarns and new MVS Air spinning technology, that improves the fabric by reducing pilling, enhancing durability and creating a smoother printing surface.</li> <li>Proud member of the US Cotton Trust Protocol (USCTP) and Better Cotton&#8482;</li> <li>Cotton products from Gildan support more sustainable + ethical cotton farming</li> <li>2-end midweight fleece fabric</li> <li>Double-lined hood with color-matched drawcord </li> <li>Pouch pocket</li> <li>1 x 1 rib with spandex for enhanced stretch and recovery</li> <li>Classic fit, tubular body</li> <li>High-performing tear-away label</li> <li><b>Also available in childrens sizes code 18500B</b></li>",8.84
137542,1374490,18500,SSHIRT,SWEATSHIRTS AND HOODIES,MENSSH,Mens Sweatshirts & Hoodies,GILDAN,Gildan,760062,193,Safety Orange,12,5XL,Heavy Blend? Adult Hooded Sweatshirt,11.56,1,6,12,31-12-2025 23:45,C,https://myebrochure.co.uk/images/colours/gildan/gildan-193.jpg,https://myebrochure.co.uk/images/products/prod_29009_18500_184580.jpg,https://myebrochure.co.uk/images/products.small/prod_29009_18500_184580.jpg,https://myebrochure.co.uk/images/products.hires/prod_29009_18500_184580.jpg,https://myebrochure.co.uk/images/brands/gildan_25.png,https://myebrochure.co.uk/images/products.hires/prod_29009_18500_176492.jpg,,,,,,,,,,"<li>24/1 MVS Yarn</li> <li>The Heavy Blend collection is now made with finer yarns and new MVS Air spinning technology, that improves the fabric by reducing pilling, enhancing durability and creating a smoother printing surface.</li> <li>Proud member of the US Cotton Trust Protocol (USCTP) and Better Cotton&#8482;</li> <li>Cotton products from Gildan support more sustainable + ethical cotton farming</li> <li>2-end midweight fleece fabric</li> <li>Double-lined hood with color-matched drawcord </li> <li>Pouch pocket</li> <li>1 x 1 rib with spandex for enhanced stretch and recovery</li> <li>Classic fit, tubular body</li> <li>High-performing tear-away label</li> <li><b>Also available in childrens sizes code 18500B</b></li>",8.84
38200,381932,18500,SSHIRT,SWEATSHIRTS AND HOODIES,MENSSH,Mens Sweatshirts & Hoodies,GILDAN,Gildan,760062,38,Sand,12,S,Heavy Blend? Adult Hooded Sweatshirt,8.79,1,6,24,31-12-2025 23:45,C,https://myebrochure.co.uk/images/colours/gildan/gildan-38.jpg,https://myebrochure.co.uk/images/products/prod_29009_18500_184580.jpg,https://myebrochure.co.uk/images/products.small/prod_29009_18500_184580.jpg,https://myebrochure.co.uk/images/products.hires/prod_29009_18500_184580.jpg,https://myebrochure.co.uk/images/brands/gildan_25.png,https://myebrochure.co.uk/images/products.hires/prod_29009_18500_176518.jpg,,,,,,,,,,"<li>24/1 MVS Yarn</li> <li>The Heavy Blend collection is now made with finer yarns and new MVS Air spinning technology, that improves the fabric by reducing pilling, enhancing durability and creating a smoother printing surface.</li> <li>Proud member of the US Cotton Trust Protocol (USCTP) and Better Cotton&#8482;</li> <li>Cotton products from Gildan support more sustainable + ethical cotton farming</li> <li>2-end midweight fleece fabric</li> <li>Double-lined hood with color-matched drawcord </li> <li>Pouch pocket</li> <li>1 x 1 rib with spandex for enhanced stretch and recovery</li> <li>Classic fit, tubular body</li> <li>High-performing tear-away label</li> <li><b>Also available in childrens sizes code 18500B</b></li>",6.72
38201,381949,18500,SSHIRT,SWEATSHIRTS AND HOODIES,MENSSH,Mens Sweatshirts & Hoodies,GILDAN,Gildan,760062,38,Sand,12,M,Heavy Blend? Adult Hooded Sweatshirt,8.79,1,6,24,31-12-2025 23:45,C,https://myebrochure.co.uk/images/colours/gildan/gildan-38.jpg,https://myebrochure.co.uk/images/products/prod_29009_18500_184580.jpg,https://myebrochure.co.uk/images/products.small/prod_29009_18500_184580.jpg,https://myebrochure.co.uk/images/products.hires/prod_29009_18500_184580.jpg,https://myebrochure.co.uk/images/brands/gildan_25.png,https://myebrochure.co.uk/images/products.hires/prod_29009_18500_176518.jpg,,,,,,,,,,"<li>24/1 MVS Yarn</li> <li>The Heavy Blend collection is now made with finer yarns and new MVS Air spinning technology, that improves the fabric by reducing pilling, enhancing durability and creating a smoother printing surface.</li> <li>Proud member of the US Cotton Trust Protocol (USCTP) and Better Cotton&#8482;</li> <li>Cotton products from Gildan support more sustainable + ethical cotton farming</li> <li>2-end midweight fleece fabric</li> <li>Double-lined hood with color-matched drawcord </li> <li>Pouch pocket</li> <li>1 x 1 rib with spandex for enhanced stretch and recovery</li> <li>Classic fit, tubular body</li> <li>High-performing tear-away label</li> <li><b>Also available in childrens sizes code 18500B</b></li>",6.72
38202,381956,18500,SSHIRT,SWEATSHIRTS AND HOODIES,MENSSH,Mens Sweatshirts & Hoodies,GILDAN,Gildan,760062,38,Sand,12,L,Heavy Blend? Adult Hooded Sweatshirt,8.79,1,6,24,31-12-2025 23:45,C,https://myebrochure.co.uk/images/colours/gildan/gildan-38.jpg,https://myebrochure.co.uk/images/products/prod_29009_18500_184580.jpg,https://myebrochure.co.uk/images/products.small/prod_29009_18500_184580.jpg,https://myebrochure.co.uk/images/products.hires/prod_29009_18500_184580.jpg,https://myebrochure.co.uk/images/brands/gildan_25.png,https://myebrochure.co.uk/images/products.hires/prod_29009_18500_176518.jpg,,,,,,,,,,"<li>24/1 MVS Yarn</li> <li>The Heavy Blend collection is now made with finer yarns and new MVS Air spinning technology, that improves the fabric by reducing pilling, enhancing durability and creating a smoother printing surface.</li> <li>Proud member of the US Cotton Trust Protocol (USCTP) and Better Cotton&#8482;</li> <li>Cotton products from Gildan support more sustainable + ethical cotton farming</li> <li>2-end midweight fleece fabric</li> <li>Double-lined hood with color-matched drawcord </li> <li>Pouch pocket</li> <li>1 x 1 rib with spandex for enhanced stretch and recovery</li> <li>Classic fit, tubular body</li> <li>High-performing tear-away label</li> <li><b>Also available in childrens sizes code 18500B</b></li>",6.72
38203,381963,18500,SSHIRT,SWEATSHIRTS AND HOODIES,MENSSH,Mens Sweatshirts & Hoodies,GILDAN,Gildan,760062,38,Sand,12,XL,Heavy Blend? Adult Hooded Sweatshirt,8.79,1,6,24,31-12-2025 23:45,C,https://myebrochure.co.uk/images/colours/gildan/gildan-38.jpg,https://myebrochure.co.uk/images/products/prod_29009_18500_184580.jpg,https://myebrochure.co.uk/images/products.small/prod_29009_18500_184580.jpg,https://myebrochure.co.uk/images/products.hires/prod_29009_18500_184580.jpg,https://myebrochure.co.uk/images/brands/gildan_25.png,https://myebrochure.co.uk/images/products.hires/prod_29009_18500_176518.jpg,,,,,,,,,,"<li>24/1 MVS Yarn</li> <li>The Heavy Blend collection is now made with finer yarns and new MVS Air spinning technology, that improves the fabric by reducing pilling, enhancing durability and creating a smoother printing surface.</li> <li>Proud member of the US Cotton Trust Protocol (USCTP) and Better Cotton&#8482;</li> <li>Cotton products from Gildan support more sustainable + ethical cotton farming</li> <li>2-end midweight fleece fabric</li> <li>Double-lined hood with color-matched drawcord </li> <li>Pouch pocket</li> <li>1 x 1 rib with spandex for enhanced stretch and recovery</li> <li>Classic fit, tubular body</li> <li>High-performing tear-away label</li> <li><b>Also available in childrens sizes code 18500B</b></li>",6.72
38204,381970,18500,SSHIRT,SWEATSHIRTS AND HOODIES,MENSSH,Mens Sweatshirts & Hoodies,GILDAN,Gildan,760062,38,Sand,12,2XL,Heavy Blend? Adult Hooded Sweatshirt,8.79,1,6,24,31-12-2025 23:45,C,https://myebrochure.co.uk/images/colours/gildan/gildan-38.jpg,https://myebrochure.co.uk/images/products/prod_29009_18500_184580.jpg,https://myebrochure.co.uk/images/products.small/prod_29009_18500_184580.jpg,https://myebrochure.co.uk/images/products.hires/prod_29009_18500_184580.jpg,https://myebrochure.co.uk/images/brands/gildan_25.png,https://myebrochure.co.uk/images/products.hires/prod_29009_18500_176518.jpg,,,,,,,,,,"<li>24/1 MVS Yarn</li> <li>The Heavy Blend collection is now made with finer yarns and new MVS Air spinning technology, that improves the fabric by reducing pilling, enhancing durability and creating a smoother printing surface.</li> <li>Proud member of the US Cotton Trust Protocol (USCTP) and Better Cotton&#8482;</li> <li>Cotton products from Gildan support more sustainable + ethical cotton farming</li> <li>2-end midweight fleece fabric</li> <li>Double-lined hood with color-matched drawcord </li> <li>Pouch pocket</li> <li>1 x 1 rib with spandex for enhanced stretch and recovery</li> <li>Classic fit, tubular body</li> <li>High-performing tear-away label</li> <li><b>Also available in childrens sizes code 18500B</b></li>",6.72
137579,1374865,18500,SSHIRT,SWEATSHIRTS AND HOODIES,MENSSH,Mens Sweatshirts & Hoodies,GILDAN,Gildan,760062,38,Sand,12,3XL,Heavy Blend? Adult Hooded Sweatshirt,12.12,1,12,24,31-12-2025 23:45,C,https://myebrochure.co.uk/images/colours/gildan/gildan-38.jpg,https://myebrochure.co.uk/images/products/prod_29009_18500_184580.jpg,https://myebrochure.co.uk/images/products.small/prod_29009_18500_184580.jpg,https://myebrochure.co.uk/images/products.hires/prod_29009_18500_184580.jpg,https://myebrochure.co.uk/images/brands/gildan_25.png,https://myebrochure.co.uk/images/products.hires/prod_29009_18500_176518.jpg,,,,,,,,,,"<li>24/1 MVS Yarn</li> <li>The Heavy Blend collection is now made with finer yarns and new MVS Air spinning technology, that improves the fabric by reducing pilling, enhancing durability and creating a smoother printing surface.</li> <li>Proud member of the US Cotton Trust Protocol (USCTP) and Better Cotton&#8482;</li> <li>Cotton products from Gildan support more sustainable + ethical cotton farming</li> <li>2-end midweight fleece fabric</li> <li>Double-lined hood with color-matched drawcord </li> <li>Pouch pocket</li> <li>1 x 1 rib with spandex for enhanced stretch and recovery</li> <li>Classic fit, tubular body</li> <li>High-performing tear-away label</li> <li><b>Also available in childrens sizes code 18500B</b></li>",9.27
137580,1374872,18500,SSHIRT,SWEATSHIRTS AND HOODIES,MENSSH,Mens Sweatshirts & Hoodies,GILDAN,Gildan,760062,38,Sand,12,4XL,Heavy Blend? Adult Hooded Sweatshirt,11.56,1,6,12,31-12-2025 23:45,C,https://myebrochure.co.uk/images/colours/gildan/gildan-38.jpg,https://myebrochure.co.uk/images/products/prod_29009_18500_184580.jpg,https://myebrochure.co.uk/images/products.small/prod_29009_18500_184580.jpg,https://myebrochure.co.uk/images/products.hires/prod_29009_18500_184580.jpg,https://myebrochure.co.uk/images/brands/gildan_25.png,https://myebrochure.co.uk/images/products.hires/prod_29009_18500_176518.jpg,,,,,,,,,,"<li>24/1 MVS Yarn</li> <li>The Heavy Blend collection is now made with finer yarns and new MVS Air spinning technology, that improves the fabric by reducing pilling, enhancing durability and creating a smoother printing surface.</li> <li>Proud member of the US Cotton Trust Protocol (USCTP) and Better Cotton&#8482;</li> <li>Cotton products from Gildan support more sustainable + ethical cotton farming</li> <li>2-end midweight fleece fabric</li> <li>Double-lined hood with color-matched drawcord </li> <li>Pouch pocket</li> <li>1 x 1 rib with spandex for enhanced stretch and recovery</li> <li>Classic fit, tubular body</li> <li>High-performing tear-away label</li> <li><b>Also available in childrens sizes code 18500B</b></li>",8.84
137581,1374889,18500,SSHIRT,SWEATSHIRTS AND HOODIES,MENSSH,Mens Sweatshirts & Hoodies,GILDAN,Gildan,760062,38,Sand,12,5XL,Heavy Blend? Adult Hooded Sweatshirt,11.56,1,6,12,31-12-2025 23:45,C,https://myebrochure.co.uk/images/colours/gildan/gildan-38.jpg,https://myebrochure.co.uk/images/products/prod_29009_18500_184580.jpg,https://myebrochure.co.uk/images/products.small/prod_29009_18500_184580.jpg,https://myebrochure.co.uk/images/products.hires/prod_29009_18500_184580.jpg,https://myebrochure.co.uk/images/brands/gildan_25.png,https://myebrochure.co.uk/images/products.hires/prod_29009_18500_176518.jpg,,,,,,,,,,"<li>24/1 MVS Yarn</li> <li>The Heavy Blend collection is now made with finer yarns and new MVS Air spinning technology, that improves the fabric by reducing pilling, enhancing durability and creating a smoother printing surface.</li> <li>Proud member of the US Cotton Trust Protocol (USCTP) and Better Cotton&#8482;</li> <li>Cotton products from Gildan support more sustainable + ethical cotton farming</li> <li>2-end midweight fleece fabric</li> <li>Double-lined hood with color-matched drawcord </li> <li>Pouch pocket</li> <li>1 x 1 rib with spandex for enhanced stretch and recovery</li> <li>Classic fit, tubular body</li> <li>High-performing tear-away label</li> <li><b>Also available in childrens sizes code 18500B</b></li>",8.84
135773,1357059,18500,SSHIRT,SWEATSHIRTS AND HOODIES,MENSSH,Mens Sweatshirts & Hoodies,GILDAN,Gildan,760062,26,Sapphire,12,S,Heavy Blend? Adult Hooded Sweatshirt,8.79,1,6,24,31-12-2025 23:45,C,https://myebrochure.co.uk/images/colours/gildan/gildan-26.jpg,https://myebrochure.co.uk/images/products/prod_29009_18500_184580.jpg,https://myebrochure.co.uk/images/products.small/prod_29009_18500_184580.jpg,https://myebrochure.co.uk/images/products.hires/prod_29009_18500_184580.jpg,https://myebrochure.co.uk/images/brands/gildan_25.png,https://myebrochure.co.uk/images/products.hires/prod_29009_18500_176513.jpg,,,,,,,,,,"<li>24/1 MVS Yarn</li> <li>The Heavy Blend collection is now made with finer yarns and new MVS Air spinning technology, that improves the fabric by reducing pilling, enhancing durability and creating a smoother printing surface.</li> <li>Proud member of the US Cotton Trust Protocol (USCTP) and Better Cotton&#8482;</li> <li>Cotton products from Gildan support more sustainable + ethical cotton farming</li> <li>2-end midweight fleece fabric</li> <li>Double-lined hood with color-matched drawcord </li> <li>Pouch pocket</li> <li>1 x 1 rib with spandex for enhanced stretch and recovery</li> <li>Classic fit, tubular body</li> <li>High-performing tear-away label</li> <li><b>Also available in childrens sizes code 18500B</b></li>",6.72
135774,1357066,18500,SSHIRT,SWEATSHIRTS AND HOODIES,MENSSH,Mens Sweatshirts & Hoodies,GILDAN,Gildan,760062,26,Sapphire,12,M,Heavy Blend? Adult Hooded Sweatshirt,8.79,1,6,24,31-12-2025 23:45,C,https://myebrochure.co.uk/images/colours/gildan/gildan-26.jpg,https://myebrochure.co.uk/images/products/prod_29009_18500_184580.jpg,https://myebrochure.co.uk/images/products.small/prod_29009_18500_184580.jpg,https://myebrochure.co.uk/images/products.hires/prod_29009_18500_184580.jpg,https://myebrochure.co.uk/images/brands/gildan_25.png,https://myebrochure.co.uk/images/products.hires/prod_29009_18500_176513.jpg,,,,,,,,,,"<li>24/1 MVS Yarn</li> <li>The Heavy Blend collection is now made with finer yarns and new MVS Air spinning technology, that improves the fabric by reducing pilling, enhancing durability and creating a smoother printing surface.</li> <li>Proud member of the US Cotton Trust Protocol (USCTP) and Better Cotton&#8482;</li> <li>Cotton products from Gildan support more sustainable + ethical cotton farming</li> <li>2-end midweight fleece fabric</li> <li>Double-lined hood with color-matched drawcord </li> <li>Pouch pocket</li> <li>1 x 1 rib with spandex for enhanced stretch and recovery</li> <li>Classic fit, tubular body</li> <li>High-performing tear-away label</li> <li><b>Also available in childrens sizes code 18500B</b></li>",6.72
135775,1357073,18500,SSHIRT,SWEATSHIRTS AND HOODIES,MENSSH,Mens Sweatshirts & Hoodies,GILDAN,Gildan,760062,26,Sapphire,12,L,Heavy Blend? Adult Hooded Sweatshirt,8.79,1,6,24,31-12-2025 23:45,C,https://myebrochure.co.uk/images/colours/gildan/gildan-26.jpg,https://myebrochure.co.uk/images/products/prod_29009_18500_184580.jpg,https://myebrochure.co.uk/images/products.small/prod_29009_18500_184580.jpg,https://myebrochure.co.uk/images/products.hires/prod_29009_18500_184580.jpg,https://myebrochure.co.uk/images/brands/gildan_25.png,https://myebrochure.co.uk/images/products.hires/prod_29009_18500_176513.jpg,,,,,,,,,,"<li>24/1 MVS Yarn</li> <li>The Heavy Blend collection is now made with finer yarns and new MVS Air spinning technology, that improves the fabric by reducing pilling, enhancing durability and creating a smoother printing surface.</li> <li>Proud member of the US Cotton Trust Protocol (USCTP) and Better Cotton&#8482;</li> <li>Cotton products from Gildan support more sustainable + ethical cotton farming</li> <li>2-end midweight fleece fabric</li> <li>Double-lined hood with color-matched drawcord </li> <li>Pouch pocket</li> <li>1 x 1 rib with spandex for enhanced stretch and recovery</li> <li>Classic fit, tubular body</li> <li>High-performing tear-away label</li> <li><b>Also available in childrens sizes code 18500B</b></li>",6.72
135776,1357080,18500,SSHIRT,SWEATSHIRTS AND HOODIES,MENSSH,Mens Sweatshirts & Hoodies,GILDAN,Gildan,760062,26,Sapphire,12,XL,Heavy Blend? Adult Hooded Sweatshirt,8.79,1,6,24,31-12-2025 23:45,C,https://myebrochure.co.uk/images/colours/gildan/gildan-26.jpg,https://myebrochure.co.uk/images/products/prod_29009_18500_184580.jpg,https://myebrochure.co.uk/images/products.small/prod_29009_18500_184580.jpg,https://myebrochure.co.uk/images/products.hires/prod_29009_18500_184580.jpg,https://myebrochure.co.uk/images/brands/gildan_25.png,https://myebrochure.co.uk/images/products.hires/prod_29009_18500_176513.jpg,,,,,,,,,,"<li>24/1 MVS Yarn</li> <li>The Heavy Blend collection is now made with finer yarns and new MVS Air spinning technology, that improves the fabric by reducing pilling, enhancing durability and creating a smoother printing surface.</li> <li>Proud member of the US Cotton Trust Protocol (USCTP) and Better Cotton&#8482;</li> <li>Cotton products from Gildan support more sustainable + ethical cotton farming</li> <li>2-end midweight fleece fabric</li> <li>Double-lined hood with color-matched drawcord </li> <li>Pouch pocket</li> <li>1 x 1 rib with spandex for enhanced stretch and recovery</li> <li>Classic fit, tubular body</li> <li>High-performing tear-away label</li> <li><b>Also available in childrens sizes code 18500B</b></li>",6.72
135777,1357097,18500,SSHIRT,SWEATSHIRTS AND HOODIES,MENSSH,Mens Sweatshirts & Hoodies,GILDAN,Gildan,760062,26,Sapphire,12,2XL,Heavy Blend? Adult Hooded Sweatshirt,8.79,1,6,24,31-12-2025 23:45,C,https://myebrochure.co.uk/images/colours/gildan/gildan-26.jpg,https://myebrochure.co.uk/images/products/prod_29009_18500_184580.jpg,https://myebrochure.co.uk/images/products.small/prod_29009_18500_184580.jpg,https://myebrochure.co.uk/images/products.hires/prod_29009_18500_184580.jpg,https://myebrochure.co.uk/images/brands/gildan_25.png,https://myebrochure.co.uk/images/products.hires/prod_29009_18500_176513.jpg,,,,,,,,,,"<li>24/1 MVS Yarn</li> <li>The Heavy Blend collection is now made with finer yarns and new MVS Air spinning technology, that improves the fabric by reducing pilling, enhancing durability and creating a smoother printing surface.</li> <li>Proud member of the US Cotton Trust Protocol (USCTP) and Better Cotton&#8482;</li> <li>Cotton products from Gildan support more sustainable + ethical cotton farming</li> <li>2-end midweight fleece fabric</li> <li>Double-lined hood with color-matched drawcord </li> <li>Pouch pocket</li> <li>1 x 1 rib with spandex for enhanced stretch and recovery</li> <li>Classic fit, tubular body</li> <li>High-performing tear-away label</li> <li><b>Also available in childrens sizes code 18500B</b></li>",6.72
207856,2078465,18500,SSHIRT,SWEATSHIRTS AND HOODIES,MENSSH,Mens Sweatshirts & Hoodies,GILDAN,Gildan,760062,26,Sapphire,12,3XL,Heavy Blend? Adult Hooded Sweatshirt,12.12,1,6,24,31-12-2025 23:45,C,https://myebrochure.co.uk/images/colours/gildan/gildan-26.jpg,https://myebrochure.co.uk/images/products/prod_29009_18500_184580.jpg,https://myebrochure.co.uk/images/products.small/prod_29009_18500_184580.jpg,https://myebrochure.co.uk/images/products.hires/prod_29009_18500_184580.jpg,https://myebrochure.co.uk/images/brands/gildan_25.png,https://myebrochure.co.uk/images/products.hires/prod_29009_18500_176513.jpg,,,,,,,,,,"<li>24/1 MVS Yarn</li> <li>The Heavy Blend collection is now made with finer yarns and new MVS Air spinning technology, that improves the fabric by reducing pilling, enhancing durability and creating a smoother printing surface.</li> <li>Proud member of the US Cotton Trust Protocol (USCTP) and Better Cotton&#8482;</li> <li>Cotton products from Gildan support more sustainable + ethical cotton farming</li> <li>2-end midweight fleece fabric</li> <li>Double-lined hood with color-matched drawcord </li> <li>Pouch pocket</li> <li>1 x 1 rib with spandex for enhanced stretch and recovery</li> <li>Classic fit, tubular body</li> <li>High-performing tear-away label</li> <li><b>Also available in childrens sizes code 18500B</b></li>",9.27
235999,2360003,18500,SSHIRT,SWEATSHIRTS AND HOODIES,MENSSH,Mens Sweatshirts & Hoodies,GILDAN,Gildan,760062,26,Sapphire,12,4XL,Heavy Blend? Adult Hooded Sweatshirt,8.79,1,6,12,31-12-2025 23:45,C,https://myebrochure.co.uk/images/colours/gildan/gildan-26.jpg,https://myebrochure.co.uk/images/products/prod_29009_18500_184580.jpg,https://myebrochure.co.uk/images/products.small/prod_29009_18500_184580.jpg,https://myebrochure.co.uk/images/products.hires/prod_29009_18500_184580.jpg,https://myebrochure.co.uk/images/brands/gildan_25.png,https://myebrochure.co.uk/images/products.hires/prod_29009_18500_176513.jpg,,,,,,,,,,"<li>24/1 MVS Yarn</li> <li>The Heavy Blend collection is now made with finer yarns and new MVS Air spinning technology, that improves the fabric by reducing pilling, enhancing durability and creating a smoother printing surface.</li> <li>Proud member of the US Cotton Trust Protocol (USCTP) and Better Cotton&#8482;</li> <li>Cotton products from Gildan support more sustainable + ethical cotton farming</li> <li>2-end midweight fleece fabric</li> <li>Double-lined hood with color-matched drawcord </li> <li>Pouch pocket</li> <li>1 x 1 rib with spandex for enhanced stretch and recovery</li> <li>Classic fit, tubular body</li> <li>High-performing tear-away label</li> <li><b>Also available in childrens sizes code 18500B</b></li>",6.72
236000,2360010,18500,SSHIRT,SWEATSHIRTS AND HOODIES,MENSSH,Mens Sweatshirts & Hoodies,GILDAN,Gildan,760062,26,Sapphire,12,5XL,Heavy Blend? Adult Hooded Sweatshirt,8.79,1,6,12,31-12-2025 23:45,C,https://myebrochure.co.uk/images/colours/gildan/gildan-26.jpg,https://myebrochure.co.uk/images/products/prod_29009_18500_184580.jpg,https://myebrochure.co.uk/images/products.small/prod_29009_18500_184580.jpg,https://myebrochure.co.uk/images/products.hires/prod_29009_18500_184580.jpg,https://myebrochure.co.uk/images/brands/gildan_25.png,https://myebrochure.co.uk/images/products.hires/prod_29009_18500_176513.jpg,,,,,,,,,,"<li>24/1 MVS Yarn</li> <li>The Heavy Blend collection is now made with finer yarns and new MVS Air spinning technology, that improves the fabric by reducing pilling, enhancing durability and creating a smoother printing surface.</li> <li>Proud member of the US Cotton Trust Protocol (USCTP) and Better Cotton&#8482;</li> <li>Cotton products from Gildan support more sustainable + ethical cotton farming</li> <li>2-end midweight fleece fabric</li> <li>Double-lined hood with color-matched drawcord </li> <li>Pouch pocket</li> <li>1 x 1 rib with spandex for enhanced stretch and recovery</li> <li>Classic fit, tubular body</li> <li>High-performing tear-away label</li> <li><b>Also available in childrens sizes code 18500B</b></li>",6.72
38250,382434,18500,SSHIRT,SWEATSHIRTS AND HOODIES,MENSSH,Mens Sweatshirts & Hoodies,GILDAN,Gildan,760062,95,Sport Grey,12,S,Heavy Blend? Adult Hooded Sweatshirt,8.79,1,6,24,31-12-2025 23:45,C,https://myebrochure.co.uk/images/colours/gildan/gildan-95.jpg,https://myebrochure.co.uk/images/products/prod_29009_18500_184580.jpg,https://myebrochure.co.uk/images/products.small/prod_29009_18500_184580.jpg,https://myebrochure.co.uk/images/products.hires/prod_29009_18500_184580.jpg,https://myebrochure.co.uk/images/brands/gildan_25.png,https://myebrochure.co.uk/images/products.hires/prod_29009_18500_176525.jpg,,,,,,,,,,"<li>24/1 MVS Yarn</li> <li>The Heavy Blend collection is now made with finer yarns and new MVS Air spinning technology, that improves the fabric by reducing pilling, enhancing durability and creating a smoother printing surface.</li> <li>Proud member of the US Cotton Trust Protocol (USCTP) and Better Cotton&#8482;</li> <li>Cotton products from Gildan support more sustainable + ethical cotton farming</li> <li>2-end midweight fleece fabric</li> <li>Double-lined hood with color-matched drawcord </li> <li>Pouch pocket</li> <li>1 x 1 rib with spandex for enhanced stretch and recovery</li> <li>Classic fit, tubular body</li> <li>High-performing tear-away label</li> <li><b>Also available in childrens sizes code 18500B</b></li>",6.72
38251,382441,18500,SSHIRT,SWEATSHIRTS AND HOODIES,MENSSH,Mens Sweatshirts & Hoodies,GILDAN,Gildan,760062,95,Sport Grey,12,M,Heavy Blend? Adult Hooded Sweatshirt,8.79,1,6,24,31-12-2025 23:45,C,https://myebrochure.co.uk/images/colours/gildan/gildan-95.jpg,https://myebrochure.co.uk/images/products/prod_29009_18500_184580.jpg,https://myebrochure.co.uk/images/products.small/prod_29009_18500_184580.jpg,https://myebrochure.co.uk/images/products.hires/prod_29009_18500_184580.jpg,https://myebrochure.co.uk/images/brands/gildan_25.png,https://myebrochure.co.uk/images/products.hires/prod_29009_18500_176525.jpg,,,,,,,,,,"<li>24/1 MVS Yarn</li> <li>The Heavy Blend collection is now made with finer yarns and new MVS Air spinning technology, that improves the fabric by reducing pilling, enhancing durability and creating a smoother printing surface.</li> <li>Proud member of the US Cotton Trust Protocol (USCTP) and Better Cotton&#8482;</li> <li>Cotton products from Gildan support more sustainable + ethical cotton farming</li> <li>2-end midweight fleece fabric</li> <li>Double-lined hood with color-matched drawcord </li> <li>Pouch pocket</li> <li>1 x 1 rib with spandex for enhanced stretch and recovery</li> <li>Classic fit, tubular body</li> <li>High-performing tear-away label</li> <li><b>Also available in childrens sizes code 18500B</b></li>",6.72
38252,382458,18500,SSHIRT,SWEATSHIRTS AND HOODIES,MENSSH,Mens Sweatshirts & Hoodies,GILDAN,Gildan,760062,95,Sport Grey,12,L,Heavy Blend? Adult Hooded Sweatshirt,8.79,1,6,24,31-12-2025 23:45,C,https://myebrochure.co.uk/images/colours/gildan/gildan-95.jpg,https://myebrochure.co.uk/images/products/prod_29009_18500_184580.jpg,https://myebrochure.co.uk/images/products.small/prod_29009_18500_184580.jpg,https://myebrochure.co.uk/images/products.hires/prod_29009_18500_184580.jpg,https://myebrochure.co.uk/images/brands/gildan_25.png,https://myebrochure.co.uk/images/products.hires/prod_29009_18500_176525.jpg,,,,,,,,,,"<li>24/1 MVS Yarn</li> <li>The Heavy Blend collection is now made with finer yarns and new MVS Air spinning technology, that improves the fabric by reducing pilling, enhancing durability and creating a smoother printing surface.</li> <li>Proud member of the US Cotton Trust Protocol (USCTP) and Better Cotton&#8482;</li> <li>Cotton products from Gildan support more sustainable + ethical cotton farming</li> <li>2-end midweight fleece fabric</li> <li>Double-lined hood with color-matched drawcord </li> <li>Pouch pocket</li> <li>1 x 1 rib with spandex for enhanced stretch and recovery</li> <li>Classic fit, tubular body</li> <li>High-performing tear-away label</li> <li><b>Also available in childrens sizes code 18500B</b></li>",6.72
38253,382465,18500,SSHIRT,SWEATSHIRTS AND HOODIES,MENSSH,Mens Sweatshirts & Hoodies,GILDAN,Gildan,760062,95,Sport Grey,12,XL,Heavy Blend? Adult Hooded Sweatshirt,8.79,1,6,24,31-12-2025 23:45,C,https://myebrochure.co.uk/images/colours/gildan/gildan-95.jpg,https://myebrochure.co.uk/images/products/prod_29009_18500_184580.jpg,https://myebrochure.co.uk/images/products.small/prod_29009_18500_184580.jpg,https://myebrochure.co.uk/images/products.hires/prod_29009_18500_184580.jpg,https://myebrochure.co.uk/images/brands/gildan_25.png,https://myebrochure.co.uk/images/products.hires/prod_29009_18500_176525.jpg,,,,,,,,,,"<li>24/1 MVS Yarn</li> <li>The Heavy Blend collection is now made with finer yarns and new MVS Air spinning technology, that improves the fabric by reducing pilling, enhancing durability and creating a smoother printing surface.</li> <li>Proud member of the US Cotton Trust Protocol (USCTP) and Better Cotton&#8482;</li> <li>Cotton products from Gildan support more sustainable + ethical cotton farming</li> <li>2-end midweight fleece fabric</li> <li>Double-lined hood with color-matched drawcord </li> <li>Pouch pocket</li> <li>1 x 1 rib with spandex for enhanced stretch and recovery</li> <li>Classic fit, tubular body</li> <li>High-performing tear-away label</li> <li><b>Also available in childrens sizes code 18500B</b></li>",6.72
38254,382472,18500,SSHIRT,SWEATSHIRTS AND HOODIES,MENSSH,Mens Sweatshirts & Hoodies,GILDAN,Gildan,760062,95,Sport Grey,12,2XL,Heavy Blend? Adult Hooded Sweatshirt,8.79,1,6,24,31-12-2025 23:45,C,https://myebrochure.co.uk/images/colours/gildan/gildan-95.jpg,https://myebrochure.co.uk/images/products/prod_29009_18500_184580.jpg,https://myebrochure.co.uk/images/products.small/prod_29009_18500_184580.jpg,https://myebrochure.co.uk/images/products.hires/prod_29009_18500_184580.jpg,https://myebrochure.co.uk/images/brands/gildan_25.png,https://myebrochure.co.uk/images/products.hires/prod_29009_18500_176525.jpg,,,,,,,,,,"<li>24/1 MVS Yarn</li> <li>The Heavy Blend collection is now made with finer yarns and new MVS Air spinning technology, that improves the fabric by reducing pilling, enhancing durability and creating a smoother printing surface.</li> <li>Proud member of the US Cotton Trust Protocol (USCTP) and Better Cotton&#8482;</li> <li>Cotton products from Gildan support more sustainable + ethical cotton farming</li> <li>2-end midweight fleece fabric</li> <li>Double-lined hood with color-matched drawcord </li> <li>Pouch pocket</li> <li>1 x 1 rib with spandex for enhanced stretch and recovery</li> <li>Classic fit, tubular body</li> <li>High-performing tear-away label</li> <li><b>Also available in childrens sizes code 18500B</b></li>",6.72
137606,1375138,18500,SSHIRT,SWEATSHIRTS AND HOODIES,MENSSH,Mens Sweatshirts & Hoodies,GILDAN,Gildan,760062,95,Sport Grey,12,3XL,Heavy Blend? Adult Hooded Sweatshirt,12.12,1,6,24,31-12-2025 23:45,C,https://myebrochure.co.uk/images/colours/gildan/gildan-95.jpg,https://myebrochure.co.uk/images/products/prod_29009_18500_184580.jpg,https://myebrochure.co.uk/images/products.small/prod_29009_18500_184580.jpg,https://myebrochure.co.uk/images/products.hires/prod_29009_18500_184580.jpg,https://myebrochure.co.uk/images/brands/gildan_25.png,https://myebrochure.co.uk/images/products.hires/prod_29009_18500_176525.jpg,,,,,,,,,,"<li>24/1 MVS Yarn</li> <li>The Heavy Blend collection is now made with finer yarns and new MVS Air spinning technology, that improves the fabric by reducing pilling, enhancing durability and creating a smoother printing surface.</li> <li>Proud member of the US Cotton Trust Protocol (USCTP) and Better Cotton&#8482;</li> <li>Cotton products from Gildan support more sustainable + ethical cotton farming</li> <li>2-end midweight fleece fabric</li> <li>Double-lined hood with color-matched drawcord </li> <li>Pouch pocket</li> <li>1 x 1 rib with spandex for enhanced stretch and recovery</li> <li>Classic fit, tubular body</li> <li>High-performing tear-away label</li> <li><b>Also available in childrens sizes code 18500B</b></li>",9.27
137607,1375145,18500,SSHIRT,SWEATSHIRTS AND HOODIES,MENSSH,Mens Sweatshirts & Hoodies,GILDAN,Gildan,760062,95,Sport Grey,12,4XL,Heavy Blend? Adult Hooded Sweatshirt,12.12,1,6,12,31-12-2025 23:45,C,https://myebrochure.co.uk/images/colours/gildan/gildan-95.jpg,https://myebrochure.co.uk/images/products/prod_29009_18500_184580.jpg,https://myebrochure.co.uk/images/products.small/prod_29009_18500_184580.jpg,https://myebrochure.co.uk/images/products.hires/prod_29009_18500_184580.jpg,https://myebrochure.co.uk/images/brands/gildan_25.png,https://myebrochure.co.uk/images/products.hires/prod_29009_18500_176525.jpg,,,,,,,,,,"<li>24/1 MVS Yarn</li> <li>The Heavy Blend collection is now made with finer yarns and new MVS Air spinning technology, that improves the fabric by reducing pilling, enhancing durability and creating a smoother printing surface.</li> <li>Proud member of the US Cotton Trust Protocol (USCTP) and Better Cotton&#8482;</li> <li>Cotton products from Gildan support more sustainable + ethical cotton farming</li> <li>2-end midweight fleece fabric</li> <li>Double-lined hood with color-matched drawcord </li> <li>Pouch pocket</li> <li>1 x 1 rib with spandex for enhanced stretch and recovery</li> <li>Classic fit, tubular body</li> <li>High-performing tear-away label</li> <li><b>Also available in childrens sizes code 18500B</b></li>",9.27
137608,1375152,18500,SSHIRT,SWEATSHIRTS AND HOODIES,MENSSH,Mens Sweatshirts & Hoodies,GILDAN,Gildan,760062,95,Sport Grey,12,5XL,Heavy Blend? Adult Hooded Sweatshirt,12.12,1,6,12,31-12-2025 23:45,C,https://myebrochure.co.uk/images/colours/gildan/gildan-95.jpg,https://myebrochure.co.uk/images/products/prod_29009_18500_184580.jpg,https://myebrochure.co.uk/images/products.small/prod_29009_18500_184580.jpg,https://myebrochure.co.uk/images/products.hires/prod_29009_18500_184580.jpg,https://myebrochure.co.uk/images/brands/gildan_25.png,https://myebrochure.co.uk/images/products.hires/prod_29009_18500_176525.jpg,,,,,,,,,,"<li>24/1 MVS Yarn</li> <li>The Heavy Blend collection is now made with finer yarns and new MVS Air spinning technology, that improves the fabric by reducing pilling, enhancing durability and creating a smoother printing surface.</li> <li>Proud member of the US Cotton Trust Protocol (USCTP) and Better Cotton&#8482;</li> <li>Cotton products from Gildan support more sustainable + ethical cotton farming</li> <li>2-end midweight fleece fabric</li> <li>Double-lined hood with color-matched drawcord </li> <li>Pouch pocket</li> <li>1 x 1 rib with spandex for enhanced stretch and recovery</li> <li>Classic fit, tubular body</li> <li>High-performing tear-away label</li> <li><b>Also available in childrens sizes code 18500B</b></li>",9.27
38235,382281,18500,SSHIRT,SWEATSHIRTS AND HOODIES,MENSSH,Mens Sweatshirts & Hoodies,GILDAN,Gildan,760062,87,Violet,12,S,Heavy Blend? Adult Hooded Sweatshirt,8.79,1,6,24,31-12-2025 23:45,C,https://myebrochure.co.uk/images/colours/gildan/gildan-87.jpg,https://myebrochure.co.uk/images/products/prod_29009_18500_184580.jpg,https://myebrochure.co.uk/images/products.small/prod_29009_18500_184580.jpg,https://myebrochure.co.uk/images/products.hires/prod_29009_18500_184580.jpg,https://myebrochure.co.uk/images/brands/gildan_25.png,https://myebrochure.co.uk/images/products.hires/prod_29009_18500_176517.jpg,,,,,,,,,,"<li>24/1 MVS Yarn</li> <li>The Heavy Blend collection is now made with finer yarns and new MVS Air spinning technology, that improves the fabric by reducing pilling, enhancing durability and creating a smoother printing surface.</li> <li>Proud member of the US Cotton Trust Protocol (USCTP) and Better Cotton&#8482;</li> <li>Cotton products from Gildan support more sustainable + ethical cotton farming</li> <li>2-end midweight fleece fabric</li> <li>Double-lined hood with color-matched drawcord </li> <li>Pouch pocket</li> <li>1 x 1 rib with spandex for enhanced stretch and recovery</li> <li>Classic fit, tubular body</li> <li>High-performing tear-away label</li> <li><b>Also available in childrens sizes code 18500B</b></li>",6.72
38236,382298,18500,SSHIRT,SWEATSHIRTS AND HOODIES,MENSSH,Mens Sweatshirts & Hoodies,GILDAN,Gildan,760062,87,Violet,12,M,Heavy Blend? Adult Hooded Sweatshirt,8.79,1,6,24,01-01-2026 1:50,C,https://myebrochure.co.uk/images/colours/gildan/gildan-87.jpg,https://myebrochure.co.uk/images/products/prod_29009_18500_184580.jpg,https://myebrochure.co.uk/images/products.small/prod_29009_18500_184580.jpg,https://myebrochure.co.uk/images/products.hires/prod_29009_18500_184580.jpg,https://myebrochure.co.uk/images/brands/gildan_25.png,https://myebrochure.co.uk/images/products.hires/prod_29009_18500_176517.jpg,,,,,,,,,,"<li>24/1 MVS Yarn</li> <li>The Heavy Blend collection is now made with finer yarns and new MVS Air spinning technology, that improves the fabric by reducing pilling, enhancing durability and creating a smoother printing surface.</li> <li>Proud member of the US Cotton Trust Protocol (USCTP) and Better Cotton&#8482;</li> <li>Cotton products from Gildan support more sustainable + ethical cotton farming</li> <li>2-end midweight fleece fabric</li> <li>Double-lined hood with color-matched drawcord </li> <li>Pouch pocket</li> <li>1 x 1 rib with spandex for enhanced stretch and recovery</li> <li>Classic fit, tubular body</li> <li>High-performing tear-away label</li> <li><b>Also available in childrens sizes code 18500B</b></li>",6.72
38237,382304,18500,SSHIRT,SWEATSHIRTS AND HOODIES,MENSSH,Mens Sweatshirts & Hoodies,GILDAN,Gildan,760062,87,Violet,12,L,Heavy Blend? Adult Hooded Sweatshirt,8.79,1,6,24,01-01-2026 1:50,C,https://myebrochure.co.uk/images/colours/gildan/gildan-87.jpg,https://myebrochure.co.uk/images/products/prod_29009_18500_184580.jpg,https://myebrochure.co.uk/images/products.small/prod_29009_18500_184580.jpg,https://myebrochure.co.uk/images/products.hires/prod_29009_18500_184580.jpg,https://myebrochure.co.uk/images/brands/gildan_25.png,https://myebrochure.co.uk/images/products.hires/prod_29009_18500_176517.jpg,,,,,,,,,,"<li>24/1 MVS Yarn</li> <li>The Heavy Blend collection is now made with finer yarns and new MVS Air spinning technology, that improves the fabric by reducing pilling, enhancing durability and creating a smoother printing surface.</li> <li>Proud member of the US Cotton Trust Protocol (USCTP) and Better Cotton&#8482;</li> <li>Cotton products from Gildan support more sustainable + ethical cotton farming</li> <li>2-end midweight fleece fabric</li> <li>Double-lined hood with color-matched drawcord </li> <li>Pouch pocket</li> <li>1 x 1 rib with spandex for enhanced stretch and recovery</li> <li>Classic fit, tubular body</li> <li>High-performing tear-away label</li> <li><b>Also available in childrens sizes code 18500B</b></li>",6.72
38238,382311,18500,SSHIRT,SWEATSHIRTS AND HOODIES,MENSSH,Mens Sweatshirts & Hoodies,GILDAN,Gildan,760062,87,Violet,12,XL,Heavy Blend? Adult Hooded Sweatshirt,8.79,1,6,24,31-12-2025 23:45,C,https://myebrochure.co.uk/images/colours/gildan/gildan-87.jpg,https://myebrochure.co.uk/images/products/prod_29009_18500_184580.jpg,https://myebrochure.co.uk/images/products.small/prod_29009_18500_184580.jpg,https://myebrochure.co.uk/images/products.hires/prod_29009_18500_184580.jpg,https://myebrochure.co.uk/images/brands/gildan_25.png,https://myebrochure.co.uk/images/products.hires/prod_29009_18500_176517.jpg,,,,,,,,,,"<li>24/1 MVS Yarn</li> <li>The Heavy Blend collection is now made with finer yarns and new MVS Air spinning technology, that improves the fabric by reducing pilling, enhancing durability and creating a smoother printing surface.</li> <li>Proud member of the US Cotton Trust Protocol (USCTP) and Better Cotton&#8482;</li> <li>Cotton products from Gildan support more sustainable + ethical cotton farming</li> <li>2-end midweight fleece fabric</li> <li>Double-lined hood with color-matched drawcord </li> <li>Pouch pocket</li> <li>1 x 1 rib with spandex for enhanced stretch and recovery</li> <li>Classic fit, tubular body</li> <li>High-performing tear-away label</li> <li><b>Also available in childrens sizes code 18500B</b></li>",6.72
38239,382328,18500,SSHIRT,SWEATSHIRTS AND HOODIES,MENSSH,Mens Sweatshirts & Hoodies,GILDAN,Gildan,760062,87,Violet,12,2XL,Heavy Blend? Adult Hooded Sweatshirt,8.79,1,6,24,31-12-2025 23:45,C,https://myebrochure.co.uk/images/colours/gildan/gildan-87.jpg,https://myebrochure.co.uk/images/products/prod_29009_18500_184580.jpg,https://myebrochure.co.uk/images/products.small/prod_29009_18500_184580.jpg,https://myebrochure.co.uk/images/products.hires/prod_29009_18500_184580.jpg,https://myebrochure.co.uk/images/brands/gildan_25.png,https://myebrochure.co.uk/images/products.hires/prod_29009_18500_176517.jpg,,,,,,,,,,"<li>24/1 MVS Yarn</li> <li>The Heavy Blend collection is now made with finer yarns and new MVS Air spinning technology, that improves the fabric by reducing pilling, enhancing durability and creating a smoother printing surface.</li> <li>Proud member of the US Cotton Trust Protocol (USCTP) and Better Cotton&#8482;</li> <li>Cotton products from Gildan support more sustainable + ethical cotton farming</li> <li>2-end midweight fleece fabric</li> <li>Double-lined hood with color-matched drawcord </li> <li>Pouch pocket</li> <li>1 x 1 rib with spandex for enhanced stretch and recovery</li> <li>Classic fit, tubular body</li> <li>High-performing tear-away label</li> <li><b>Also available in childrens sizes code 18500B</b></li>",6.72
170994,1709025,18500,SSHIRT,SWEATSHIRTS AND HOODIES,MENSSH,Mens Sweatshirts & Hoodies,GILDAN,Gildan,760062,87,Violet,12,3XL,Heavy Blend? Adult Hooded Sweatshirt,12.12,1,6,24,31-12-2025 23:45,C,https://myebrochure.co.uk/images/colours/gildan/gildan-87.jpg,https://myebrochure.co.uk/images/products/prod_29009_18500_184580.jpg,https://myebrochure.co.uk/images/products.small/prod_29009_18500_184580.jpg,https://myebrochure.co.uk/images/products.hires/prod_29009_18500_184580.jpg,https://myebrochure.co.uk/images/brands/gildan_25.png,https://myebrochure.co.uk/images/products.hires/prod_29009_18500_176517.jpg,,,,,,,,,,"<li>24/1 MVS Yarn</li> <li>The Heavy Blend collection is now made with finer yarns and new MVS Air spinning technology, that improves the fabric by reducing pilling, enhancing durability and creating a smoother printing surface.</li> <li>Proud member of the US Cotton Trust Protocol (USCTP) and Better Cotton&#8482;</li> <li>Cotton products from Gildan support more sustainable + ethical cotton farming</li> <li>2-end midweight fleece fabric</li> <li>Double-lined hood with color-matched drawcord </li> <li>Pouch pocket</li> <li>1 x 1 rib with spandex for enhanced stretch and recovery</li> <li>Classic fit, tubular body</li> <li>High-performing tear-away label</li> <li><b>Also available in childrens sizes code 18500B</b></li>",9.27
38175,381680,18500,SSHIRT,SWEATSHIRTS AND HOODIES,MENSSH,Mens Sweatshirts & Hoodies,GILDAN,Gildan,760062,30,White,12,S,Heavy Blend? Adult Hooded Sweatshirt,8.79,1,6,24,31-12-2025 23:45,C,https://myebrochure.co.uk/images/colours/gildan/gildan-30.jpg,https://myebrochure.co.uk/images/products/prod_29009_18500_184580.jpg,https://myebrochure.co.uk/images/products.small/prod_29009_18500_184580.jpg,https://myebrochure.co.uk/images/products.hires/prod_29009_18500_184580.jpg,https://myebrochure.co.uk/images/brands/gildan_25.png,https://myebrochure.co.uk/images/products.hires/prod_29009_18500_176491.jpg,,,,,,,,,,"<li>24/1 MVS Yarn</li> <li>The Heavy Blend collection is now made with finer yarns and new MVS Air spinning technology, that improves the fabric by reducing pilling, enhancing durability and creating a smoother printing surface.</li> <li>Proud member of the US Cotton Trust Protocol (USCTP) and Better Cotton&#8482;</li> <li>Cotton products from Gildan support more sustainable + ethical cotton farming</li> <li>2-end midweight fleece fabric</li> <li>Double-lined hood with color-matched drawcord </li> <li>Pouch pocket</li> <li>1 x 1 rib with spandex for enhanced stretch and recovery</li> <li>Classic fit, tubular body</li> <li>High-performing tear-away label</li> <li><b>Also available in childrens sizes code 18500B</b></li>",6.72
38176,381697,18500,SSHIRT,SWEATSHIRTS AND HOODIES,MENSSH,Mens Sweatshirts & Hoodies,GILDAN,Gildan,760062,30,White,12,M,Heavy Blend? Adult Hooded Sweatshirt,8.79,1,6,24,31-12-2025 23:45,C,https://myebrochure.co.uk/images/colours/gildan/gildan-30.jpg,https://myebrochure.co.uk/images/products/prod_29009_18500_184580.jpg,https://myebrochure.co.uk/images/products.small/prod_29009_18500_184580.jpg,https://myebrochure.co.uk/images/products.hires/prod_29009_18500_184580.jpg,https://myebrochure.co.uk/images/brands/gildan_25.png,https://myebrochure.co.uk/images/products.hires/prod_29009_18500_176491.jpg,,,,,,,,,,"<li>24/1 MVS Yarn</li> <li>The Heavy Blend collection is now made with finer yarns and new MVS Air spinning technology, that improves the fabric by reducing pilling, enhancing durability and creating a smoother printing surface.</li> <li>Proud member of the US Cotton Trust Protocol (USCTP) and Better Cotton&#8482;</li> <li>Cotton products from Gildan support more sustainable + ethical cotton farming</li> <li>2-end midweight fleece fabric</li> <li>Double-lined hood with color-matched drawcord </li> <li>Pouch pocket</li> <li>1 x 1 rib with spandex for enhanced stretch and recovery</li> <li>Classic fit, tubular body</li> <li>High-performing tear-away label</li> <li><b>Also available in childrens sizes code 18500B</b></li>",6.72
38177,381703,18500,SSHIRT,SWEATSHIRTS AND HOODIES,MENSSH,Mens Sweatshirts & Hoodies,GILDAN,Gildan,760062,30,White,12,L,Heavy Blend? Adult Hooded Sweatshirt,8.79,1,6,24,31-12-2025 23:45,C,https://myebrochure.co.uk/images/colours/gildan/gildan-30.jpg,https://myebrochure.co.uk/images/products/prod_29009_18500_184580.jpg,https://myebrochure.co.uk/images/products.small/prod_29009_18500_184580.jpg,https://myebrochure.co.uk/images/products.hires/prod_29009_18500_184580.jpg,https://myebrochure.co.uk/images/brands/gildan_25.png,https://myebrochure.co.uk/images/products.hires/prod_29009_18500_176491.jpg,,,,,,,,,,"<li>24/1 MVS Yarn</li> <li>The Heavy Blend collection is now made with finer yarns and new MVS Air spinning technology, that improves the fabric by reducing pilling, enhancing durability and creating a smoother printing surface.</li> <li>Proud member of the US Cotton Trust Protocol (USCTP) and Better Cotton&#8482;</li> <li>Cotton products from Gildan support more sustainable + ethical cotton farming</li> <li>2-end midweight fleece fabric</li> <li>Double-lined hood with color-matched drawcord </li> <li>Pouch pocket</li> <li>1 x 1 rib with spandex for enhanced stretch and recovery</li> <li>Classic fit, tubular body</li> <li>High-performing tear-away label</li> <li><b>Also available in childrens sizes code 18500B</b></li>",6.72
38178,381710,18500,SSHIRT,SWEATSHIRTS AND HOODIES,MENSSH,Mens Sweatshirts & Hoodies,GILDAN,Gildan,760062,30,White,12,XL,Heavy Blend? Adult Hooded Sweatshirt,8.79,1,6,24,31-12-2025 23:45,C,https://myebrochure.co.uk/images/colours/gildan/gildan-30.jpg,https://myebrochure.co.uk/images/products/prod_29009_18500_184580.jpg,https://myebrochure.co.uk/images/products.small/prod_29009_18500_184580.jpg,https://myebrochure.co.uk/images/products.hires/prod_29009_18500_184580.jpg,https://myebrochure.co.uk/images/brands/gildan_25.png,https://myebrochure.co.uk/images/products.hires/prod_29009_18500_176491.jpg,,,,,,,,,,"<li>24/1 MVS Yarn</li> <li>The Heavy Blend collection is now made with finer yarns and new MVS Air spinning technology, that improves the fabric by reducing pilling, enhancing durability and creating a smoother printing surface.</li> <li>Proud member of the US Cotton Trust Protocol (USCTP) and Better Cotton&#8482;</li> <li>Cotton products from Gildan support more sustainable + ethical cotton farming</li> <li>2-end midweight fleece fabric</li> <li>Double-lined hood with color-matched drawcord </li> <li>Pouch pocket</li> <li>1 x 1 rib with spandex for enhanced stretch and recovery</li> <li>Classic fit, tubular body</li> <li>High-performing tear-away label</li> <li><b>Also available in childrens sizes code 18500B</b></li>",6.72
38179,381727,18500,SSHIRT,SWEATSHIRTS AND HOODIES,MENSSH,Mens Sweatshirts & Hoodies,GILDAN,Gildan,760062,30,White,12,2XL,Heavy Blend? Adult Hooded Sweatshirt,8.79,1,6,24,31-12-2025 23:45,C,https://myebrochure.co.uk/images/colours/gildan/gildan-30.jpg,https://myebrochure.co.uk/images/products/prod_29009_18500_184580.jpg,https://myebrochure.co.uk/images/products.small/prod_29009_18500_184580.jpg,https://myebrochure.co.uk/images/products.hires/prod_29009_18500_184580.jpg,https://myebrochure.co.uk/images/brands/gildan_25.png,https://myebrochure.co.uk/images/products.hires/prod_29009_18500_176491.jpg,,,,,,,,,,"<li>24/1 MVS Yarn</li> <li>The Heavy Blend collection is now made with finer yarns and new MVS Air spinning technology, that improves the fabric by reducing pilling, enhancing durability and creating a smoother printing surface.</li> <li>Proud member of the US Cotton Trust Protocol (USCTP) and Better Cotton&#8482;</li> <li>Cotton products from Gildan support more sustainable + ethical cotton farming</li> <li>2-end midweight fleece fabric</li> <li>Double-lined hood with color-matched drawcord </li> <li>Pouch pocket</li> <li>1 x 1 rib with spandex for enhanced stretch and recovery</li> <li>Classic fit, tubular body</li> <li>High-performing tear-away label</li> <li><b>Also available in childrens sizes code 18500B</b></li>",6.72
137564,1374711,18500,SSHIRT,SWEATSHIRTS AND HOODIES,MENSSH,Mens Sweatshirts & Hoodies,GILDAN,Gildan,760062,30,White,12,3XL,Heavy Blend? Adult Hooded Sweatshirt,12.12,1,6,24,31-12-2025 23:45,C,https://myebrochure.co.uk/images/colours/gildan/gildan-30.jpg,https://myebrochure.co.uk/images/products/prod_29009_18500_184580.jpg,https://myebrochure.co.uk/images/products.small/prod_29009_18500_184580.jpg,https://myebrochure.co.uk/images/products.hires/prod_29009_18500_184580.jpg,https://myebrochure.co.uk/images/brands/gildan_25.png,https://myebrochure.co.uk/images/products.hires/prod_29009_18500_176491.jpg,,,,,,,,,,"<li>24/1 MVS Yarn</li> <li>The Heavy Blend collection is now made with finer yarns and new MVS Air spinning technology, that improves the fabric by reducing pilling, enhancing durability and creating a smoother printing surface.</li> <li>Proud member of the US Cotton Trust Protocol (USCTP) and Better Cotton&#8482;</li> <li>Cotton products from Gildan support more sustainable + ethical cotton farming</li> <li>2-end midweight fleece fabric</li> <li>Double-lined hood with color-matched drawcord </li> <li>Pouch pocket</li> <li>1 x 1 rib with spandex for enhanced stretch and recovery</li> <li>Classic fit, tubular body</li> <li>High-performing tear-away label</li> <li><b>Also available in childrens sizes code 18500B</b></li>",9.27
137565,1374728,18500,SSHIRT,SWEATSHIRTS AND HOODIES,MENSSH,Mens Sweatshirts & Hoodies,GILDAN,Gildan,760062,30,White,12,4XL,Heavy Blend? Adult Hooded Sweatshirt,12.12,1,6,12,31-12-2025 23:45,C,https://myebrochure.co.uk/images/colours/gildan/gildan-30.jpg,https://myebrochure.co.uk/images/products/prod_29009_18500_184580.jpg,https://myebrochure.co.uk/images/products.small/prod_29009_18500_184580.jpg,https://myebrochure.co.uk/images/products.hires/prod_29009_18500_184580.jpg,https://myebrochure.co.uk/images/brands/gildan_25.png,https://myebrochure.co.uk/images/products.hires/prod_29009_18500_176491.jpg,,,,,,,,,,"<li>24/1 MVS Yarn</li> <li>The Heavy Blend collection is now made with finer yarns and new MVS Air spinning technology, that improves the fabric by reducing pilling, enhancing durability and creating a smoother printing surface.</li> <li>Proud member of the US Cotton Trust Protocol (USCTP) and Better Cotton&#8482;</li> <li>Cotton products from Gildan support more sustainable + ethical cotton farming</li> <li>2-end midweight fleece fabric</li> <li>Double-lined hood with color-matched drawcord </li> <li>Pouch pocket</li> <li>1 x 1 rib with spandex for enhanced stretch and recovery</li> <li>Classic fit, tubular body</li> <li>High-performing tear-away label</li> <li><b>Also available in childrens sizes code 18500B</b></li>",9.27
137566,1374735,18500,SSHIRT,SWEATSHIRTS AND HOODIES,MENSSH,Mens Sweatshirts & Hoodies,GILDAN,Gildan,760062,30,White,12,5XL,Heavy Blend? Adult Hooded Sweatshirt,12.12,1,6,12,31-12-2025 23:45,C,https://myebrochure.co.uk/images/colours/gildan/gildan-30.jpg,https://myebrochure.co.uk/images/products/prod_29009_18500_184580.jpg,https://myebrochure.co.uk/images/products.small/prod_29009_18500_184580.jpg,https://myebrochure.co.uk/images/products.hires/prod_29009_18500_184580.jpg,https://myebrochure.co.uk/images/brands/gildan_25.png,https://myebrochure.co.uk/images/products.hires/prod_29009_18500_176491.jpg,,,,,,,,,,"<li>24/1 MVS Yarn</li> <li>The Heavy Blend collection is now made with finer yarns and new MVS Air spinning technology, that improves the fabric by reducing pilling, enhancing durability and creating a smoother printing surface.</li> <li>Proud member of the US Cotton Trust Protocol (USCTP) and Better Cotton&#8482;</li> <li>Cotton products from Gildan support more sustainable + ethical cotton farming</li> <li>2-end midweight fleece fabric</li> <li>Double-lined hood with color-matched drawcord </li> <li>Pouch pocket</li> <li>1 x 1 rib with spandex for enhanced stretch and recovery</li> <li>Classic fit, tubular body</li> <li>High-performing tear-away label</li> <li><b>Also available in childrens sizes code 18500B</b></li>",9.27
,,,,,,,,,,,,,,,,,,,,,,,,,,,,,,,,,,,,,
,,,,,,,,,,,,,,,,,,,,,,,,,,,,,,,,,,,,,
,,,,,,,,,,,,,,,,,,,,,,,,,,,,,,,,,,,,,
,,,,,,,,,,,,,,,,,,,,,,,,,,,,,,,,,,,,,
,,,,,,,,,,,,,,,,,,,,,,,,,,,,,,,,,,,,,
,,,,,,,,,,,,,,,,,,,,,,,,,,,,,,,,,,,,,
,,,,,,,,,,,,,,,,,,,,,,,,,,,,,,,,,,,,,
,,,,,,,,,,,,,,,,,,,,,,,,,,,,,,,,,,,,,
,,,,,,,,,,,,,,,,,,,,,,,,,,,,,,,,,,,,,
,,,,,,,,,,,,,,,,,,,,,,,,,,,,,,,,,,,,,
,,,,,,,,,,,,,,,,,,,,,,,,,,,,,,,,,,,,,
,,,,,,,,,,,,,,,,,,,,,,,,,,,,,,,,,,,,,
,,,,,,,,,,,,,,,,,,,,,,,,,,,,,,,,,,,,,
,,,,,,,,,,,,,,,,,,,,,,,,,,,,,,,,,,,,,
,,,,,,,,,,,,,,,,,,,,,,,,,,,,,,,,,,,,,
,,,,,,,,,,,,,,,,,,,,,,,,,,,,,,,,,,,,,
,,,,,,,,,,,,,,,,,,,,,,,,,,,,,,,,,,,,,
,,,,,,,,,,,,,,,,,,,,,,,,,,,,,,,,,,,,,
,,,,,,,,,,,,,,,,,,,,,,,,,,,,,,,,,,,,,
,,,,,,,,,,,,,,,,,,,,,,,,,,,,,,,,,,,,,
,,,,,,,,,,,,,,,,,,,,,,,,,,,,,,,,,,,,,
,,,,,,,,,,,,,,,,,,,,,,,,,,,,,,,,,,,,,
,,,,,,,,,,,,,,,,,,,,,,,,,,,,,,,,,,,,,
,,,,,,,,,,,,,,,,,,,,,,,,,,,,,,,,,,,,,
,,,,,,,,,,,,,,,,,,,,,,,,,,,,,,,,,,,,,
,,,,,,,,,,,,,,,,,,,,,,,,,,,,,,,,,,,,,
,,,,,,,,,,,,,,,,,,,,,,,,,,,,,,,,,,,,,
,,,,,,,,,,,,,,,,,,,,,,,,,,,,,,,,,,,,,
,,,,,,,,,,,,,,,,,,,,,,,,,,,,,,,,,,,,,
,,,,,,,,,,,,,,,,,,,,,,,,,,,,,,,,,,,,,
,,,,,,,,,,,,,,,,,,,,,,,,,,,,,,,,,,,,,
,,,,,,,,,,,,,,,,,,,,,,,,,,,,,,,,,,,,,
,,,,,,,,,,,,,,,,,,,,,,,,,,,,,,,,,,,,,
,,,,,,,,,,,,,,,,,,,,,,,,,,,,,,,,,,,,,
,,,,,,,,,,,,,,,,,,,,,,,,,,,,,,,,,,,,,
,,,,,,,,,,,,,,,,,,,,,,,,,,,,,,,,,,,,,
,,,,,,,,,,,,,,,,,,,,,,,,,,,,,,,,,,,,,
,,,,,,,,,,,,,,,,,,,,,,,,,,,,,,,,,,,,,
,,,,,,,,,,,,,,,,,,,,,,,,,,,,,,,,,,,,,
,,,,,,,,,,,,,,,,,,,,,,,,,,,,,,,,,,,,,
,,,,,,,,,,,,,,,,,,,,,,,,,,,,,,,,,,,,,
,,,,,,,,,,,,,,,,,,,,,,,,,,,,,,,,,,,,,
,,,,,,,,,,,,,,,,,,,,,,,,,,,,,,,,,,,,,
,,,,,,,,,,,,,,,,,,,,,,,,,,,,,,,,,,,,,
,,,,,,,,,,,,,,,,,,,,,,,,,,,,,,,,,,,,,
,,,,,,,,,,,,,,,,,,,,,,,,,,,,,,,,,,,,,
,,,,,,,,,,,,,,,,,,,,,,,,,,,,,,,,,,,,,
,,,,,,,,,,,,,,,,,,,,,,,,,,,,,,,,,,,,,
,,,,,,,,,,,,,,,,,,,,,,,,,,,,,,,,,,,,,
,,,,,,,,,,,,,,,,,,,,,,,,,,,,,,,,,,,,,
,,,,,,,,,,,,,,,,,,,,,,,,,,,,,,,,,,,,,
,,,,,,,,,,,,,,,,,,,,,,,,,,,,,,,,,,,,,
,,,,,,,,,,,,,,,,,,,,,,,,,,,,,,,,,,,,,
,,,,,,,,,,,,,,,,,,,,,,,,,,,,,,,,,,,,,
,,,,,,,,,,,,,,,,,,,,,,,,,,,,,,,,,,,,,
,,,,,,,,,,,,,,,,,,,,,,,,,,,,,,,,,,,,,
,,,,,,,,,,,,,,,,,,,,,,,,,,,,,,,,,,,,,
,,,,,,,,,,,,,,,,,,,,,,,,,,,,,,,,,,,,,
,,,,,,,,,,,,,,,,,,,,,,,,,,,,,,,,,,,,,
,,,,,,,,,,,,,,,,,,,,,,,,,,,,,,,,,,,,,
,,,,,,,,,,,,,,,,,,,,,,,,,,,,,,,,,,,,,
,,,,,,,,,,,,,,,,,,,,,,,,,,,,,,,,,,,,,
,,,,,,,,,,,,,,,,,,,,,,,,,,,,,,,,,,,,,
,,,,,,,,,,,,,,,,,,,,,,,,,,,,,,,,,,,,,
,,,,,,,,,,,,,,,,,,,,,,,,,,,,,,,,,,,,,
,,,,,,,,,,,,,,,,,,,,,,,,,,,,,,,,,,,,,
,,,,,,,,,,,,,,,,,,,,,,,,,,,,,,,,,,,,,
,,,,,,,,,,,,,,,,,,,,,,,,,,,,,,,,,,,,,
,,,,,,,,,,,,,,,,,,,,,,,,,,,,,,,,,,,,,
,,,,,,,,,,,,,,,,,,,,,,,,,,,,,,,,,,,,,
,,,,,,,,,,,,,,,,,,,,,,,,,,,,,,,,,,,,,
,,,,,,,,,,,,,,,,,,,,,,,,,,,,,,,,,,,,,
,,,,,,,,,,,,,,,,,,,,,,,,,,,,,,,,,,,,,
,,,,,,,,,,,,,,,,,,,,,,,,,,,,,,,,,,,,,
,,,,,,,,,,,,,,,,,,,,,,,,,,,,,,,,,,,,,
,,,,,,,,,,,,,,,,,,,,,,,,,,,,,,,,,,,,,
,,,,,,,,,,,,,,,,,,,,,,,,,,,,,,,,,,,,,
,,,,,,,,,,,,,,,,,,,,,,,,,,,,,,,,,,,,,
,,,,,,,,,,,,,,,,,,,,,,,,,,,,,,,,,,,,,
,,,,,,,,,,,,,,,,,,,,,,,,,,,,,,,,,,,,,
,,,,,,,,,,,,,,,,,,,,,,,,,,,,,,,,,,,,,
,,,,,,,,,,,,,,,,,,,,,,,,,,,,,,,,,,,,,
,,,,,,,,,,,,,,,,,,,,,,,,,,,,,,,,,,,,,
,,,,,,,,,,,,,,,,,,,,,,,,,,,,,,,,,,,,,
,,,,,,,,,,,,,,,,,,,,,,,,,,,,,,,,,,,,,
,,,,,,,,,,,,,,,,,,,,,,,,,,,,,,,,,,,,,
,,,,,,,,,,,,,,,,,,,,,,,,,,,,,,,,,,,,,
,,,,,,,,,,,,,,,,,,,,,,,,,,,,,,,,,,,,,
,,,,,,,,,,,,,,,,,,,,,,,,,,,,,,,,,,,,,
,,,,,,,,,,,,,,,,,,,,,,,,,,,,,,,,,,,,,
,,,,,,,,,,,,,,,,,,,,,,,,,,,,,,,,,,,,,
,,,,,,,,,,,,,,,,,,,,,,,,,,,,,,,,,,,,,
,,,,,,,,,,,,,,,,,,,,,,,,,,,,,,,,,,,,,
,,,,,,,,,,,,,,,,,,,,,,,,,,,,,,,,,,,,,
,,,,,,,,,,,,,,,,,,,,,,,,,,,,,,,,,,,,,
,,,,,,,,,,,,,,,,,,,,,,,,,,,,,,,,,,,,,
,,,,,,,,,,,,,,,,,,,,,,,,,,,,,,,,,,,,,
,,,,,,,,,,,,,,,,,,,,,,,,,,,,,,,,,,,,,
,,,,,,,,,,,,,,,,,,,,,,,,,,,,,,,,,,,,,
,,,,,,,,,,,,,,,,,,,,,,,,,,,,,,,,,,,,,
,,,,,,,,,,,,,,,,,,,,,,,,,,,,,,,,,,,,,
