UID,Barcode,SPC,Department Code,Department,Sub-department Code,Sub Department,Brand Code,Brand,Style Code,Colour Code,Colour Name,Size Scale,Size,Description,BTC Price,VAT Code,Pack Quantity,Carton Quantity,Last Changed Date,Stock Status,colour_code_url,image_url_medium_res,image_url_low_res,image_url_high_res,brand image,colour image 01,colour image 02,colour image 03,colour image 04,colour image 05,colour image 06,colour image 07,colour image 08,colour image 09,colour image 10,bullet points,Customer Discounted Price,
120881,0000001208542,61082,TSHIRT,T-SHIRTS,MSSTSH,MENS SHORT SLEEVE T-SHIRT,FOTL,Fruit Of The Loom,MS0021,ZU,Azure Blue,0012  ,2XL,Men's Original T,2.00,1,12,108,08/04/2026 09:04:00,C,https://myebrochure.co.uk/images/colours/fotl/fotl-zu.jpg,https://myebrochure.co.uk/images/products/prod_13001_61082_165093.jpg,https://myebrochure.co.uk/images/products.small/prod_13001_61082_165093.jpg,https://myebrochure.co.uk/images/products.hires/prod_13001_61082_165093.jpg,https://myebrochure.co.uk/images/brands/fotl_23.png,https://myebrochure.co.uk/images/products.hires/prod_61082_141888.jpg,https://myebrochure.co.uk/images/products.hires/prod_61082_141887.jpg,https://myebrochure.co.uk/images/products.hires/prod_61082_141889.jpg,,,,,,,,<li>Rib crew neck with self&#45;fabric back neck tape</li> <li>Fine knit gauge for enhanced printability</li> <li><b>Also available in ladies&#39; sizes code 61420 and children&#39;s size code 61019</b></li>,61091000,MA
3267,0000000032674,61082,TSHIRT,T-SHIRTS,MSSTSH,MENS SHORT SLEEVE T-SHIRT,FOTL,Fruit Of The Loom,MS0021,36,Black,0012  ,2XL,Men's Original T,2.00,1,12,108,08/04/2026 09:04:00,C,https://myebrochure.co.uk/images/colours/fotl/fotl-36.jpg,https://myebrochure.co.uk/images/products/prod_13001_61082_165093.jpg,https://myebrochure.co.uk/images/products.small/prod_13001_61082_165093.jpg,https://myebrochure.co.uk/images/products.hires/prod_13001_61082_165093.jpg,https://myebrochure.co.uk/images/brands/fotl_23.png,https://myebrochure.co.uk/images/products.hires/prod_61082_141837.jpg,https://myebrochure.co.uk/images/products.hires/prod_61082_141836.jpg,https://myebrochure.co.uk/images/products.hires/prod_61082_141838.jpg,,,,,,,,<li>Rib crew neck with self&#45;fabric back neck tape</li> <li>Fine knit gauge for enhanced printability</li> <li><b>Also available in ladies&#39; sizes code 61420 and children&#39;s size code 61019</b></li>,61091000,MA
120836,0000001208092,61082,TSHIRT,T-SHIRTS,MSSTSH,MENS SHORT SLEEVE T-SHIRT,FOTL,Fruit Of The Loom,MS0021,BOT,Bottle Green,0012  ,2XL,Men's Original T,2.00,1,12,108,08/04/2026 09:04:00,C,https://myebrochure.co.uk/images/colours/fotl/fotl-bot.jpg,https://myebrochure.co.uk/images/products/prod_13001_61082_165093.jpg,https://myebrochure.co.uk/images/products.small/prod_13001_61082_165093.jpg,https://myebrochure.co.uk/images/products.hires/prod_13001_61082_165093.jpg,https://myebrochure.co.uk/images/brands/fotl_23.png,https://myebrochure.co.uk/images/products.hires/prod_61082_141840.jpg,https://myebrochure.co.uk/images/products.hires/prod_61082_141839.jpg,https://myebrochure.co.uk/images/products.hires/prod_61082_141841.jpg,,,,,,,,<li>Rib crew neck with self&#45;fabric back neck tape</li> <li>Fine knit gauge for enhanced printability</li> <li><b>Also available in ladies&#39; sizes code 61420 and children&#39;s size code 61019</b></li>,61091000,MA
120851,0000001208245,61082,TSHIRT,T-SHIRTS,MSSTSH,MENS SHORT SLEEVE T-SHIRT,FOTL,Fruit Of The Loom,MS0021,BX,Brick Red,0012  ,2XL,Men's Original T,2.00,1,12,108,08/04/2026 09:04:00,C,https://myebrochure.co.uk/images/colours/fotl/fotl-bx.jpg,https://myebrochure.co.uk/images/products/prod_13001_61082_165093.jpg,https://myebrochure.co.uk/images/products.small/prod_13001_61082_165093.jpg,https://myebrochure.co.uk/images/products.hires/prod_13001_61082_165093.jpg,https://myebrochure.co.uk/images/brands/fotl_23.png,https://myebrochure.co.uk/images/products.hires/prod_61082_141870.jpg,https://myebrochure.co.uk/images/products.hires/prod_61082_141869.jpg,https://myebrochure.co.uk/images/products.hires/prod_61082_141871.jpg,,,,,,,,<li>Rib crew neck with self&#45;fabric back neck tape</li> <li>Fine knit gauge for enhanced printability</li> <li><b>Also available in ladies&#39; sizes code 61420 and children&#39;s size code 61019</b></li>,61091000,MA
137937,0000001378443,61082,TSHIRT,T-SHIRTS,MSSTSH,MENS SHORT SLEEVE T-SHIRT,FOTL,Fruit Of The Loom,MS0021,41,Burgundy,0012  ,2XL,Men's Original T,2.00,1,12,108,08/04/2026 09:04:00,C,https://myebrochure.co.uk/images/colours/fotl/fotl-41.jpg,https://myebrochure.co.uk/images/products/prod_13001_61082_165093.jpg,https://myebrochure.co.uk/images/products.small/prod_13001_61082_165093.jpg,https://myebrochure.co.uk/images/products.hires/prod_13001_61082_165093.jpg,https://myebrochure.co.uk/images/brands/fotl_23.png,https://myebrochure.co.uk/images/products.hires/prod_61082_141846.jpg,https://myebrochure.co.uk/images/products.hires/prod_61082_141845.jpg,https://myebrochure.co.uk/images/products.hires/prod_61082_141847.jpg,,,,,,,,<li>Rib crew neck with self&#45;fabric back neck tape</li> <li>Fine knit gauge for enhanced printability</li> <li><b>Also available in ladies&#39; sizes code 61420 and children&#39;s size code 61019</b></li>,61091000,MA
120846,0000001208191,61082,TSHIRT,T-SHIRTS,MSSTSH,MENS SHORT SLEEVE T-SHIRT,FOTL,Fruit Of The Loom,MS0021,59,Classic Olive,0012  ,2XL,Men's Original T,2.00,1,12,108,08/04/2026 09:04:00,C,https://myebrochure.co.uk/images/colours/fotl/fotl-59.jpg,https://myebrochure.co.uk/images/products/prod_13001_61082_165093.jpg,https://myebrochure.co.uk/images/products.small/prod_13001_61082_165093.jpg,https://myebrochure.co.uk/images/products.hires/prod_13001_61082_165093.jpg,https://myebrochure.co.uk/images/brands/fotl_23.png,https://myebrochure.co.uk/images/products.hires/prod_61082_141861.jpg,https://myebrochure.co.uk/images/products.hires/prod_61082_141860.jpg,https://myebrochure.co.uk/images/products.hires/prod_61082_141862.jpg,,,,,,,,<li>Rib crew neck with self&#45;fabric back neck tape</li> <li>Fine knit gauge for enhanced printability</li> <li><b>Also available in ladies&#39; sizes code 61420 and children&#39;s size code 61019</b></li>,61091000,MA
93063,0000000930222,61082,TSHIRT,T-SHIRTS,MSSTSH,MENS SHORT SLEEVE T-SHIRT,FOTL,Fruit Of The Loom,MS0021,AZ,Deep Navy,0012  ,2XL,Men's Original T,2.00,1,12,108,08/04/2026 09:04:00,C,https://myebrochure.co.uk/images/colours/fotl/fotl-az.jpg,https://myebrochure.co.uk/images/products/prod_13001_61082_165093.jpg,https://myebrochure.co.uk/images/products.small/prod_13001_61082_165093.jpg,https://myebrochure.co.uk/images/products.hires/prod_13001_61082_165093.jpg,https://myebrochure.co.uk/images/brands/fotl_23.png,https://myebrochure.co.uk/images/products.hires/prod_61082_141867.jpg,https://myebrochure.co.uk/images/products.hires/prod_61082_141866.jpg,https://myebrochure.co.uk/images/products.hires/prod_61082_141868.jpg,,,,,,,,<li>Rib crew neck with self&#45;fabric back neck tape</li> <li>Fine knit gauge for enhanced printability</li> <li><b>Also available in ladies&#39; sizes code 61420 and children&#39;s size code 61019</b></li>,61091000,MA
120841,0000001208146,61082,TSHIRT,T-SHIRTS,MSSTSH,MENS SHORT SLEEVE T-SHIRT,FOTL,Fruit Of The Loom,MS0021,57,Fuchsia,0012  ,2XL,Men's Original T,2.00,1,12,108,08/04/2026 09:04:00,C,https://myebrochure.co.uk/images/colours/fotl/fotl-57.jpg,https://myebrochure.co.uk/images/products/prod_13001_61082_165093.jpg,https://myebrochure.co.uk/images/products.small/prod_13001_61082_165093.jpg,https://myebrochure.co.uk/images/products.hires/prod_13001_61082_165093.jpg,https://myebrochure.co.uk/images/brands/fotl_23.png,https://myebrochure.co.uk/images/products.hires/prod_61082_141858.jpg,https://myebrochure.co.uk/images/products.hires/prod_61082_141857.jpg,https://myebrochure.co.uk/images/products.hires/prod_61082_141859.jpg,,,,,,,,<li>Rib crew neck with self&#45;fabric back neck tape</li> <li>Fine knit gauge for enhanced printability</li> <li><b>Also available in ladies&#39; sizes code 61420 and children&#39;s size code 61019</b></li>,61091000,MA
3282,0000000032827,61082,TSHIRT,T-SHIRTS,MSSTSH,MENS SHORT SLEEVE T-SHIRT,FOTL,Fruit Of The Loom,MS0021,94,Heather Grey,0012  ,2XL,Men's Original T,2.00,1,12,108,08/04/2026 09:04:00,C,https://myebrochure.co.uk/images/colours/fotl/fotl-94.jpg,https://myebrochure.co.uk/images/products/prod_13001_61082_165093.jpg,https://myebrochure.co.uk/images/products.small/prod_13001_61082_165093.jpg,https://myebrochure.co.uk/images/products.hires/prod_13001_61082_165093.jpg,https://myebrochure.co.uk/images/brands/fotl_23.png,https://myebrochure.co.uk/images/products.hires/prod_61082_141864.jpg,https://myebrochure.co.uk/images/products.hires/prod_61082_141863.jpg,https://myebrochure.co.uk/images/products.hires/prod_61082_141865.jpg,,,,,,,,<li>Rib crew neck with self&#45;fabric back neck tape</li> <li>Fine knit gauge for enhanced printability</li> <li><b>Also available in ladies&#39; sizes code 61420 and children&#39;s size code 61019</b></li>,61091000,MA
93068,0000000930277,61082,TSHIRT,T-SHIRTS,MSSTSH,MENS SHORT SLEEVE T-SHIRT,FOTL,Fruit Of The Loom,MS0021,47,Kelly Green,0012  ,2XL,Men's Original T,2.00,1,12,108,08/04/2026 09:04:00,C,https://myebrochure.co.uk/images/colours/fotl/fotl-47.jpg,https://myebrochure.co.uk/images/products/prod_13001_61082_165093.jpg,https://myebrochure.co.uk/images/products.small/prod_13001_61082_165093.jpg,https://myebrochure.co.uk/images/products.hires/prod_13001_61082_165093.jpg,https://myebrochure.co.uk/images/brands/fotl_23.png,https://myebrochure.co.uk/images/products.hires/prod_61082_141852.jpg,https://myebrochure.co.uk/images/products.hires/prod_61082_141851.jpg,https://myebrochure.co.uk/images/products.hires/prod_61082_141853.jpg,,,,,,,,<li>Rib crew neck with self&#45;fabric back neck tape</li> <li>Fine knit gauge for enhanced printability</li> <li><b>Also available in ladies&#39; sizes code 61420 and children&#39;s size code 61019</b></li>,61091000,MA
120856,0000001208290,61082,TSHIRT,T-SHIRTS,MSSTSH,MENS SHORT SLEEVE T-SHIRT,FOTL,Fruit Of The Loom,MS0021,GL,Light Graphite,0012  ,2XL,Men's Original T,2.00,1,12,108,08/04/2026 09:04:00,C,https://myebrochure.co.uk/images/colours/fotl/fotl-gl.jpg,https://myebrochure.co.uk/images/products/prod_13001_61082_165093.jpg,https://myebrochure.co.uk/images/products.small/prod_13001_61082_165093.jpg,https://myebrochure.co.uk/images/products.hires/prod_13001_61082_165093.jpg,https://myebrochure.co.uk/images/brands/fotl_23.png,https://myebrochure.co.uk/images/products.hires/prod_61082_141873.jpg,https://myebrochure.co.uk/images/products.hires/prod_61082_141872.jpg,https://myebrochure.co.uk/images/products.hires/prod_61082_141874.jpg,,,,,,,,<li>Rib crew neck with self&#45;fabric back neck tape</li> <li>Fine knit gauge for enhanced printability</li> <li><b>Also available in ladies&#39; sizes code 61420 and children&#39;s size code 61019</b></li>,61091000,MA
120861,0000001208344,61082,TSHIRT,T-SHIRTS,MSSTSH,MENS SHORT SLEEVE T-SHIRT,FOTL,Fruit Of The Loom,MS0021,LM,Lime,0012  ,2XL,Men's Original T,2.00,1,12,108,08/04/2026 09:04:00,C,https://myebrochure.co.uk/images/colours/fotl/fotl-lm.jpg,https://myebrochure.co.uk/images/products/prod_13001_61082_165093.jpg,https://myebrochure.co.uk/images/products.small/prod_13001_61082_165093.jpg,https://myebrochure.co.uk/images/products.hires/prod_13001_61082_165093.jpg,https://myebrochure.co.uk/images/brands/fotl_23.png,https://myebrochure.co.uk/images/products.hires/prod_61082_141879.jpg,https://myebrochure.co.uk/images/products.hires/prod_61082_141878.jpg,https://myebrochure.co.uk/images/products.hires/prod_61082_141880.jpg,,,,,,,,<li>Rib crew neck with self&#45;fabric back neck tape</li> <li>Fine knit gauge for enhanced printability</li> <li><b>Also available in ladies&#39; sizes code 61420 and children&#39;s size code 61019</b></li>,61091000,MA
3257,0000000032575,61082,TSHIRT,T-SHIRTS,MSSTSH,MENS SHORT SLEEVE T-SHIRT,FOTL,Fruit Of The Loom,MS0021,32,Navy Blue,0012  ,2XL,Men's Original T,2.00,1,12,108,08/04/2026 09:04:00,C,https://myebrochure.co.uk/images/colours/fotl/fotl-32.jpg,https://myebrochure.co.uk/images/products/prod_13001_61082_165093.jpg,https://myebrochure.co.uk/images/products.small/prod_13001_61082_165093.jpg,https://myebrochure.co.uk/images/products.hires/prod_13001_61082_165093.jpg,https://myebrochure.co.uk/images/brands/fotl_23.png,https://myebrochure.co.uk/images/products.hires/prod_61082_141831.jpg,https://myebrochure.co.uk/images/products.hires/prod_61082_141830.jpg,https://myebrochure.co.uk/images/products.hires/prod_61082_141832.jpg,,,,,,,,<li>Rib crew neck with self&#45;fabric back neck tape</li> <li>Fine knit gauge for enhanced printability</li> <li><b>Also available in ladies&#39; sizes code 61420 and children&#39;s size code 61019</b></li>,61091000,MA
56307,0000000562959,61082,TSHIRT,T-SHIRTS,MSSTSH,MENS SHORT SLEEVE T-SHIRT,FOTL,Fruit Of The Loom,MS0021,44,Orange,0012  ,2XL,Men's Original T,2.00,1,12,108,08/04/2026 09:04:00,C,https://myebrochure.co.uk/images/colours/fotl/fotl-44.jpg,https://myebrochure.co.uk/images/products/prod_13001_61082_165093.jpg,https://myebrochure.co.uk/images/products.small/prod_13001_61082_165093.jpg,https://myebrochure.co.uk/images/products.hires/prod_13001_61082_165093.jpg,https://myebrochure.co.uk/images/brands/fotl_23.png,https://myebrochure.co.uk/images/products.hires/prod_61082_141849.jpg,https://myebrochure.co.uk/images/products.hires/prod_61082_141848.jpg,https://myebrochure.co.uk/images/products.hires/prod_61082_141850.jpg,,,,,,,,<li>Rib crew neck with self&#45;fabric back neck tape</li> <li>Fine knit gauge for enhanced printability</li> <li><b>Also available in ladies&#39; sizes code 61420 and children&#39;s size code 61019</b></li>,61091000,MA
120866,0000001208399,61082,TSHIRT,T-SHIRTS,MSSTSH,MENS SHORT SLEEVE T-SHIRT,FOTL,Fruit Of The Loom,MS0021,PE,Purple,0012  ,2XL,Men's Original T,2.00,1,12,108,08/04/2026 09:04:00,C,https://myebrochure.co.uk/images/colours/fotl/fotl-pe.jpg,https://myebrochure.co.uk/images/products/prod_13001_61082_165093.jpg,https://myebrochure.co.uk/images/products.small/prod_13001_61082_165093.jpg,https://myebrochure.co.uk/images/products.hires/prod_13001_61082_165093.jpg,https://myebrochure.co.uk/images/brands/fotl_23.png,https://myebrochure.co.uk/images/products.hires/prod_61082_141882.jpg,https://myebrochure.co.uk/images/products.hires/prod_61082_141881.jpg,https://myebrochure.co.uk/images/products.hires/prod_61082_141883.jpg,,,,,,,,<li>Rib crew neck with self&#45;fabric back neck tape</li> <li>Fine knit gauge for enhanced printability</li> <li><b>Also available in ladies&#39; sizes code 61420 and children&#39;s size code 61019</b></li>,61091000,MA
3272,0000000032728,61082,TSHIRT,T-SHIRTS,MSSTSH,MENS SHORT SLEEVE T-SHIRT,FOTL,Fruit Of The Loom,MS0021,40,Red,0012  ,2XL,Men's Original T,2.00,1,12,108,08/04/2026 09:04:00,C,https://myebrochure.co.uk/images/colours/fotl/fotl-40.jpg,https://myebrochure.co.uk/images/products/prod_13001_61082_165093.jpg,https://myebrochure.co.uk/images/products.small/prod_13001_61082_165093.jpg,https://myebrochure.co.uk/images/products.hires/prod_13001_61082_165093.jpg,https://myebrochure.co.uk/images/brands/fotl_23.png,https://myebrochure.co.uk/images/products.hires/prod_61082_141843.jpg,https://myebrochure.co.uk/images/products.hires/prod_61082_141842.jpg,https://myebrochure.co.uk/images/products.hires/prod_61082_141844.jpg,,,,,,,,<li>Rib crew neck with self&#45;fabric back neck tape</li> <li>Fine knit gauge for enhanced printability</li> <li><b>Also available in ladies&#39; sizes code 61420 and children&#39;s size code 61019</b></li>,61091000,MA
3262,0000000032629,61082,TSHIRT,T-SHIRTS,MSSTSH,MENS SHORT SLEEVE T-SHIRT,FOTL,Fruit Of The Loom,MS0021,51,Royal,0012  ,2XL,Men's Original T,2.00,1,12,108,08/04/2026 09:04:00,C,https://myebrochure.co.uk/images/colours/fotl/fotl-51.jpg,https://myebrochure.co.uk/images/products/prod_13001_61082_165093.jpg,https://myebrochure.co.uk/images/products.small/prod_13001_61082_165093.jpg,https://myebrochure.co.uk/images/products.hires/prod_13001_61082_165093.jpg,https://myebrochure.co.uk/images/brands/fotl_23.png,https://myebrochure.co.uk/images/products.hires/prod_61082_141855.jpg,https://myebrochure.co.uk/images/products.hires/prod_61082_141854.jpg,https://myebrochure.co.uk/images/products.hires/prod_61082_141856.jpg,,,,,,,,<li>Rib crew neck with self&#45;fabric back neck tape</li> <li>Fine knit gauge for enhanced printability</li> <li><b>Also available in ladies&#39; sizes code 61420 and children&#39;s size code 61019</b></li>,61091000,MA
120876,0000001208498,61082,TSHIRT,T-SHIRTS,MSSTSH,MENS SHORT SLEEVE T-SHIRT,FOTL,Fruit Of The Loom,MS0021,YT,Sky Blue,0012  ,2XL,Men's Original T,2.00,1,12,108,08/04/2026 09:04:00,C,https://myebrochure.co.uk/images/colours/fotl/fotl-yt.jpg,https://myebrochure.co.uk/images/products/prod_13001_61082_165093.jpg,https://myebrochure.co.uk/images/products.small/prod_13001_61082_165093.jpg,https://myebrochure.co.uk/images/products.hires/prod_13001_61082_165093.jpg,https://myebrochure.co.uk/images/brands/fotl_23.png,https://myebrochure.co.uk/images/products.hires/prod_61082_141885.jpg,https://myebrochure.co.uk/images/products.hires/prod_61082_141884.jpg,https://myebrochure.co.uk/images/products.hires/prod_61082_141886.jpg,,,,,,,,<li>Rib crew neck with self&#45;fabric back neck tape</li> <li>Fine knit gauge for enhanced printability</li> <li><b>Also available in ladies&#39; sizes code 61420 and children&#39;s size code 61019</b></li>,61091000,MA
66662,0000000665926,61082,TSHIRT,T-SHIRTS,MSSTSH,MENS SHORT SLEEVE T-SHIRT,FOTL,Fruit Of The Loom,MS0021,SUN,Sunflower,0012  ,2XL,Men's Original T,2.00,1,12,108,08/04/2026 09:04:00,C,https://myebrochure.co.uk/images/colours/fotl/fotl-sun.jpg,https://myebrochure.co.uk/images/products/prod_13001_61082_165093.jpg,https://myebrochure.co.uk/images/products.small/prod_13001_61082_165093.jpg,https://myebrochure.co.uk/images/products.hires/prod_13001_61082_165093.jpg,https://myebrochure.co.uk/images/brands/fotl_23.png,https://myebrochure.co.uk/images/products.hires/prod_61082_141834.jpg,https://myebrochure.co.uk/images/products.hires/prod_61082_141833.jpg,https://myebrochure.co.uk/images/products.hires/prod_61082_141835.jpg,,,,,,,,<li>Rib crew neck with self&#45;fabric back neck tape</li> <li>Fine knit gauge for enhanced printability</li> <li><b>Also available in ladies&#39; sizes code 61420 and children&#39;s size code 61019</b></li>,61091000,MA
3277,0000000032773,61082,TSHIRT,T-SHIRTS,MSSTSH,MENS SHORT SLEEVE T-SHIRT,FOTL,Fruit Of The Loom,MS0021,30,White,0012  ,2XL,Men's Original T,1.58,1,12,108,08/04/2026 09:04:00,C,https://myebrochure.co.uk/images/colours/fotl/fotl-30.jpg,https://myebrochure.co.uk/images/products/prod_13001_61082_165093.jpg,https://myebrochure.co.uk/images/products.small/prod_13001_61082_165093.jpg,https://myebrochure.co.uk/images/products.hires/prod_13001_61082_165093.jpg,https://myebrochure.co.uk/images/brands/fotl_23.png,https://myebrochure.co.uk/images/products.hires/prod_61082_141828.jpg,https://myebrochure.co.uk/images/products.hires/prod_61082_141827.jpg,https://myebrochure.co.uk/images/products.hires/prod_61082_141829.jpg,,,,,,,,<li>Rib crew neck with self&#45;fabric back neck tape</li> <li>Fine knit gauge for enhanced printability</li> <li><b>Also available in ladies&#39; sizes code 61420 and children&#39;s size code 61019</b></li>,61091000,MA
137942,0000001378498,61082,TSHIRT,T-SHIRTS,MSSTSH,MENS SHORT SLEEVE T-SHIRT,FOTL,Fruit Of The Loom,MS0021,K2,Yellow,0012  ,2XL,Men's Original T,2.00,1,12,108,08/04/2026 09:04:00,C,https://myebrochure.co.uk/images/colours/fotl/fotl-k2.jpg,https://myebrochure.co.uk/images/products/prod_13001_61082_165093.jpg,https://myebrochure.co.uk/images/products.small/prod_13001_61082_165093.jpg,https://myebrochure.co.uk/images/products.hires/prod_13001_61082_165093.jpg,https://myebrochure.co.uk/images/brands/fotl_23.png,https://myebrochure.co.uk/images/products.hires/prod_61082_141876.jpg,https://myebrochure.co.uk/images/products.hires/prod_61082_141875.jpg,https://myebrochure.co.uk/images/products.hires/prod_61082_141877.jpg,,,,,,,,<li>Rib crew neck with self&#45;fabric back neck tape</li> <li>Fine knit gauge for enhanced printability</li> <li><b>Also available in ladies&#39; sizes code 61420 and children&#39;s size code 61019</b></li>,61091000,MA
158404,0000001583090,61082,TSHIRT,T-SHIRTS,MSSTSH,MENS SHORT SLEEVE T-SHIRT,FOTL,Fruit Of The Loom,MS0021,ZU,Azure Blue,0012  ,3XL,Men's Original T,2.79,1,12,36,08/04/2026 09:04:00,C,https://myebrochure.co.uk/images/colours/fotl/fotl-zu.jpg,https://myebrochure.co.uk/images/products/prod_13001_61082_165093.jpg,https://myebrochure.co.uk/images/products.small/prod_13001_61082_165093.jpg,https://myebrochure.co.uk/images/products.hires/prod_13001_61082_165093.jpg,https://myebrochure.co.uk/images/brands/fotl_23.png,https://myebrochure.co.uk/images/products.hires/prod_61082_141888.jpg,https://myebrochure.co.uk/images/products.hires/prod_61082_141887.jpg,https://myebrochure.co.uk/images/products.hires/prod_61082_141889.jpg,,,,,,,,<li>Rib crew neck with self&#45;fabric back neck tape</li> <li>Fine knit gauge for enhanced printability</li> <li><b>Also available in ladies&#39; sizes code 61420 and children&#39;s size code 61019</b></li>,61091000,MA
158385,0000001582901,61082,TSHIRT,T-SHIRTS,MSSTSH,MENS SHORT SLEEVE T-SHIRT,FOTL,Fruit Of The Loom,MS0021,36,Black,0012  ,3XL,Men's Original T,2.79,1,12,36,08/04/2026 09:04:00,C,https://myebrochure.co.uk/images/colours/fotl/fotl-36.jpg,https://myebrochure.co.uk/images/products/prod_13001_61082_165093.jpg,https://myebrochure.co.uk/images/products.small/prod_13001_61082_165093.jpg,https://myebrochure.co.uk/images/products.hires/prod_13001_61082_165093.jpg,https://myebrochure.co.uk/images/brands/fotl_23.png,https://myebrochure.co.uk/images/products.hires/prod_61082_141837.jpg,https://myebrochure.co.uk/images/products.hires/prod_61082_141836.jpg,https://myebrochure.co.uk/images/products.hires/prod_61082_141838.jpg,,,,,,,,<li>Rib crew neck with self&#45;fabric back neck tape</li> <li>Fine knit gauge for enhanced printability</li> <li><b>Also available in ladies&#39; sizes code 61420 and children&#39;s size code 61019</b></li>,61091000,MA
158395,0000001583007,61082,TSHIRT,T-SHIRTS,MSSTSH,MENS SHORT SLEEVE T-SHIRT,FOTL,Fruit Of The Loom,MS0021,BOT,Bottle Green,0012  ,3XL,Men's Original T,2.79,1,12,36,08/04/2026 09:04:00,C,https://myebrochure.co.uk/images/colours/fotl/fotl-bot.jpg,https://myebrochure.co.uk/images/products/prod_13001_61082_165093.jpg,https://myebrochure.co.uk/images/products.small/prod_13001_61082_165093.jpg,https://myebrochure.co.uk/images/products.hires/prod_13001_61082_165093.jpg,https://myebrochure.co.uk/images/brands/fotl_23.png,https://myebrochure.co.uk/images/products.hires/prod_61082_141840.jpg,https://myebrochure.co.uk/images/products.hires/prod_61082_141839.jpg,https://myebrochure.co.uk/images/products.hires/prod_61082_141841.jpg,,,,,,,,<li>Rib crew neck with self&#45;fabric back neck tape</li> <li>Fine knit gauge for enhanced printability</li> <li><b>Also available in ladies&#39; sizes code 61420 and children&#39;s size code 61019</b></li>,61091000,MA
158396,0000001583014,61082,TSHIRT,T-SHIRTS,MSSTSH,MENS SHORT SLEEVE T-SHIRT,FOTL,Fruit Of The Loom,MS0021,BX,Brick Red,0012  ,3XL,Men's Original T,2.79,1,12,36,08/04/2026 09:04:00,C,https://myebrochure.co.uk/images/colours/fotl/fotl-bx.jpg,https://myebrochure.co.uk/images/products/prod_13001_61082_165093.jpg,https://myebrochure.co.uk/images/products.small/prod_13001_61082_165093.jpg,https://myebrochure.co.uk/images/products.hires/prod_13001_61082_165093.jpg,https://myebrochure.co.uk/images/brands/fotl_23.png,https://myebrochure.co.uk/images/products.hires/prod_61082_141870.jpg,https://myebrochure.co.uk/images/products.hires/prod_61082_141869.jpg,https://myebrochure.co.uk/images/products.hires/prod_61082_141871.jpg,,,,,,,,<li>Rib crew neck with self&#45;fabric back neck tape</li> <li>Fine knit gauge for enhanced printability</li> <li><b>Also available in ladies&#39; sizes code 61420 and children&#39;s size code 61019</b></li>,61091000,MA
158387,0000001582925,61082,TSHIRT,T-SHIRTS,MSSTSH,MENS SHORT SLEEVE T-SHIRT,FOTL,Fruit Of The Loom,MS0021,41,Burgundy,0012  ,3XL,Men's Original T,2.79,1,12,36,08/04/2026 09:04:00,C,https://myebrochure.co.uk/images/colours/fotl/fotl-41.jpg,https://myebrochure.co.uk/images/products/prod_13001_61082_165093.jpg,https://myebrochure.co.uk/images/products.small/prod_13001_61082_165093.jpg,https://myebrochure.co.uk/images/products.hires/prod_13001_61082_165093.jpg,https://myebrochure.co.uk/images/brands/fotl_23.png,https://myebrochure.co.uk/images/products.hires/prod_61082_141846.jpg,https://myebrochure.co.uk/images/products.hires/prod_61082_141845.jpg,https://myebrochure.co.uk/images/products.hires/prod_61082_141847.jpg,,,,,,,,<li>Rib crew neck with self&#45;fabric back neck tape</li> <li>Fine knit gauge for enhanced printability</li> <li><b>Also available in ladies&#39; sizes code 61420 and children&#39;s size code 61019</b></li>,61091000,MA
158392,0000001582970,61082,TSHIRT,T-SHIRTS,MSSTSH,MENS SHORT SLEEVE T-SHIRT,FOTL,Fruit Of The Loom,MS0021,59,Classic Olive,0012  ,3XL,Men's Original T,2.79,1,12,36,08/04/2026 09:04:00,C,https://myebrochure.co.uk/images/colours/fotl/fotl-59.jpg,https://myebrochure.co.uk/images/products/prod_13001_61082_165093.jpg,https://myebrochure.co.uk/images/products.small/prod_13001_61082_165093.jpg,https://myebrochure.co.uk/images/products.hires/prod_13001_61082_165093.jpg,https://myebrochure.co.uk/images/brands/fotl_23.png,https://myebrochure.co.uk/images/products.hires/prod_61082_141861.jpg,https://myebrochure.co.uk/images/products.hires/prod_61082_141860.jpg,https://myebrochure.co.uk/images/products.hires/prod_61082_141862.jpg,,,,,,,,<li>Rib crew neck with self&#45;fabric back neck tape</li> <li>Fine knit gauge for enhanced printability</li> <li><b>Also available in ladies&#39; sizes code 61420 and children&#39;s size code 61019</b></li>,61091000,MA
158394,0000001582994,61082,TSHIRT,T-SHIRTS,MSSTSH,MENS SHORT SLEEVE T-SHIRT,FOTL,Fruit Of The Loom,MS0021,AZ,Deep Navy,0012  ,3XL,Men's Original T,2.79,1,12,36,08/04/2026 09:04:00,C,https://myebrochure.co.uk/images/colours/fotl/fotl-az.jpg,https://myebrochure.co.uk/images/products/prod_13001_61082_165093.jpg,https://myebrochure.co.uk/images/products.small/prod_13001_61082_165093.jpg,https://myebrochure.co.uk/images/products.hires/prod_13001_61082_165093.jpg,https://myebrochure.co.uk/images/brands/fotl_23.png,https://myebrochure.co.uk/images/products.hires/prod_61082_141867.jpg,https://myebrochure.co.uk/images/products.hires/prod_61082_141866.jpg,https://myebrochure.co.uk/images/products.hires/prod_61082_141868.jpg,,,,,,,,<li>Rib crew neck with self&#45;fabric back neck tape</li> <li>Fine knit gauge for enhanced printability</li> <li><b>Also available in ladies&#39; sizes code 61420 and children&#39;s size code 61019</b></li>,61091000,MA
158391,0000001582963,61082,TSHIRT,T-SHIRTS,MSSTSH,MENS SHORT SLEEVE T-SHIRT,FOTL,Fruit Of The Loom,MS0021,57,Fuchsia,0012  ,3XL,Men's Original T,2.79,1,12,36,08/04/2026 09:04:00,C,https://myebrochure.co.uk/images/colours/fotl/fotl-57.jpg,https://myebrochure.co.uk/images/products/prod_13001_61082_165093.jpg,https://myebrochure.co.uk/images/products.small/prod_13001_61082_165093.jpg,https://myebrochure.co.uk/images/products.hires/prod_13001_61082_165093.jpg,https://myebrochure.co.uk/images/brands/fotl_23.png,https://myebrochure.co.uk/images/products.hires/prod_61082_141858.jpg,https://myebrochure.co.uk/images/products.hires/prod_61082_141857.jpg,https://myebrochure.co.uk/images/products.hires/prod_61082_141859.jpg,,,,,,,,<li>Rib crew neck with self&#45;fabric back neck tape</li> <li>Fine knit gauge for enhanced printability</li> <li><b>Also available in ladies&#39; sizes code 61420 and children&#39;s size code 61019</b></li>,61091000,MA
158393,0000001582987,61082,TSHIRT,T-SHIRTS,MSSTSH,MENS SHORT SLEEVE T-SHIRT,FOTL,Fruit Of The Loom,MS0021,94,Heather Grey,0012  ,3XL,Men's Original T,2.79,1,12,36,08/04/2026 09:04:00,C,https://myebrochure.co.uk/images/colours/fotl/fotl-94.jpg,https://myebrochure.co.uk/images/products/prod_13001_61082_165093.jpg,https://myebrochure.co.uk/images/products.small/prod_13001_61082_165093.jpg,https://myebrochure.co.uk/images/products.hires/prod_13001_61082_165093.jpg,https://myebrochure.co.uk/images/brands/fotl_23.png,https://myebrochure.co.uk/images/products.hires/prod_61082_141864.jpg,https://myebrochure.co.uk/images/products.hires/prod_61082_141863.jpg,https://myebrochure.co.uk/images/products.hires/prod_61082_141865.jpg,,,,,,,,<li>Rib crew neck with self&#45;fabric back neck tape</li> <li>Fine knit gauge for enhanced printability</li> <li><b>Also available in ladies&#39; sizes code 61420 and children&#39;s size code 61019</b></li>,61091000,MA
158389,0000001582949,61082,TSHIRT,T-SHIRTS,MSSTSH,MENS SHORT SLEEVE T-SHIRT,FOTL,Fruit Of The Loom,MS0021,47,Kelly Green,0012  ,3XL,Men's Original T,2.79,1,12,36,08/04/2026 09:04:00,C,https://myebrochure.co.uk/images/colours/fotl/fotl-47.jpg,https://myebrochure.co.uk/images/products/prod_13001_61082_165093.jpg,https://myebrochure.co.uk/images/products.small/prod_13001_61082_165093.jpg,https://myebrochure.co.uk/images/products.hires/prod_13001_61082_165093.jpg,https://myebrochure.co.uk/images/brands/fotl_23.png,https://myebrochure.co.uk/images/products.hires/prod_61082_141852.jpg,https://myebrochure.co.uk/images/products.hires/prod_61082_141851.jpg,https://myebrochure.co.uk/images/products.hires/prod_61082_141853.jpg,,,,,,,,<li>Rib crew neck with self&#45;fabric back neck tape</li> <li>Fine knit gauge for enhanced printability</li> <li><b>Also available in ladies&#39; sizes code 61420 and children&#39;s size code 61019</b></li>,61091000,MA
158397,0000001583021,61082,TSHIRT,T-SHIRTS,MSSTSH,MENS SHORT SLEEVE T-SHIRT,FOTL,Fruit Of The Loom,MS0021,GL,Light Graphite,0012  ,3XL,Men's Original T,2.79,1,12,36,08/04/2026 09:04:00,C,https://myebrochure.co.uk/images/colours/fotl/fotl-gl.jpg,https://myebrochure.co.uk/images/products/prod_13001_61082_165093.jpg,https://myebrochure.co.uk/images/products.small/prod_13001_61082_165093.jpg,https://myebrochure.co.uk/images/products.hires/prod_13001_61082_165093.jpg,https://myebrochure.co.uk/images/brands/fotl_23.png,https://myebrochure.co.uk/images/products.hires/prod_61082_141873.jpg,https://myebrochure.co.uk/images/products.hires/prod_61082_141872.jpg,https://myebrochure.co.uk/images/products.hires/prod_61082_141874.jpg,,,,,,,,<li>Rib crew neck with self&#45;fabric back neck tape</li> <li>Fine knit gauge for enhanced printability</li> <li><b>Also available in ladies&#39; sizes code 61420 and children&#39;s size code 61019</b></li>,61091000,MA
158399,0000001583045,61082,TSHIRT,T-SHIRTS,MSSTSH,MENS SHORT SLEEVE T-SHIRT,FOTL,Fruit Of The Loom,MS0021,LM,Lime,0012  ,3XL,Men's Original T,2.79,1,12,36,08/04/2026 09:04:00,C,https://myebrochure.co.uk/images/colours/fotl/fotl-lm.jpg,https://myebrochure.co.uk/images/products/prod_13001_61082_165093.jpg,https://myebrochure.co.uk/images/products.small/prod_13001_61082_165093.jpg,https://myebrochure.co.uk/images/products.hires/prod_13001_61082_165093.jpg,https://myebrochure.co.uk/images/brands/fotl_23.png,https://myebrochure.co.uk/images/products.hires/prod_61082_141879.jpg,https://myebrochure.co.uk/images/products.hires/prod_61082_141878.jpg,https://myebrochure.co.uk/images/products.hires/prod_61082_141880.jpg,,,,,,,,<li>Rib crew neck with self&#45;fabric back neck tape</li> <li>Fine knit gauge for enhanced printability</li> <li><b>Also available in ladies&#39; sizes code 61420 and children&#39;s size code 61019</b></li>,61091000,MA
158384,0000001582895,61082,TSHIRT,T-SHIRTS,MSSTSH,MENS SHORT SLEEVE T-SHIRT,FOTL,Fruit Of The Loom,MS0021,32,Navy Blue,0012  ,3XL,Men's Original T,2.79,1,12,36,08/04/2026 09:04:00,C,https://myebrochure.co.uk/images/colours/fotl/fotl-32.jpg,https://myebrochure.co.uk/images/products/prod_13001_61082_165093.jpg,https://myebrochure.co.uk/images/products.small/prod_13001_61082_165093.jpg,https://myebrochure.co.uk/images/products.hires/prod_13001_61082_165093.jpg,https://myebrochure.co.uk/images/brands/fotl_23.png,https://myebrochure.co.uk/images/products.hires/prod_61082_141831.jpg,https://myebrochure.co.uk/images/products.hires/prod_61082_141830.jpg,https://myebrochure.co.uk/images/products.hires/prod_61082_141832.jpg,,,,,,,,<li>Rib crew neck with self&#45;fabric back neck tape</li> <li>Fine knit gauge for enhanced printability</li> <li><b>Also available in ladies&#39; sizes code 61420 and children&#39;s size code 61019</b></li>,61091000,MA
158388,0000001582932,61082,TSHIRT,T-SHIRTS,MSSTSH,MENS SHORT SLEEVE T-SHIRT,FOTL,Fruit Of The Loom,MS0021,44,Orange,0012  ,3XL,Men's Original T,2.79,1,12,36,08/04/2026 09:04:00,C,https://myebrochure.co.uk/images/colours/fotl/fotl-44.jpg,https://myebrochure.co.uk/images/products/prod_13001_61082_165093.jpg,https://myebrochure.co.uk/images/products.small/prod_13001_61082_165093.jpg,https://myebrochure.co.uk/images/products.hires/prod_13001_61082_165093.jpg,https://myebrochure.co.uk/images/brands/fotl_23.png,https://myebrochure.co.uk/images/products.hires/prod_61082_141849.jpg,https://myebrochure.co.uk/images/products.hires/prod_61082_141848.jpg,https://myebrochure.co.uk/images/products.hires/prod_61082_141850.jpg,,,,,,,,<li>Rib crew neck with self&#45;fabric back neck tape</li> <li>Fine knit gauge for enhanced printability</li> <li><b>Also available in ladies&#39; sizes code 61420 and children&#39;s size code 61019</b></li>,61091000,MA
158400,0000001583052,61082,TSHIRT,T-SHIRTS,MSSTSH,MENS SHORT SLEEVE T-SHIRT,FOTL,Fruit Of The Loom,MS0021,PE,Purple,0012  ,3XL,Men's Original T,2.79,1,12,36,08/04/2026 09:04:00,C,https://myebrochure.co.uk/images/colours/fotl/fotl-pe.jpg,https://myebrochure.co.uk/images/products/prod_13001_61082_165093.jpg,https://myebrochure.co.uk/images/products.small/prod_13001_61082_165093.jpg,https://myebrochure.co.uk/images/products.hires/prod_13001_61082_165093.jpg,https://myebrochure.co.uk/images/brands/fotl_23.png,https://myebrochure.co.uk/images/products.hires/prod_61082_141882.jpg,https://myebrochure.co.uk/images/products.hires/prod_61082_141881.jpg,https://myebrochure.co.uk/images/products.hires/prod_61082_141883.jpg,,,,,,,,<li>Rib crew neck with self&#45;fabric back neck tape</li> <li>Fine knit gauge for enhanced printability</li> <li><b>Also available in ladies&#39; sizes code 61420 and children&#39;s size code 61019</b></li>,61091000,MA
158386,0000001582918,61082,TSHIRT,T-SHIRTS,MSSTSH,MENS SHORT SLEEVE T-SHIRT,FOTL,Fruit Of The Loom,MS0021,40,Red,0012  ,3XL,Men's Original T,2.79,1,12,36,08/04/2026 09:04:00,C,https://myebrochure.co.uk/images/colours/fotl/fotl-40.jpg,https://myebrochure.co.uk/images/products/prod_13001_61082_165093.jpg,https://myebrochure.co.uk/images/products.small/prod_13001_61082_165093.jpg,https://myebrochure.co.uk/images/products.hires/prod_13001_61082_165093.jpg,https://myebrochure.co.uk/images/brands/fotl_23.png,https://myebrochure.co.uk/images/products.hires/prod_61082_141843.jpg,https://myebrochure.co.uk/images/products.hires/prod_61082_141842.jpg,https://myebrochure.co.uk/images/products.hires/prod_61082_141844.jpg,,,,,,,,<li>Rib crew neck with self&#45;fabric back neck tape</li> <li>Fine knit gauge for enhanced printability</li> <li><b>Also available in ladies&#39; sizes code 61420 and children&#39;s size code 61019</b></li>,61091000,MA
158390,0000001582956,61082,TSHIRT,T-SHIRTS,MSSTSH,MENS SHORT SLEEVE T-SHIRT,FOTL,Fruit Of The Loom,MS0021,51,Royal,0012  ,3XL,Men's Original T,2.79,1,12,36,08/04/2026 09:04:00,C,https://myebrochure.co.uk/images/colours/fotl/fotl-51.jpg,https://myebrochure.co.uk/images/products/prod_13001_61082_165093.jpg,https://myebrochure.co.uk/images/products.small/prod_13001_61082_165093.jpg,https://myebrochure.co.uk/images/products.hires/prod_13001_61082_165093.jpg,https://myebrochure.co.uk/images/brands/fotl_23.png,https://myebrochure.co.uk/images/products.hires/prod_61082_141855.jpg,https://myebrochure.co.uk/images/products.hires/prod_61082_141854.jpg,https://myebrochure.co.uk/images/products.hires/prod_61082_141856.jpg,,,,,,,,<li>Rib crew neck with self&#45;fabric back neck tape</li> <li>Fine knit gauge for enhanced printability</li> <li><b>Also available in ladies&#39; sizes code 61420 and children&#39;s size code 61019</b></li>,61091000,MA
158403,0000001583083,61082,TSHIRT,T-SHIRTS,MSSTSH,MENS SHORT SLEEVE T-SHIRT,FOTL,Fruit Of The Loom,MS0021,YT,Sky Blue,0012  ,3XL,Men's Original T,2.79,1,12,36,08/04/2026 09:04:00,C,https://myebrochure.co.uk/images/colours/fotl/fotl-yt.jpg,https://myebrochure.co.uk/images/products/prod_13001_61082_165093.jpg,https://myebrochure.co.uk/images/products.small/prod_13001_61082_165093.jpg,https://myebrochure.co.uk/images/products.hires/prod_13001_61082_165093.jpg,https://myebrochure.co.uk/images/brands/fotl_23.png,https://myebrochure.co.uk/images/products.hires/prod_61082_141885.jpg,https://myebrochure.co.uk/images/products.hires/prod_61082_141884.jpg,https://myebrochure.co.uk/images/products.hires/prod_61082_141886.jpg,,,,,,,,<li>Rib crew neck with self&#45;fabric back neck tape</li> <li>Fine knit gauge for enhanced printability</li> <li><b>Also available in ladies&#39; sizes code 61420 and children&#39;s size code 61019</b></li>,61091000,MA
158402,0000001583076,61082,TSHIRT,T-SHIRTS,MSSTSH,MENS SHORT SLEEVE T-SHIRT,FOTL,Fruit Of The Loom,MS0021,SUN,Sunflower,0012  ,3XL,Men's Original T,2.79,1,12,36,08/04/2026 09:04:00,C,https://myebrochure.co.uk/images/colours/fotl/fotl-sun.jpg,https://myebrochure.co.uk/images/products/prod_13001_61082_165093.jpg,https://myebrochure.co.uk/images/products.small/prod_13001_61082_165093.jpg,https://myebrochure.co.uk/images/products.hires/prod_13001_61082_165093.jpg,https://myebrochure.co.uk/images/brands/fotl_23.png,https://myebrochure.co.uk/images/products.hires/prod_61082_141834.jpg,https://myebrochure.co.uk/images/products.hires/prod_61082_141833.jpg,https://myebrochure.co.uk/images/products.hires/prod_61082_141835.jpg,,,,,,,,<li>Rib crew neck with self&#45;fabric back neck tape</li> <li>Fine knit gauge for enhanced printability</li> <li><b>Also available in ladies&#39; sizes code 61420 and children&#39;s size code 61019</b></li>,61091000,MA
158383,0000001582888,61082,TSHIRT,T-SHIRTS,MSSTSH,MENS SHORT SLEEVE T-SHIRT,FOTL,Fruit Of The Loom,MS0021,30,White,0012  ,3XL,Men's Original T,2.10,1,12,36,08/04/2026 09:04:00,C,https://myebrochure.co.uk/images/colours/fotl/fotl-30.jpg,https://myebrochure.co.uk/images/products/prod_13001_61082_165093.jpg,https://myebrochure.co.uk/images/products.small/prod_13001_61082_165093.jpg,https://myebrochure.co.uk/images/products.hires/prod_13001_61082_165093.jpg,https://myebrochure.co.uk/images/brands/fotl_23.png,https://myebrochure.co.uk/images/products.hires/prod_61082_141828.jpg,https://myebrochure.co.uk/images/products.hires/prod_61082_141827.jpg,https://myebrochure.co.uk/images/products.hires/prod_61082_141829.jpg,,,,,,,,<li>Rib crew neck with self&#45;fabric back neck tape</li> <li>Fine knit gauge for enhanced printability</li> <li><b>Also available in ladies&#39; sizes code 61420 and children&#39;s size code 61019</b></li>,61091000,MA
158398,0000001583038,61082,TSHIRT,T-SHIRTS,MSSTSH,MENS SHORT SLEEVE T-SHIRT,FOTL,Fruit Of The Loom,MS0021,K2,Yellow,0012  ,3XL,Men's Original T,2.79,1,12,36,08/04/2026 09:04:00,C,https://myebrochure.co.uk/images/colours/fotl/fotl-k2.jpg,https://myebrochure.co.uk/images/products/prod_13001_61082_165093.jpg,https://myebrochure.co.uk/images/products.small/prod_13001_61082_165093.jpg,https://myebrochure.co.uk/images/products.hires/prod_13001_61082_165093.jpg,https://myebrochure.co.uk/images/brands/fotl_23.png,https://myebrochure.co.uk/images/products.hires/prod_61082_141876.jpg,https://myebrochure.co.uk/images/products.hires/prod_61082_141875.jpg,https://myebrochure.co.uk/images/products.hires/prod_61082_141877.jpg,,,,,,,,<li>Rib crew neck with self&#45;fabric back neck tape</li> <li>Fine knit gauge for enhanced printability</li> <li><b>Also available in ladies&#39; sizes code 61420 and children&#39;s size code 61019</b></li>,61091000,MA
158409,0000001583144,61082,TSHIRT,T-SHIRTS,MSSTSH,MENS SHORT SLEEVE T-SHIRT,FOTL,Fruit Of The Loom,MS0021,36,Black,0012  ,4XL,Men's Original T,2.79,1,12,36,08/04/2026 09:04:00,C,https://myebrochure.co.uk/images/colours/fotl/fotl-36.jpg,https://myebrochure.co.uk/images/products/prod_13001_61082_165093.jpg,https://myebrochure.co.uk/images/products.small/prod_13001_61082_165093.jpg,https://myebrochure.co.uk/images/products.hires/prod_13001_61082_165093.jpg,https://myebrochure.co.uk/images/brands/fotl_23.png,https://myebrochure.co.uk/images/products.hires/prod_61082_141837.jpg,https://myebrochure.co.uk/images/products.hires/prod_61082_141836.jpg,https://myebrochure.co.uk/images/products.hires/prod_61082_141838.jpg,,,,,,,,<li>Rib crew neck with self&#45;fabric back neck tape</li> <li>Fine knit gauge for enhanced printability</li> <li><b>Also available in ladies&#39; sizes code 61420 and children&#39;s size code 61019</b></li>,61091000,MA
158425,0000001583304,61082,TSHIRT,T-SHIRTS,MSSTSH,MENS SHORT SLEEVE T-SHIRT,FOTL,Fruit Of The Loom,MS0021,94,Heather Grey,0012  ,4XL,Men's Original T,2.79,1,12,36,08/04/2026 09:04:00,C,https://myebrochure.co.uk/images/colours/fotl/fotl-94.jpg,https://myebrochure.co.uk/images/products/prod_13001_61082_165093.jpg,https://myebrochure.co.uk/images/products.small/prod_13001_61082_165093.jpg,https://myebrochure.co.uk/images/products.hires/prod_13001_61082_165093.jpg,https://myebrochure.co.uk/images/brands/fotl_23.png,https://myebrochure.co.uk/images/products.hires/prod_61082_141864.jpg,https://myebrochure.co.uk/images/products.hires/prod_61082_141863.jpg,https://myebrochure.co.uk/images/products.hires/prod_61082_141865.jpg,,,,,,,,<li>Rib crew neck with self&#45;fabric back neck tape</li> <li>Fine knit gauge for enhanced printability</li> <li><b>Also available in ladies&#39; sizes code 61420 and children&#39;s size code 61019</b></li>,61091000,MA
158407,0000001583120,61082,TSHIRT,T-SHIRTS,MSSTSH,MENS SHORT SLEEVE T-SHIRT,FOTL,Fruit Of The Loom,MS0021,32,Navy Blue,0012  ,4XL,Men's Original T,2.79,1,12,36,08/04/2026 09:04:00,C,https://myebrochure.co.uk/images/colours/fotl/fotl-32.jpg,https://myebrochure.co.uk/images/products/prod_13001_61082_165093.jpg,https://myebrochure.co.uk/images/products.small/prod_13001_61082_165093.jpg,https://myebrochure.co.uk/images/products.hires/prod_13001_61082_165093.jpg,https://myebrochure.co.uk/images/brands/fotl_23.png,https://myebrochure.co.uk/images/products.hires/prod_61082_141831.jpg,https://myebrochure.co.uk/images/products.hires/prod_61082_141830.jpg,https://myebrochure.co.uk/images/products.hires/prod_61082_141832.jpg,,,,,,,,<li>Rib crew neck with self&#45;fabric back neck tape</li> <li>Fine knit gauge for enhanced printability</li> <li><b>Also available in ladies&#39; sizes code 61420 and children&#39;s size code 61019</b></li>,61091000,MA
158405,0000001583106,61082,TSHIRT,T-SHIRTS,MSSTSH,MENS SHORT SLEEVE T-SHIRT,FOTL,Fruit Of The Loom,MS0021,30,White,0012  ,4XL,Men's Original T,2.10,1,12,36,08/04/2026 09:04:00,C,https://myebrochure.co.uk/images/colours/fotl/fotl-30.jpg,https://myebrochure.co.uk/images/products/prod_13001_61082_165093.jpg,https://myebrochure.co.uk/images/products.small/prod_13001_61082_165093.jpg,https://myebrochure.co.uk/images/products.hires/prod_13001_61082_165093.jpg,https://myebrochure.co.uk/images/brands/fotl_23.png,https://myebrochure.co.uk/images/products.hires/prod_61082_141828.jpg,https://myebrochure.co.uk/images/products.hires/prod_61082_141827.jpg,https://myebrochure.co.uk/images/products.hires/prod_61082_141829.jpg,,,,,,,,<li>Rib crew neck with self&#45;fabric back neck tape</li> <li>Fine knit gauge for enhanced printability</li> <li><b>Also available in ladies&#39; sizes code 61420 and children&#39;s size code 61019</b></li>,61091000,MA
158410,0000001583151,61082,TSHIRT,T-SHIRTS,MSSTSH,MENS SHORT SLEEVE T-SHIRT,FOTL,Fruit Of The Loom,MS0021,36,Black,0012  ,5XL,Men's Original T,2.79,1,12,36,08/04/2026 09:04:00,C,https://myebrochure.co.uk/images/colours/fotl/fotl-36.jpg,https://myebrochure.co.uk/images/products/prod_13001_61082_165093.jpg,https://myebrochure.co.uk/images/products.small/prod_13001_61082_165093.jpg,https://myebrochure.co.uk/images/products.hires/prod_13001_61082_165093.jpg,https://myebrochure.co.uk/images/brands/fotl_23.png,https://myebrochure.co.uk/images/products.hires/prod_61082_141837.jpg,https://myebrochure.co.uk/images/products.hires/prod_61082_141836.jpg,https://myebrochure.co.uk/images/products.hires/prod_61082_141838.jpg,,,,,,,,<li>Rib crew neck with self&#45;fabric back neck tape</li> <li>Fine knit gauge for enhanced printability</li> <li><b>Also available in ladies&#39; sizes code 61420 and children&#39;s size code 61019</b></li>,61091000,MA
158426,0000001583311,61082,TSHIRT,T-SHIRTS,MSSTSH,MENS SHORT SLEEVE T-SHIRT,FOTL,Fruit Of The Loom,MS0021,94,Heather Grey,0012  ,5XL,Men's Original T,2.79,1,12,36,08/04/2026 09:04:00,C,https://myebrochure.co.uk/images/colours/fotl/fotl-94.jpg,https://myebrochure.co.uk/images/products/prod_13001_61082_165093.jpg,https://myebrochure.co.uk/images/products.small/prod_13001_61082_165093.jpg,https://myebrochure.co.uk/images/products.hires/prod_13001_61082_165093.jpg,https://myebrochure.co.uk/images/brands/fotl_23.png,https://myebrochure.co.uk/images/products.hires/prod_61082_141864.jpg,https://myebrochure.co.uk/images/products.hires/prod_61082_141863.jpg,https://myebrochure.co.uk/images/products.hires/prod_61082_141865.jpg,,,,,,,,<li>Rib crew neck with self&#45;fabric back neck tape</li> <li>Fine knit gauge for enhanced printability</li> <li><b>Also available in ladies&#39; sizes code 61420 and children&#39;s size code 61019</b></li>,61091000,MA
158408,0000001583137,61082,TSHIRT,T-SHIRTS,MSSTSH,MENS SHORT SLEEVE T-SHIRT,FOTL,Fruit Of The Loom,MS0021,32,Navy Blue,0012  ,5XL,Men's Original T,2.79,1,12,36,08/04/2026 09:04:00,C,https://myebrochure.co.uk/images/colours/fotl/fotl-32.jpg,https://myebrochure.co.uk/images/products/prod_13001_61082_165093.jpg,https://myebrochure.co.uk/images/products.small/prod_13001_61082_165093.jpg,https://myebrochure.co.uk/images/products.hires/prod_13001_61082_165093.jpg,https://myebrochure.co.uk/images/brands/fotl_23.png,https://myebrochure.co.uk/images/products.hires/prod_61082_141831.jpg,https://myebrochure.co.uk/images/products.hires/prod_61082_141830.jpg,https://myebrochure.co.uk/images/products.hires/prod_61082_141832.jpg,,,,,,,,<li>Rib crew neck with self&#45;fabric back neck tape</li> <li>Fine knit gauge for enhanced printability</li> <li><b>Also available in ladies&#39; sizes code 61420 and children&#39;s size code 61019</b></li>,61091000,MA
158406,0000001583113,61082,TSHIRT,T-SHIRTS,MSSTSH,MENS SHORT SLEEVE T-SHIRT,FOTL,Fruit Of The Loom,MS0021,30,White,0012  ,5XL,Men's Original T,2.10,1,12,36,08/04/2026 09:04:00,C,https://myebrochure.co.uk/images/colours/fotl/fotl-30.jpg,https://myebrochure.co.uk/images/products/prod_13001_61082_165093.jpg,https://myebrochure.co.uk/images/products.small/prod_13001_61082_165093.jpg,https://myebrochure.co.uk/images/products.hires/prod_13001_61082_165093.jpg,https://myebrochure.co.uk/images/brands/fotl_23.png,https://myebrochure.co.uk/images/products.hires/prod_61082_141828.jpg,https://myebrochure.co.uk/images/products.hires/prod_61082_141827.jpg,https://myebrochure.co.uk/images/products.hires/prod_61082_141829.jpg,,,,,,,,<li>Rib crew neck with self&#45;fabric back neck tape</li> <li>Fine knit gauge for enhanced printability</li> <li><b>Also available in ladies&#39; sizes code 61420 and children&#39;s size code 61019</b></li>,61091000,MA
120879,0000001208528,61082,TSHIRT,T-SHIRTS,MSSTSH,MENS SHORT SLEEVE T-SHIRT,FOTL,Fruit Of The Loom,MS0021,ZU,Azure Blue,0012  ,Large,Men's Original T,2.00,1,12,120,08/04/2026 09:04:00,C,https://myebrochure.co.uk/images/colours/fotl/fotl-zu.jpg,https://myebrochure.co.uk/images/products/prod_13001_61082_165093.jpg,https://myebrochure.co.uk/images/products.small/prod_13001_61082_165093.jpg,https://myebrochure.co.uk/images/products.hires/prod_13001_61082_165093.jpg,https://myebrochure.co.uk/images/brands/fotl_23.png,https://myebrochure.co.uk/images/products.hires/prod_61082_141888.jpg,https://myebrochure.co.uk/images/products.hires/prod_61082_141887.jpg,https://myebrochure.co.uk/images/products.hires/prod_61082_141889.jpg,,,,,,,,<li>Rib crew neck with self&#45;fabric back neck tape</li> <li>Fine knit gauge for enhanced printability</li> <li><b>Also available in ladies&#39; sizes code 61420 and children&#39;s size code 61019</b></li>,61091000,MA
3265,0000000032650,61082,TSHIRT,T-SHIRTS,MSSTSH,MENS SHORT SLEEVE T-SHIRT,FOTL,Fruit Of The Loom,MS0021,36,Black,0012  ,Large,Men's Original T,2.00,1,12,120,08/04/2026 09:04:00,C,https://myebrochure.co.uk/images/colours/fotl/fotl-36.jpg,https://myebrochure.co.uk/images/products/prod_13001_61082_165093.jpg,https://myebrochure.co.uk/images/products.small/prod_13001_61082_165093.jpg,https://myebrochure.co.uk/images/products.hires/prod_13001_61082_165093.jpg,https://myebrochure.co.uk/images/brands/fotl_23.png,https://myebrochure.co.uk/images/products.hires/prod_61082_141837.jpg,https://myebrochure.co.uk/images/products.hires/prod_61082_141836.jpg,https://myebrochure.co.uk/images/products.hires/prod_61082_141838.jpg,,,,,,,,<li>Rib crew neck with self&#45;fabric back neck tape</li> <li>Fine knit gauge for enhanced printability</li> <li><b>Also available in ladies&#39; sizes code 61420 and children&#39;s size code 61019</b></li>,61091000,MA
120834,0000001208078,61082,TSHIRT,T-SHIRTS,MSSTSH,MENS SHORT SLEEVE T-SHIRT,FOTL,Fruit Of The Loom,MS0021,BOT,Bottle Green,0012  ,Large,Men's Original T,2.00,1,12,120,08/04/2026 09:04:00,C,https://myebrochure.co.uk/images/colours/fotl/fotl-bot.jpg,https://myebrochure.co.uk/images/products/prod_13001_61082_165093.jpg,https://myebrochure.co.uk/images/products.small/prod_13001_61082_165093.jpg,https://myebrochure.co.uk/images/products.hires/prod_13001_61082_165093.jpg,https://myebrochure.co.uk/images/brands/fotl_23.png,https://myebrochure.co.uk/images/products.hires/prod_61082_141840.jpg,https://myebrochure.co.uk/images/products.hires/prod_61082_141839.jpg,https://myebrochure.co.uk/images/products.hires/prod_61082_141841.jpg,,,,,,,,<li>Rib crew neck with self&#45;fabric back neck tape</li> <li>Fine knit gauge for enhanced printability</li> <li><b>Also available in ladies&#39; sizes code 61420 and children&#39;s size code 61019</b></li>,61091000,MA
120849,0000001208221,61082,TSHIRT,T-SHIRTS,MSSTSH,MENS SHORT SLEEVE T-SHIRT,FOTL,Fruit Of The Loom,MS0021,BX,Brick Red,0012  ,Large,Men's Original T,2.00,1,12,120,08/04/2026 09:04:00,C,https://myebrochure.co.uk/images/colours/fotl/fotl-bx.jpg,https://myebrochure.co.uk/images/products/prod_13001_61082_165093.jpg,https://myebrochure.co.uk/images/products.small/prod_13001_61082_165093.jpg,https://myebrochure.co.uk/images/products.hires/prod_13001_61082_165093.jpg,https://myebrochure.co.uk/images/brands/fotl_23.png,https://myebrochure.co.uk/images/products.hires/prod_61082_141870.jpg,https://myebrochure.co.uk/images/products.hires/prod_61082_141869.jpg,https://myebrochure.co.uk/images/products.hires/prod_61082_141871.jpg,,,,,,,,<li>Rib crew neck with self&#45;fabric back neck tape</li> <li>Fine knit gauge for enhanced printability</li> <li><b>Also available in ladies&#39; sizes code 61420 and children&#39;s size code 61019</b></li>,61091000,MA
137935,0000001378429,61082,TSHIRT,T-SHIRTS,MSSTSH,MENS SHORT SLEEVE T-SHIRT,FOTL,Fruit Of The Loom,MS0021,41,Burgundy,0012  ,Large,Men's Original T,2.00,1,12,120,08/04/2026 09:04:00,C,https://myebrochure.co.uk/images/colours/fotl/fotl-41.jpg,https://myebrochure.co.uk/images/products/prod_13001_61082_165093.jpg,https://myebrochure.co.uk/images/products.small/prod_13001_61082_165093.jpg,https://myebrochure.co.uk/images/products.hires/prod_13001_61082_165093.jpg,https://myebrochure.co.uk/images/brands/fotl_23.png,https://myebrochure.co.uk/images/products.hires/prod_61082_141846.jpg,https://myebrochure.co.uk/images/products.hires/prod_61082_141845.jpg,https://myebrochure.co.uk/images/products.hires/prod_61082_141847.jpg,,,,,,,,<li>Rib crew neck with self&#45;fabric back neck tape</li> <li>Fine knit gauge for enhanced printability</li> <li><b>Also available in ladies&#39; sizes code 61420 and children&#39;s size code 61019</b></li>,61091000,MA
120844,0000001208177,61082,TSHIRT,T-SHIRTS,MSSTSH,MENS SHORT SLEEVE T-SHIRT,FOTL,Fruit Of The Loom,MS0021,59,Classic Olive,0012  ,Large,Men's Original T,2.00,1,12,120,08/04/2026 09:04:00,C,https://myebrochure.co.uk/images/colours/fotl/fotl-59.jpg,https://myebrochure.co.uk/images/products/prod_13001_61082_165093.jpg,https://myebrochure.co.uk/images/products.small/prod_13001_61082_165093.jpg,https://myebrochure.co.uk/images/products.hires/prod_13001_61082_165093.jpg,https://myebrochure.co.uk/images/brands/fotl_23.png,https://myebrochure.co.uk/images/products.hires/prod_61082_141861.jpg,https://myebrochure.co.uk/images/products.hires/prod_61082_141860.jpg,https://myebrochure.co.uk/images/products.hires/prod_61082_141862.jpg,,,,,,,,<li>Rib crew neck with self&#45;fabric back neck tape</li> <li>Fine knit gauge for enhanced printability</li> <li><b>Also available in ladies&#39; sizes code 61420 and children&#39;s size code 61019</b></li>,61091000,MA
93061,0000000930208,61082,TSHIRT,T-SHIRTS,MSSTSH,MENS SHORT SLEEVE T-SHIRT,FOTL,Fruit Of The Loom,MS0021,AZ,Deep Navy,0012  ,Large,Men's Original T,2.00,1,12,120,08/04/2026 09:04:00,C,https://myebrochure.co.uk/images/colours/fotl/fotl-az.jpg,https://myebrochure.co.uk/images/products/prod_13001_61082_165093.jpg,https://myebrochure.co.uk/images/products.small/prod_13001_61082_165093.jpg,https://myebrochure.co.uk/images/products.hires/prod_13001_61082_165093.jpg,https://myebrochure.co.uk/images/brands/fotl_23.png,https://myebrochure.co.uk/images/products.hires/prod_61082_141867.jpg,https://myebrochure.co.uk/images/products.hires/prod_61082_141866.jpg,https://myebrochure.co.uk/images/products.hires/prod_61082_141868.jpg,,,,,,,,<li>Rib crew neck with self&#45;fabric back neck tape</li> <li>Fine knit gauge for enhanced printability</li> <li><b>Also available in ladies&#39; sizes code 61420 and children&#39;s size code 61019</b></li>,61091000,MA
120839,0000001208122,61082,TSHIRT,T-SHIRTS,MSSTSH,MENS SHORT SLEEVE T-SHIRT,FOTL,Fruit Of The Loom,MS0021,57,Fuchsia,0012  ,Large,Men's Original T,2.00,1,12,120,08/04/2026 09:04:00,C,https://myebrochure.co.uk/images/colours/fotl/fotl-57.jpg,https://myebrochure.co.uk/images/products/prod_13001_61082_165093.jpg,https://myebrochure.co.uk/images/products.small/prod_13001_61082_165093.jpg,https://myebrochure.co.uk/images/products.hires/prod_13001_61082_165093.jpg,https://myebrochure.co.uk/images/brands/fotl_23.png,https://myebrochure.co.uk/images/products.hires/prod_61082_141858.jpg,https://myebrochure.co.uk/images/products.hires/prod_61082_141857.jpg,https://myebrochure.co.uk/images/products.hires/prod_61082_141859.jpg,,,,,,,,<li>Rib crew neck with self&#45;fabric back neck tape</li> <li>Fine knit gauge for enhanced printability</li> <li><b>Also available in ladies&#39; sizes code 61420 and children&#39;s size code 61019</b></li>,61091000,MA
3280,0000000032803,61082,TSHIRT,T-SHIRTS,MSSTSH,MENS SHORT SLEEVE T-SHIRT,FOTL,Fruit Of The Loom,MS0021,94,Heather Grey,0012  ,Large,Men's Original T,2.00,1,12,120,08/04/2026 09:04:00,C,https://myebrochure.co.uk/images/colours/fotl/fotl-94.jpg,https://myebrochure.co.uk/images/products/prod_13001_61082_165093.jpg,https://myebrochure.co.uk/images/products.small/prod_13001_61082_165093.jpg,https://myebrochure.co.uk/images/products.hires/prod_13001_61082_165093.jpg,https://myebrochure.co.uk/images/brands/fotl_23.png,https://myebrochure.co.uk/images/products.hires/prod_61082_141864.jpg,https://myebrochure.co.uk/images/products.hires/prod_61082_141863.jpg,https://myebrochure.co.uk/images/products.hires/prod_61082_141865.jpg,,,,,,,,<li>Rib crew neck with self&#45;fabric back neck tape</li> <li>Fine knit gauge for enhanced printability</li> <li><b>Also available in ladies&#39; sizes code 61420 and children&#39;s size code 61019</b></li>,61091000,MA
93066,0000000930253,61082,TSHIRT,T-SHIRTS,MSSTSH,MENS SHORT SLEEVE T-SHIRT,FOTL,Fruit Of The Loom,MS0021,47,Kelly Green,0012  ,Large,Men's Original T,2.00,1,12,120,08/04/2026 09:04:00,C,https://myebrochure.co.uk/images/colours/fotl/fotl-47.jpg,https://myebrochure.co.uk/images/products/prod_13001_61082_165093.jpg,https://myebrochure.co.uk/images/products.small/prod_13001_61082_165093.jpg,https://myebrochure.co.uk/images/products.hires/prod_13001_61082_165093.jpg,https://myebrochure.co.uk/images/brands/fotl_23.png,https://myebrochure.co.uk/images/products.hires/prod_61082_141852.jpg,https://myebrochure.co.uk/images/products.hires/prod_61082_141851.jpg,https://myebrochure.co.uk/images/products.hires/prod_61082_141853.jpg,,,,,,,,<li>Rib crew neck with self&#45;fabric back neck tape</li> <li>Fine knit gauge for enhanced printability</li> <li><b>Also available in ladies&#39; sizes code 61420 and children&#39;s size code 61019</b></li>,61091000,MA
120854,0000001208276,61082,TSHIRT,T-SHIRTS,MSSTSH,MENS SHORT SLEEVE T-SHIRT,FOTL,Fruit Of The Loom,MS0021,GL,Light Graphite,0012  ,Large,Men's Original T,2.00,1,12,120,08/04/2026 09:04:00,C,https://myebrochure.co.uk/images/colours/fotl/fotl-gl.jpg,https://myebrochure.co.uk/images/products/prod_13001_61082_165093.jpg,https://myebrochure.co.uk/images/products.small/prod_13001_61082_165093.jpg,https://myebrochure.co.uk/images/products.hires/prod_13001_61082_165093.jpg,https://myebrochure.co.uk/images/brands/fotl_23.png,https://myebrochure.co.uk/images/products.hires/prod_61082_141873.jpg,https://myebrochure.co.uk/images/products.hires/prod_61082_141872.jpg,https://myebrochure.co.uk/images/products.hires/prod_61082_141874.jpg,,,,,,,,<li>Rib crew neck with self&#45;fabric back neck tape</li> <li>Fine knit gauge for enhanced printability</li> <li><b>Also available in ladies&#39; sizes code 61420 and children&#39;s size code 61019</b></li>,61091000,MA
120859,0000001208320,61082,TSHIRT,T-SHIRTS,MSSTSH,MENS SHORT SLEEVE T-SHIRT,FOTL,Fruit Of The Loom,MS0021,LM,Lime,0012  ,Large,Men's Original T,2.00,1,12,120,08/04/2026 09:04:00,C,https://myebrochure.co.uk/images/colours/fotl/fotl-lm.jpg,https://myebrochure.co.uk/images/products/prod_13001_61082_165093.jpg,https://myebrochure.co.uk/images/products.small/prod_13001_61082_165093.jpg,https://myebrochure.co.uk/images/products.hires/prod_13001_61082_165093.jpg,https://myebrochure.co.uk/images/brands/fotl_23.png,https://myebrochure.co.uk/images/products.hires/prod_61082_141879.jpg,https://myebrochure.co.uk/images/products.hires/prod_61082_141878.jpg,https://myebrochure.co.uk/images/products.hires/prod_61082_141880.jpg,,,,,,,,<li>Rib crew neck with self&#45;fabric back neck tape</li> <li>Fine knit gauge for enhanced printability</li> <li><b>Also available in ladies&#39; sizes code 61420 and children&#39;s size code 61019</b></li>,61091000,MA
3255,0000000032551,61082,TSHIRT,T-SHIRTS,MSSTSH,MENS SHORT SLEEVE T-SHIRT,FOTL,Fruit Of The Loom,MS0021,32,Navy Blue,0012  ,Large,Men's Original T,2.00,1,12,120,08/04/2026 09:04:00,C,https://myebrochure.co.uk/images/colours/fotl/fotl-32.jpg,https://myebrochure.co.uk/images/products/prod_13001_61082_165093.jpg,https://myebrochure.co.uk/images/products.small/prod_13001_61082_165093.jpg,https://myebrochure.co.uk/images/products.hires/prod_13001_61082_165093.jpg,https://myebrochure.co.uk/images/brands/fotl_23.png,https://myebrochure.co.uk/images/products.hires/prod_61082_141831.jpg,https://myebrochure.co.uk/images/products.hires/prod_61082_141830.jpg,https://myebrochure.co.uk/images/products.hires/prod_61082_141832.jpg,,,,,,,,<li>Rib crew neck with self&#45;fabric back neck tape</li> <li>Fine knit gauge for enhanced printability</li> <li><b>Also available in ladies&#39; sizes code 61420 and children&#39;s size code 61019</b></li>,61091000,MA
56305,0000000562935,61082,TSHIRT,T-SHIRTS,MSSTSH,MENS SHORT SLEEVE T-SHIRT,FOTL,Fruit Of The Loom,MS0021,44,Orange,0012  ,Large,Men's Original T,2.00,1,12,120,08/04/2026 09:04:00,C,https://myebrochure.co.uk/images/colours/fotl/fotl-44.jpg,https://myebrochure.co.uk/images/products/prod_13001_61082_165093.jpg,https://myebrochure.co.uk/images/products.small/prod_13001_61082_165093.jpg,https://myebrochure.co.uk/images/products.hires/prod_13001_61082_165093.jpg,https://myebrochure.co.uk/images/brands/fotl_23.png,https://myebrochure.co.uk/images/products.hires/prod_61082_141849.jpg,https://myebrochure.co.uk/images/products.hires/prod_61082_141848.jpg,https://myebrochure.co.uk/images/products.hires/prod_61082_141850.jpg,,,,,,,,<li>Rib crew neck with self&#45;fabric back neck tape</li> <li>Fine knit gauge for enhanced printability</li> <li><b>Also available in ladies&#39; sizes code 61420 and children&#39;s size code 61019</b></li>,61091000,MA
120864,0000001208375,61082,TSHIRT,T-SHIRTS,MSSTSH,MENS SHORT SLEEVE T-SHIRT,FOTL,Fruit Of The Loom,MS0021,PE,Purple,0012  ,Large,Men's Original T,2.00,1,12,120,08/04/2026 09:04:00,C,https://myebrochure.co.uk/images/colours/fotl/fotl-pe.jpg,https://myebrochure.co.uk/images/products/prod_13001_61082_165093.jpg,https://myebrochure.co.uk/images/products.small/prod_13001_61082_165093.jpg,https://myebrochure.co.uk/images/products.hires/prod_13001_61082_165093.jpg,https://myebrochure.co.uk/images/brands/fotl_23.png,https://myebrochure.co.uk/images/products.hires/prod_61082_141882.jpg,https://myebrochure.co.uk/images/products.hires/prod_61082_141881.jpg,https://myebrochure.co.uk/images/products.hires/prod_61082_141883.jpg,,,,,,,,<li>Rib crew neck with self&#45;fabric back neck tape</li> <li>Fine knit gauge for enhanced printability</li> <li><b>Also available in ladies&#39; sizes code 61420 and children&#39;s size code 61019</b></li>,61091000,MA
3270,0000000032704,61082,TSHIRT,T-SHIRTS,MSSTSH,MENS SHORT SLEEVE T-SHIRT,FOTL,Fruit Of The Loom,MS0021,40,Red,0012  ,Large,Men's Original T,2.00,1,12,120,08/04/2026 09:04:00,C,https://myebrochure.co.uk/images/colours/fotl/fotl-40.jpg,https://myebrochure.co.uk/images/products/prod_13001_61082_165093.jpg,https://myebrochure.co.uk/images/products.small/prod_13001_61082_165093.jpg,https://myebrochure.co.uk/images/products.hires/prod_13001_61082_165093.jpg,https://myebrochure.co.uk/images/brands/fotl_23.png,https://myebrochure.co.uk/images/products.hires/prod_61082_141843.jpg,https://myebrochure.co.uk/images/products.hires/prod_61082_141842.jpg,https://myebrochure.co.uk/images/products.hires/prod_61082_141844.jpg,,,,,,,,<li>Rib crew neck with self&#45;fabric back neck tape</li> <li>Fine knit gauge for enhanced printability</li> <li><b>Also available in ladies&#39; sizes code 61420 and children&#39;s size code 61019</b></li>,61091000,MA
3260,0000000032605,61082,TSHIRT,T-SHIRTS,MSSTSH,MENS SHORT SLEEVE T-SHIRT,FOTL,Fruit Of The Loom,MS0021,51,Royal,0012  ,Large,Men's Original T,2.00,1,12,120,08/04/2026 09:04:00,C,https://myebrochure.co.uk/images/colours/fotl/fotl-51.jpg,https://myebrochure.co.uk/images/products/prod_13001_61082_165093.jpg,https://myebrochure.co.uk/images/products.small/prod_13001_61082_165093.jpg,https://myebrochure.co.uk/images/products.hires/prod_13001_61082_165093.jpg,https://myebrochure.co.uk/images/brands/fotl_23.png,https://myebrochure.co.uk/images/products.hires/prod_61082_141855.jpg,https://myebrochure.co.uk/images/products.hires/prod_61082_141854.jpg,https://myebrochure.co.uk/images/products.hires/prod_61082_141856.jpg,,,,,,,,<li>Rib crew neck with self&#45;fabric back neck tape</li> <li>Fine knit gauge for enhanced printability</li> <li><b>Also available in ladies&#39; sizes code 61420 and children&#39;s size code 61019</b></li>,61091000,MA
120874,0000001208474,61082,TSHIRT,T-SHIRTS,MSSTSH,MENS SHORT SLEEVE T-SHIRT,FOTL,Fruit Of The Loom,MS0021,YT,Sky Blue,0012  ,Large,Men's Original T,2.00,1,12,120,08/04/2026 09:04:00,C,https://myebrochure.co.uk/images/colours/fotl/fotl-yt.jpg,https://myebrochure.co.uk/images/products/prod_13001_61082_165093.jpg,https://myebrochure.co.uk/images/products.small/prod_13001_61082_165093.jpg,https://myebrochure.co.uk/images/products.hires/prod_13001_61082_165093.jpg,https://myebrochure.co.uk/images/brands/fotl_23.png,https://myebrochure.co.uk/images/products.hires/prod_61082_141885.jpg,https://myebrochure.co.uk/images/products.hires/prod_61082_141884.jpg,https://myebrochure.co.uk/images/products.hires/prod_61082_141886.jpg,,,,,,,,<li>Rib crew neck with self&#45;fabric back neck tape</li> <li>Fine knit gauge for enhanced printability</li> <li><b>Also available in ladies&#39; sizes code 61420 and children&#39;s size code 61019</b></li>,61091000,MA
66660,0000000665902,61082,TSHIRT,T-SHIRTS,MSSTSH,MENS SHORT SLEEVE T-SHIRT,FOTL,Fruit Of The Loom,MS0021,SUN,Sunflower,0012  ,Large,Men's Original T,2.00,1,12,120,08/04/2026 09:04:00,C,https://myebrochure.co.uk/images/colours/fotl/fotl-sun.jpg,https://myebrochure.co.uk/images/products/prod_13001_61082_165093.jpg,https://myebrochure.co.uk/images/products.small/prod_13001_61082_165093.jpg,https://myebrochure.co.uk/images/products.hires/prod_13001_61082_165093.jpg,https://myebrochure.co.uk/images/brands/fotl_23.png,https://myebrochure.co.uk/images/products.hires/prod_61082_141834.jpg,https://myebrochure.co.uk/images/products.hires/prod_61082_141833.jpg,https://myebrochure.co.uk/images/products.hires/prod_61082_141835.jpg,,,,,,,,<li>Rib crew neck with self&#45;fabric back neck tape</li> <li>Fine knit gauge for enhanced printability</li> <li><b>Also available in ladies&#39; sizes code 61420 and children&#39;s size code 61019</b></li>,61091000,MA
3275,0000000032759,61082,TSHIRT,T-SHIRTS,MSSTSH,MENS SHORT SLEEVE T-SHIRT,FOTL,Fruit Of The Loom,MS0021,30,White,0012  ,Large,Men's Original T,1.58,1,12,120,08/04/2026 09:04:00,C,https://myebrochure.co.uk/images/colours/fotl/fotl-30.jpg,https://myebrochure.co.uk/images/products/prod_13001_61082_165093.jpg,https://myebrochure.co.uk/images/products.small/prod_13001_61082_165093.jpg,https://myebrochure.co.uk/images/products.hires/prod_13001_61082_165093.jpg,https://myebrochure.co.uk/images/brands/fotl_23.png,https://myebrochure.co.uk/images/products.hires/prod_61082_141828.jpg,https://myebrochure.co.uk/images/products.hires/prod_61082_141827.jpg,https://myebrochure.co.uk/images/products.hires/prod_61082_141829.jpg,,,,,,,,<li>Rib crew neck with self&#45;fabric back neck tape</li> <li>Fine knit gauge for enhanced printability</li> <li><b>Also available in ladies&#39; sizes code 61420 and children&#39;s size code 61019</b></li>,61091000,MA
137940,0000001378474,61082,TSHIRT,T-SHIRTS,MSSTSH,MENS SHORT SLEEVE T-SHIRT,FOTL,Fruit Of The Loom,MS0021,K2,Yellow,0012  ,Large,Men's Original T,2.00,1,12,120,08/04/2026 09:04:00,C,https://myebrochure.co.uk/images/colours/fotl/fotl-k2.jpg,https://myebrochure.co.uk/images/products/prod_13001_61082_165093.jpg,https://myebrochure.co.uk/images/products.small/prod_13001_61082_165093.jpg,https://myebrochure.co.uk/images/products.hires/prod_13001_61082_165093.jpg,https://myebrochure.co.uk/images/brands/fotl_23.png,https://myebrochure.co.uk/images/products.hires/prod_61082_141876.jpg,https://myebrochure.co.uk/images/products.hires/prod_61082_141875.jpg,https://myebrochure.co.uk/images/products.hires/prod_61082_141877.jpg,,,,,,,,<li>Rib crew neck with self&#45;fabric back neck tape</li> <li>Fine knit gauge for enhanced printability</li> <li><b>Also available in ladies&#39; sizes code 61420 and children&#39;s size code 61019</b></li>,61091000,MA
120878,0000001208511,61082,TSHIRT,T-SHIRTS,MSSTSH,MENS SHORT SLEEVE T-SHIRT,FOTL,Fruit Of The Loom,MS0021,ZU,Azure Blue,0012  ,Medium,Men's Original T,2.00,1,12,120,08/04/2026 09:04:00,C,https://myebrochure.co.uk/images/colours/fotl/fotl-zu.jpg,https://myebrochure.co.uk/images/products/prod_13001_61082_165093.jpg,https://myebrochure.co.uk/images/products.small/prod_13001_61082_165093.jpg,https://myebrochure.co.uk/images/products.hires/prod_13001_61082_165093.jpg,https://myebrochure.co.uk/images/brands/fotl_23.png,https://myebrochure.co.uk/images/products.hires/prod_61082_141888.jpg,https://myebrochure.co.uk/images/products.hires/prod_61082_141887.jpg,https://myebrochure.co.uk/images/products.hires/prod_61082_141889.jpg,,,,,,,,<li>Rib crew neck with self&#45;fabric back neck tape</li> <li>Fine knit gauge for enhanced printability</li> <li><b>Also available in ladies&#39; sizes code 61420 and children&#39;s size code 61019</b></li>,61091000,MA
3264,0000000032643,61082,TSHIRT,T-SHIRTS,MSSTSH,MENS SHORT SLEEVE T-SHIRT,FOTL,Fruit Of The Loom,MS0021,36,Black,0012  ,Medium,Men's Original T,2.00,1,12,120,08/04/2026 09:04:00,C,https://myebrochure.co.uk/images/colours/fotl/fotl-36.jpg,https://myebrochure.co.uk/images/products/prod_13001_61082_165093.jpg,https://myebrochure.co.uk/images/products.small/prod_13001_61082_165093.jpg,https://myebrochure.co.uk/images/products.hires/prod_13001_61082_165093.jpg,https://myebrochure.co.uk/images/brands/fotl_23.png,https://myebrochure.co.uk/images/products.hires/prod_61082_141837.jpg,https://myebrochure.co.uk/images/products.hires/prod_61082_141836.jpg,https://myebrochure.co.uk/images/products.hires/prod_61082_141838.jpg,,,,,,,,<li>Rib crew neck with self&#45;fabric back neck tape</li> <li>Fine knit gauge for enhanced printability</li> <li><b>Also available in ladies&#39; sizes code 61420 and children&#39;s size code 61019</b></li>,61091000,MA
120833,0000001208061,61082,TSHIRT,T-SHIRTS,MSSTSH,MENS SHORT SLEEVE T-SHIRT,FOTL,Fruit Of The Loom,MS0021,BOT,Bottle Green,0012  ,Medium,Men's Original T,2.00,1,12,120,08/04/2026 09:04:00,C,https://myebrochure.co.uk/images/colours/fotl/fotl-bot.jpg,https://myebrochure.co.uk/images/products/prod_13001_61082_165093.jpg,https://myebrochure.co.uk/images/products.small/prod_13001_61082_165093.jpg,https://myebrochure.co.uk/images/products.hires/prod_13001_61082_165093.jpg,https://myebrochure.co.uk/images/brands/fotl_23.png,https://myebrochure.co.uk/images/products.hires/prod_61082_141840.jpg,https://myebrochure.co.uk/images/products.hires/prod_61082_141839.jpg,https://myebrochure.co.uk/images/products.hires/prod_61082_141841.jpg,,,,,,,,<li>Rib crew neck with self&#45;fabric back neck tape</li> <li>Fine knit gauge for enhanced printability</li> <li><b>Also available in ladies&#39; sizes code 61420 and children&#39;s size code 61019</b></li>,61091000,MA
120848,0000001208214,61082,TSHIRT,T-SHIRTS,MSSTSH,MENS SHORT SLEEVE T-SHIRT,FOTL,Fruit Of The Loom,MS0021,BX,Brick Red,0012  ,Medium,Men's Original T,2.00,1,12,120,08/04/2026 09:04:00,C,https://myebrochure.co.uk/images/colours/fotl/fotl-bx.jpg,https://myebrochure.co.uk/images/products/prod_13001_61082_165093.jpg,https://myebrochure.co.uk/images/products.small/prod_13001_61082_165093.jpg,https://myebrochure.co.uk/images/products.hires/prod_13001_61082_165093.jpg,https://myebrochure.co.uk/images/brands/fotl_23.png,https://myebrochure.co.uk/images/products.hires/prod_61082_141870.jpg,https://myebrochure.co.uk/images/products.hires/prod_61082_141869.jpg,https://myebrochure.co.uk/images/products.hires/prod_61082_141871.jpg,,,,,,,,<li>Rib crew neck with self&#45;fabric back neck tape</li> <li>Fine knit gauge for enhanced printability</li> <li><b>Also available in ladies&#39; sizes code 61420 and children&#39;s size code 61019</b></li>,61091000,MA
137934,0000001378412,61082,TSHIRT,T-SHIRTS,MSSTSH,MENS SHORT SLEEVE T-SHIRT,FOTL,Fruit Of The Loom,MS0021,41,Burgundy,0012  ,Medium,Men's Original T,2.00,1,12,120,08/04/2026 09:04:00,C,https://myebrochure.co.uk/images/colours/fotl/fotl-41.jpg,https://myebrochure.co.uk/images/products/prod_13001_61082_165093.jpg,https://myebrochure.co.uk/images/products.small/prod_13001_61082_165093.jpg,https://myebrochure.co.uk/images/products.hires/prod_13001_61082_165093.jpg,https://myebrochure.co.uk/images/brands/fotl_23.png,https://myebrochure.co.uk/images/products.hires/prod_61082_141846.jpg,https://myebrochure.co.uk/images/products.hires/prod_61082_141845.jpg,https://myebrochure.co.uk/images/products.hires/prod_61082_141847.jpg,,,,,,,,<li>Rib crew neck with self&#45;fabric back neck tape</li> <li>Fine knit gauge for enhanced printability</li> <li><b>Also available in ladies&#39; sizes code 61420 and children&#39;s size code 61019</b></li>,61091000,MA
120843,0000001208160,61082,TSHIRT,T-SHIRTS,MSSTSH,MENS SHORT SLEEVE T-SHIRT,FOTL,Fruit Of The Loom,MS0021,59,Classic Olive,0012  ,Medium,Men's Original T,2.00,1,12,120,08/04/2026 09:04:00,C,https://myebrochure.co.uk/images/colours/fotl/fotl-59.jpg,https://myebrochure.co.uk/images/products/prod_13001_61082_165093.jpg,https://myebrochure.co.uk/images/products.small/prod_13001_61082_165093.jpg,https://myebrochure.co.uk/images/products.hires/prod_13001_61082_165093.jpg,https://myebrochure.co.uk/images/brands/fotl_23.png,https://myebrochure.co.uk/images/products.hires/prod_61082_141861.jpg,https://myebrochure.co.uk/images/products.hires/prod_61082_141860.jpg,https://myebrochure.co.uk/images/products.hires/prod_61082_141862.jpg,,,,,,,,<li>Rib crew neck with self&#45;fabric back neck tape</li> <li>Fine knit gauge for enhanced printability</li> <li><b>Also available in ladies&#39; sizes code 61420 and children&#39;s size code 61019</b></li>,61091000,MA
93060,0000000930192,61082,TSHIRT,T-SHIRTS,MSSTSH,MENS SHORT SLEEVE T-SHIRT,FOTL,Fruit Of The Loom,MS0021,AZ,Deep Navy,0012  ,Medium,Men's Original T,2.00,1,12,120,08/04/2026 09:04:00,C,https://myebrochure.co.uk/images/colours/fotl/fotl-az.jpg,https://myebrochure.co.uk/images/products/prod_13001_61082_165093.jpg,https://myebrochure.co.uk/images/products.small/prod_13001_61082_165093.jpg,https://myebrochure.co.uk/images/products.hires/prod_13001_61082_165093.jpg,https://myebrochure.co.uk/images/brands/fotl_23.png,https://myebrochure.co.uk/images/products.hires/prod_61082_141867.jpg,https://myebrochure.co.uk/images/products.hires/prod_61082_141866.jpg,https://myebrochure.co.uk/images/products.hires/prod_61082_141868.jpg,,,,,,,,<li>Rib crew neck with self&#45;fabric back neck tape</li> <li>Fine knit gauge for enhanced printability</li> <li><b>Also available in ladies&#39; sizes code 61420 and children&#39;s size code 61019</b></li>,61091000,MA
120838,0000001208115,61082,TSHIRT,T-SHIRTS,MSSTSH,MENS SHORT SLEEVE T-SHIRT,FOTL,Fruit Of The Loom,MS0021,57,Fuchsia,0012  ,Medium,Men's Original T,2.00,1,12,120,08/04/2026 09:04:00,C,https://myebrochure.co.uk/images/colours/fotl/fotl-57.jpg,https://myebrochure.co.uk/images/products/prod_13001_61082_165093.jpg,https://myebrochure.co.uk/images/products.small/prod_13001_61082_165093.jpg,https://myebrochure.co.uk/images/products.hires/prod_13001_61082_165093.jpg,https://myebrochure.co.uk/images/brands/fotl_23.png,https://myebrochure.co.uk/images/products.hires/prod_61082_141858.jpg,https://myebrochure.co.uk/images/products.hires/prod_61082_141857.jpg,https://myebrochure.co.uk/images/products.hires/prod_61082_141859.jpg,,,,,,,,<li>Rib crew neck with self&#45;fabric back neck tape</li> <li>Fine knit gauge for enhanced printability</li> <li><b>Also available in ladies&#39; sizes code 61420 and children&#39;s size code 61019</b></li>,61091000,MA
3279,0000000032797,61082,TSHIRT,T-SHIRTS,MSSTSH,MENS SHORT SLEEVE T-SHIRT,FOTL,Fruit Of The Loom,MS0021,94,Heather Grey,0012  ,Medium,Men's Original T,2.00,1,12,120,08/04/2026 09:04:00,C,https://myebrochure.co.uk/images/colours/fotl/fotl-94.jpg,https://myebrochure.co.uk/images/products/prod_13001_61082_165093.jpg,https://myebrochure.co.uk/images/products.small/prod_13001_61082_165093.jpg,https://myebrochure.co.uk/images/products.hires/prod_13001_61082_165093.jpg,https://myebrochure.co.uk/images/brands/fotl_23.png,https://myebrochure.co.uk/images/products.hires/prod_61082_141864.jpg,https://myebrochure.co.uk/images/products.hires/prod_61082_141863.jpg,https://myebrochure.co.uk/images/products.hires/prod_61082_141865.jpg,,,,,,,,<li>Rib crew neck with self&#45;fabric back neck tape</li> <li>Fine knit gauge for enhanced printability</li> <li><b>Also available in ladies&#39; sizes code 61420 and children&#39;s size code 61019</b></li>,61091000,MA
93065,0000000930246,61082,TSHIRT,T-SHIRTS,MSSTSH,MENS SHORT SLEEVE T-SHIRT,FOTL,Fruit Of The Loom,MS0021,47,Kelly Green,0012  ,Medium,Men's Original T,2.00,1,12,120,08/04/2026 09:04:00,C,https://myebrochure.co.uk/images/colours/fotl/fotl-47.jpg,https://myebrochure.co.uk/images/products/prod_13001_61082_165093.jpg,https://myebrochure.co.uk/images/products.small/prod_13001_61082_165093.jpg,https://myebrochure.co.uk/images/products.hires/prod_13001_61082_165093.jpg,https://myebrochure.co.uk/images/brands/fotl_23.png,https://myebrochure.co.uk/images/products.hires/prod_61082_141852.jpg,https://myebrochure.co.uk/images/products.hires/prod_61082_141851.jpg,https://myebrochure.co.uk/images/products.hires/prod_61082_141853.jpg,,,,,,,,<li>Rib crew neck with self&#45;fabric back neck tape</li> <li>Fine knit gauge for enhanced printability</li> <li><b>Also available in ladies&#39; sizes code 61420 and children&#39;s size code 61019</b></li>,61091000,MA
120853,0000001208269,61082,TSHIRT,T-SHIRTS,MSSTSH,MENS SHORT SLEEVE T-SHIRT,FOTL,Fruit Of The Loom,MS0021,GL,Light Graphite,0012  ,Medium,Men's Original T,2.00,1,12,120,08/04/2026 09:04:00,C,https://myebrochure.co.uk/images/colours/fotl/fotl-gl.jpg,https://myebrochure.co.uk/images/products/prod_13001_61082_165093.jpg,https://myebrochure.co.uk/images/products.small/prod_13001_61082_165093.jpg,https://myebrochure.co.uk/images/products.hires/prod_13001_61082_165093.jpg,https://myebrochure.co.uk/images/brands/fotl_23.png,https://myebrochure.co.uk/images/products.hires/prod_61082_141873.jpg,https://myebrochure.co.uk/images/products.hires/prod_61082_141872.jpg,https://myebrochure.co.uk/images/products.hires/prod_61082_141874.jpg,,,,,,,,<li>Rib crew neck with self&#45;fabric back neck tape</li> <li>Fine knit gauge for enhanced printability</li> <li><b>Also available in ladies&#39; sizes code 61420 and children&#39;s size code 61019</b></li>,61091000,MA
120858,0000001208313,61082,TSHIRT,T-SHIRTS,MSSTSH,MENS SHORT SLEEVE T-SHIRT,FOTL,Fruit Of The Loom,MS0021,LM,Lime,0012  ,Medium,Men's Original T,2.00,1,12,120,08/04/2026 09:04:00,C,https://myebrochure.co.uk/images/colours/fotl/fotl-lm.jpg,https://myebrochure.co.uk/images/products/prod_13001_61082_165093.jpg,https://myebrochure.co.uk/images/products.small/prod_13001_61082_165093.jpg,https://myebrochure.co.uk/images/products.hires/prod_13001_61082_165093.jpg,https://myebrochure.co.uk/images/brands/fotl_23.png,https://myebrochure.co.uk/images/products.hires/prod_61082_141879.jpg,https://myebrochure.co.uk/images/products.hires/prod_61082_141878.jpg,https://myebrochure.co.uk/images/products.hires/prod_61082_141880.jpg,,,,,,,,<li>Rib crew neck with self&#45;fabric back neck tape</li> <li>Fine knit gauge for enhanced printability</li> <li><b>Also available in ladies&#39; sizes code 61420 and children&#39;s size code 61019</b></li>,61091000,MA
3254,0000000032544,61082,TSHIRT,T-SHIRTS,MSSTSH,MENS SHORT SLEEVE T-SHIRT,FOTL,Fruit Of The Loom,MS0021,32,Navy Blue,0012  ,Medium,Men's Original T,2.00,1,12,120,08/04/2026 09:04:00,C,https://myebrochure.co.uk/images/colours/fotl/fotl-32.jpg,https://myebrochure.co.uk/images/products/prod_13001_61082_165093.jpg,https://myebrochure.co.uk/images/products.small/prod_13001_61082_165093.jpg,https://myebrochure.co.uk/images/products.hires/prod_13001_61082_165093.jpg,https://myebrochure.co.uk/images/brands/fotl_23.png,https://myebrochure.co.uk/images/products.hires/prod_61082_141831.jpg,https://myebrochure.co.uk/images/products.hires/prod_61082_141830.jpg,https://myebrochure.co.uk/images/products.hires/prod_61082_141832.jpg,,,,,,,,<li>Rib crew neck with self&#45;fabric back neck tape</li> <li>Fine knit gauge for enhanced printability</li> <li><b>Also available in ladies&#39; sizes code 61420 and children&#39;s size code 61019</b></li>,61091000,MA
56304,0000000562928,61082,TSHIRT,T-SHIRTS,MSSTSH,MENS SHORT SLEEVE T-SHIRT,FOTL,Fruit Of The Loom,MS0021,44,Orange,0012  ,Medium,Men's Original T,2.00,1,12,120,08/04/2026 09:04:00,C,https://myebrochure.co.uk/images/colours/fotl/fotl-44.jpg,https://myebrochure.co.uk/images/products/prod_13001_61082_165093.jpg,https://myebrochure.co.uk/images/products.small/prod_13001_61082_165093.jpg,https://myebrochure.co.uk/images/products.hires/prod_13001_61082_165093.jpg,https://myebrochure.co.uk/images/brands/fotl_23.png,https://myebrochure.co.uk/images/products.hires/prod_61082_141849.jpg,https://myebrochure.co.uk/images/products.hires/prod_61082_141848.jpg,https://myebrochure.co.uk/images/products.hires/prod_61082_141850.jpg,,,,,,,,<li>Rib crew neck with self&#45;fabric back neck tape</li> <li>Fine knit gauge for enhanced printability</li> <li><b>Also available in ladies&#39; sizes code 61420 and children&#39;s size code 61019</b></li>,61091000,MA
120863,0000001208368,61082,TSHIRT,T-SHIRTS,MSSTSH,MENS SHORT SLEEVE T-SHIRT,FOTL,Fruit Of The Loom,MS0021,PE,Purple,0012  ,Medium,Men's Original T,2.00,1,12,120,08/04/2026 09:04:00,C,https://myebrochure.co.uk/images/colours/fotl/fotl-pe.jpg,https://myebrochure.co.uk/images/products/prod_13001_61082_165093.jpg,https://myebrochure.co.uk/images/products.small/prod_13001_61082_165093.jpg,https://myebrochure.co.uk/images/products.hires/prod_13001_61082_165093.jpg,https://myebrochure.co.uk/images/brands/fotl_23.png,https://myebrochure.co.uk/images/products.hires/prod_61082_141882.jpg,https://myebrochure.co.uk/images/products.hires/prod_61082_141881.jpg,https://myebrochure.co.uk/images/products.hires/prod_61082_141883.jpg,,,,,,,,<li>Rib crew neck with self&#45;fabric back neck tape</li> <li>Fine knit gauge for enhanced printability</li> <li><b>Also available in ladies&#39; sizes code 61420 and children&#39;s size code 61019</b></li>,61091000,MA
3269,0000000032698,61082,TSHIRT,T-SHIRTS,MSSTSH,MENS SHORT SLEEVE T-SHIRT,FOTL,Fruit Of The Loom,MS0021,40,Red,0012  ,Medium,Men's Original T,2.00,1,12,120,08/04/2026 09:04:00,C,https://myebrochure.co.uk/images/colours/fotl/fotl-40.jpg,https://myebrochure.co.uk/images/products/prod_13001_61082_165093.jpg,https://myebrochure.co.uk/images/products.small/prod_13001_61082_165093.jpg,https://myebrochure.co.uk/images/products.hires/prod_13001_61082_165093.jpg,https://myebrochure.co.uk/images/brands/fotl_23.png,https://myebrochure.co.uk/images/products.hires/prod_61082_141843.jpg,https://myebrochure.co.uk/images/products.hires/prod_61082_141842.jpg,https://myebrochure.co.uk/images/products.hires/prod_61082_141844.jpg,,,,,,,,<li>Rib crew neck with self&#45;fabric back neck tape</li> <li>Fine knit gauge for enhanced printability</li> <li><b>Also available in ladies&#39; sizes code 61420 and children&#39;s size code 61019</b></li>,61091000,MA
3259,0000000032599,61082,TSHIRT,T-SHIRTS,MSSTSH,MENS SHORT SLEEVE T-SHIRT,FOTL,Fruit Of The Loom,MS0021,51,Royal,0012  ,Medium,Men's Original T,2.00,1,12,120,08/04/2026 09:04:00,C,https://myebrochure.co.uk/images/colours/fotl/fotl-51.jpg,https://myebrochure.co.uk/images/products/prod_13001_61082_165093.jpg,https://myebrochure.co.uk/images/products.small/prod_13001_61082_165093.jpg,https://myebrochure.co.uk/images/products.hires/prod_13001_61082_165093.jpg,https://myebrochure.co.uk/images/brands/fotl_23.png,https://myebrochure.co.uk/images/products.hires/prod_61082_141855.jpg,https://myebrochure.co.uk/images/products.hires/prod_61082_141854.jpg,https://myebrochure.co.uk/images/products.hires/prod_61082_141856.jpg,,,,,,,,<li>Rib crew neck with self&#45;fabric back neck tape</li> <li>Fine knit gauge for enhanced printability</li> <li><b>Also available in ladies&#39; sizes code 61420 and children&#39;s size code 61019</b></li>,61091000,MA
120873,0000001208467,61082,TSHIRT,T-SHIRTS,MSSTSH,MENS SHORT SLEEVE T-SHIRT,FOTL,Fruit Of The Loom,MS0021,YT,Sky Blue,0012  ,Medium,Men's Original T,2.00,1,12,120,08/04/2026 09:04:00,C,https://myebrochure.co.uk/images/colours/fotl/fotl-yt.jpg,https://myebrochure.co.uk/images/products/prod_13001_61082_165093.jpg,https://myebrochure.co.uk/images/products.small/prod_13001_61082_165093.jpg,https://myebrochure.co.uk/images/products.hires/prod_13001_61082_165093.jpg,https://myebrochure.co.uk/images/brands/fotl_23.png,https://myebrochure.co.uk/images/products.hires/prod_61082_141885.jpg,https://myebrochure.co.uk/images/products.hires/prod_61082_141884.jpg,https://myebrochure.co.uk/images/products.hires/prod_61082_141886.jpg,,,,,,,,<li>Rib crew neck with self&#45;fabric back neck tape</li> <li>Fine knit gauge for enhanced printability</li> <li><b>Also available in ladies&#39; sizes code 61420 and children&#39;s size code 61019</b></li>,61091000,MA
66659,0000000665896,61082,TSHIRT,T-SHIRTS,MSSTSH,MENS SHORT SLEEVE T-SHIRT,FOTL,Fruit Of The Loom,MS0021,SUN,Sunflower,0012  ,Medium,Men's Original T,2.00,1,12,120,08/04/2026 09:04:00,C,https://myebrochure.co.uk/images/colours/fotl/fotl-sun.jpg,https://myebrochure.co.uk/images/products/prod_13001_61082_165093.jpg,https://myebrochure.co.uk/images/products.small/prod_13001_61082_165093.jpg,https://myebrochure.co.uk/images/products.hires/prod_13001_61082_165093.jpg,https://myebrochure.co.uk/images/brands/fotl_23.png,https://myebrochure.co.uk/images/products.hires/prod_61082_141834.jpg,https://myebrochure.co.uk/images/products.hires/prod_61082_141833.jpg,https://myebrochure.co.uk/images/products.hires/prod_61082_141835.jpg,,,,,,,,<li>Rib crew neck with self&#45;fabric back neck tape</li> <li>Fine knit gauge for enhanced printability</li> <li><b>Also available in ladies&#39; sizes code 61420 and children&#39;s size code 61019</b></li>,61091000,MA
3274,0000000032742,61082,TSHIRT,T-SHIRTS,MSSTSH,MENS SHORT SLEEVE T-SHIRT,FOTL,Fruit Of The Loom,MS0021,30,White,0012  ,Medium,Men's Original T,1.58,1,12,120,08/04/2026 09:04:00,C,https://myebrochure.co.uk/images/colours/fotl/fotl-30.jpg,https://myebrochure.co.uk/images/products/prod_13001_61082_165093.jpg,https://myebrochure.co.uk/images/products.small/prod_13001_61082_165093.jpg,https://myebrochure.co.uk/images/products.hires/prod_13001_61082_165093.jpg,https://myebrochure.co.uk/images/brands/fotl_23.png,https://myebrochure.co.uk/images/products.hires/prod_61082_141828.jpg,https://myebrochure.co.uk/images/products.hires/prod_61082_141827.jpg,https://myebrochure.co.uk/images/products.hires/prod_61082_141829.jpg,,,,,,,,<li>Rib crew neck with self&#45;fabric back neck tape</li> <li>Fine knit gauge for enhanced printability</li> <li><b>Also available in ladies&#39; sizes code 61420 and children&#39;s size code 61019</b></li>,61091000,MA
137939,0000001378467,61082,TSHIRT,T-SHIRTS,MSSTSH,MENS SHORT SLEEVE T-SHIRT,FOTL,Fruit Of The Loom,MS0021,K2,Yellow,0012  ,Medium,Men's Original T,2.00,1,12,120,08/04/2026 09:04:00,C,https://myebrochure.co.uk/images/colours/fotl/fotl-k2.jpg,https://myebrochure.co.uk/images/products/prod_13001_61082_165093.jpg,https://myebrochure.co.uk/images/products.small/prod_13001_61082_165093.jpg,https://myebrochure.co.uk/images/products.hires/prod_13001_61082_165093.jpg,https://myebrochure.co.uk/images/brands/fotl_23.png,https://myebrochure.co.uk/images/products.hires/prod_61082_141876.jpg,https://myebrochure.co.uk/images/products.hires/prod_61082_141875.jpg,https://myebrochure.co.uk/images/products.hires/prod_61082_141877.jpg,,,,,,,,<li>Rib crew neck with self&#45;fabric back neck tape</li> <li>Fine knit gauge for enhanced printability</li> <li><b>Also available in ladies&#39; sizes code 61420 and children&#39;s size code 61019</b></li>,61091000,MA
120877,0000001208504,61082,TSHIRT,T-SHIRTS,MSSTSH,MENS SHORT SLEEVE T-SHIRT,FOTL,Fruit Of The Loom,MS0021,ZU,Azure Blue,0012  ,Small,Men's Original T,2.00,1,12,120,08/04/2026 09:04:00,C,https://myebrochure.co.uk/images/colours/fotl/fotl-zu.jpg,https://myebrochure.co.uk/images/products/prod_13001_61082_165093.jpg,https://myebrochure.co.uk/images/products.small/prod_13001_61082_165093.jpg,https://myebrochure.co.uk/images/products.hires/prod_13001_61082_165093.jpg,https://myebrochure.co.uk/images/brands/fotl_23.png,https://myebrochure.co.uk/images/products.hires/prod_61082_141888.jpg,https://myebrochure.co.uk/images/products.hires/prod_61082_141887.jpg,https://myebrochure.co.uk/images/products.hires/prod_61082_141889.jpg,,,,,,,,<li>Rib crew neck with self&#45;fabric back neck tape</li> <li>Fine knit gauge for enhanced printability</li> <li><b>Also available in ladies&#39; sizes code 61420 and children&#39;s size code 61019</b></li>,61091000,MA
3263,0000000032636,61082,TSHIRT,T-SHIRTS,MSSTSH,MENS SHORT SLEEVE T-SHIRT,FOTL,Fruit Of The Loom,MS0021,36,Black,0012  ,Small,Men's Original T,2.00,1,12,120,08/04/2026 09:04:00,C,https://myebrochure.co.uk/images/colours/fotl/fotl-36.jpg,https://myebrochure.co.uk/images/products/prod_13001_61082_165093.jpg,https://myebrochure.co.uk/images/products.small/prod_13001_61082_165093.jpg,https://myebrochure.co.uk/images/products.hires/prod_13001_61082_165093.jpg,https://myebrochure.co.uk/images/brands/fotl_23.png,https://myebrochure.co.uk/images/products.hires/prod_61082_141837.jpg,https://myebrochure.co.uk/images/products.hires/prod_61082_141836.jpg,https://myebrochure.co.uk/images/products.hires/prod_61082_141838.jpg,,,,,,,,<li>Rib crew neck with self&#45;fabric back neck tape</li> <li>Fine knit gauge for enhanced printability</li> <li><b>Also available in ladies&#39; sizes code 61420 and children&#39;s size code 61019</b></li>,61091000,MA
120832,0000001208054,61082,TSHIRT,T-SHIRTS,MSSTSH,MENS SHORT SLEEVE T-SHIRT,FOTL,Fruit Of The Loom,MS0021,BOT,Bottle Green,0012  ,Small,Men's Original T,2.00,1,12,120,08/04/2026 09:04:00,C,https://myebrochure.co.uk/images/colours/fotl/fotl-bot.jpg,https://myebrochure.co.uk/images/products/prod_13001_61082_165093.jpg,https://myebrochure.co.uk/images/products.small/prod_13001_61082_165093.jpg,https://myebrochure.co.uk/images/products.hires/prod_13001_61082_165093.jpg,https://myebrochure.co.uk/images/brands/fotl_23.png,https://myebrochure.co.uk/images/products.hires/prod_61082_141840.jpg,https://myebrochure.co.uk/images/products.hires/prod_61082_141839.jpg,https://myebrochure.co.uk/images/products.hires/prod_61082_141841.jpg,,,,,,,,<li>Rib crew neck with self&#45;fabric back neck tape</li> <li>Fine knit gauge for enhanced printability</li> <li><b>Also available in ladies&#39; sizes code 61420 and children&#39;s size code 61019</b></li>,61091000,MA
120847,0000001208207,61082,TSHIRT,T-SHIRTS,MSSTSH,MENS SHORT SLEEVE T-SHIRT,FOTL,Fruit Of The Loom,MS0021,BX,Brick Red,0012  ,Small,Men's Original T,2.00,1,12,120,08/04/2026 09:04:00,C,https://myebrochure.co.uk/images/colours/fotl/fotl-bx.jpg,https://myebrochure.co.uk/images/products/prod_13001_61082_165093.jpg,https://myebrochure.co.uk/images/products.small/prod_13001_61082_165093.jpg,https://myebrochure.co.uk/images/products.hires/prod_13001_61082_165093.jpg,https://myebrochure.co.uk/images/brands/fotl_23.png,https://myebrochure.co.uk/images/products.hires/prod_61082_141870.jpg,https://myebrochure.co.uk/images/products.hires/prod_61082_141869.jpg,https://myebrochure.co.uk/images/products.hires/prod_61082_141871.jpg,,,,,,,,<li>Rib crew neck with self&#45;fabric back neck tape</li> <li>Fine knit gauge for enhanced printability</li> <li><b>Also available in ladies&#39; sizes code 61420 and children&#39;s size code 61019</b></li>,61091000,MA
137933,0000001378405,61082,TSHIRT,T-SHIRTS,MSSTSH,MENS SHORT SLEEVE T-SHIRT,FOTL,Fruit Of The Loom,MS0021,41,Burgundy,0012  ,Small,Men's Original T,2.00,1,12,120,08/04/2026 09:04:00,C,https://myebrochure.co.uk/images/colours/fotl/fotl-41.jpg,https://myebrochure.co.uk/images/products/prod_13001_61082_165093.jpg,https://myebrochure.co.uk/images/products.small/prod_13001_61082_165093.jpg,https://myebrochure.co.uk/images/products.hires/prod_13001_61082_165093.jpg,https://myebrochure.co.uk/images/brands/fotl_23.png,https://myebrochure.co.uk/images/products.hires/prod_61082_141846.jpg,https://myebrochure.co.uk/images/products.hires/prod_61082_141845.jpg,https://myebrochure.co.uk/images/products.hires/prod_61082_141847.jpg,,,,,,,,<li>Rib crew neck with self&#45;fabric back neck tape</li> <li>Fine knit gauge for enhanced printability</li> <li><b>Also available in ladies&#39; sizes code 61420 and children&#39;s size code 61019</b></li>,61091000,MA
120842,0000001208153,61082,TSHIRT,T-SHIRTS,MSSTSH,MENS SHORT SLEEVE T-SHIRT,FOTL,Fruit Of The Loom,MS0021,59,Classic Olive,0012  ,Small,Men's Original T,2.00,1,12,120,08/04/2026 09:04:00,C,https://myebrochure.co.uk/images/colours/fotl/fotl-59.jpg,https://myebrochure.co.uk/images/products/prod_13001_61082_165093.jpg,https://myebrochure.co.uk/images/products.small/prod_13001_61082_165093.jpg,https://myebrochure.co.uk/images/products.hires/prod_13001_61082_165093.jpg,https://myebrochure.co.uk/images/brands/fotl_23.png,https://myebrochure.co.uk/images/products.hires/prod_61082_141861.jpg,https://myebrochure.co.uk/images/products.hires/prod_61082_141860.jpg,https://myebrochure.co.uk/images/products.hires/prod_61082_141862.jpg,,,,,,,,<li>Rib crew neck with self&#45;fabric back neck tape</li> <li>Fine knit gauge for enhanced printability</li> <li><b>Also available in ladies&#39; sizes code 61420 and children&#39;s size code 61019</b></li>,61091000,MA
93059,0000000930185,61082,TSHIRT,T-SHIRTS,MSSTSH,MENS SHORT SLEEVE T-SHIRT,FOTL,Fruit Of The Loom,MS0021,AZ,Deep Navy,0012  ,Small,Men's Original T,2.00,1,12,120,08/04/2026 09:04:00,C,https://myebrochure.co.uk/images/colours/fotl/fotl-az.jpg,https://myebrochure.co.uk/images/products/prod_13001_61082_165093.jpg,https://myebrochure.co.uk/images/products.small/prod_13001_61082_165093.jpg,https://myebrochure.co.uk/images/products.hires/prod_13001_61082_165093.jpg,https://myebrochure.co.uk/images/brands/fotl_23.png,https://myebrochure.co.uk/images/products.hires/prod_61082_141867.jpg,https://myebrochure.co.uk/images/products.hires/prod_61082_141866.jpg,https://myebrochure.co.uk/images/products.hires/prod_61082_141868.jpg,,,,,,,,<li>Rib crew neck with self&#45;fabric back neck tape</li> <li>Fine knit gauge for enhanced printability</li> <li><b>Also available in ladies&#39; sizes code 61420 and children&#39;s size code 61019</b></li>,61091000,MA
120837,0000001208108,61082,TSHIRT,T-SHIRTS,MSSTSH,MENS SHORT SLEEVE T-SHIRT,FOTL,Fruit Of The Loom,MS0021,57,Fuchsia,0012  ,Small,Men's Original T,2.00,1,12,120,08/04/2026 09:04:00,C,https://myebrochure.co.uk/images/colours/fotl/fotl-57.jpg,https://myebrochure.co.uk/images/products/prod_13001_61082_165093.jpg,https://myebrochure.co.uk/images/products.small/prod_13001_61082_165093.jpg,https://myebrochure.co.uk/images/products.hires/prod_13001_61082_165093.jpg,https://myebrochure.co.uk/images/brands/fotl_23.png,https://myebrochure.co.uk/images/products.hires/prod_61082_141858.jpg,https://myebrochure.co.uk/images/products.hires/prod_61082_141857.jpg,https://myebrochure.co.uk/images/products.hires/prod_61082_141859.jpg,,,,,,,,<li>Rib crew neck with self&#45;fabric back neck tape</li> <li>Fine knit gauge for enhanced printability</li> <li><b>Also available in ladies&#39; sizes code 61420 and children&#39;s size code 61019</b></li>,61091000,MA
3278,0000000032780,61082,TSHIRT,T-SHIRTS,MSSTSH,MENS SHORT SLEEVE T-SHIRT,FOTL,Fruit Of The Loom,MS0021,94,Heather Grey,0012  ,Small,Men's Original T,2.00,1,12,120,08/04/2026 09:04:00,C,https://myebrochure.co.uk/images/colours/fotl/fotl-94.jpg,https://myebrochure.co.uk/images/products/prod_13001_61082_165093.jpg,https://myebrochure.co.uk/images/products.small/prod_13001_61082_165093.jpg,https://myebrochure.co.uk/images/products.hires/prod_13001_61082_165093.jpg,https://myebrochure.co.uk/images/brands/fotl_23.png,https://myebrochure.co.uk/images/products.hires/prod_61082_141864.jpg,https://myebrochure.co.uk/images/products.hires/prod_61082_141863.jpg,https://myebrochure.co.uk/images/products.hires/prod_61082_141865.jpg,,,,,,,,<li>Rib crew neck with self&#45;fabric back neck tape</li> <li>Fine knit gauge for enhanced printability</li> <li><b>Also available in ladies&#39; sizes code 61420 and children&#39;s size code 61019</b></li>,61091000,MA
93064,0000000930239,61082,TSHIRT,T-SHIRTS,MSSTSH,MENS SHORT SLEEVE T-SHIRT,FOTL,Fruit Of The Loom,MS0021,47,Kelly Green,0012  ,Small,Men's Original T,2.00,1,12,120,08/04/2026 09:04:00,C,https://myebrochure.co.uk/images/colours/fotl/fotl-47.jpg,https://myebrochure.co.uk/images/products/prod_13001_61082_165093.jpg,https://myebrochure.co.uk/images/products.small/prod_13001_61082_165093.jpg,https://myebrochure.co.uk/images/products.hires/prod_13001_61082_165093.jpg,https://myebrochure.co.uk/images/brands/fotl_23.png,https://myebrochure.co.uk/images/products.hires/prod_61082_141852.jpg,https://myebrochure.co.uk/images/products.hires/prod_61082_141851.jpg,https://myebrochure.co.uk/images/products.hires/prod_61082_141853.jpg,,,,,,,,<li>Rib crew neck with self&#45;fabric back neck tape</li> <li>Fine knit gauge for enhanced printability</li> <li><b>Also available in ladies&#39; sizes code 61420 and children&#39;s size code 61019</b></li>,61091000,MA
120852,0000001208252,61082,TSHIRT,T-SHIRTS,MSSTSH,MENS SHORT SLEEVE T-SHIRT,FOTL,Fruit Of The Loom,MS0021,GL,Light Graphite,0012  ,Small,Men's Original T,2.00,1,12,120,08/04/2026 09:04:00,C,https://myebrochure.co.uk/images/colours/fotl/fotl-gl.jpg,https://myebrochure.co.uk/images/products/prod_13001_61082_165093.jpg,https://myebrochure.co.uk/images/products.small/prod_13001_61082_165093.jpg,https://myebrochure.co.uk/images/products.hires/prod_13001_61082_165093.jpg,https://myebrochure.co.uk/images/brands/fotl_23.png,https://myebrochure.co.uk/images/products.hires/prod_61082_141873.jpg,https://myebrochure.co.uk/images/products.hires/prod_61082_141872.jpg,https://myebrochure.co.uk/images/products.hires/prod_61082_141874.jpg,,,,,,,,<li>Rib crew neck with self&#45;fabric back neck tape</li> <li>Fine knit gauge for enhanced printability</li> <li><b>Also available in ladies&#39; sizes code 61420 and children&#39;s size code 61019</b></li>,61091000,MA
120857,0000001208306,61082,TSHIRT,T-SHIRTS,MSSTSH,MENS SHORT SLEEVE T-SHIRT,FOTL,Fruit Of The Loom,MS0021,LM,Lime,0012  ,Small,Men's Original T,2.00,1,12,120,08/04/2026 09:04:00,C,https://myebrochure.co.uk/images/colours/fotl/fotl-lm.jpg,https://myebrochure.co.uk/images/products/prod_13001_61082_165093.jpg,https://myebrochure.co.uk/images/products.small/prod_13001_61082_165093.jpg,https://myebrochure.co.uk/images/products.hires/prod_13001_61082_165093.jpg,https://myebrochure.co.uk/images/brands/fotl_23.png,https://myebrochure.co.uk/images/products.hires/prod_61082_141879.jpg,https://myebrochure.co.uk/images/products.hires/prod_61082_141878.jpg,https://myebrochure.co.uk/images/products.hires/prod_61082_141880.jpg,,,,,,,,<li>Rib crew neck with self&#45;fabric back neck tape</li> <li>Fine knit gauge for enhanced printability</li> <li><b>Also available in ladies&#39; sizes code 61420 and children&#39;s size code 61019</b></li>,61091000,MA
3253,0000000032537,61082,TSHIRT,T-SHIRTS,MSSTSH,MENS SHORT SLEEVE T-SHIRT,FOTL,Fruit Of The Loom,MS0021,32,Navy Blue,0012  ,Small,Men's Original T,2.00,1,12,120,08/04/2026 09:04:00,C,https://myebrochure.co.uk/images/colours/fotl/fotl-32.jpg,https://myebrochure.co.uk/images/products/prod_13001_61082_165093.jpg,https://myebrochure.co.uk/images/products.small/prod_13001_61082_165093.jpg,https://myebrochure.co.uk/images/products.hires/prod_13001_61082_165093.jpg,https://myebrochure.co.uk/images/brands/fotl_23.png,https://myebrochure.co.uk/images/products.hires/prod_61082_141831.jpg,https://myebrochure.co.uk/images/products.hires/prod_61082_141830.jpg,https://myebrochure.co.uk/images/products.hires/prod_61082_141832.jpg,,,,,,,,<li>Rib crew neck with self&#45;fabric back neck tape</li> <li>Fine knit gauge for enhanced printability</li> <li><b>Also available in ladies&#39; sizes code 61420 and children&#39;s size code 61019</b></li>,61091000,MA
56303,0000000562911,61082,TSHIRT,T-SHIRTS,MSSTSH,MENS SHORT SLEEVE T-SHIRT,FOTL,Fruit Of The Loom,MS0021,44,Orange,0012  ,Small,Men's Original T,2.00,1,12,120,08/04/2026 09:04:00,C,https://myebrochure.co.uk/images/colours/fotl/fotl-44.jpg,https://myebrochure.co.uk/images/products/prod_13001_61082_165093.jpg,https://myebrochure.co.uk/images/products.small/prod_13001_61082_165093.jpg,https://myebrochure.co.uk/images/products.hires/prod_13001_61082_165093.jpg,https://myebrochure.co.uk/images/brands/fotl_23.png,https://myebrochure.co.uk/images/products.hires/prod_61082_141849.jpg,https://myebrochure.co.uk/images/products.hires/prod_61082_141848.jpg,https://myebrochure.co.uk/images/products.hires/prod_61082_141850.jpg,,,,,,,,<li>Rib crew neck with self&#45;fabric back neck tape</li> <li>Fine knit gauge for enhanced printability</li> <li><b>Also available in ladies&#39; sizes code 61420 and children&#39;s size code 61019</b></li>,61091000,MA
120862,0000001208351,61082,TSHIRT,T-SHIRTS,MSSTSH,MENS SHORT SLEEVE T-SHIRT,FOTL,Fruit Of The Loom,MS0021,PE,Purple,0012  ,Small,Men's Original T,2.00,1,12,120,08/04/2026 09:04:00,C,https://myebrochure.co.uk/images/colours/fotl/fotl-pe.jpg,https://myebrochure.co.uk/images/products/prod_13001_61082_165093.jpg,https://myebrochure.co.uk/images/products.small/prod_13001_61082_165093.jpg,https://myebrochure.co.uk/images/products.hires/prod_13001_61082_165093.jpg,https://myebrochure.co.uk/images/brands/fotl_23.png,https://myebrochure.co.uk/images/products.hires/prod_61082_141882.jpg,https://myebrochure.co.uk/images/products.hires/prod_61082_141881.jpg,https://myebrochure.co.uk/images/products.hires/prod_61082_141883.jpg,,,,,,,,<li>Rib crew neck with self&#45;fabric back neck tape</li> <li>Fine knit gauge for enhanced printability</li> <li><b>Also available in ladies&#39; sizes code 61420 and children&#39;s size code 61019</b></li>,61091000,MA
3268,0000000032681,61082,TSHIRT,T-SHIRTS,MSSTSH,MENS SHORT SLEEVE T-SHIRT,FOTL,Fruit Of The Loom,MS0021,40,Red,0012  ,Small,Men's Original T,2.00,1,12,120,08/04/2026 09:04:00,C,https://myebrochure.co.uk/images/colours/fotl/fotl-40.jpg,https://myebrochure.co.uk/images/products/prod_13001_61082_165093.jpg,https://myebrochure.co.uk/images/products.small/prod_13001_61082_165093.jpg,https://myebrochure.co.uk/images/products.hires/prod_13001_61082_165093.jpg,https://myebrochure.co.uk/images/brands/fotl_23.png,https://myebrochure.co.uk/images/products.hires/prod_61082_141843.jpg,https://myebrochure.co.uk/images/products.hires/prod_61082_141842.jpg,https://myebrochure.co.uk/images/products.hires/prod_61082_141844.jpg,,,,,,,,<li>Rib crew neck with self&#45;fabric back neck tape</li> <li>Fine knit gauge for enhanced printability</li> <li><b>Also available in ladies&#39; sizes code 61420 and children&#39;s size code 61019</b></li>,61091000,MA
3258,0000000032582,61082,TSHIRT,T-SHIRTS,MSSTSH,MENS SHORT SLEEVE T-SHIRT,FOTL,Fruit Of The Loom,MS0021,51,Royal,0012  ,Small,Men's Original T,2.00,1,12,120,08/04/2026 09:04:00,C,https://myebrochure.co.uk/images/colours/fotl/fotl-51.jpg,https://myebrochure.co.uk/images/products/prod_13001_61082_165093.jpg,https://myebrochure.co.uk/images/products.small/prod_13001_61082_165093.jpg,https://myebrochure.co.uk/images/products.hires/prod_13001_61082_165093.jpg,https://myebrochure.co.uk/images/brands/fotl_23.png,https://myebrochure.co.uk/images/products.hires/prod_61082_141855.jpg,https://myebrochure.co.uk/images/products.hires/prod_61082_141854.jpg,https://myebrochure.co.uk/images/products.hires/prod_61082_141856.jpg,,,,,,,,<li>Rib crew neck with self&#45;fabric back neck tape</li> <li>Fine knit gauge for enhanced printability</li> <li><b>Also available in ladies&#39; sizes code 61420 and children&#39;s size code 61019</b></li>,61091000,MA
120872,0000001208450,61082,TSHIRT,T-SHIRTS,MSSTSH,MENS SHORT SLEEVE T-SHIRT,FOTL,Fruit Of The Loom,MS0021,YT,Sky Blue,0012  ,Small,Men's Original T,2.00,1,12,120,08/04/2026 09:04:00,C,https://myebrochure.co.uk/images/colours/fotl/fotl-yt.jpg,https://myebrochure.co.uk/images/products/prod_13001_61082_165093.jpg,https://myebrochure.co.uk/images/products.small/prod_13001_61082_165093.jpg,https://myebrochure.co.uk/images/products.hires/prod_13001_61082_165093.jpg,https://myebrochure.co.uk/images/brands/fotl_23.png,https://myebrochure.co.uk/images/products.hires/prod_61082_141885.jpg,https://myebrochure.co.uk/images/products.hires/prod_61082_141884.jpg,https://myebrochure.co.uk/images/products.hires/prod_61082_141886.jpg,,,,,,,,<li>Rib crew neck with self&#45;fabric back neck tape</li> <li>Fine knit gauge for enhanced printability</li> <li><b>Also available in ladies&#39; sizes code 61420 and children&#39;s size code 61019</b></li>,61091000,MA
66658,0000000665889,61082,TSHIRT,T-SHIRTS,MSSTSH,MENS SHORT SLEEVE T-SHIRT,FOTL,Fruit Of The Loom,MS0021,SUN,Sunflower,0012  ,Small,Men's Original T,2.00,1,12,120,08/04/2026 09:04:00,C,https://myebrochure.co.uk/images/colours/fotl/fotl-sun.jpg,https://myebrochure.co.uk/images/products/prod_13001_61082_165093.jpg,https://myebrochure.co.uk/images/products.small/prod_13001_61082_165093.jpg,https://myebrochure.co.uk/images/products.hires/prod_13001_61082_165093.jpg,https://myebrochure.co.uk/images/brands/fotl_23.png,https://myebrochure.co.uk/images/products.hires/prod_61082_141834.jpg,https://myebrochure.co.uk/images/products.hires/prod_61082_141833.jpg,https://myebrochure.co.uk/images/products.hires/prod_61082_141835.jpg,,,,,,,,<li>Rib crew neck with self&#45;fabric back neck tape</li> <li>Fine knit gauge for enhanced printability</li> <li><b>Also available in ladies&#39; sizes code 61420 and children&#39;s size code 61019</b></li>,61091000,MA
3273,0000000032735,61082,TSHIRT,T-SHIRTS,MSSTSH,MENS SHORT SLEEVE T-SHIRT,FOTL,Fruit Of The Loom,MS0021,30,White,0012  ,Small,Men's Original T,1.58,1,12,120,08/04/2026 09:04:00,C,https://myebrochure.co.uk/images/colours/fotl/fotl-30.jpg,https://myebrochure.co.uk/images/products/prod_13001_61082_165093.jpg,https://myebrochure.co.uk/images/products.small/prod_13001_61082_165093.jpg,https://myebrochure.co.uk/images/products.hires/prod_13001_61082_165093.jpg,https://myebrochure.co.uk/images/brands/fotl_23.png,https://myebrochure.co.uk/images/products.hires/prod_61082_141828.jpg,https://myebrochure.co.uk/images/products.hires/prod_61082_141827.jpg,https://myebrochure.co.uk/images/products.hires/prod_61082_141829.jpg,,,,,,,,<li>Rib crew neck with self&#45;fabric back neck tape</li> <li>Fine knit gauge for enhanced printability</li> <li><b>Also available in ladies&#39; sizes code 61420 and children&#39;s size code 61019</b></li>,61091000,MA
137938,0000001378450,61082,TSHIRT,T-SHIRTS,MSSTSH,MENS SHORT SLEEVE T-SHIRT,FOTL,Fruit Of The Loom,MS0021,K2,Yellow,0012  ,Small,Men's Original T,2.00,1,12,120,08/04/2026 09:04:00,C,https://myebrochure.co.uk/images/colours/fotl/fotl-k2.jpg,https://myebrochure.co.uk/images/products/prod_13001_61082_165093.jpg,https://myebrochure.co.uk/images/products.small/prod_13001_61082_165093.jpg,https://myebrochure.co.uk/images/products.hires/prod_13001_61082_165093.jpg,https://myebrochure.co.uk/images/brands/fotl_23.png,https://myebrochure.co.uk/images/products.hires/prod_61082_141876.jpg,https://myebrochure.co.uk/images/products.hires/prod_61082_141875.jpg,https://myebrochure.co.uk/images/products.hires/prod_61082_141877.jpg,,,,,,,,<li>Rib crew neck with self&#45;fabric back neck tape</li> <li>Fine knit gauge for enhanced printability</li> <li><b>Also available in ladies&#39; sizes code 61420 and children&#39;s size code 61019</b></li>,61091000,MA
120880,0000001208535,61082,TSHIRT,T-SHIRTS,MSSTSH,MENS SHORT SLEEVE T-SHIRT,FOTL,Fruit Of The Loom,MS0021,ZU,Azure Blue,0012  ,XL,Men's Original T,2.00,1,12,120,08/04/2026 09:04:00,C,https://myebrochure.co.uk/images/colours/fotl/fotl-zu.jpg,https://myebrochure.co.uk/images/products/prod_13001_61082_165093.jpg,https://myebrochure.co.uk/images/products.small/prod_13001_61082_165093.jpg,https://myebrochure.co.uk/images/products.hires/prod_13001_61082_165093.jpg,https://myebrochure.co.uk/images/brands/fotl_23.png,https://myebrochure.co.uk/images/products.hires/prod_61082_141888.jpg,https://myebrochure.co.uk/images/products.hires/prod_61082_141887.jpg,https://myebrochure.co.uk/images/products.hires/prod_61082_141889.jpg,,,,,,,,<li>Rib crew neck with self&#45;fabric back neck tape</li> <li>Fine knit gauge for enhanced printability</li> <li><b>Also available in ladies&#39; sizes code 61420 and children&#39;s size code 61019</b></li>,61091000,MA
3266,0000000032667,61082,TSHIRT,T-SHIRTS,MSSTSH,MENS SHORT SLEEVE T-SHIRT,FOTL,Fruit Of The Loom,MS0021,36,Black,0012  ,XL,Men's Original T,2.00,1,12,120,08/04/2026 09:04:00,C,https://myebrochure.co.uk/images/colours/fotl/fotl-36.jpg,https://myebrochure.co.uk/images/products/prod_13001_61082_165093.jpg,https://myebrochure.co.uk/images/products.small/prod_13001_61082_165093.jpg,https://myebrochure.co.uk/images/products.hires/prod_13001_61082_165093.jpg,https://myebrochure.co.uk/images/brands/fotl_23.png,https://myebrochure.co.uk/images/products.hires/prod_61082_141837.jpg,https://myebrochure.co.uk/images/products.hires/prod_61082_141836.jpg,https://myebrochure.co.uk/images/products.hires/prod_61082_141838.jpg,,,,,,,,<li>Rib crew neck with self&#45;fabric back neck tape</li> <li>Fine knit gauge for enhanced printability</li> <li><b>Also available in ladies&#39; sizes code 61420 and children&#39;s size code 61019</b></li>,61091000,MA
120835,0000001208085,61082,TSHIRT,T-SHIRTS,MSSTSH,MENS SHORT SLEEVE T-SHIRT,FOTL,Fruit Of The Loom,MS0021,BOT,Bottle Green,0012  ,XL,Men's Original T,2.00,1,12,120,08/04/2026 09:04:00,C,https://myebrochure.co.uk/images/colours/fotl/fotl-bot.jpg,https://myebrochure.co.uk/images/products/prod_13001_61082_165093.jpg,https://myebrochure.co.uk/images/products.small/prod_13001_61082_165093.jpg,https://myebrochure.co.uk/images/products.hires/prod_13001_61082_165093.jpg,https://myebrochure.co.uk/images/brands/fotl_23.png,https://myebrochure.co.uk/images/products.hires/prod_61082_141840.jpg,https://myebrochure.co.uk/images/products.hires/prod_61082_141839.jpg,https://myebrochure.co.uk/images/products.hires/prod_61082_141841.jpg,,,,,,,,<li>Rib crew neck with self&#45;fabric back neck tape</li> <li>Fine knit gauge for enhanced printability</li> <li><b>Also available in ladies&#39; sizes code 61420 and children&#39;s size code 61019</b></li>,61091000,MA
120850,0000001208238,61082,TSHIRT,T-SHIRTS,MSSTSH,MENS SHORT SLEEVE T-SHIRT,FOTL,Fruit Of The Loom,MS0021,BX,Brick Red,0012  ,XL,Men's Original T,2.00,1,12,120,08/04/2026 09:04:00,C,https://myebrochure.co.uk/images/colours/fotl/fotl-bx.jpg,https://myebrochure.co.uk/images/products/prod_13001_61082_165093.jpg,https://myebrochure.co.uk/images/products.small/prod_13001_61082_165093.jpg,https://myebrochure.co.uk/images/products.hires/prod_13001_61082_165093.jpg,https://myebrochure.co.uk/images/brands/fotl_23.png,https://myebrochure.co.uk/images/products.hires/prod_61082_141870.jpg,https://myebrochure.co.uk/images/products.hires/prod_61082_141869.jpg,https://myebrochure.co.uk/images/products.hires/prod_61082_141871.jpg,,,,,,,,<li>Rib crew neck with self&#45;fabric back neck tape</li> <li>Fine knit gauge for enhanced printability</li> <li><b>Also available in ladies&#39; sizes code 61420 and children&#39;s size code 61019</b></li>,61091000,MA
137936,0000001378436,61082,TSHIRT,T-SHIRTS,MSSTSH,MENS SHORT SLEEVE T-SHIRT,FOTL,Fruit Of The Loom,MS0021,41,Burgundy,0012  ,XL,Men's Original T,2.00,1,12,120,08/04/2026 09:04:00,C,https://myebrochure.co.uk/images/colours/fotl/fotl-41.jpg,https://myebrochure.co.uk/images/products/prod_13001_61082_165093.jpg,https://myebrochure.co.uk/images/products.small/prod_13001_61082_165093.jpg,https://myebrochure.co.uk/images/products.hires/prod_13001_61082_165093.jpg,https://myebrochure.co.uk/images/brands/fotl_23.png,https://myebrochure.co.uk/images/products.hires/prod_61082_141846.jpg,https://myebrochure.co.uk/images/products.hires/prod_61082_141845.jpg,https://myebrochure.co.uk/images/products.hires/prod_61082_141847.jpg,,,,,,,,<li>Rib crew neck with self&#45;fabric back neck tape</li> <li>Fine knit gauge for enhanced printability</li> <li><b>Also available in ladies&#39; sizes code 61420 and children&#39;s size code 61019</b></li>,61091000,MA
120845,0000001208184,61082,TSHIRT,T-SHIRTS,MSSTSH,MENS SHORT SLEEVE T-SHIRT,FOTL,Fruit Of The Loom,MS0021,59,Classic Olive,0012  ,XL,Men's Original T,2.00,1,12,120,08/04/2026 09:04:00,C,https://myebrochure.co.uk/images/colours/fotl/fotl-59.jpg,https://myebrochure.co.uk/images/products/prod_13001_61082_165093.jpg,https://myebrochure.co.uk/images/products.small/prod_13001_61082_165093.jpg,https://myebrochure.co.uk/images/products.hires/prod_13001_61082_165093.jpg,https://myebrochure.co.uk/images/brands/fotl_23.png,https://myebrochure.co.uk/images/products.hires/prod_61082_141861.jpg,https://myebrochure.co.uk/images/products.hires/prod_61082_141860.jpg,https://myebrochure.co.uk/images/products.hires/prod_61082_141862.jpg,,,,,,,,<li>Rib crew neck with self&#45;fabric back neck tape</li> <li>Fine knit gauge for enhanced printability</li> <li><b>Also available in ladies&#39; sizes code 61420 and children&#39;s size code 61019</b></li>,61091000,MA
93062,0000000930215,61082,TSHIRT,T-SHIRTS,MSSTSH,MENS SHORT SLEEVE T-SHIRT,FOTL,Fruit Of The Loom,MS0021,AZ,Deep Navy,0012  ,XL,Men's Original T,2.00,1,12,120,08/04/2026 09:04:00,C,https://myebrochure.co.uk/images/colours/fotl/fotl-az.jpg,https://myebrochure.co.uk/images/products/prod_13001_61082_165093.jpg,https://myebrochure.co.uk/images/products.small/prod_13001_61082_165093.jpg,https://myebrochure.co.uk/images/products.hires/prod_13001_61082_165093.jpg,https://myebrochure.co.uk/images/brands/fotl_23.png,https://myebrochure.co.uk/images/products.hires/prod_61082_141867.jpg,https://myebrochure.co.uk/images/products.hires/prod_61082_141866.jpg,https://myebrochure.co.uk/images/products.hires/prod_61082_141868.jpg,,,,,,,,<li>Rib crew neck with self&#45;fabric back neck tape</li> <li>Fine knit gauge for enhanced printability</li> <li><b>Also available in ladies&#39; sizes code 61420 and children&#39;s size code 61019</b></li>,61091000,MA
120840,0000001208139,61082,TSHIRT,T-SHIRTS,MSSTSH,MENS SHORT SLEEVE T-SHIRT,FOTL,Fruit Of The Loom,MS0021,57,Fuchsia,0012  ,XL,Men's Original T,2.00,1,12,120,08/04/2026 09:04:00,C,https://myebrochure.co.uk/images/colours/fotl/fotl-57.jpg,https://myebrochure.co.uk/images/products/prod_13001_61082_165093.jpg,https://myebrochure.co.uk/images/products.small/prod_13001_61082_165093.jpg,https://myebrochure.co.uk/images/products.hires/prod_13001_61082_165093.jpg,https://myebrochure.co.uk/images/brands/fotl_23.png,https://myebrochure.co.uk/images/products.hires/prod_61082_141858.jpg,https://myebrochure.co.uk/images/products.hires/prod_61082_141857.jpg,https://myebrochure.co.uk/images/products.hires/prod_61082_141859.jpg,,,,,,,,<li>Rib crew neck with self&#45;fabric back neck tape</li> <li>Fine knit gauge for enhanced printability</li> <li><b>Also available in ladies&#39; sizes code 61420 and children&#39;s size code 61019</b></li>,61091000,MA
3281,0000000032810,61082,TSHIRT,T-SHIRTS,MSSTSH,MENS SHORT SLEEVE T-SHIRT,FOTL,Fruit Of The Loom,MS0021,94,Heather Grey,0012  ,XL,Men's Original T,2.00,1,12,120,08/04/2026 09:04:00,C,https://myebrochure.co.uk/images/colours/fotl/fotl-94.jpg,https://myebrochure.co.uk/images/products/prod_13001_61082_165093.jpg,https://myebrochure.co.uk/images/products.small/prod_13001_61082_165093.jpg,https://myebrochure.co.uk/images/products.hires/prod_13001_61082_165093.jpg,https://myebrochure.co.uk/images/brands/fotl_23.png,https://myebrochure.co.uk/images/products.hires/prod_61082_141864.jpg,https://myebrochure.co.uk/images/products.hires/prod_61082_141863.jpg,https://myebrochure.co.uk/images/products.hires/prod_61082_141865.jpg,,,,,,,,<li>Rib crew neck with self&#45;fabric back neck tape</li> <li>Fine knit gauge for enhanced printability</li> <li><b>Also available in ladies&#39; sizes code 61420 and children&#39;s size code 61019</b></li>,61091000,MA
93067,0000000930260,61082,TSHIRT,T-SHIRTS,MSSTSH,MENS SHORT SLEEVE T-SHIRT,FOTL,Fruit Of The Loom,MS0021,47,Kelly Green,0012  ,XL,Men's Original T,2.00,1,12,120,08/04/2026 09:04:00,C,https://myebrochure.co.uk/images/colours/fotl/fotl-47.jpg,https://myebrochure.co.uk/images/products/prod_13001_61082_165093.jpg,https://myebrochure.co.uk/images/products.small/prod_13001_61082_165093.jpg,https://myebrochure.co.uk/images/products.hires/prod_13001_61082_165093.jpg,https://myebrochure.co.uk/images/brands/fotl_23.png,https://myebrochure.co.uk/images/products.hires/prod_61082_141852.jpg,https://myebrochure.co.uk/images/products.hires/prod_61082_141851.jpg,https://myebrochure.co.uk/images/products.hires/prod_61082_141853.jpg,,,,,,,,<li>Rib crew neck with self&#45;fabric back neck tape</li> <li>Fine knit gauge for enhanced printability</li> <li><b>Also available in ladies&#39; sizes code 61420 and children&#39;s size code 61019</b></li>,61091000,MA
120855,0000001208283,61082,TSHIRT,T-SHIRTS,MSSTSH,MENS SHORT SLEEVE T-SHIRT,FOTL,Fruit Of The Loom,MS0021,GL,Light Graphite,0012  ,XL,Men's Original T,2.00,1,12,120,08/04/2026 09:04:00,C,https://myebrochure.co.uk/images/colours/fotl/fotl-gl.jpg,https://myebrochure.co.uk/images/products/prod_13001_61082_165093.jpg,https://myebrochure.co.uk/images/products.small/prod_13001_61082_165093.jpg,https://myebrochure.co.uk/images/products.hires/prod_13001_61082_165093.jpg,https://myebrochure.co.uk/images/brands/fotl_23.png,https://myebrochure.co.uk/images/products.hires/prod_61082_141873.jpg,https://myebrochure.co.uk/images/products.hires/prod_61082_141872.jpg,https://myebrochure.co.uk/images/products.hires/prod_61082_141874.jpg,,,,,,,,<li>Rib crew neck with self&#45;fabric back neck tape</li> <li>Fine knit gauge for enhanced printability</li> <li><b>Also available in ladies&#39; sizes code 61420 and children&#39;s size code 61019</b></li>,61091000,MA
120860,0000001208337,61082,TSHIRT,T-SHIRTS,MSSTSH,MENS SHORT SLEEVE T-SHIRT,FOTL,Fruit Of The Loom,MS0021,LM,Lime,0012  ,XL,Men's Original T,2.00,1,12,120,08/04/2026 09:04:00,C,https://myebrochure.co.uk/images/colours/fotl/fotl-lm.jpg,https://myebrochure.co.uk/images/products/prod_13001_61082_165093.jpg,https://myebrochure.co.uk/images/products.small/prod_13001_61082_165093.jpg,https://myebrochure.co.uk/images/products.hires/prod_13001_61082_165093.jpg,https://myebrochure.co.uk/images/brands/fotl_23.png,https://myebrochure.co.uk/images/products.hires/prod_61082_141879.jpg,https://myebrochure.co.uk/images/products.hires/prod_61082_141878.jpg,https://myebrochure.co.uk/images/products.hires/prod_61082_141880.jpg,,,,,,,,<li>Rib crew neck with self&#45;fabric back neck tape</li> <li>Fine knit gauge for enhanced printability</li> <li><b>Also available in ladies&#39; sizes code 61420 and children&#39;s size code 61019</b></li>,61091000,MA
3256,0000000032568,61082,TSHIRT,T-SHIRTS,MSSTSH,MENS SHORT SLEEVE T-SHIRT,FOTL,Fruit Of The Loom,MS0021,32,Navy Blue,0012  ,XL,Men's Original T,2.00,1,12,120,08/04/2026 09:04:00,C,https://myebrochure.co.uk/images/colours/fotl/fotl-32.jpg,https://myebrochure.co.uk/images/products/prod_13001_61082_165093.jpg,https://myebrochure.co.uk/images/products.small/prod_13001_61082_165093.jpg,https://myebrochure.co.uk/images/products.hires/prod_13001_61082_165093.jpg,https://myebrochure.co.uk/images/brands/fotl_23.png,https://myebrochure.co.uk/images/products.hires/prod_61082_141831.jpg,https://myebrochure.co.uk/images/products.hires/prod_61082_141830.jpg,https://myebrochure.co.uk/images/products.hires/prod_61082_141832.jpg,,,,,,,,<li>Rib crew neck with self&#45;fabric back neck tape</li> <li>Fine knit gauge for enhanced printability</li> <li><b>Also available in ladies&#39; sizes code 61420 and children&#39;s size code 61019</b></li>,61091000,MA
56306,0000000562942,61082,TSHIRT,T-SHIRTS,MSSTSH,MENS SHORT SLEEVE T-SHIRT,FOTL,Fruit Of The Loom,MS0021,44,Orange,0012  ,XL,Men's Original T,2.00,1,12,120,08/04/2026 09:04:00,C,https://myebrochure.co.uk/images/colours/fotl/fotl-44.jpg,https://myebrochure.co.uk/images/products/prod_13001_61082_165093.jpg,https://myebrochure.co.uk/images/products.small/prod_13001_61082_165093.jpg,https://myebrochure.co.uk/images/products.hires/prod_13001_61082_165093.jpg,https://myebrochure.co.uk/images/brands/fotl_23.png,https://myebrochure.co.uk/images/products.hires/prod_61082_141849.jpg,https://myebrochure.co.uk/images/products.hires/prod_61082_141848.jpg,https://myebrochure.co.uk/images/products.hires/prod_61082_141850.jpg,,,,,,,,<li>Rib crew neck with self&#45;fabric back neck tape</li> <li>Fine knit gauge for enhanced printability</li> <li><b>Also available in ladies&#39; sizes code 61420 and children&#39;s size code 61019</b></li>,61091000,MA
120865,0000001208382,61082,TSHIRT,T-SHIRTS,MSSTSH,MENS SHORT SLEEVE T-SHIRT,FOTL,Fruit Of The Loom,MS0021,PE,Purple,0012  ,XL,Men's Original T,2.00,1,12,120,08/04/2026 09:04:00,C,https://myebrochure.co.uk/images/colours/fotl/fotl-pe.jpg,https://myebrochure.co.uk/images/products/prod_13001_61082_165093.jpg,https://myebrochure.co.uk/images/products.small/prod_13001_61082_165093.jpg,https://myebrochure.co.uk/images/products.hires/prod_13001_61082_165093.jpg,https://myebrochure.co.uk/images/brands/fotl_23.png,https://myebrochure.co.uk/images/products.hires/prod_61082_141882.jpg,https://myebrochure.co.uk/images/products.hires/prod_61082_141881.jpg,https://myebrochure.co.uk/images/products.hires/prod_61082_141883.jpg,,,,,,,,<li>Rib crew neck with self&#45;fabric back neck tape</li> <li>Fine knit gauge for enhanced printability</li> <li><b>Also available in ladies&#39; sizes code 61420 and children&#39;s size code 61019</b></li>,61091000,MA
3271,0000000032711,61082,TSHIRT,T-SHIRTS,MSSTSH,MENS SHORT SLEEVE T-SHIRT,FOTL,Fruit Of The Loom,MS0021,40,Red,0012  ,XL,Men's Original T,2.00,1,12,120,08/04/2026 09:04:00,C,https://myebrochure.co.uk/images/colours/fotl/fotl-40.jpg,https://myebrochure.co.uk/images/products/prod_13001_61082_165093.jpg,https://myebrochure.co.uk/images/products.small/prod_13001_61082_165093.jpg,https://myebrochure.co.uk/images/products.hires/prod_13001_61082_165093.jpg,https://myebrochure.co.uk/images/brands/fotl_23.png,https://myebrochure.co.uk/images/products.hires/prod_61082_141843.jpg,https://myebrochure.co.uk/images/products.hires/prod_61082_141842.jpg,https://myebrochure.co.uk/images/products.hires/prod_61082_141844.jpg,,,,,,,,<li>Rib crew neck with self&#45;fabric back neck tape</li> <li>Fine knit gauge for enhanced printability</li> <li><b>Also available in ladies&#39; sizes code 61420 and children&#39;s size code 61019</b></li>,61091000,MA
3261,0000000032612,61082,TSHIRT,T-SHIRTS,MSSTSH,MENS SHORT SLEEVE T-SHIRT,FOTL,Fruit Of The Loom,MS0021,51,Royal,0012  ,XL,Men's Original T,2.00,1,12,120,08/04/2026 09:04:00,C,https://myebrochure.co.uk/images/colours/fotl/fotl-51.jpg,https://myebrochure.co.uk/images/products/prod_13001_61082_165093.jpg,https://myebrochure.co.uk/images/products.small/prod_13001_61082_165093.jpg,https://myebrochure.co.uk/images/products.hires/prod_13001_61082_165093.jpg,https://myebrochure.co.uk/images/brands/fotl_23.png,https://myebrochure.co.uk/images/products.hires/prod_61082_141855.jpg,https://myebrochure.co.uk/images/products.hires/prod_61082_141854.jpg,https://myebrochure.co.uk/images/products.hires/prod_61082_141856.jpg,,,,,,,,<li>Rib crew neck with self&#45;fabric back neck tape</li> <li>Fine knit gauge for enhanced printability</li> <li><b>Also available in ladies&#39; sizes code 61420 and children&#39;s size code 61019</b></li>,61091000,MA
120875,0000001208481,61082,TSHIRT,T-SHIRTS,MSSTSH,MENS SHORT SLEEVE T-SHIRT,FOTL,Fruit Of The Loom,MS0021,YT,Sky Blue,0012  ,XL,Men's Original T,2.00,1,12,120,08/04/2026 09:04:00,C,https://myebrochure.co.uk/images/colours/fotl/fotl-yt.jpg,https://myebrochure.co.uk/images/products/prod_13001_61082_165093.jpg,https://myebrochure.co.uk/images/products.small/prod_13001_61082_165093.jpg,https://myebrochure.co.uk/images/products.hires/prod_13001_61082_165093.jpg,https://myebrochure.co.uk/images/brands/fotl_23.png,https://myebrochure.co.uk/images/products.hires/prod_61082_141885.jpg,https://myebrochure.co.uk/images/products.hires/prod_61082_141884.jpg,https://myebrochure.co.uk/images/products.hires/prod_61082_141886.jpg,,,,,,,,<li>Rib crew neck with self&#45;fabric back neck tape</li> <li>Fine knit gauge for enhanced printability</li> <li><b>Also available in ladies&#39; sizes code 61420 and children&#39;s size code 61019</b></li>,61091000,MA
66661,0000000665919,61082,TSHIRT,T-SHIRTS,MSSTSH,MENS SHORT SLEEVE T-SHIRT,FOTL,Fruit Of The Loom,MS0021,SUN,Sunflower,0012  ,XL,Men's Original T,2.00,1,12,120,08/04/2026 09:04:00,C,https://myebrochure.co.uk/images/colours/fotl/fotl-sun.jpg,https://myebrochure.co.uk/images/products/prod_13001_61082_165093.jpg,https://myebrochure.co.uk/images/products.small/prod_13001_61082_165093.jpg,https://myebrochure.co.uk/images/products.hires/prod_13001_61082_165093.jpg,https://myebrochure.co.uk/images/brands/fotl_23.png,https://myebrochure.co.uk/images/products.hires/prod_61082_141834.jpg,https://myebrochure.co.uk/images/products.hires/prod_61082_141833.jpg,https://myebrochure.co.uk/images/products.hires/prod_61082_141835.jpg,,,,,,,,<li>Rib crew neck with self&#45;fabric back neck tape</li> <li>Fine knit gauge for enhanced printability</li> <li><b>Also available in ladies&#39; sizes code 61420 and children&#39;s size code 61019</b></li>,61091000,MA
3276,0000000032766,61082,TSHIRT,T-SHIRTS,MSSTSH,MENS SHORT SLEEVE T-SHIRT,FOTL,Fruit Of The Loom,MS0021,30,White,0012  ,XL,Men's Original T,1.58,1,12,120,08/04/2026 09:04:00,C,https://myebrochure.co.uk/images/colours/fotl/fotl-30.jpg,https://myebrochure.co.uk/images/products/prod_13001_61082_165093.jpg,https://myebrochure.co.uk/images/products.small/prod_13001_61082_165093.jpg,https://myebrochure.co.uk/images/products.hires/prod_13001_61082_165093.jpg,https://myebrochure.co.uk/images/brands/fotl_23.png,https://myebrochure.co.uk/images/products.hires/prod_61082_141828.jpg,https://myebrochure.co.uk/images/products.hires/prod_61082_141827.jpg,https://myebrochure.co.uk/images/products.hires/prod_61082_141829.jpg,,,,,,,,<li>Rib crew neck with self&#45;fabric back neck tape</li> <li>Fine knit gauge for enhanced printability</li> <li><b>Also available in ladies&#39; sizes code 61420 and children&#39;s size code 61019</b></li>,61091000,MA
137941,0000001378481,61082,TSHIRT,T-SHIRTS,MSSTSH,MENS SHORT SLEEVE T-SHIRT,FOTL,Fruit Of The Loom,MS0021,K2,Yellow,0012  ,XL,Men's Original T,2.00,1,12,120,08/04/2026 09:04:00,C,https://myebrochure.co.uk/images/colours/fotl/fotl-k2.jpg,https://myebrochure.co.uk/images/products/prod_13001_61082_165093.jpg,https://myebrochure.co.uk/images/products.small/prod_13001_61082_165093.jpg,https://myebrochure.co.uk/images/products.hires/prod_13001_61082_165093.jpg,https://myebrochure.co.uk/images/brands/fotl_23.png,https://myebrochure.co.uk/images/products.hires/prod_61082_141876.jpg,https://myebrochure.co.uk/images/products.hires/prod_61082_141875.jpg,https://myebrochure.co.uk/images/products.hires/prod_61082_141877.jpg,,,,,,,,<li>Rib crew neck with self&#45;fabric back neck tape</li> <li>Fine knit gauge for enhanced printability</li> <li><b>Also available in ladies&#39; sizes code 61420 and children&#39;s size code 61019</b></li>,61091000,MA
