UID,Barcode,SPC,Department Code,Department,Sub-department Code,Sub Department,Brand Code,Brand,Style Code,Colour Code,Colour Name,Size Scale,Size,Description,BTC Price,VAT Code,Pack Quantity,Carton Quantity,Last Changed Date,Stock Status,colour_code_url,image_url_medium_res,image_url_low_res,image_url_high_res,brand image,colour image 01,colour image 02,colour image 03,colour image 04,colour image 05,colour image 06,colour image 07,colour image 08,colour image 09,colour image 10,bullet points,Customer Discounted Price
138216,0000001381238,61019,TSHIRT,T-SHIRTS,CHITSH,Childrens T-Shirt,FOTL,Fruit Of The Loom,CH0059,30,White,0030  ,3-4 Years,Kid's Original T,1.29,2,12,72,02-01-2026 8:38,C,https://myebrochure.co.uk/images/colours/fotl/fotl-30.jpg,https://myebrochure.co.uk/images/products/prod_10801_61019_166519.jpg,https://myebrochure.co.uk/images/products.small/prod_10801_61019_166519.jpg,https://myebrochure.co.uk/images/products.hires/prod_10801_61019_166519.jpg,https://myebrochure.co.uk/images/brands/fotl_23.png,https://myebrochure.co.uk/images/products.hires/prod_61019_141496.jpg,https://myebrochure.co.uk/images/products.hires/prod_61019_141495.jpg,https://myebrochure.co.uk/images/products.hires/prod_61019_141497.jpg,,,,,,,,"<li>Rib crew neck with self-fabric back neck tape</li> <li>Produced using Belcoro&reg; yarn for a cleaner, more stable print area</li> <li>Fine knit gauge for enhanced printability</li> <li><b>Also available in men&#39;s sizes code 61082 and ladies&#39; size code 61420</b></li>",1.01
138217,0000001381245,61019,TSHIRT,T-SHIRTS,CHITSH,Childrens T-Shirt,FOTL,Fruit Of The Loom,CH0059,30,White,0030  ,5-6 Years,Kid's Original T,1.29,2,12,72,02-01-2026 8:38,C,https://myebrochure.co.uk/images/colours/fotl/fotl-30.jpg,https://myebrochure.co.uk/images/products/prod_10801_61019_166519.jpg,https://myebrochure.co.uk/images/products.small/prod_10801_61019_166519.jpg,https://myebrochure.co.uk/images/products.hires/prod_10801_61019_166519.jpg,https://myebrochure.co.uk/images/brands/fotl_23.png,https://myebrochure.co.uk/images/products.hires/prod_61019_141496.jpg,https://myebrochure.co.uk/images/products.hires/prod_61019_141495.jpg,https://myebrochure.co.uk/images/products.hires/prod_61019_141497.jpg,,,,,,,,"<li>Rib crew neck with self-fabric back neck tape</li> <li>Produced using Belcoro&reg; yarn for a cleaner, more stable print area</li> <li>Fine knit gauge for enhanced printability</li> <li><b>Also available in men&#39;s sizes code 61082 and ladies&#39; size code 61420</b></li>",1.01
138218,0000001381252,61019,TSHIRT,T-SHIRTS,CHITSH,Childrens T-Shirt,FOTL,Fruit Of The Loom,CH0059,30,White,0030  ,7-8 Years,Kid's Original T,1.29,2,12,72,02-01-2026 8:38,C,https://myebrochure.co.uk/images/colours/fotl/fotl-30.jpg,https://myebrochure.co.uk/images/products/prod_10801_61019_166519.jpg,https://myebrochure.co.uk/images/products.small/prod_10801_61019_166519.jpg,https://myebrochure.co.uk/images/products.hires/prod_10801_61019_166519.jpg,https://myebrochure.co.uk/images/brands/fotl_23.png,https://myebrochure.co.uk/images/products.hires/prod_61019_141496.jpg,https://myebrochure.co.uk/images/products.hires/prod_61019_141495.jpg,https://myebrochure.co.uk/images/products.hires/prod_61019_141497.jpg,,,,,,,,"<li>Rib crew neck with self-fabric back neck tape</li> <li>Produced using Belcoro&reg; yarn for a cleaner, more stable print area</li> <li>Fine knit gauge for enhanced printability</li> <li><b>Also available in men&#39;s sizes code 61082 and ladies&#39; size code 61420</b></li>",1.01
138219,0000001381269,61019,TSHIRT,T-SHIRTS,CHITSH,Childrens T-Shirt,FOTL,Fruit Of The Loom,CH0059,30,White,0030  ,9-11 Years,Kid's Original T,1.29,2,12,72,02-01-2026 8:38,C,https://myebrochure.co.uk/images/colours/fotl/fotl-30.jpg,https://myebrochure.co.uk/images/products/prod_10801_61019_166519.jpg,https://myebrochure.co.uk/images/products.small/prod_10801_61019_166519.jpg,https://myebrochure.co.uk/images/products.hires/prod_10801_61019_166519.jpg,https://myebrochure.co.uk/images/brands/fotl_23.png,https://myebrochure.co.uk/images/products.hires/prod_61019_141496.jpg,https://myebrochure.co.uk/images/products.hires/prod_61019_141495.jpg,https://myebrochure.co.uk/images/products.hires/prod_61019_141497.jpg,,,,,,,,"<li>Rib crew neck with self-fabric back neck tape</li> <li>Produced using Belcoro&reg; yarn for a cleaner, more stable print area</li> <li>Fine knit gauge for enhanced printability</li> <li><b>Also available in men&#39;s sizes code 61082 and ladies&#39; size code 61420</b></li>",1.01
138220,0000001381276,61019,TSHIRT,T-SHIRTS,CHITSH,Childrens T-Shirt,FOTL,Fruit Of The Loom,CH0059,30,White,0030  ,12-13 Years,Kid's Original T,1.29,2,12,72,02-01-2026 8:38,C,https://myebrochure.co.uk/images/colours/fotl/fotl-30.jpg,https://myebrochure.co.uk/images/products/prod_10801_61019_166519.jpg,https://myebrochure.co.uk/images/products.small/prod_10801_61019_166519.jpg,https://myebrochure.co.uk/images/products.hires/prod_10801_61019_166519.jpg,https://myebrochure.co.uk/images/brands/fotl_23.png,https://myebrochure.co.uk/images/products.hires/prod_61019_141496.jpg,https://myebrochure.co.uk/images/products.hires/prod_61019_141495.jpg,https://myebrochure.co.uk/images/products.hires/prod_61019_141497.jpg,,,,,,,,"<li>Rib crew neck with self-fabric back neck tape</li> <li>Produced using Belcoro&reg; yarn for a cleaner, more stable print area</li> <li>Fine knit gauge for enhanced printability</li> <li><b>Also available in men&#39;s sizes code 61082 and ladies&#39; size code 61420</b></li>",1.01
138221,0000001381283,61019,TSHIRT,T-SHIRTS,CHITSH,Childrens T-Shirt,FOTL,Fruit Of The Loom,CH0059,30,White,0030  ,14-15 Years,Kid's Original T,1.29,1,12,72,02-01-2026 8:38,C,https://myebrochure.co.uk/images/colours/fotl/fotl-30.jpg,https://myebrochure.co.uk/images/products/prod_10801_61019_166519.jpg,https://myebrochure.co.uk/images/products.small/prod_10801_61019_166519.jpg,https://myebrochure.co.uk/images/products.hires/prod_10801_61019_166519.jpg,https://myebrochure.co.uk/images/brands/fotl_23.png,https://myebrochure.co.uk/images/products.hires/prod_61019_141496.jpg,https://myebrochure.co.uk/images/products.hires/prod_61019_141495.jpg,https://myebrochure.co.uk/images/products.hires/prod_61019_141497.jpg,,,,,,,,"<li>Rib crew neck with self-fabric back neck tape</li> <li>Produced using Belcoro&reg; yarn for a cleaner, more stable print area</li> <li>Fine knit gauge for enhanced printability</li> <li><b>Also available in men&#39;s sizes code 61082 and ladies&#39; size code 61420</b></li>",1.01
138222,0000001381290,61019,TSHIRT,T-SHIRTS,CHITSH,Childrens T-Shirt,FOTL,Fruit Of The Loom,CH0059,32,Navy Blue,0030  ,3-4 Years,Kid's Original T,1.7,2,12,72,02-01-2026 8:38,C,https://myebrochure.co.uk/images/colours/fotl/fotl-32.jpg,https://myebrochure.co.uk/images/products/prod_10801_61019_166519.jpg,https://myebrochure.co.uk/images/products.small/prod_10801_61019_166519.jpg,https://myebrochure.co.uk/images/products.hires/prod_10801_61019_166519.jpg,https://myebrochure.co.uk/images/brands/fotl_23.png,https://myebrochure.co.uk/images/products.hires/prod_61019_141499.jpg,https://myebrochure.co.uk/images/products.hires/prod_61019_141498.jpg,https://myebrochure.co.uk/images/products.hires/prod_61019_141500.jpg,,,,,,,,"<li>Rib crew neck with self-fabric back neck tape</li> <li>Produced using Belcoro&reg; yarn for a cleaner, more stable print area</li> <li>Fine knit gauge for enhanced printability</li> <li><b>Also available in men&#39;s sizes code 61082 and ladies&#39; size code 61420</b></li>",1.33
138223,0000001381306,61019,TSHIRT,T-SHIRTS,CHITSH,Childrens T-Shirt,FOTL,Fruit Of The Loom,CH0059,32,Navy Blue,0030  ,5-6 Years,Kid's Original T,1.7,2,12,72,02-01-2026 8:38,C,https://myebrochure.co.uk/images/colours/fotl/fotl-32.jpg,https://myebrochure.co.uk/images/products/prod_10801_61019_166519.jpg,https://myebrochure.co.uk/images/products.small/prod_10801_61019_166519.jpg,https://myebrochure.co.uk/images/products.hires/prod_10801_61019_166519.jpg,https://myebrochure.co.uk/images/brands/fotl_23.png,https://myebrochure.co.uk/images/products.hires/prod_61019_141499.jpg,https://myebrochure.co.uk/images/products.hires/prod_61019_141498.jpg,https://myebrochure.co.uk/images/products.hires/prod_61019_141500.jpg,,,,,,,,"<li>Rib crew neck with self-fabric back neck tape</li> <li>Produced using Belcoro&reg; yarn for a cleaner, more stable print area</li> <li>Fine knit gauge for enhanced printability</li> <li><b>Also available in men&#39;s sizes code 61082 and ladies&#39; size code 61420</b></li>",1.33
138224,0000001381313,61019,TSHIRT,T-SHIRTS,CHITSH,Childrens T-Shirt,FOTL,Fruit Of The Loom,CH0059,32,Navy Blue,0030  ,7-8 Years,Kid's Original T,1.7,2,12,72,02-01-2026 8:38,C,https://myebrochure.co.uk/images/colours/fotl/fotl-32.jpg,https://myebrochure.co.uk/images/products/prod_10801_61019_166519.jpg,https://myebrochure.co.uk/images/products.small/prod_10801_61019_166519.jpg,https://myebrochure.co.uk/images/products.hires/prod_10801_61019_166519.jpg,https://myebrochure.co.uk/images/brands/fotl_23.png,https://myebrochure.co.uk/images/products.hires/prod_61019_141499.jpg,https://myebrochure.co.uk/images/products.hires/prod_61019_141498.jpg,https://myebrochure.co.uk/images/products.hires/prod_61019_141500.jpg,,,,,,,,"<li>Rib crew neck with self-fabric back neck tape</li> <li>Produced using Belcoro&reg; yarn for a cleaner, more stable print area</li> <li>Fine knit gauge for enhanced printability</li> <li><b>Also available in men&#39;s sizes code 61082 and ladies&#39; size code 61420</b></li>",1.33
138225,0000001381320,61019,TSHIRT,T-SHIRTS,CHITSH,Childrens T-Shirt,FOTL,Fruit Of The Loom,CH0059,32,Navy Blue,0030  ,9-11 Years,Kid's Original T,1.7,2,12,72,02-01-2026 8:38,C,https://myebrochure.co.uk/images/colours/fotl/fotl-32.jpg,https://myebrochure.co.uk/images/products/prod_10801_61019_166519.jpg,https://myebrochure.co.uk/images/products.small/prod_10801_61019_166519.jpg,https://myebrochure.co.uk/images/products.hires/prod_10801_61019_166519.jpg,https://myebrochure.co.uk/images/brands/fotl_23.png,https://myebrochure.co.uk/images/products.hires/prod_61019_141499.jpg,https://myebrochure.co.uk/images/products.hires/prod_61019_141498.jpg,https://myebrochure.co.uk/images/products.hires/prod_61019_141500.jpg,,,,,,,,"<li>Rib crew neck with self-fabric back neck tape</li> <li>Produced using Belcoro&reg; yarn for a cleaner, more stable print area</li> <li>Fine knit gauge for enhanced printability</li> <li><b>Also available in men&#39;s sizes code 61082 and ladies&#39; size code 61420</b></li>",1.33
138226,0000001381337,61019,TSHIRT,T-SHIRTS,CHITSH,Childrens T-Shirt,FOTL,Fruit Of The Loom,CH0059,32,Navy Blue,0030  ,12-13 Years,Kid's Original T,1.7,2,12,72,02-01-2026 8:38,C,https://myebrochure.co.uk/images/colours/fotl/fotl-32.jpg,https://myebrochure.co.uk/images/products/prod_10801_61019_166519.jpg,https://myebrochure.co.uk/images/products.small/prod_10801_61019_166519.jpg,https://myebrochure.co.uk/images/products.hires/prod_10801_61019_166519.jpg,https://myebrochure.co.uk/images/brands/fotl_23.png,https://myebrochure.co.uk/images/products.hires/prod_61019_141499.jpg,https://myebrochure.co.uk/images/products.hires/prod_61019_141498.jpg,https://myebrochure.co.uk/images/products.hires/prod_61019_141500.jpg,,,,,,,,"<li>Rib crew neck with self-fabric back neck tape</li> <li>Produced using Belcoro&reg; yarn for a cleaner, more stable print area</li> <li>Fine knit gauge for enhanced printability</li> <li><b>Also available in men&#39;s sizes code 61082 and ladies&#39; size code 61420</b></li>",1.33
138227,0000001381344,61019,TSHIRT,T-SHIRTS,CHITSH,Childrens T-Shirt,FOTL,Fruit Of The Loom,CH0059,32,Navy Blue,0030  ,14-15 Years,Kid's Original T,1.7,1,12,72,02-01-2026 8:38,C,https://myebrochure.co.uk/images/colours/fotl/fotl-32.jpg,https://myebrochure.co.uk/images/products/prod_10801_61019_166519.jpg,https://myebrochure.co.uk/images/products.small/prod_10801_61019_166519.jpg,https://myebrochure.co.uk/images/products.hires/prod_10801_61019_166519.jpg,https://myebrochure.co.uk/images/brands/fotl_23.png,https://myebrochure.co.uk/images/products.hires/prod_61019_141499.jpg,https://myebrochure.co.uk/images/products.hires/prod_61019_141498.jpg,https://myebrochure.co.uk/images/products.hires/prod_61019_141500.jpg,,,,,,,,"<li>Rib crew neck with self-fabric back neck tape</li> <li>Produced using Belcoro&reg; yarn for a cleaner, more stable print area</li> <li>Fine knit gauge for enhanced printability</li> <li><b>Also available in men&#39;s sizes code 61082 and ladies&#39; size code 61420</b></li>",1.33
138228,0000001381351,61019,TSHIRT,T-SHIRTS,CHITSH,Childrens T-Shirt,FOTL,Fruit Of The Loom,CH0059,SUN,Sunflower,0030  ,3-4 Years,Kid's Original T,1.7,2,12,72,02-01-2026 8:38,C,https://myebrochure.co.uk/images/colours/fotl/fotl-sun.jpg,https://myebrochure.co.uk/images/products/prod_10801_61019_166519.jpg,https://myebrochure.co.uk/images/products.small/prod_10801_61019_166519.jpg,https://myebrochure.co.uk/images/products.hires/prod_10801_61019_166519.jpg,https://myebrochure.co.uk/images/brands/fotl_23.png,https://myebrochure.co.uk/images/products.hires/prod_61019_141559.jpg,https://myebrochure.co.uk/images/products.hires/prod_61019_141558.jpg,https://myebrochure.co.uk/images/products.hires/prod_61019_141560.jpg,,,,,,,,"<li>Rib crew neck with self-fabric back neck tape</li> <li>Produced using Belcoro&reg; yarn for a cleaner, more stable print area</li> <li>Fine knit gauge for enhanced printability</li> <li><b>Also available in men&#39;s sizes code 61082 and ladies&#39; size code 61420</b></li>",1.33
138229,0000001381368,61019,TSHIRT,T-SHIRTS,CHITSH,Childrens T-Shirt,FOTL,Fruit Of The Loom,CH0059,SUN,Sunflower,0030  ,5-6 Years,Kid's Original T,1.7,2,12,72,02-01-2026 8:38,C,https://myebrochure.co.uk/images/colours/fotl/fotl-sun.jpg,https://myebrochure.co.uk/images/products/prod_10801_61019_166519.jpg,https://myebrochure.co.uk/images/products.small/prod_10801_61019_166519.jpg,https://myebrochure.co.uk/images/products.hires/prod_10801_61019_166519.jpg,https://myebrochure.co.uk/images/brands/fotl_23.png,https://myebrochure.co.uk/images/products.hires/prod_61019_141559.jpg,https://myebrochure.co.uk/images/products.hires/prod_61019_141558.jpg,https://myebrochure.co.uk/images/products.hires/prod_61019_141560.jpg,,,,,,,,"<li>Rib crew neck with self-fabric back neck tape</li> <li>Produced using Belcoro&reg; yarn for a cleaner, more stable print area</li> <li>Fine knit gauge for enhanced printability</li> <li><b>Also available in men&#39;s sizes code 61082 and ladies&#39; size code 61420</b></li>",1.33
138230,0000001381375,61019,TSHIRT,T-SHIRTS,CHITSH,Childrens T-Shirt,FOTL,Fruit Of The Loom,CH0059,SUN,Sunflower,0030  ,7-8 Years,Kid's Original T,1.7,2,12,72,02-01-2026 8:38,C,https://myebrochure.co.uk/images/colours/fotl/fotl-sun.jpg,https://myebrochure.co.uk/images/products/prod_10801_61019_166519.jpg,https://myebrochure.co.uk/images/products.small/prod_10801_61019_166519.jpg,https://myebrochure.co.uk/images/products.hires/prod_10801_61019_166519.jpg,https://myebrochure.co.uk/images/brands/fotl_23.png,https://myebrochure.co.uk/images/products.hires/prod_61019_141559.jpg,https://myebrochure.co.uk/images/products.hires/prod_61019_141558.jpg,https://myebrochure.co.uk/images/products.hires/prod_61019_141560.jpg,,,,,,,,"<li>Rib crew neck with self-fabric back neck tape</li> <li>Produced using Belcoro&reg; yarn for a cleaner, more stable print area</li> <li>Fine knit gauge for enhanced printability</li> <li><b>Also available in men&#39;s sizes code 61082 and ladies&#39; size code 61420</b></li>",1.33
138231,0000001381382,61019,TSHIRT,T-SHIRTS,CHITSH,Childrens T-Shirt,FOTL,Fruit Of The Loom,CH0059,SUN,Sunflower,0030  ,9-11 Years,Kid's Original T,1.7,2,12,72,02-01-2026 8:38,C,https://myebrochure.co.uk/images/colours/fotl/fotl-sun.jpg,https://myebrochure.co.uk/images/products/prod_10801_61019_166519.jpg,https://myebrochure.co.uk/images/products.small/prod_10801_61019_166519.jpg,https://myebrochure.co.uk/images/products.hires/prod_10801_61019_166519.jpg,https://myebrochure.co.uk/images/brands/fotl_23.png,https://myebrochure.co.uk/images/products.hires/prod_61019_141559.jpg,https://myebrochure.co.uk/images/products.hires/prod_61019_141558.jpg,https://myebrochure.co.uk/images/products.hires/prod_61019_141560.jpg,,,,,,,,"<li>Rib crew neck with self-fabric back neck tape</li> <li>Produced using Belcoro&reg; yarn for a cleaner, more stable print area</li> <li>Fine knit gauge for enhanced printability</li> <li><b>Also available in men&#39;s sizes code 61082 and ladies&#39; size code 61420</b></li>",1.33
138232,0000001381399,61019,TSHIRT,T-SHIRTS,CHITSH,Childrens T-Shirt,FOTL,Fruit Of The Loom,CH0059,SUN,Sunflower,0030  ,12-13 Years,Kid's Original T,1.7,2,12,72,02-01-2026 8:38,C,https://myebrochure.co.uk/images/colours/fotl/fotl-sun.jpg,https://myebrochure.co.uk/images/products/prod_10801_61019_166519.jpg,https://myebrochure.co.uk/images/products.small/prod_10801_61019_166519.jpg,https://myebrochure.co.uk/images/products.hires/prod_10801_61019_166519.jpg,https://myebrochure.co.uk/images/brands/fotl_23.png,https://myebrochure.co.uk/images/products.hires/prod_61019_141559.jpg,https://myebrochure.co.uk/images/products.hires/prod_61019_141558.jpg,https://myebrochure.co.uk/images/products.hires/prod_61019_141560.jpg,,,,,,,,"<li>Rib crew neck with self-fabric back neck tape</li> <li>Produced using Belcoro&reg; yarn for a cleaner, more stable print area</li> <li>Fine knit gauge for enhanced printability</li> <li><b>Also available in men&#39;s sizes code 61082 and ladies&#39; size code 61420</b></li>",1.33
138233,0000001381405,61019,TSHIRT,T-SHIRTS,CHITSH,Childrens T-Shirt,FOTL,Fruit Of The Loom,CH0059,SUN,Sunflower,0030  ,14-15 Years,Kid's Original T,1.7,1,12,72,02-01-2026 8:38,C,https://myebrochure.co.uk/images/colours/fotl/fotl-sun.jpg,https://myebrochure.co.uk/images/products/prod_10801_61019_166519.jpg,https://myebrochure.co.uk/images/products.small/prod_10801_61019_166519.jpg,https://myebrochure.co.uk/images/products.hires/prod_10801_61019_166519.jpg,https://myebrochure.co.uk/images/brands/fotl_23.png,https://myebrochure.co.uk/images/products.hires/prod_61019_141559.jpg,https://myebrochure.co.uk/images/products.hires/prod_61019_141558.jpg,https://myebrochure.co.uk/images/products.hires/prod_61019_141560.jpg,,,,,,,,"<li>Rib crew neck with self-fabric back neck tape</li> <li>Produced using Belcoro&reg; yarn for a cleaner, more stable print area</li> <li>Fine knit gauge for enhanced printability</li> <li><b>Also available in men&#39;s sizes code 61082 and ladies&#39; size code 61420</b></li>",1.33
138234,0000001381412,61019,TSHIRT,T-SHIRTS,CHITSH,Childrens T-Shirt,FOTL,Fruit Of The Loom,CH0059,36,Black,0030  ,3-4 Years,Kid's Original T,1.7,2,12,72,02-01-2026 8:38,C,https://myebrochure.co.uk/images/colours/fotl/fotl-36.jpg,https://myebrochure.co.uk/images/products/prod_10801_61019_166519.jpg,https://myebrochure.co.uk/images/products.small/prod_10801_61019_166519.jpg,https://myebrochure.co.uk/images/products.hires/prod_10801_61019_166519.jpg,https://myebrochure.co.uk/images/brands/fotl_23.png,https://myebrochure.co.uk/images/products.hires/prod_61019_141505.jpg,https://myebrochure.co.uk/images/products.hires/prod_61019_141504.jpg,https://myebrochure.co.uk/images/products.hires/prod_61019_141506.jpg,,,,,,,,"<li>Rib crew neck with self-fabric back neck tape</li> <li>Produced using Belcoro&reg; yarn for a cleaner, more stable print area</li> <li>Fine knit gauge for enhanced printability</li> <li><b>Also available in men&#39;s sizes code 61082 and ladies&#39; size code 61420</b></li>",1.33
138235,0000001381429,61019,TSHIRT,T-SHIRTS,CHITSH,Childrens T-Shirt,FOTL,Fruit Of The Loom,CH0059,36,Black,0030  ,5-6 Years,Kid's Original T,1.7,2,12,72,02-01-2026 8:38,C,https://myebrochure.co.uk/images/colours/fotl/fotl-36.jpg,https://myebrochure.co.uk/images/products/prod_10801_61019_166519.jpg,https://myebrochure.co.uk/images/products.small/prod_10801_61019_166519.jpg,https://myebrochure.co.uk/images/products.hires/prod_10801_61019_166519.jpg,https://myebrochure.co.uk/images/brands/fotl_23.png,https://myebrochure.co.uk/images/products.hires/prod_61019_141505.jpg,https://myebrochure.co.uk/images/products.hires/prod_61019_141504.jpg,https://myebrochure.co.uk/images/products.hires/prod_61019_141506.jpg,,,,,,,,"<li>Rib crew neck with self-fabric back neck tape</li> <li>Produced using Belcoro&reg; yarn for a cleaner, more stable print area</li> <li>Fine knit gauge for enhanced printability</li> <li><b>Also available in men&#39;s sizes code 61082 and ladies&#39; size code 61420</b></li>",1.33
138236,0000001381436,61019,TSHIRT,T-SHIRTS,CHITSH,Childrens T-Shirt,FOTL,Fruit Of The Loom,CH0059,36,Black,0030  ,7-8 Years,Kid's Original T,1.7,2,12,72,02-01-2026 8:38,C,https://myebrochure.co.uk/images/colours/fotl/fotl-36.jpg,https://myebrochure.co.uk/images/products/prod_10801_61019_166519.jpg,https://myebrochure.co.uk/images/products.small/prod_10801_61019_166519.jpg,https://myebrochure.co.uk/images/products.hires/prod_10801_61019_166519.jpg,https://myebrochure.co.uk/images/brands/fotl_23.png,https://myebrochure.co.uk/images/products.hires/prod_61019_141505.jpg,https://myebrochure.co.uk/images/products.hires/prod_61019_141504.jpg,https://myebrochure.co.uk/images/products.hires/prod_61019_141506.jpg,,,,,,,,"<li>Rib crew neck with self-fabric back neck tape</li> <li>Produced using Belcoro&reg; yarn for a cleaner, more stable print area</li> <li>Fine knit gauge for enhanced printability</li> <li><b>Also available in men&#39;s sizes code 61082 and ladies&#39; size code 61420</b></li>",1.33
138237,0000001381443,61019,TSHIRT,T-SHIRTS,CHITSH,Childrens T-Shirt,FOTL,Fruit Of The Loom,CH0059,36,Black,0030  ,9-11 Years,Kid's Original T,1.7,2,12,72,02-01-2026 8:38,C,https://myebrochure.co.uk/images/colours/fotl/fotl-36.jpg,https://myebrochure.co.uk/images/products/prod_10801_61019_166519.jpg,https://myebrochure.co.uk/images/products.small/prod_10801_61019_166519.jpg,https://myebrochure.co.uk/images/products.hires/prod_10801_61019_166519.jpg,https://myebrochure.co.uk/images/brands/fotl_23.png,https://myebrochure.co.uk/images/products.hires/prod_61019_141505.jpg,https://myebrochure.co.uk/images/products.hires/prod_61019_141504.jpg,https://myebrochure.co.uk/images/products.hires/prod_61019_141506.jpg,,,,,,,,"<li>Rib crew neck with self-fabric back neck tape</li> <li>Produced using Belcoro&reg; yarn for a cleaner, more stable print area</li> <li>Fine knit gauge for enhanced printability</li> <li><b>Also available in men&#39;s sizes code 61082 and ladies&#39; size code 61420</b></li>",1.33
138238,0000001381450,61019,TSHIRT,T-SHIRTS,CHITSH,Childrens T-Shirt,FOTL,Fruit Of The Loom,CH0059,36,Black,0030  ,12-13 Years,Kid's Original T,1.7,2,12,72,02-01-2026 8:38,C,https://myebrochure.co.uk/images/colours/fotl/fotl-36.jpg,https://myebrochure.co.uk/images/products/prod_10801_61019_166519.jpg,https://myebrochure.co.uk/images/products.small/prod_10801_61019_166519.jpg,https://myebrochure.co.uk/images/products.hires/prod_10801_61019_166519.jpg,https://myebrochure.co.uk/images/brands/fotl_23.png,https://myebrochure.co.uk/images/products.hires/prod_61019_141505.jpg,https://myebrochure.co.uk/images/products.hires/prod_61019_141504.jpg,https://myebrochure.co.uk/images/products.hires/prod_61019_141506.jpg,,,,,,,,"<li>Rib crew neck with self-fabric back neck tape</li> <li>Produced using Belcoro&reg; yarn for a cleaner, more stable print area</li> <li>Fine knit gauge for enhanced printability</li> <li><b>Also available in men&#39;s sizes code 61082 and ladies&#39; size code 61420</b></li>",1.33
138239,0000001381467,61019,TSHIRT,T-SHIRTS,CHITSH,Childrens T-Shirt,FOTL,Fruit Of The Loom,CH0059,36,Black,0030  ,14-15 Years,Kid's Original T,1.7,1,12,72,02-01-2026 8:38,C,https://myebrochure.co.uk/images/colours/fotl/fotl-36.jpg,https://myebrochure.co.uk/images/products/prod_10801_61019_166519.jpg,https://myebrochure.co.uk/images/products.small/prod_10801_61019_166519.jpg,https://myebrochure.co.uk/images/products.hires/prod_10801_61019_166519.jpg,https://myebrochure.co.uk/images/brands/fotl_23.png,https://myebrochure.co.uk/images/products.hires/prod_61019_141505.jpg,https://myebrochure.co.uk/images/products.hires/prod_61019_141504.jpg,https://myebrochure.co.uk/images/products.hires/prod_61019_141506.jpg,,,,,,,,"<li>Rib crew neck with self-fabric back neck tape</li> <li>Produced using Belcoro&reg; yarn for a cleaner, more stable print area</li> <li>Fine knit gauge for enhanced printability</li> <li><b>Also available in men&#39;s sizes code 61082 and ladies&#39; size code 61420</b></li>",1.33
138240,0000001381474,61019,TSHIRT,T-SHIRTS,CHITSH,Childrens T-Shirt,FOTL,Fruit Of The Loom,CH0059,BGR,Bottle Green,0030  ,3-4 Years,Kid's Original T,1.7,2,12,72,02-01-2026 8:38,C,https://myebrochure.co.uk/images/colours/fotl/fotl-bgr.jpg,https://myebrochure.co.uk/images/products/prod_10801_61019_166519.jpg,https://myebrochure.co.uk/images/products.small/prod_10801_61019_166519.jpg,https://myebrochure.co.uk/images/products.hires/prod_10801_61019_166519.jpg,https://myebrochure.co.uk/images/brands/fotl_23.png,https://myebrochure.co.uk/images/products.hires/prod_61019_141508.jpg,https://myebrochure.co.uk/images/products.hires/prod_61019_141507.jpg,https://myebrochure.co.uk/images/products.hires/prod_61019_141509.jpg,,,,,,,,"<li>Rib crew neck with self-fabric back neck tape</li> <li>Produced using Belcoro&reg; yarn for a cleaner, more stable print area</li> <li>Fine knit gauge for enhanced printability</li> <li><b>Also available in men&#39;s sizes code 61082 and ladies&#39; size code 61420</b></li>",1.33
138241,0000001381481,61019,TSHIRT,T-SHIRTS,CHITSH,Childrens T-Shirt,FOTL,Fruit Of The Loom,CH0059,BGR,Bottle Green,0030  ,5-6 Years,Kid's Original T,1.7,2,12,72,02-01-2026 8:38,C,https://myebrochure.co.uk/images/colours/fotl/fotl-bgr.jpg,https://myebrochure.co.uk/images/products/prod_10801_61019_166519.jpg,https://myebrochure.co.uk/images/products.small/prod_10801_61019_166519.jpg,https://myebrochure.co.uk/images/products.hires/prod_10801_61019_166519.jpg,https://myebrochure.co.uk/images/brands/fotl_23.png,https://myebrochure.co.uk/images/products.hires/prod_61019_141508.jpg,https://myebrochure.co.uk/images/products.hires/prod_61019_141507.jpg,https://myebrochure.co.uk/images/products.hires/prod_61019_141509.jpg,,,,,,,,"<li>Rib crew neck with self-fabric back neck tape</li> <li>Produced using Belcoro&reg; yarn for a cleaner, more stable print area</li> <li>Fine knit gauge for enhanced printability</li> <li><b>Also available in men&#39;s sizes code 61082 and ladies&#39; size code 61420</b></li>",1.33
138242,0000001381498,61019,TSHIRT,T-SHIRTS,CHITSH,Childrens T-Shirt,FOTL,Fruit Of The Loom,CH0059,BGR,Bottle Green,0030  ,7-8 Years,Kid's Original T,1.7,2,12,72,02-01-2026 8:38,C,https://myebrochure.co.uk/images/colours/fotl/fotl-bgr.jpg,https://myebrochure.co.uk/images/products/prod_10801_61019_166519.jpg,https://myebrochure.co.uk/images/products.small/prod_10801_61019_166519.jpg,https://myebrochure.co.uk/images/products.hires/prod_10801_61019_166519.jpg,https://myebrochure.co.uk/images/brands/fotl_23.png,https://myebrochure.co.uk/images/products.hires/prod_61019_141508.jpg,https://myebrochure.co.uk/images/products.hires/prod_61019_141507.jpg,https://myebrochure.co.uk/images/products.hires/prod_61019_141509.jpg,,,,,,,,"<li>Rib crew neck with self-fabric back neck tape</li> <li>Produced using Belcoro&reg; yarn for a cleaner, more stable print area</li> <li>Fine knit gauge for enhanced printability</li> <li><b>Also available in men&#39;s sizes code 61082 and ladies&#39; size code 61420</b></li>",1.33
138243,0000001381504,61019,TSHIRT,T-SHIRTS,CHITSH,Childrens T-Shirt,FOTL,Fruit Of The Loom,CH0059,BGR,Bottle Green,0030  ,9-11 Years,Kid's Original T,1.7,2,12,72,02-01-2026 8:38,C,https://myebrochure.co.uk/images/colours/fotl/fotl-bgr.jpg,https://myebrochure.co.uk/images/products/prod_10801_61019_166519.jpg,https://myebrochure.co.uk/images/products.small/prod_10801_61019_166519.jpg,https://myebrochure.co.uk/images/products.hires/prod_10801_61019_166519.jpg,https://myebrochure.co.uk/images/brands/fotl_23.png,https://myebrochure.co.uk/images/products.hires/prod_61019_141508.jpg,https://myebrochure.co.uk/images/products.hires/prod_61019_141507.jpg,https://myebrochure.co.uk/images/products.hires/prod_61019_141509.jpg,,,,,,,,"<li>Rib crew neck with self-fabric back neck tape</li> <li>Produced using Belcoro&reg; yarn for a cleaner, more stable print area</li> <li>Fine knit gauge for enhanced printability</li> <li><b>Also available in men&#39;s sizes code 61082 and ladies&#39; size code 61420</b></li>",1.33
138244,0000001381511,61019,TSHIRT,T-SHIRTS,CHITSH,Childrens T-Shirt,FOTL,Fruit Of The Loom,CH0059,BGR,Bottle Green,0030  ,12-13 Years,Kid's Original T,1.7,2,12,72,02-01-2026 8:38,C,https://myebrochure.co.uk/images/colours/fotl/fotl-bgr.jpg,https://myebrochure.co.uk/images/products/prod_10801_61019_166519.jpg,https://myebrochure.co.uk/images/products.small/prod_10801_61019_166519.jpg,https://myebrochure.co.uk/images/products.hires/prod_10801_61019_166519.jpg,https://myebrochure.co.uk/images/brands/fotl_23.png,https://myebrochure.co.uk/images/products.hires/prod_61019_141508.jpg,https://myebrochure.co.uk/images/products.hires/prod_61019_141507.jpg,https://myebrochure.co.uk/images/products.hires/prod_61019_141509.jpg,,,,,,,,"<li>Rib crew neck with self-fabric back neck tape</li> <li>Produced using Belcoro&reg; yarn for a cleaner, more stable print area</li> <li>Fine knit gauge for enhanced printability</li> <li><b>Also available in men&#39;s sizes code 61082 and ladies&#39; size code 61420</b></li>",1.33
138245,0000001381528,61019,TSHIRT,T-SHIRTS,CHITSH,Childrens T-Shirt,FOTL,Fruit Of The Loom,CH0059,BGR,Bottle Green,0030  ,14-15 Years,Kid's Original T,1.7,1,12,72,02-01-2026 8:38,C,https://myebrochure.co.uk/images/colours/fotl/fotl-bgr.jpg,https://myebrochure.co.uk/images/products/prod_10801_61019_166519.jpg,https://myebrochure.co.uk/images/products.small/prod_10801_61019_166519.jpg,https://myebrochure.co.uk/images/products.hires/prod_10801_61019_166519.jpg,https://myebrochure.co.uk/images/brands/fotl_23.png,https://myebrochure.co.uk/images/products.hires/prod_61019_141508.jpg,https://myebrochure.co.uk/images/products.hires/prod_61019_141507.jpg,https://myebrochure.co.uk/images/products.hires/prod_61019_141509.jpg,,,,,,,,"<li>Rib crew neck with self-fabric back neck tape</li> <li>Produced using Belcoro&reg; yarn for a cleaner, more stable print area</li> <li>Fine knit gauge for enhanced printability</li> <li><b>Also available in men&#39;s sizes code 61082 and ladies&#39; size code 61420</b></li>",1.33
138246,0000001381535,61019,TSHIRT,T-SHIRTS,CHITSH,Childrens T-Shirt,FOTL,Fruit Of The Loom,CH0059,40,Red,0030  ,3-4 Years,Kid's Original T,1.7,2,12,72,02-01-2026 8:38,C,https://myebrochure.co.uk/images/colours/fotl/fotl-40.jpg,https://myebrochure.co.uk/images/products/prod_10801_61019_166519.jpg,https://myebrochure.co.uk/images/products.small/prod_10801_61019_166519.jpg,https://myebrochure.co.uk/images/products.hires/prod_10801_61019_166519.jpg,https://myebrochure.co.uk/images/brands/fotl_23.png,https://myebrochure.co.uk/images/products.hires/prod_61019_141511.jpg,https://myebrochure.co.uk/images/products.hires/prod_61019_141510.jpg,https://myebrochure.co.uk/images/products.hires/prod_61019_141512.jpg,,,,,,,,"<li>Rib crew neck with self-fabric back neck tape</li> <li>Produced using Belcoro&reg; yarn for a cleaner, more stable print area</li> <li>Fine knit gauge for enhanced printability</li> <li><b>Also available in men&#39;s sizes code 61082 and ladies&#39; size code 61420</b></li>",1.33
138247,0000001381542,61019,TSHIRT,T-SHIRTS,CHITSH,Childrens T-Shirt,FOTL,Fruit Of The Loom,CH0059,40,Red,0030  ,5-6 Years,Kid's Original T,1.7,2,12,72,02-01-2026 8:38,C,https://myebrochure.co.uk/images/colours/fotl/fotl-40.jpg,https://myebrochure.co.uk/images/products/prod_10801_61019_166519.jpg,https://myebrochure.co.uk/images/products.small/prod_10801_61019_166519.jpg,https://myebrochure.co.uk/images/products.hires/prod_10801_61019_166519.jpg,https://myebrochure.co.uk/images/brands/fotl_23.png,https://myebrochure.co.uk/images/products.hires/prod_61019_141511.jpg,https://myebrochure.co.uk/images/products.hires/prod_61019_141510.jpg,https://myebrochure.co.uk/images/products.hires/prod_61019_141512.jpg,,,,,,,,"<li>Rib crew neck with self-fabric back neck tape</li> <li>Produced using Belcoro&reg; yarn for a cleaner, more stable print area</li> <li>Fine knit gauge for enhanced printability</li> <li><b>Also available in men&#39;s sizes code 61082 and ladies&#39; size code 61420</b></li>",1.33
138248,0000001381559,61019,TSHIRT,T-SHIRTS,CHITSH,Childrens T-Shirt,FOTL,Fruit Of The Loom,CH0059,40,Red,0030  ,7-8 Years,Kid's Original T,1.7,2,12,72,02-01-2026 8:38,C,https://myebrochure.co.uk/images/colours/fotl/fotl-40.jpg,https://myebrochure.co.uk/images/products/prod_10801_61019_166519.jpg,https://myebrochure.co.uk/images/products.small/prod_10801_61019_166519.jpg,https://myebrochure.co.uk/images/products.hires/prod_10801_61019_166519.jpg,https://myebrochure.co.uk/images/brands/fotl_23.png,https://myebrochure.co.uk/images/products.hires/prod_61019_141511.jpg,https://myebrochure.co.uk/images/products.hires/prod_61019_141510.jpg,https://myebrochure.co.uk/images/products.hires/prod_61019_141512.jpg,,,,,,,,"<li>Rib crew neck with self-fabric back neck tape</li> <li>Produced using Belcoro&reg; yarn for a cleaner, more stable print area</li> <li>Fine knit gauge for enhanced printability</li> <li><b>Also available in men&#39;s sizes code 61082 and ladies&#39; size code 61420</b></li>",1.33
138249,0000001381566,61019,TSHIRT,T-SHIRTS,CHITSH,Childrens T-Shirt,FOTL,Fruit Of The Loom,CH0059,40,Red,0030  ,9-11 Years,Kid's Original T,1.7,2,12,72,02-01-2026 8:38,C,https://myebrochure.co.uk/images/colours/fotl/fotl-40.jpg,https://myebrochure.co.uk/images/products/prod_10801_61019_166519.jpg,https://myebrochure.co.uk/images/products.small/prod_10801_61019_166519.jpg,https://myebrochure.co.uk/images/products.hires/prod_10801_61019_166519.jpg,https://myebrochure.co.uk/images/brands/fotl_23.png,https://myebrochure.co.uk/images/products.hires/prod_61019_141511.jpg,https://myebrochure.co.uk/images/products.hires/prod_61019_141510.jpg,https://myebrochure.co.uk/images/products.hires/prod_61019_141512.jpg,,,,,,,,"<li>Rib crew neck with self-fabric back neck tape</li> <li>Produced using Belcoro&reg; yarn for a cleaner, more stable print area</li> <li>Fine knit gauge for enhanced printability</li> <li><b>Also available in men&#39;s sizes code 61082 and ladies&#39; size code 61420</b></li>",1.33
138250,0000001381573,61019,TSHIRT,T-SHIRTS,CHITSH,Childrens T-Shirt,FOTL,Fruit Of The Loom,CH0059,40,Red,0030  ,12-13 Years,Kid's Original T,1.7,2,12,72,02-01-2026 8:38,C,https://myebrochure.co.uk/images/colours/fotl/fotl-40.jpg,https://myebrochure.co.uk/images/products/prod_10801_61019_166519.jpg,https://myebrochure.co.uk/images/products.small/prod_10801_61019_166519.jpg,https://myebrochure.co.uk/images/products.hires/prod_10801_61019_166519.jpg,https://myebrochure.co.uk/images/brands/fotl_23.png,https://myebrochure.co.uk/images/products.hires/prod_61019_141511.jpg,https://myebrochure.co.uk/images/products.hires/prod_61019_141510.jpg,https://myebrochure.co.uk/images/products.hires/prod_61019_141512.jpg,,,,,,,,"<li>Rib crew neck with self-fabric back neck tape</li> <li>Produced using Belcoro&reg; yarn for a cleaner, more stable print area</li> <li>Fine knit gauge for enhanced printability</li> <li><b>Also available in men&#39;s sizes code 61082 and ladies&#39; size code 61420</b></li>",1.33
138251,0000001381580,61019,TSHIRT,T-SHIRTS,CHITSH,Childrens T-Shirt,FOTL,Fruit Of The Loom,CH0059,40,Red,0030  ,14-15 Years,Kid's Original T,1.7,1,12,72,02-01-2026 8:38,C,https://myebrochure.co.uk/images/colours/fotl/fotl-40.jpg,https://myebrochure.co.uk/images/products/prod_10801_61019_166519.jpg,https://myebrochure.co.uk/images/products.small/prod_10801_61019_166519.jpg,https://myebrochure.co.uk/images/products.hires/prod_10801_61019_166519.jpg,https://myebrochure.co.uk/images/brands/fotl_23.png,https://myebrochure.co.uk/images/products.hires/prod_61019_141511.jpg,https://myebrochure.co.uk/images/products.hires/prod_61019_141510.jpg,https://myebrochure.co.uk/images/products.hires/prod_61019_141512.jpg,,,,,,,,"<li>Rib crew neck with self-fabric back neck tape</li> <li>Produced using Belcoro&reg; yarn for a cleaner, more stable print area</li> <li>Fine knit gauge for enhanced printability</li> <li><b>Also available in men&#39;s sizes code 61082 and ladies&#39; size code 61420</b></li>",1.33
138252,0000001381597,61019,TSHIRT,T-SHIRTS,CHITSH,Childrens T-Shirt,FOTL,Fruit Of The Loom,CH0059,41,Burgundy,0030  ,3-4 Years,Kid's Original T,1.7,2,12,72,02-01-2026 8:38,C,https://myebrochure.co.uk/images/colours/fotl/fotl-41.jpg,https://myebrochure.co.uk/images/products/prod_10801_61019_166519.jpg,https://myebrochure.co.uk/images/products.small/prod_10801_61019_166519.jpg,https://myebrochure.co.uk/images/products.hires/prod_10801_61019_166519.jpg,https://myebrochure.co.uk/images/brands/fotl_23.png,https://myebrochure.co.uk/images/products.hires/prod_61019_141514.jpg,https://myebrochure.co.uk/images/products.hires/prod_61019_141513.jpg,https://myebrochure.co.uk/images/products.hires/prod_61019_141515.jpg,,,,,,,,"<li>Rib crew neck with self-fabric back neck tape</li> <li>Produced using Belcoro&reg; yarn for a cleaner, more stable print area</li> <li>Fine knit gauge for enhanced printability</li> <li><b>Also available in men&#39;s sizes code 61082 and ladies&#39; size code 61420</b></li>",1.33
138253,0000001381603,61019,TSHIRT,T-SHIRTS,CHITSH,Childrens T-Shirt,FOTL,Fruit Of The Loom,CH0059,41,Burgundy,0030  ,5-6 Years,Kid's Original T,1.7,2,12,72,02-01-2026 8:38,C,https://myebrochure.co.uk/images/colours/fotl/fotl-41.jpg,https://myebrochure.co.uk/images/products/prod_10801_61019_166519.jpg,https://myebrochure.co.uk/images/products.small/prod_10801_61019_166519.jpg,https://myebrochure.co.uk/images/products.hires/prod_10801_61019_166519.jpg,https://myebrochure.co.uk/images/brands/fotl_23.png,https://myebrochure.co.uk/images/products.hires/prod_61019_141514.jpg,https://myebrochure.co.uk/images/products.hires/prod_61019_141513.jpg,https://myebrochure.co.uk/images/products.hires/prod_61019_141515.jpg,,,,,,,,"<li>Rib crew neck with self-fabric back neck tape</li> <li>Produced using Belcoro&reg; yarn for a cleaner, more stable print area</li> <li>Fine knit gauge for enhanced printability</li> <li><b>Also available in men&#39;s sizes code 61082 and ladies&#39; size code 61420</b></li>",1.33
138254,0000001381610,61019,TSHIRT,T-SHIRTS,CHITSH,Childrens T-Shirt,FOTL,Fruit Of The Loom,CH0059,41,Burgundy,0030  ,7-8 Years,Kid's Original T,1.7,2,12,72,02-01-2026 8:38,C,https://myebrochure.co.uk/images/colours/fotl/fotl-41.jpg,https://myebrochure.co.uk/images/products/prod_10801_61019_166519.jpg,https://myebrochure.co.uk/images/products.small/prod_10801_61019_166519.jpg,https://myebrochure.co.uk/images/products.hires/prod_10801_61019_166519.jpg,https://myebrochure.co.uk/images/brands/fotl_23.png,https://myebrochure.co.uk/images/products.hires/prod_61019_141514.jpg,https://myebrochure.co.uk/images/products.hires/prod_61019_141513.jpg,https://myebrochure.co.uk/images/products.hires/prod_61019_141515.jpg,,,,,,,,"<li>Rib crew neck with self-fabric back neck tape</li> <li>Produced using Belcoro&reg; yarn for a cleaner, more stable print area</li> <li>Fine knit gauge for enhanced printability</li> <li><b>Also available in men&#39;s sizes code 61082 and ladies&#39; size code 61420</b></li>",1.33
138255,0000001381627,61019,TSHIRT,T-SHIRTS,CHITSH,Childrens T-Shirt,FOTL,Fruit Of The Loom,CH0059,41,Burgundy,0030  ,9-11 Years,Kid's Original T,1.7,2,12,72,02-01-2026 8:38,C,https://myebrochure.co.uk/images/colours/fotl/fotl-41.jpg,https://myebrochure.co.uk/images/products/prod_10801_61019_166519.jpg,https://myebrochure.co.uk/images/products.small/prod_10801_61019_166519.jpg,https://myebrochure.co.uk/images/products.hires/prod_10801_61019_166519.jpg,https://myebrochure.co.uk/images/brands/fotl_23.png,https://myebrochure.co.uk/images/products.hires/prod_61019_141514.jpg,https://myebrochure.co.uk/images/products.hires/prod_61019_141513.jpg,https://myebrochure.co.uk/images/products.hires/prod_61019_141515.jpg,,,,,,,,"<li>Rib crew neck with self-fabric back neck tape</li> <li>Produced using Belcoro&reg; yarn for a cleaner, more stable print area</li> <li>Fine knit gauge for enhanced printability</li> <li><b>Also available in men&#39;s sizes code 61082 and ladies&#39; size code 61420</b></li>",1.33
138256,0000001381634,61019,TSHIRT,T-SHIRTS,CHITSH,Childrens T-Shirt,FOTL,Fruit Of The Loom,CH0059,41,Burgundy,0030  ,12-13 Years,Kid's Original T,1.7,2,12,72,02-01-2026 8:38,C,https://myebrochure.co.uk/images/colours/fotl/fotl-41.jpg,https://myebrochure.co.uk/images/products/prod_10801_61019_166519.jpg,https://myebrochure.co.uk/images/products.small/prod_10801_61019_166519.jpg,https://myebrochure.co.uk/images/products.hires/prod_10801_61019_166519.jpg,https://myebrochure.co.uk/images/brands/fotl_23.png,https://myebrochure.co.uk/images/products.hires/prod_61019_141514.jpg,https://myebrochure.co.uk/images/products.hires/prod_61019_141513.jpg,https://myebrochure.co.uk/images/products.hires/prod_61019_141515.jpg,,,,,,,,"<li>Rib crew neck with self-fabric back neck tape</li> <li>Produced using Belcoro&reg; yarn for a cleaner, more stable print area</li> <li>Fine knit gauge for enhanced printability</li> <li><b>Also available in men&#39;s sizes code 61082 and ladies&#39; size code 61420</b></li>",1.33
138257,0000001381641,61019,TSHIRT,T-SHIRTS,CHITSH,Childrens T-Shirt,FOTL,Fruit Of The Loom,CH0059,41,Burgundy,0030  ,14-15 Years,Kid's Original T,1.7,1,12,72,02-01-2026 8:38,C,https://myebrochure.co.uk/images/colours/fotl/fotl-41.jpg,https://myebrochure.co.uk/images/products/prod_10801_61019_166519.jpg,https://myebrochure.co.uk/images/products.small/prod_10801_61019_166519.jpg,https://myebrochure.co.uk/images/products.hires/prod_10801_61019_166519.jpg,https://myebrochure.co.uk/images/brands/fotl_23.png,https://myebrochure.co.uk/images/products.hires/prod_61019_141514.jpg,https://myebrochure.co.uk/images/products.hires/prod_61019_141513.jpg,https://myebrochure.co.uk/images/products.hires/prod_61019_141515.jpg,,,,,,,,"<li>Rib crew neck with self-fabric back neck tape</li> <li>Produced using Belcoro&reg; yarn for a cleaner, more stable print area</li> <li>Fine knit gauge for enhanced printability</li> <li><b>Also available in men&#39;s sizes code 61082 and ladies&#39; size code 61420</b></li>",1.33
138258,0000001381658,61019,TSHIRT,T-SHIRTS,CHITSH,Childrens T-Shirt,FOTL,Fruit Of The Loom,CH0059,44,Orange,0030  ,3-4 Years,Kid's Original T,1.7,2,12,72,02-01-2026 8:38,C,https://myebrochure.co.uk/images/colours/fotl/fotl-44.jpg,https://myebrochure.co.uk/images/products/prod_10801_61019_166519.jpg,https://myebrochure.co.uk/images/products.small/prod_10801_61019_166519.jpg,https://myebrochure.co.uk/images/products.hires/prod_10801_61019_166519.jpg,https://myebrochure.co.uk/images/brands/fotl_23.png,https://myebrochure.co.uk/images/products.hires/prod_61019_141517.jpg,https://myebrochure.co.uk/images/products.hires/prod_61019_141516.jpg,https://myebrochure.co.uk/images/products.hires/prod_61019_141518.jpg,,,,,,,,"<li>Rib crew neck with self-fabric back neck tape</li> <li>Produced using Belcoro&reg; yarn for a cleaner, more stable print area</li> <li>Fine knit gauge for enhanced printability</li> <li><b>Also available in men&#39;s sizes code 61082 and ladies&#39; size code 61420</b></li>",1.33
138259,0000001381665,61019,TSHIRT,T-SHIRTS,CHITSH,Childrens T-Shirt,FOTL,Fruit Of The Loom,CH0059,44,Orange,0030  ,5-6 Years,Kid's Original T,1.7,2,12,72,02-01-2026 8:38,C,https://myebrochure.co.uk/images/colours/fotl/fotl-44.jpg,https://myebrochure.co.uk/images/products/prod_10801_61019_166519.jpg,https://myebrochure.co.uk/images/products.small/prod_10801_61019_166519.jpg,https://myebrochure.co.uk/images/products.hires/prod_10801_61019_166519.jpg,https://myebrochure.co.uk/images/brands/fotl_23.png,https://myebrochure.co.uk/images/products.hires/prod_61019_141517.jpg,https://myebrochure.co.uk/images/products.hires/prod_61019_141516.jpg,https://myebrochure.co.uk/images/products.hires/prod_61019_141518.jpg,,,,,,,,"<li>Rib crew neck with self-fabric back neck tape</li> <li>Produced using Belcoro&reg; yarn for a cleaner, more stable print area</li> <li>Fine knit gauge for enhanced printability</li> <li><b>Also available in men&#39;s sizes code 61082 and ladies&#39; size code 61420</b></li>",1.33
138260,0000001381672,61019,TSHIRT,T-SHIRTS,CHITSH,Childrens T-Shirt,FOTL,Fruit Of The Loom,CH0059,44,Orange,0030  ,7-8 Years,Kid's Original T,1.7,2,12,72,02-01-2026 8:38,C,https://myebrochure.co.uk/images/colours/fotl/fotl-44.jpg,https://myebrochure.co.uk/images/products/prod_10801_61019_166519.jpg,https://myebrochure.co.uk/images/products.small/prod_10801_61019_166519.jpg,https://myebrochure.co.uk/images/products.hires/prod_10801_61019_166519.jpg,https://myebrochure.co.uk/images/brands/fotl_23.png,https://myebrochure.co.uk/images/products.hires/prod_61019_141517.jpg,https://myebrochure.co.uk/images/products.hires/prod_61019_141516.jpg,https://myebrochure.co.uk/images/products.hires/prod_61019_141518.jpg,,,,,,,,"<li>Rib crew neck with self-fabric back neck tape</li> <li>Produced using Belcoro&reg; yarn for a cleaner, more stable print area</li> <li>Fine knit gauge for enhanced printability</li> <li><b>Also available in men&#39;s sizes code 61082 and ladies&#39; size code 61420</b></li>",1.33
138261,0000001381689,61019,TSHIRT,T-SHIRTS,CHITSH,Childrens T-Shirt,FOTL,Fruit Of The Loom,CH0059,44,Orange,0030  ,9-11 Years,Kid's Original T,1.7,2,12,72,02-01-2026 8:38,C,https://myebrochure.co.uk/images/colours/fotl/fotl-44.jpg,https://myebrochure.co.uk/images/products/prod_10801_61019_166519.jpg,https://myebrochure.co.uk/images/products.small/prod_10801_61019_166519.jpg,https://myebrochure.co.uk/images/products.hires/prod_10801_61019_166519.jpg,https://myebrochure.co.uk/images/brands/fotl_23.png,https://myebrochure.co.uk/images/products.hires/prod_61019_141517.jpg,https://myebrochure.co.uk/images/products.hires/prod_61019_141516.jpg,https://myebrochure.co.uk/images/products.hires/prod_61019_141518.jpg,,,,,,,,"<li>Rib crew neck with self-fabric back neck tape</li> <li>Produced using Belcoro&reg; yarn for a cleaner, more stable print area</li> <li>Fine knit gauge for enhanced printability</li> <li><b>Also available in men&#39;s sizes code 61082 and ladies&#39; size code 61420</b></li>",1.33
138262,0000001381696,61019,TSHIRT,T-SHIRTS,CHITSH,Childrens T-Shirt,FOTL,Fruit Of The Loom,CH0059,44,Orange,0030  ,12-13 Years,Kid's Original T,1.7,2,12,72,02-01-2026 8:38,C,https://myebrochure.co.uk/images/colours/fotl/fotl-44.jpg,https://myebrochure.co.uk/images/products/prod_10801_61019_166519.jpg,https://myebrochure.co.uk/images/products.small/prod_10801_61019_166519.jpg,https://myebrochure.co.uk/images/products.hires/prod_10801_61019_166519.jpg,https://myebrochure.co.uk/images/brands/fotl_23.png,https://myebrochure.co.uk/images/products.hires/prod_61019_141517.jpg,https://myebrochure.co.uk/images/products.hires/prod_61019_141516.jpg,https://myebrochure.co.uk/images/products.hires/prod_61019_141518.jpg,,,,,,,,"<li>Rib crew neck with self-fabric back neck tape</li> <li>Produced using Belcoro&reg; yarn for a cleaner, more stable print area</li> <li>Fine knit gauge for enhanced printability</li> <li><b>Also available in men&#39;s sizes code 61082 and ladies&#39; size code 61420</b></li>",1.33
138263,0000001381702,61019,TSHIRT,T-SHIRTS,CHITSH,Childrens T-Shirt,FOTL,Fruit Of The Loom,CH0059,44,Orange,0030  ,14-15 Years,Kid's Original T,1.7,1,12,72,02-01-2026 8:38,C,https://myebrochure.co.uk/images/colours/fotl/fotl-44.jpg,https://myebrochure.co.uk/images/products/prod_10801_61019_166519.jpg,https://myebrochure.co.uk/images/products.small/prod_10801_61019_166519.jpg,https://myebrochure.co.uk/images/products.hires/prod_10801_61019_166519.jpg,https://myebrochure.co.uk/images/brands/fotl_23.png,https://myebrochure.co.uk/images/products.hires/prod_61019_141517.jpg,https://myebrochure.co.uk/images/products.hires/prod_61019_141516.jpg,https://myebrochure.co.uk/images/products.hires/prod_61019_141518.jpg,,,,,,,,"<li>Rib crew neck with self-fabric back neck tape</li> <li>Produced using Belcoro&reg; yarn for a cleaner, more stable print area</li> <li>Fine knit gauge for enhanced printability</li> <li><b>Also available in men&#39;s sizes code 61082 and ladies&#39; size code 61420</b></li>",1.33
138264,0000001381719,61019,TSHIRT,T-SHIRTS,CHITSH,Childrens T-Shirt,FOTL,Fruit Of The Loom,CH0059,47,Kelly Green,0030  ,3-4 Years,Kid's Original T,1.7,2,12,72,02-01-2026 8:38,C,https://myebrochure.co.uk/images/colours/fotl/fotl-47.jpg,https://myebrochure.co.uk/images/products/prod_10801_61019_166519.jpg,https://myebrochure.co.uk/images/products.small/prod_10801_61019_166519.jpg,https://myebrochure.co.uk/images/products.hires/prod_10801_61019_166519.jpg,https://myebrochure.co.uk/images/brands/fotl_23.png,https://myebrochure.co.uk/images/products.hires/prod_61019_141520.jpg,https://myebrochure.co.uk/images/products.hires/prod_61019_141519.jpg,https://myebrochure.co.uk/images/products.hires/prod_61019_141521.jpg,,,,,,,,"<li>Rib crew neck with self-fabric back neck tape</li> <li>Produced using Belcoro&reg; yarn for a cleaner, more stable print area</li> <li>Fine knit gauge for enhanced printability</li> <li><b>Also available in men&#39;s sizes code 61082 and ladies&#39; size code 61420</b></li>",1.33
138265,0000001381726,61019,TSHIRT,T-SHIRTS,CHITSH,Childrens T-Shirt,FOTL,Fruit Of The Loom,CH0059,47,Kelly Green,0030  ,5-6 Years,Kid's Original T,1.7,2,12,72,02-01-2026 8:38,C,https://myebrochure.co.uk/images/colours/fotl/fotl-47.jpg,https://myebrochure.co.uk/images/products/prod_10801_61019_166519.jpg,https://myebrochure.co.uk/images/products.small/prod_10801_61019_166519.jpg,https://myebrochure.co.uk/images/products.hires/prod_10801_61019_166519.jpg,https://myebrochure.co.uk/images/brands/fotl_23.png,https://myebrochure.co.uk/images/products.hires/prod_61019_141520.jpg,https://myebrochure.co.uk/images/products.hires/prod_61019_141519.jpg,https://myebrochure.co.uk/images/products.hires/prod_61019_141521.jpg,,,,,,,,"<li>Rib crew neck with self-fabric back neck tape</li> <li>Produced using Belcoro&reg; yarn for a cleaner, more stable print area</li> <li>Fine knit gauge for enhanced printability</li> <li><b>Also available in men&#39;s sizes code 61082 and ladies&#39; size code 61420</b></li>",1.33
138266,0000001381733,61019,TSHIRT,T-SHIRTS,CHITSH,Childrens T-Shirt,FOTL,Fruit Of The Loom,CH0059,47,Kelly Green,0030  ,7-8 Years,Kid's Original T,1.7,2,12,72,02-01-2026 8:38,C,https://myebrochure.co.uk/images/colours/fotl/fotl-47.jpg,https://myebrochure.co.uk/images/products/prod_10801_61019_166519.jpg,https://myebrochure.co.uk/images/products.small/prod_10801_61019_166519.jpg,https://myebrochure.co.uk/images/products.hires/prod_10801_61019_166519.jpg,https://myebrochure.co.uk/images/brands/fotl_23.png,https://myebrochure.co.uk/images/products.hires/prod_61019_141520.jpg,https://myebrochure.co.uk/images/products.hires/prod_61019_141519.jpg,https://myebrochure.co.uk/images/products.hires/prod_61019_141521.jpg,,,,,,,,"<li>Rib crew neck with self-fabric back neck tape</li> <li>Produced using Belcoro&reg; yarn for a cleaner, more stable print area</li> <li>Fine knit gauge for enhanced printability</li> <li><b>Also available in men&#39;s sizes code 61082 and ladies&#39; size code 61420</b></li>",1.33
138267,0000001381740,61019,TSHIRT,T-SHIRTS,CHITSH,Childrens T-Shirt,FOTL,Fruit Of The Loom,CH0059,47,Kelly Green,0030  ,9-11 Years,Kid's Original T,1.7,2,12,72,02-01-2026 8:38,C,https://myebrochure.co.uk/images/colours/fotl/fotl-47.jpg,https://myebrochure.co.uk/images/products/prod_10801_61019_166519.jpg,https://myebrochure.co.uk/images/products.small/prod_10801_61019_166519.jpg,https://myebrochure.co.uk/images/products.hires/prod_10801_61019_166519.jpg,https://myebrochure.co.uk/images/brands/fotl_23.png,https://myebrochure.co.uk/images/products.hires/prod_61019_141520.jpg,https://myebrochure.co.uk/images/products.hires/prod_61019_141519.jpg,https://myebrochure.co.uk/images/products.hires/prod_61019_141521.jpg,,,,,,,,"<li>Rib crew neck with self-fabric back neck tape</li> <li>Produced using Belcoro&reg; yarn for a cleaner, more stable print area</li> <li>Fine knit gauge for enhanced printability</li> <li><b>Also available in men&#39;s sizes code 61082 and ladies&#39; size code 61420</b></li>",1.33
138268,0000001381757,61019,TSHIRT,T-SHIRTS,CHITSH,Childrens T-Shirt,FOTL,Fruit Of The Loom,CH0059,47,Kelly Green,0030  ,12-13 Years,Kid's Original T,1.7,2,12,72,02-01-2026 8:38,C,https://myebrochure.co.uk/images/colours/fotl/fotl-47.jpg,https://myebrochure.co.uk/images/products/prod_10801_61019_166519.jpg,https://myebrochure.co.uk/images/products.small/prod_10801_61019_166519.jpg,https://myebrochure.co.uk/images/products.hires/prod_10801_61019_166519.jpg,https://myebrochure.co.uk/images/brands/fotl_23.png,https://myebrochure.co.uk/images/products.hires/prod_61019_141520.jpg,https://myebrochure.co.uk/images/products.hires/prod_61019_141519.jpg,https://myebrochure.co.uk/images/products.hires/prod_61019_141521.jpg,,,,,,,,"<li>Rib crew neck with self-fabric back neck tape</li> <li>Produced using Belcoro&reg; yarn for a cleaner, more stable print area</li> <li>Fine knit gauge for enhanced printability</li> <li><b>Also available in men&#39;s sizes code 61082 and ladies&#39; size code 61420</b></li>",1.33
138269,0000001381764,61019,TSHIRT,T-SHIRTS,CHITSH,Childrens T-Shirt,FOTL,Fruit Of The Loom,CH0059,47,Kelly Green,0030  ,14-15 Years,Kid's Original T,1.7,1,12,72,02-01-2026 8:38,C,https://myebrochure.co.uk/images/colours/fotl/fotl-47.jpg,https://myebrochure.co.uk/images/products/prod_10801_61019_166519.jpg,https://myebrochure.co.uk/images/products.small/prod_10801_61019_166519.jpg,https://myebrochure.co.uk/images/products.hires/prod_10801_61019_166519.jpg,https://myebrochure.co.uk/images/brands/fotl_23.png,https://myebrochure.co.uk/images/products.hires/prod_61019_141520.jpg,https://myebrochure.co.uk/images/products.hires/prod_61019_141519.jpg,https://myebrochure.co.uk/images/products.hires/prod_61019_141521.jpg,,,,,,,,"<li>Rib crew neck with self-fabric back neck tape</li> <li>Produced using Belcoro&reg; yarn for a cleaner, more stable print area</li> <li>Fine knit gauge for enhanced printability</li> <li><b>Also available in men&#39;s sizes code 61082 and ladies&#39; size code 61420</b></li>",1.33
138270,0000001381771,61019,TSHIRT,T-SHIRTS,CHITSH,Childrens T-Shirt,FOTL,Fruit Of The Loom,CH0059,51,Royal,0030  ,3-4 Years,Kid's Original T,1.7,2,12,72,02-01-2026 8:38,C,https://myebrochure.co.uk/images/colours/fotl/fotl-51.jpg,https://myebrochure.co.uk/images/products/prod_10801_61019_166519.jpg,https://myebrochure.co.uk/images/products.small/prod_10801_61019_166519.jpg,https://myebrochure.co.uk/images/products.hires/prod_10801_61019_166519.jpg,https://myebrochure.co.uk/images/brands/fotl_23.png,https://myebrochure.co.uk/images/products.hires/prod_61019_141523.jpg,https://myebrochure.co.uk/images/products.hires/prod_61019_141522.jpg,https://myebrochure.co.uk/images/products.hires/prod_61019_141524.jpg,,,,,,,,"<li>Rib crew neck with self-fabric back neck tape</li> <li>Produced using Belcoro&reg; yarn for a cleaner, more stable print area</li> <li>Fine knit gauge for enhanced printability</li> <li><b>Also available in men&#39;s sizes code 61082 and ladies&#39; size code 61420</b></li>",1.33
138271,0000001381788,61019,TSHIRT,T-SHIRTS,CHITSH,Childrens T-Shirt,FOTL,Fruit Of The Loom,CH0059,51,Royal,0030  ,5-6 Years,Kid's Original T,1.7,2,12,72,02-01-2026 8:38,C,https://myebrochure.co.uk/images/colours/fotl/fotl-51.jpg,https://myebrochure.co.uk/images/products/prod_10801_61019_166519.jpg,https://myebrochure.co.uk/images/products.small/prod_10801_61019_166519.jpg,https://myebrochure.co.uk/images/products.hires/prod_10801_61019_166519.jpg,https://myebrochure.co.uk/images/brands/fotl_23.png,https://myebrochure.co.uk/images/products.hires/prod_61019_141523.jpg,https://myebrochure.co.uk/images/products.hires/prod_61019_141522.jpg,https://myebrochure.co.uk/images/products.hires/prod_61019_141524.jpg,,,,,,,,"<li>Rib crew neck with self-fabric back neck tape</li> <li>Produced using Belcoro&reg; yarn for a cleaner, more stable print area</li> <li>Fine knit gauge for enhanced printability</li> <li><b>Also available in men&#39;s sizes code 61082 and ladies&#39; size code 61420</b></li>",1.33
138272,0000001381795,61019,TSHIRT,T-SHIRTS,CHITSH,Childrens T-Shirt,FOTL,Fruit Of The Loom,CH0059,51,Royal,0030  ,7-8 Years,Kid's Original T,1.7,2,12,72,02-01-2026 8:38,C,https://myebrochure.co.uk/images/colours/fotl/fotl-51.jpg,https://myebrochure.co.uk/images/products/prod_10801_61019_166519.jpg,https://myebrochure.co.uk/images/products.small/prod_10801_61019_166519.jpg,https://myebrochure.co.uk/images/products.hires/prod_10801_61019_166519.jpg,https://myebrochure.co.uk/images/brands/fotl_23.png,https://myebrochure.co.uk/images/products.hires/prod_61019_141523.jpg,https://myebrochure.co.uk/images/products.hires/prod_61019_141522.jpg,https://myebrochure.co.uk/images/products.hires/prod_61019_141524.jpg,,,,,,,,"<li>Rib crew neck with self-fabric back neck tape</li> <li>Produced using Belcoro&reg; yarn for a cleaner, more stable print area</li> <li>Fine knit gauge for enhanced printability</li> <li><b>Also available in men&#39;s sizes code 61082 and ladies&#39; size code 61420</b></li>",1.33
138273,0000001381801,61019,TSHIRT,T-SHIRTS,CHITSH,Childrens T-Shirt,FOTL,Fruit Of The Loom,CH0059,51,Royal,0030  ,9-11 Years,Kid's Original T,1.7,2,12,72,02-01-2026 8:38,C,https://myebrochure.co.uk/images/colours/fotl/fotl-51.jpg,https://myebrochure.co.uk/images/products/prod_10801_61019_166519.jpg,https://myebrochure.co.uk/images/products.small/prod_10801_61019_166519.jpg,https://myebrochure.co.uk/images/products.hires/prod_10801_61019_166519.jpg,https://myebrochure.co.uk/images/brands/fotl_23.png,https://myebrochure.co.uk/images/products.hires/prod_61019_141523.jpg,https://myebrochure.co.uk/images/products.hires/prod_61019_141522.jpg,https://myebrochure.co.uk/images/products.hires/prod_61019_141524.jpg,,,,,,,,"<li>Rib crew neck with self-fabric back neck tape</li> <li>Produced using Belcoro&reg; yarn for a cleaner, more stable print area</li> <li>Fine knit gauge for enhanced printability</li> <li><b>Also available in men&#39;s sizes code 61082 and ladies&#39; size code 61420</b></li>",1.33
138274,0000001381818,61019,TSHIRT,T-SHIRTS,CHITSH,Childrens T-Shirt,FOTL,Fruit Of The Loom,CH0059,51,Royal,0030  ,12-13 Years,Kid's Original T,1.7,2,12,72,02-01-2026 8:38,C,https://myebrochure.co.uk/images/colours/fotl/fotl-51.jpg,https://myebrochure.co.uk/images/products/prod_10801_61019_166519.jpg,https://myebrochure.co.uk/images/products.small/prod_10801_61019_166519.jpg,https://myebrochure.co.uk/images/products.hires/prod_10801_61019_166519.jpg,https://myebrochure.co.uk/images/brands/fotl_23.png,https://myebrochure.co.uk/images/products.hires/prod_61019_141523.jpg,https://myebrochure.co.uk/images/products.hires/prod_61019_141522.jpg,https://myebrochure.co.uk/images/products.hires/prod_61019_141524.jpg,,,,,,,,"<li>Rib crew neck with self-fabric back neck tape</li> <li>Produced using Belcoro&reg; yarn for a cleaner, more stable print area</li> <li>Fine knit gauge for enhanced printability</li> <li><b>Also available in men&#39;s sizes code 61082 and ladies&#39; size code 61420</b></li>",1.33
138275,0000001381825,61019,TSHIRT,T-SHIRTS,CHITSH,Childrens T-Shirt,FOTL,Fruit Of The Loom,CH0059,51,Royal,0030  ,14-15 Years,Kid's Original T,1.7,1,12,72,02-01-2026 8:38,C,https://myebrochure.co.uk/images/colours/fotl/fotl-51.jpg,https://myebrochure.co.uk/images/products/prod_10801_61019_166519.jpg,https://myebrochure.co.uk/images/products.small/prod_10801_61019_166519.jpg,https://myebrochure.co.uk/images/products.hires/prod_10801_61019_166519.jpg,https://myebrochure.co.uk/images/brands/fotl_23.png,https://myebrochure.co.uk/images/products.hires/prod_61019_141523.jpg,https://myebrochure.co.uk/images/products.hires/prod_61019_141522.jpg,https://myebrochure.co.uk/images/products.hires/prod_61019_141524.jpg,,,,,,,,"<li>Rib crew neck with self-fabric back neck tape</li> <li>Produced using Belcoro&reg; yarn for a cleaner, more stable print area</li> <li>Fine knit gauge for enhanced printability</li> <li><b>Also available in men&#39;s sizes code 61082 and ladies&#39; size code 61420</b></li>",1.33
138276,0000001381832,61019,TSHIRT,T-SHIRTS,CHITSH,Childrens T-Shirt,FOTL,Fruit Of The Loom,CH0059,57,Fuchsia,0030  ,3-4 Years,Kid's Original T,1.7,2,12,72,02-01-2026 8:38,C,https://myebrochure.co.uk/images/colours/fotl/fotl-57.jpg,https://myebrochure.co.uk/images/products/prod_10801_61019_166519.jpg,https://myebrochure.co.uk/images/products.small/prod_10801_61019_166519.jpg,https://myebrochure.co.uk/images/products.hires/prod_10801_61019_166519.jpg,https://myebrochure.co.uk/images/brands/fotl_23.png,https://myebrochure.co.uk/images/products.hires/prod_61019_141526.jpg,https://myebrochure.co.uk/images/products.hires/prod_61019_141525.jpg,https://myebrochure.co.uk/images/products.hires/prod_61019_141527.jpg,,,,,,,,"<li>Rib crew neck with self-fabric back neck tape</li> <li>Produced using Belcoro&reg; yarn for a cleaner, more stable print area</li> <li>Fine knit gauge for enhanced printability</li> <li><b>Also available in men&#39;s sizes code 61082 and ladies&#39; size code 61420</b></li>",1.33
138277,0000001381849,61019,TSHIRT,T-SHIRTS,CHITSH,Childrens T-Shirt,FOTL,Fruit Of The Loom,CH0059,57,Fuchsia,0030  ,5-6 Years,Kid's Original T,1.7,2,12,72,02-01-2026 8:38,C,https://myebrochure.co.uk/images/colours/fotl/fotl-57.jpg,https://myebrochure.co.uk/images/products/prod_10801_61019_166519.jpg,https://myebrochure.co.uk/images/products.small/prod_10801_61019_166519.jpg,https://myebrochure.co.uk/images/products.hires/prod_10801_61019_166519.jpg,https://myebrochure.co.uk/images/brands/fotl_23.png,https://myebrochure.co.uk/images/products.hires/prod_61019_141526.jpg,https://myebrochure.co.uk/images/products.hires/prod_61019_141525.jpg,https://myebrochure.co.uk/images/products.hires/prod_61019_141527.jpg,,,,,,,,"<li>Rib crew neck with self-fabric back neck tape</li> <li>Produced using Belcoro&reg; yarn for a cleaner, more stable print area</li> <li>Fine knit gauge for enhanced printability</li> <li><b>Also available in men&#39;s sizes code 61082 and ladies&#39; size code 61420</b></li>",1.33
138278,0000001381856,61019,TSHIRT,T-SHIRTS,CHITSH,Childrens T-Shirt,FOTL,Fruit Of The Loom,CH0059,57,Fuchsia,0030  ,7-8 Years,Kid's Original T,1.7,2,12,72,02-01-2026 8:38,C,https://myebrochure.co.uk/images/colours/fotl/fotl-57.jpg,https://myebrochure.co.uk/images/products/prod_10801_61019_166519.jpg,https://myebrochure.co.uk/images/products.small/prod_10801_61019_166519.jpg,https://myebrochure.co.uk/images/products.hires/prod_10801_61019_166519.jpg,https://myebrochure.co.uk/images/brands/fotl_23.png,https://myebrochure.co.uk/images/products.hires/prod_61019_141526.jpg,https://myebrochure.co.uk/images/products.hires/prod_61019_141525.jpg,https://myebrochure.co.uk/images/products.hires/prod_61019_141527.jpg,,,,,,,,"<li>Rib crew neck with self-fabric back neck tape</li> <li>Produced using Belcoro&reg; yarn for a cleaner, more stable print area</li> <li>Fine knit gauge for enhanced printability</li> <li><b>Also available in men&#39;s sizes code 61082 and ladies&#39; size code 61420</b></li>",1.33
138279,0000001381863,61019,TSHIRT,T-SHIRTS,CHITSH,Childrens T-Shirt,FOTL,Fruit Of The Loom,CH0059,57,Fuchsia,0030  ,9-11 Years,Kid's Original T,1.7,2,12,72,02-01-2026 8:38,C,https://myebrochure.co.uk/images/colours/fotl/fotl-57.jpg,https://myebrochure.co.uk/images/products/prod_10801_61019_166519.jpg,https://myebrochure.co.uk/images/products.small/prod_10801_61019_166519.jpg,https://myebrochure.co.uk/images/products.hires/prod_10801_61019_166519.jpg,https://myebrochure.co.uk/images/brands/fotl_23.png,https://myebrochure.co.uk/images/products.hires/prod_61019_141526.jpg,https://myebrochure.co.uk/images/products.hires/prod_61019_141525.jpg,https://myebrochure.co.uk/images/products.hires/prod_61019_141527.jpg,,,,,,,,"<li>Rib crew neck with self-fabric back neck tape</li> <li>Produced using Belcoro&reg; yarn for a cleaner, more stable print area</li> <li>Fine knit gauge for enhanced printability</li> <li><b>Also available in men&#39;s sizes code 61082 and ladies&#39; size code 61420</b></li>",1.33
138280,0000001381870,61019,TSHIRT,T-SHIRTS,CHITSH,Childrens T-Shirt,FOTL,Fruit Of The Loom,CH0059,57,Fuchsia,0030  ,12-13 Years,Kid's Original T,1.7,2,12,72,02-01-2026 8:38,C,https://myebrochure.co.uk/images/colours/fotl/fotl-57.jpg,https://myebrochure.co.uk/images/products/prod_10801_61019_166519.jpg,https://myebrochure.co.uk/images/products.small/prod_10801_61019_166519.jpg,https://myebrochure.co.uk/images/products.hires/prod_10801_61019_166519.jpg,https://myebrochure.co.uk/images/brands/fotl_23.png,https://myebrochure.co.uk/images/products.hires/prod_61019_141526.jpg,https://myebrochure.co.uk/images/products.hires/prod_61019_141525.jpg,https://myebrochure.co.uk/images/products.hires/prod_61019_141527.jpg,,,,,,,,"<li>Rib crew neck with self-fabric back neck tape</li> <li>Produced using Belcoro&reg; yarn for a cleaner, more stable print area</li> <li>Fine knit gauge for enhanced printability</li> <li><b>Also available in men&#39;s sizes code 61082 and ladies&#39; size code 61420</b></li>",1.33
138281,0000001381887,61019,TSHIRT,T-SHIRTS,CHITSH,Childrens T-Shirt,FOTL,Fruit Of The Loom,CH0059,57,Fuchsia,0030  ,14-15 Years,Kid's Original T,1.7,1,12,72,02-01-2026 8:38,C,https://myebrochure.co.uk/images/colours/fotl/fotl-57.jpg,https://myebrochure.co.uk/images/products/prod_10801_61019_166519.jpg,https://myebrochure.co.uk/images/products.small/prod_10801_61019_166519.jpg,https://myebrochure.co.uk/images/products.hires/prod_10801_61019_166519.jpg,https://myebrochure.co.uk/images/brands/fotl_23.png,https://myebrochure.co.uk/images/products.hires/prod_61019_141526.jpg,https://myebrochure.co.uk/images/products.hires/prod_61019_141525.jpg,https://myebrochure.co.uk/images/products.hires/prod_61019_141527.jpg,,,,,,,,"<li>Rib crew neck with self-fabric back neck tape</li> <li>Produced using Belcoro&reg; yarn for a cleaner, more stable print area</li> <li>Fine knit gauge for enhanced printability</li> <li><b>Also available in men&#39;s sizes code 61082 and ladies&#39; size code 61420</b></li>",1.33
138282,0000001381894,61019,TSHIRT,T-SHIRTS,CHITSH,Childrens T-Shirt,FOTL,Fruit Of The Loom,CH0059,59,Classic Olive,0030  ,3-4 Years,Kid's Original T,1.7,2,12,72,02-01-2026 8:38,C,https://myebrochure.co.uk/images/colours/fotl/fotl-59.jpg,https://myebrochure.co.uk/images/products/prod_10801_61019_166519.jpg,https://myebrochure.co.uk/images/products.small/prod_10801_61019_166519.jpg,https://myebrochure.co.uk/images/products.hires/prod_10801_61019_166519.jpg,https://myebrochure.co.uk/images/brands/fotl_23.png,https://myebrochure.co.uk/images/products.hires/prod_61019_141529.jpg,https://myebrochure.co.uk/images/products.hires/prod_61019_141528.jpg,https://myebrochure.co.uk/images/products.hires/prod_61019_141530.jpg,,,,,,,,"<li>Rib crew neck with self-fabric back neck tape</li> <li>Produced using Belcoro&reg; yarn for a cleaner, more stable print area</li> <li>Fine knit gauge for enhanced printability</li> <li><b>Also available in men&#39;s sizes code 61082 and ladies&#39; size code 61420</b></li>",1.33
138283,0000001381900,61019,TSHIRT,T-SHIRTS,CHITSH,Childrens T-Shirt,FOTL,Fruit Of The Loom,CH0059,59,Classic Olive,0030  ,5-6 Years,Kid's Original T,1.7,2,12,72,02-01-2026 8:38,C,https://myebrochure.co.uk/images/colours/fotl/fotl-59.jpg,https://myebrochure.co.uk/images/products/prod_10801_61019_166519.jpg,https://myebrochure.co.uk/images/products.small/prod_10801_61019_166519.jpg,https://myebrochure.co.uk/images/products.hires/prod_10801_61019_166519.jpg,https://myebrochure.co.uk/images/brands/fotl_23.png,https://myebrochure.co.uk/images/products.hires/prod_61019_141529.jpg,https://myebrochure.co.uk/images/products.hires/prod_61019_141528.jpg,https://myebrochure.co.uk/images/products.hires/prod_61019_141530.jpg,,,,,,,,"<li>Rib crew neck with self-fabric back neck tape</li> <li>Produced using Belcoro&reg; yarn for a cleaner, more stable print area</li> <li>Fine knit gauge for enhanced printability</li> <li><b>Also available in men&#39;s sizes code 61082 and ladies&#39; size code 61420</b></li>",1.33
138284,0000001381917,61019,TSHIRT,T-SHIRTS,CHITSH,Childrens T-Shirt,FOTL,Fruit Of The Loom,CH0059,59,Classic Olive,0030  ,7-8 Years,Kid's Original T,1.7,2,12,72,02-01-2026 8:38,C,https://myebrochure.co.uk/images/colours/fotl/fotl-59.jpg,https://myebrochure.co.uk/images/products/prod_10801_61019_166519.jpg,https://myebrochure.co.uk/images/products.small/prod_10801_61019_166519.jpg,https://myebrochure.co.uk/images/products.hires/prod_10801_61019_166519.jpg,https://myebrochure.co.uk/images/brands/fotl_23.png,https://myebrochure.co.uk/images/products.hires/prod_61019_141529.jpg,https://myebrochure.co.uk/images/products.hires/prod_61019_141528.jpg,https://myebrochure.co.uk/images/products.hires/prod_61019_141530.jpg,,,,,,,,"<li>Rib crew neck with self-fabric back neck tape</li> <li>Produced using Belcoro&reg; yarn for a cleaner, more stable print area</li> <li>Fine knit gauge for enhanced printability</li> <li><b>Also available in men&#39;s sizes code 61082 and ladies&#39; size code 61420</b></li>",1.33
138285,0000001381924,61019,TSHIRT,T-SHIRTS,CHITSH,Childrens T-Shirt,FOTL,Fruit Of The Loom,CH0059,59,Classic Olive,0030  ,9-11 Years,Kid's Original T,1.7,2,12,72,02-01-2026 8:38,C,https://myebrochure.co.uk/images/colours/fotl/fotl-59.jpg,https://myebrochure.co.uk/images/products/prod_10801_61019_166519.jpg,https://myebrochure.co.uk/images/products.small/prod_10801_61019_166519.jpg,https://myebrochure.co.uk/images/products.hires/prod_10801_61019_166519.jpg,https://myebrochure.co.uk/images/brands/fotl_23.png,https://myebrochure.co.uk/images/products.hires/prod_61019_141529.jpg,https://myebrochure.co.uk/images/products.hires/prod_61019_141528.jpg,https://myebrochure.co.uk/images/products.hires/prod_61019_141530.jpg,,,,,,,,"<li>Rib crew neck with self-fabric back neck tape</li> <li>Produced using Belcoro&reg; yarn for a cleaner, more stable print area</li> <li>Fine knit gauge for enhanced printability</li> <li><b>Also available in men&#39;s sizes code 61082 and ladies&#39; size code 61420</b></li>",1.33
138286,0000001381931,61019,TSHIRT,T-SHIRTS,CHITSH,Childrens T-Shirt,FOTL,Fruit Of The Loom,CH0059,59,Classic Olive,0030  ,12-13 Years,Kid's Original T,1.7,2,12,72,02-01-2026 8:38,C,https://myebrochure.co.uk/images/colours/fotl/fotl-59.jpg,https://myebrochure.co.uk/images/products/prod_10801_61019_166519.jpg,https://myebrochure.co.uk/images/products.small/prod_10801_61019_166519.jpg,https://myebrochure.co.uk/images/products.hires/prod_10801_61019_166519.jpg,https://myebrochure.co.uk/images/brands/fotl_23.png,https://myebrochure.co.uk/images/products.hires/prod_61019_141529.jpg,https://myebrochure.co.uk/images/products.hires/prod_61019_141528.jpg,https://myebrochure.co.uk/images/products.hires/prod_61019_141530.jpg,,,,,,,,"<li>Rib crew neck with self-fabric back neck tape</li> <li>Produced using Belcoro&reg; yarn for a cleaner, more stable print area</li> <li>Fine knit gauge for enhanced printability</li> <li><b>Also available in men&#39;s sizes code 61082 and ladies&#39; size code 61420</b></li>",1.33
138287,0000001381948,61019,TSHIRT,T-SHIRTS,CHITSH,Childrens T-Shirt,FOTL,Fruit Of The Loom,CH0059,59,Classic Olive,0030  ,14-15 Years,Kid's Original T,1.7,1,12,72,02-01-2026 8:38,C,https://myebrochure.co.uk/images/colours/fotl/fotl-59.jpg,https://myebrochure.co.uk/images/products/prod_10801_61019_166519.jpg,https://myebrochure.co.uk/images/products.small/prod_10801_61019_166519.jpg,https://myebrochure.co.uk/images/products.hires/prod_10801_61019_166519.jpg,https://myebrochure.co.uk/images/brands/fotl_23.png,https://myebrochure.co.uk/images/products.hires/prod_61019_141529.jpg,https://myebrochure.co.uk/images/products.hires/prod_61019_141528.jpg,https://myebrochure.co.uk/images/products.hires/prod_61019_141530.jpg,,,,,,,,"<li>Rib crew neck with self-fabric back neck tape</li> <li>Produced using Belcoro&reg; yarn for a cleaner, more stable print area</li> <li>Fine knit gauge for enhanced printability</li> <li><b>Also available in men&#39;s sizes code 61082 and ladies&#39; size code 61420</b></li>",1.33
138288,0000001381955,61019,TSHIRT,T-SHIRTS,CHITSH,Childrens T-Shirt,FOTL,Fruit Of The Loom,CH0059,94,Heather Grey,0030  ,3-4 Years,Kid's Original T,1.7,2,12,72,02-01-2026 8:38,C,https://myebrochure.co.uk/images/colours/fotl/fotl-94.jpg,https://myebrochure.co.uk/images/products/prod_10801_61019_166519.jpg,https://myebrochure.co.uk/images/products.small/prod_10801_61019_166519.jpg,https://myebrochure.co.uk/images/products.hires/prod_10801_61019_166519.jpg,https://myebrochure.co.uk/images/brands/fotl_23.png,https://myebrochure.co.uk/images/products.hires/prod_61019_141532.jpg,https://myebrochure.co.uk/images/products.hires/prod_61019_141531.jpg,https://myebrochure.co.uk/images/products.hires/prod_61019_141533.jpg,,,,,,,,"<li>Rib crew neck with self-fabric back neck tape</li> <li>Produced using Belcoro&reg; yarn for a cleaner, more stable print area</li> <li>Fine knit gauge for enhanced printability</li> <li><b>Also available in men&#39;s sizes code 61082 and ladies&#39; size code 61420</b></li>",1.33
138289,0000001381962,61019,TSHIRT,T-SHIRTS,CHITSH,Childrens T-Shirt,FOTL,Fruit Of The Loom,CH0059,94,Heather Grey,0030  ,5-6 Years,Kid's Original T,1.7,2,12,72,02-01-2026 8:38,C,https://myebrochure.co.uk/images/colours/fotl/fotl-94.jpg,https://myebrochure.co.uk/images/products/prod_10801_61019_166519.jpg,https://myebrochure.co.uk/images/products.small/prod_10801_61019_166519.jpg,https://myebrochure.co.uk/images/products.hires/prod_10801_61019_166519.jpg,https://myebrochure.co.uk/images/brands/fotl_23.png,https://myebrochure.co.uk/images/products.hires/prod_61019_141532.jpg,https://myebrochure.co.uk/images/products.hires/prod_61019_141531.jpg,https://myebrochure.co.uk/images/products.hires/prod_61019_141533.jpg,,,,,,,,"<li>Rib crew neck with self-fabric back neck tape</li> <li>Produced using Belcoro&reg; yarn for a cleaner, more stable print area</li> <li>Fine knit gauge for enhanced printability</li> <li><b>Also available in men&#39;s sizes code 61082 and ladies&#39; size code 61420</b></li>",1.33
138290,0000001381979,61019,TSHIRT,T-SHIRTS,CHITSH,Childrens T-Shirt,FOTL,Fruit Of The Loom,CH0059,94,Heather Grey,0030  ,7-8 Years,Kid's Original T,1.7,2,12,72,02-01-2026 8:38,C,https://myebrochure.co.uk/images/colours/fotl/fotl-94.jpg,https://myebrochure.co.uk/images/products/prod_10801_61019_166519.jpg,https://myebrochure.co.uk/images/products.small/prod_10801_61019_166519.jpg,https://myebrochure.co.uk/images/products.hires/prod_10801_61019_166519.jpg,https://myebrochure.co.uk/images/brands/fotl_23.png,https://myebrochure.co.uk/images/products.hires/prod_61019_141532.jpg,https://myebrochure.co.uk/images/products.hires/prod_61019_141531.jpg,https://myebrochure.co.uk/images/products.hires/prod_61019_141533.jpg,,,,,,,,"<li>Rib crew neck with self-fabric back neck tape</li> <li>Produced using Belcoro&reg; yarn for a cleaner, more stable print area</li> <li>Fine knit gauge for enhanced printability</li> <li><b>Also available in men&#39;s sizes code 61082 and ladies&#39; size code 61420</b></li>",1.33
138291,0000001381986,61019,TSHIRT,T-SHIRTS,CHITSH,Childrens T-Shirt,FOTL,Fruit Of The Loom,CH0059,94,Heather Grey,0030  ,9-11 Years,Kid's Original T,1.7,2,12,72,02-01-2026 8:38,C,https://myebrochure.co.uk/images/colours/fotl/fotl-94.jpg,https://myebrochure.co.uk/images/products/prod_10801_61019_166519.jpg,https://myebrochure.co.uk/images/products.small/prod_10801_61019_166519.jpg,https://myebrochure.co.uk/images/products.hires/prod_10801_61019_166519.jpg,https://myebrochure.co.uk/images/brands/fotl_23.png,https://myebrochure.co.uk/images/products.hires/prod_61019_141532.jpg,https://myebrochure.co.uk/images/products.hires/prod_61019_141531.jpg,https://myebrochure.co.uk/images/products.hires/prod_61019_141533.jpg,,,,,,,,"<li>Rib crew neck with self-fabric back neck tape</li> <li>Produced using Belcoro&reg; yarn for a cleaner, more stable print area</li> <li>Fine knit gauge for enhanced printability</li> <li><b>Also available in men&#39;s sizes code 61082 and ladies&#39; size code 61420</b></li>",1.33
138292,0000001381993,61019,TSHIRT,T-SHIRTS,CHITSH,Childrens T-Shirt,FOTL,Fruit Of The Loom,CH0059,94,Heather Grey,0030  ,12-13 Years,Kid's Original T,1.7,2,12,72,02-01-2026 8:38,C,https://myebrochure.co.uk/images/colours/fotl/fotl-94.jpg,https://myebrochure.co.uk/images/products/prod_10801_61019_166519.jpg,https://myebrochure.co.uk/images/products.small/prod_10801_61019_166519.jpg,https://myebrochure.co.uk/images/products.hires/prod_10801_61019_166519.jpg,https://myebrochure.co.uk/images/brands/fotl_23.png,https://myebrochure.co.uk/images/products.hires/prod_61019_141532.jpg,https://myebrochure.co.uk/images/products.hires/prod_61019_141531.jpg,https://myebrochure.co.uk/images/products.hires/prod_61019_141533.jpg,,,,,,,,"<li>Rib crew neck with self-fabric back neck tape</li> <li>Produced using Belcoro&reg; yarn for a cleaner, more stable print area</li> <li>Fine knit gauge for enhanced printability</li> <li><b>Also available in men&#39;s sizes code 61082 and ladies&#39; size code 61420</b></li>",1.33
138293,0000001382006,61019,TSHIRT,T-SHIRTS,CHITSH,Childrens T-Shirt,FOTL,Fruit Of The Loom,CH0059,94,Heather Grey,0030  ,14-15 Years,Kid's Original T,1.7,1,12,72,02-01-2026 8:38,C,https://myebrochure.co.uk/images/colours/fotl/fotl-94.jpg,https://myebrochure.co.uk/images/products/prod_10801_61019_166519.jpg,https://myebrochure.co.uk/images/products.small/prod_10801_61019_166519.jpg,https://myebrochure.co.uk/images/products.hires/prod_10801_61019_166519.jpg,https://myebrochure.co.uk/images/brands/fotl_23.png,https://myebrochure.co.uk/images/products.hires/prod_61019_141532.jpg,https://myebrochure.co.uk/images/products.hires/prod_61019_141531.jpg,https://myebrochure.co.uk/images/products.hires/prod_61019_141533.jpg,,,,,,,,"<li>Rib crew neck with self-fabric back neck tape</li> <li>Produced using Belcoro&reg; yarn for a cleaner, more stable print area</li> <li>Fine knit gauge for enhanced printability</li> <li><b>Also available in men&#39;s sizes code 61082 and ladies&#39; size code 61420</b></li>",1.33
138294,0000001382013,61019,TSHIRT,T-SHIRTS,CHITSH,Childrens T-Shirt,FOTL,Fruit Of The Loom,CH0059,AZ,Deep Navy,0030  ,3-4 Years,Kid's Original T,1.7,2,12,72,02-01-2026 8:38,C,https://myebrochure.co.uk/images/colours/fotl/fotl-az.jpg,https://myebrochure.co.uk/images/products/prod_10801_61019_166519.jpg,https://myebrochure.co.uk/images/products.small/prod_10801_61019_166519.jpg,https://myebrochure.co.uk/images/products.hires/prod_10801_61019_166519.jpg,https://myebrochure.co.uk/images/brands/fotl_23.png,https://myebrochure.co.uk/images/products.hires/prod_61019_141535.jpg,https://myebrochure.co.uk/images/products.hires/prod_61019_141534.jpg,https://myebrochure.co.uk/images/products.hires/prod_61019_141536.jpg,,,,,,,,"<li>Rib crew neck with self-fabric back neck tape</li> <li>Produced using Belcoro&reg; yarn for a cleaner, more stable print area</li> <li>Fine knit gauge for enhanced printability</li> <li><b>Also available in men&#39;s sizes code 61082 and ladies&#39; size code 61420</b></li>",1.33
138295,0000001382020,61019,TSHIRT,T-SHIRTS,CHITSH,Childrens T-Shirt,FOTL,Fruit Of The Loom,CH0059,AZ,Deep Navy,0030  ,5-6 Years,Kid's Original T,1.7,2,12,72,02-01-2026 8:38,C,https://myebrochure.co.uk/images/colours/fotl/fotl-az.jpg,https://myebrochure.co.uk/images/products/prod_10801_61019_166519.jpg,https://myebrochure.co.uk/images/products.small/prod_10801_61019_166519.jpg,https://myebrochure.co.uk/images/products.hires/prod_10801_61019_166519.jpg,https://myebrochure.co.uk/images/brands/fotl_23.png,https://myebrochure.co.uk/images/products.hires/prod_61019_141535.jpg,https://myebrochure.co.uk/images/products.hires/prod_61019_141534.jpg,https://myebrochure.co.uk/images/products.hires/prod_61019_141536.jpg,,,,,,,,"<li>Rib crew neck with self-fabric back neck tape</li> <li>Produced using Belcoro&reg; yarn for a cleaner, more stable print area</li> <li>Fine knit gauge for enhanced printability</li> <li><b>Also available in men&#39;s sizes code 61082 and ladies&#39; size code 61420</b></li>",1.33
138296,0000001382037,61019,TSHIRT,T-SHIRTS,CHITSH,Childrens T-Shirt,FOTL,Fruit Of The Loom,CH0059,AZ,Deep Navy,0030  ,7-8 Years,Kid's Original T,1.7,2,12,72,02-01-2026 8:38,C,https://myebrochure.co.uk/images/colours/fotl/fotl-az.jpg,https://myebrochure.co.uk/images/products/prod_10801_61019_166519.jpg,https://myebrochure.co.uk/images/products.small/prod_10801_61019_166519.jpg,https://myebrochure.co.uk/images/products.hires/prod_10801_61019_166519.jpg,https://myebrochure.co.uk/images/brands/fotl_23.png,https://myebrochure.co.uk/images/products.hires/prod_61019_141535.jpg,https://myebrochure.co.uk/images/products.hires/prod_61019_141534.jpg,https://myebrochure.co.uk/images/products.hires/prod_61019_141536.jpg,,,,,,,,"<li>Rib crew neck with self-fabric back neck tape</li> <li>Produced using Belcoro&reg; yarn for a cleaner, more stable print area</li> <li>Fine knit gauge for enhanced printability</li> <li><b>Also available in men&#39;s sizes code 61082 and ladies&#39; size code 61420</b></li>",1.33
138297,0000001382044,61019,TSHIRT,T-SHIRTS,CHITSH,Childrens T-Shirt,FOTL,Fruit Of The Loom,CH0059,AZ,Deep Navy,0030  ,9-11 Years,Kid's Original T,1.7,2,12,72,02-01-2026 8:38,C,https://myebrochure.co.uk/images/colours/fotl/fotl-az.jpg,https://myebrochure.co.uk/images/products/prod_10801_61019_166519.jpg,https://myebrochure.co.uk/images/products.small/prod_10801_61019_166519.jpg,https://myebrochure.co.uk/images/products.hires/prod_10801_61019_166519.jpg,https://myebrochure.co.uk/images/brands/fotl_23.png,https://myebrochure.co.uk/images/products.hires/prod_61019_141535.jpg,https://myebrochure.co.uk/images/products.hires/prod_61019_141534.jpg,https://myebrochure.co.uk/images/products.hires/prod_61019_141536.jpg,,,,,,,,"<li>Rib crew neck with self-fabric back neck tape</li> <li>Produced using Belcoro&reg; yarn for a cleaner, more stable print area</li> <li>Fine knit gauge for enhanced printability</li> <li><b>Also available in men&#39;s sizes code 61082 and ladies&#39; size code 61420</b></li>",1.33
138298,0000001382051,61019,TSHIRT,T-SHIRTS,CHITSH,Childrens T-Shirt,FOTL,Fruit Of The Loom,CH0059,AZ,Deep Navy,0030  ,12-13 Years,Kid's Original T,1.7,2,12,72,02-01-2026 8:38,C,https://myebrochure.co.uk/images/colours/fotl/fotl-az.jpg,https://myebrochure.co.uk/images/products/prod_10801_61019_166519.jpg,https://myebrochure.co.uk/images/products.small/prod_10801_61019_166519.jpg,https://myebrochure.co.uk/images/products.hires/prod_10801_61019_166519.jpg,https://myebrochure.co.uk/images/brands/fotl_23.png,https://myebrochure.co.uk/images/products.hires/prod_61019_141535.jpg,https://myebrochure.co.uk/images/products.hires/prod_61019_141534.jpg,https://myebrochure.co.uk/images/products.hires/prod_61019_141536.jpg,,,,,,,,"<li>Rib crew neck with self-fabric back neck tape</li> <li>Produced using Belcoro&reg; yarn for a cleaner, more stable print area</li> <li>Fine knit gauge for enhanced printability</li> <li><b>Also available in men&#39;s sizes code 61082 and ladies&#39; size code 61420</b></li>",1.33
138299,0000001382068,61019,TSHIRT,T-SHIRTS,CHITSH,Childrens T-Shirt,FOTL,Fruit Of The Loom,CH0059,AZ,Deep Navy,0030  ,14-15 Years,Kid's Original T,1.7,1,12,72,02-01-2026 8:38,C,https://myebrochure.co.uk/images/colours/fotl/fotl-az.jpg,https://myebrochure.co.uk/images/products/prod_10801_61019_166519.jpg,https://myebrochure.co.uk/images/products.small/prod_10801_61019_166519.jpg,https://myebrochure.co.uk/images/products.hires/prod_10801_61019_166519.jpg,https://myebrochure.co.uk/images/brands/fotl_23.png,https://myebrochure.co.uk/images/products.hires/prod_61019_141535.jpg,https://myebrochure.co.uk/images/products.hires/prod_61019_141534.jpg,https://myebrochure.co.uk/images/products.hires/prod_61019_141536.jpg,,,,,,,,"<li>Rib crew neck with self-fabric back neck tape</li> <li>Produced using Belcoro&reg; yarn for a cleaner, more stable print area</li> <li>Fine knit gauge for enhanced printability</li> <li><b>Also available in men&#39;s sizes code 61082 and ladies&#39; size code 61420</b></li>",1.33
138300,0000001382075,61019,TSHIRT,T-SHIRTS,CHITSH,Childrens T-Shirt,FOTL,Fruit Of The Loom,CH0059,BX,Brick Red,0030  ,3-4 Years,Kid's Original T,1.7,2,12,72,02-01-2026 8:38,C,https://myebrochure.co.uk/images/colours/fotl/fotl-bx.jpg,https://myebrochure.co.uk/images/products/prod_10801_61019_166519.jpg,https://myebrochure.co.uk/images/products.small/prod_10801_61019_166519.jpg,https://myebrochure.co.uk/images/products.hires/prod_10801_61019_166519.jpg,https://myebrochure.co.uk/images/brands/fotl_23.png,https://myebrochure.co.uk/images/products.hires/prod_61019_141538.jpg,https://myebrochure.co.uk/images/products.hires/prod_61019_141537.jpg,https://myebrochure.co.uk/images/products.hires/prod_61019_141539.jpg,,,,,,,,"<li>Rib crew neck with self-fabric back neck tape</li> <li>Produced using Belcoro&reg; yarn for a cleaner, more stable print area</li> <li>Fine knit gauge for enhanced printability</li> <li><b>Also available in men&#39;s sizes code 61082 and ladies&#39; size code 61420</b></li>",1.33
138301,0000001382082,61019,TSHIRT,T-SHIRTS,CHITSH,Childrens T-Shirt,FOTL,Fruit Of The Loom,CH0059,BX,Brick Red,0030  ,5-6 Years,Kid's Original T,1.7,2,12,72,02-01-2026 8:38,C,https://myebrochure.co.uk/images/colours/fotl/fotl-bx.jpg,https://myebrochure.co.uk/images/products/prod_10801_61019_166519.jpg,https://myebrochure.co.uk/images/products.small/prod_10801_61019_166519.jpg,https://myebrochure.co.uk/images/products.hires/prod_10801_61019_166519.jpg,https://myebrochure.co.uk/images/brands/fotl_23.png,https://myebrochure.co.uk/images/products.hires/prod_61019_141538.jpg,https://myebrochure.co.uk/images/products.hires/prod_61019_141537.jpg,https://myebrochure.co.uk/images/products.hires/prod_61019_141539.jpg,,,,,,,,"<li>Rib crew neck with self-fabric back neck tape</li> <li>Produced using Belcoro&reg; yarn for a cleaner, more stable print area</li> <li>Fine knit gauge for enhanced printability</li> <li><b>Also available in men&#39;s sizes code 61082 and ladies&#39; size code 61420</b></li>",1.33
138302,0000001382099,61019,TSHIRT,T-SHIRTS,CHITSH,Childrens T-Shirt,FOTL,Fruit Of The Loom,CH0059,BX,Brick Red,0030  ,7-8 Years,Kid's Original T,1.7,2,12,72,02-01-2026 8:38,C,https://myebrochure.co.uk/images/colours/fotl/fotl-bx.jpg,https://myebrochure.co.uk/images/products/prod_10801_61019_166519.jpg,https://myebrochure.co.uk/images/products.small/prod_10801_61019_166519.jpg,https://myebrochure.co.uk/images/products.hires/prod_10801_61019_166519.jpg,https://myebrochure.co.uk/images/brands/fotl_23.png,https://myebrochure.co.uk/images/products.hires/prod_61019_141538.jpg,https://myebrochure.co.uk/images/products.hires/prod_61019_141537.jpg,https://myebrochure.co.uk/images/products.hires/prod_61019_141539.jpg,,,,,,,,"<li>Rib crew neck with self-fabric back neck tape</li> <li>Produced using Belcoro&reg; yarn for a cleaner, more stable print area</li> <li>Fine knit gauge for enhanced printability</li> <li><b>Also available in men&#39;s sizes code 61082 and ladies&#39; size code 61420</b></li>",1.33
138303,0000001382105,61019,TSHIRT,T-SHIRTS,CHITSH,Childrens T-Shirt,FOTL,Fruit Of The Loom,CH0059,BX,Brick Red,0030  ,9-11 Years,Kid's Original T,1.7,2,12,72,02-01-2026 8:38,C,https://myebrochure.co.uk/images/colours/fotl/fotl-bx.jpg,https://myebrochure.co.uk/images/products/prod_10801_61019_166519.jpg,https://myebrochure.co.uk/images/products.small/prod_10801_61019_166519.jpg,https://myebrochure.co.uk/images/products.hires/prod_10801_61019_166519.jpg,https://myebrochure.co.uk/images/brands/fotl_23.png,https://myebrochure.co.uk/images/products.hires/prod_61019_141538.jpg,https://myebrochure.co.uk/images/products.hires/prod_61019_141537.jpg,https://myebrochure.co.uk/images/products.hires/prod_61019_141539.jpg,,,,,,,,"<li>Rib crew neck with self-fabric back neck tape</li> <li>Produced using Belcoro&reg; yarn for a cleaner, more stable print area</li> <li>Fine knit gauge for enhanced printability</li> <li><b>Also available in men&#39;s sizes code 61082 and ladies&#39; size code 61420</b></li>",1.33
138304,0000001382112,61019,TSHIRT,T-SHIRTS,CHITSH,Childrens T-Shirt,FOTL,Fruit Of The Loom,CH0059,BX,Brick Red,0030  ,12-13 Years,Kid's Original T,1.7,2,12,72,02-01-2026 8:38,C,https://myebrochure.co.uk/images/colours/fotl/fotl-bx.jpg,https://myebrochure.co.uk/images/products/prod_10801_61019_166519.jpg,https://myebrochure.co.uk/images/products.small/prod_10801_61019_166519.jpg,https://myebrochure.co.uk/images/products.hires/prod_10801_61019_166519.jpg,https://myebrochure.co.uk/images/brands/fotl_23.png,https://myebrochure.co.uk/images/products.hires/prod_61019_141538.jpg,https://myebrochure.co.uk/images/products.hires/prod_61019_141537.jpg,https://myebrochure.co.uk/images/products.hires/prod_61019_141539.jpg,,,,,,,,"<li>Rib crew neck with self-fabric back neck tape</li> <li>Produced using Belcoro&reg; yarn for a cleaner, more stable print area</li> <li>Fine knit gauge for enhanced printability</li> <li><b>Also available in men&#39;s sizes code 61082 and ladies&#39; size code 61420</b></li>",1.33
138305,0000001382129,61019,TSHIRT,T-SHIRTS,CHITSH,Childrens T-Shirt,FOTL,Fruit Of The Loom,CH0059,BX,Brick Red,0030  ,14-15 Years,Kid's Original T,1.7,1,12,72,02-01-2026 8:38,C,https://myebrochure.co.uk/images/colours/fotl/fotl-bx.jpg,https://myebrochure.co.uk/images/products/prod_10801_61019_166519.jpg,https://myebrochure.co.uk/images/products.small/prod_10801_61019_166519.jpg,https://myebrochure.co.uk/images/products.hires/prod_10801_61019_166519.jpg,https://myebrochure.co.uk/images/brands/fotl_23.png,https://myebrochure.co.uk/images/products.hires/prod_61019_141538.jpg,https://myebrochure.co.uk/images/products.hires/prod_61019_141537.jpg,https://myebrochure.co.uk/images/products.hires/prod_61019_141539.jpg,,,,,,,,"<li>Rib crew neck with self-fabric back neck tape</li> <li>Produced using Belcoro&reg; yarn for a cleaner, more stable print area</li> <li>Fine knit gauge for enhanced printability</li> <li><b>Also available in men&#39;s sizes code 61082 and ladies&#39; size code 61420</b></li>",1.33
138306,0000001382136,61019,TSHIRT,T-SHIRTS,CHITSH,Childrens T-Shirt,FOTL,Fruit Of The Loom,CH0059,GL,Light Graphite,0030  ,3-4 Years,Kid's Original T,1.7,2,12,72,02-01-2026 8:38,C,https://myebrochure.co.uk/images/colours/fotl/fotl-gl.jpg,https://myebrochure.co.uk/images/products/prod_10801_61019_166519.jpg,https://myebrochure.co.uk/images/products.small/prod_10801_61019_166519.jpg,https://myebrochure.co.uk/images/products.hires/prod_10801_61019_166519.jpg,https://myebrochure.co.uk/images/brands/fotl_23.png,https://myebrochure.co.uk/images/products.hires/prod_61019_141541.jpg,https://myebrochure.co.uk/images/products.hires/prod_61019_141540.jpg,https://myebrochure.co.uk/images/products.hires/prod_61019_141542.jpg,,,,,,,,"<li>Rib crew neck with self-fabric back neck tape</li> <li>Produced using Belcoro&reg; yarn for a cleaner, more stable print area</li> <li>Fine knit gauge for enhanced printability</li> <li><b>Also available in men&#39;s sizes code 61082 and ladies&#39; size code 61420</b></li>",1.33
138307,0000001382143,61019,TSHIRT,T-SHIRTS,CHITSH,Childrens T-Shirt,FOTL,Fruit Of The Loom,CH0059,GL,Light Graphite,0030  ,5-6 Years,Kid's Original T,1.7,2,12,72,02-01-2026 8:38,C,https://myebrochure.co.uk/images/colours/fotl/fotl-gl.jpg,https://myebrochure.co.uk/images/products/prod_10801_61019_166519.jpg,https://myebrochure.co.uk/images/products.small/prod_10801_61019_166519.jpg,https://myebrochure.co.uk/images/products.hires/prod_10801_61019_166519.jpg,https://myebrochure.co.uk/images/brands/fotl_23.png,https://myebrochure.co.uk/images/products.hires/prod_61019_141541.jpg,https://myebrochure.co.uk/images/products.hires/prod_61019_141540.jpg,https://myebrochure.co.uk/images/products.hires/prod_61019_141542.jpg,,,,,,,,"<li>Rib crew neck with self-fabric back neck tape</li> <li>Produced using Belcoro&reg; yarn for a cleaner, more stable print area</li> <li>Fine knit gauge for enhanced printability</li> <li><b>Also available in men&#39;s sizes code 61082 and ladies&#39; size code 61420</b></li>",1.33
138308,0000001382150,61019,TSHIRT,T-SHIRTS,CHITSH,Childrens T-Shirt,FOTL,Fruit Of The Loom,CH0059,GL,Light Graphite,0030  ,7-8 Years,Kid's Original T,1.7,2,12,72,02-01-2026 8:38,C,https://myebrochure.co.uk/images/colours/fotl/fotl-gl.jpg,https://myebrochure.co.uk/images/products/prod_10801_61019_166519.jpg,https://myebrochure.co.uk/images/products.small/prod_10801_61019_166519.jpg,https://myebrochure.co.uk/images/products.hires/prod_10801_61019_166519.jpg,https://myebrochure.co.uk/images/brands/fotl_23.png,https://myebrochure.co.uk/images/products.hires/prod_61019_141541.jpg,https://myebrochure.co.uk/images/products.hires/prod_61019_141540.jpg,https://myebrochure.co.uk/images/products.hires/prod_61019_141542.jpg,,,,,,,,"<li>Rib crew neck with self-fabric back neck tape</li> <li>Produced using Belcoro&reg; yarn for a cleaner, more stable print area</li> <li>Fine knit gauge for enhanced printability</li> <li><b>Also available in men&#39;s sizes code 61082 and ladies&#39; size code 61420</b></li>",1.33
138309,0000001382167,61019,TSHIRT,T-SHIRTS,CHITSH,Childrens T-Shirt,FOTL,Fruit Of The Loom,CH0059,GL,Light Graphite,0030  ,9-11 Years,Kid's Original T,1.7,2,12,72,02-01-2026 8:38,C,https://myebrochure.co.uk/images/colours/fotl/fotl-gl.jpg,https://myebrochure.co.uk/images/products/prod_10801_61019_166519.jpg,https://myebrochure.co.uk/images/products.small/prod_10801_61019_166519.jpg,https://myebrochure.co.uk/images/products.hires/prod_10801_61019_166519.jpg,https://myebrochure.co.uk/images/brands/fotl_23.png,https://myebrochure.co.uk/images/products.hires/prod_61019_141541.jpg,https://myebrochure.co.uk/images/products.hires/prod_61019_141540.jpg,https://myebrochure.co.uk/images/products.hires/prod_61019_141542.jpg,,,,,,,,"<li>Rib crew neck with self-fabric back neck tape</li> <li>Produced using Belcoro&reg; yarn for a cleaner, more stable print area</li> <li>Fine knit gauge for enhanced printability</li> <li><b>Also available in men&#39;s sizes code 61082 and ladies&#39; size code 61420</b></li>",1.33
138310,0000001382174,61019,TSHIRT,T-SHIRTS,CHITSH,Childrens T-Shirt,FOTL,Fruit Of The Loom,CH0059,GL,Light Graphite,0030  ,12-13 Years,Kid's Original T,1.7,2,12,72,02-01-2026 8:38,C,https://myebrochure.co.uk/images/colours/fotl/fotl-gl.jpg,https://myebrochure.co.uk/images/products/prod_10801_61019_166519.jpg,https://myebrochure.co.uk/images/products.small/prod_10801_61019_166519.jpg,https://myebrochure.co.uk/images/products.hires/prod_10801_61019_166519.jpg,https://myebrochure.co.uk/images/brands/fotl_23.png,https://myebrochure.co.uk/images/products.hires/prod_61019_141541.jpg,https://myebrochure.co.uk/images/products.hires/prod_61019_141540.jpg,https://myebrochure.co.uk/images/products.hires/prod_61019_141542.jpg,,,,,,,,"<li>Rib crew neck with self-fabric back neck tape</li> <li>Produced using Belcoro&reg; yarn for a cleaner, more stable print area</li> <li>Fine knit gauge for enhanced printability</li> <li><b>Also available in men&#39;s sizes code 61082 and ladies&#39; size code 61420</b></li>",1.33
138311,0000001382181,61019,TSHIRT,T-SHIRTS,CHITSH,Childrens T-Shirt,FOTL,Fruit Of The Loom,CH0059,GL,Light Graphite,0030  ,14-15 Years,Kid's Original T,1.7,1,12,72,02-01-2026 8:38,C,https://myebrochure.co.uk/images/colours/fotl/fotl-gl.jpg,https://myebrochure.co.uk/images/products/prod_10801_61019_166519.jpg,https://myebrochure.co.uk/images/products.small/prod_10801_61019_166519.jpg,https://myebrochure.co.uk/images/products.hires/prod_10801_61019_166519.jpg,https://myebrochure.co.uk/images/brands/fotl_23.png,https://myebrochure.co.uk/images/products.hires/prod_61019_141541.jpg,https://myebrochure.co.uk/images/products.hires/prod_61019_141540.jpg,https://myebrochure.co.uk/images/products.hires/prod_61019_141542.jpg,,,,,,,,"<li>Rib crew neck with self-fabric back neck tape</li> <li>Produced using Belcoro&reg; yarn for a cleaner, more stable print area</li> <li>Fine knit gauge for enhanced printability</li> <li><b>Also available in men&#39;s sizes code 61082 and ladies&#39; size code 61420</b></li>",1.33
138312,0000001382198,61019,TSHIRT,T-SHIRTS,CHITSH,Childrens T-Shirt,FOTL,Fruit Of The Loom,CH0059,K2,Yellow,0030  ,3-4 Years,Kid's Original T,1.7,2,12,72,02-01-2026 8:38,C,https://myebrochure.co.uk/images/colours/fotl/fotl-k2.jpg,https://myebrochure.co.uk/images/products/prod_10801_61019_166519.jpg,https://myebrochure.co.uk/images/products.small/prod_10801_61019_166519.jpg,https://myebrochure.co.uk/images/products.hires/prod_10801_61019_166519.jpg,https://myebrochure.co.uk/images/brands/fotl_23.png,https://myebrochure.co.uk/images/products.hires/prod_61019_141544.jpg,https://myebrochure.co.uk/images/products.hires/prod_61019_141543.jpg,https://myebrochure.co.uk/images/products.hires/prod_61019_141545.jpg,,,,,,,,"<li>Rib crew neck with self-fabric back neck tape</li> <li>Produced using Belcoro&reg; yarn for a cleaner, more stable print area</li> <li>Fine knit gauge for enhanced printability</li> <li><b>Also available in men&#39;s sizes code 61082 and ladies&#39; size code 61420</b></li>",1.33
138313,0000001382204,61019,TSHIRT,T-SHIRTS,CHITSH,Childrens T-Shirt,FOTL,Fruit Of The Loom,CH0059,K2,Yellow,0030  ,5-6 Years,Kid's Original T,1.7,2,12,72,02-01-2026 8:38,C,https://myebrochure.co.uk/images/colours/fotl/fotl-k2.jpg,https://myebrochure.co.uk/images/products/prod_10801_61019_166519.jpg,https://myebrochure.co.uk/images/products.small/prod_10801_61019_166519.jpg,https://myebrochure.co.uk/images/products.hires/prod_10801_61019_166519.jpg,https://myebrochure.co.uk/images/brands/fotl_23.png,https://myebrochure.co.uk/images/products.hires/prod_61019_141544.jpg,https://myebrochure.co.uk/images/products.hires/prod_61019_141543.jpg,https://myebrochure.co.uk/images/products.hires/prod_61019_141545.jpg,,,,,,,,"<li>Rib crew neck with self-fabric back neck tape</li> <li>Produced using Belcoro&reg; yarn for a cleaner, more stable print area</li> <li>Fine knit gauge for enhanced printability</li> <li><b>Also available in men&#39;s sizes code 61082 and ladies&#39; size code 61420</b></li>",1.33
138314,0000001382211,61019,TSHIRT,T-SHIRTS,CHITSH,Childrens T-Shirt,FOTL,Fruit Of The Loom,CH0059,K2,Yellow,0030  ,7-8 Years,Kid's Original T,1.7,2,12,72,02-01-2026 8:38,C,https://myebrochure.co.uk/images/colours/fotl/fotl-k2.jpg,https://myebrochure.co.uk/images/products/prod_10801_61019_166519.jpg,https://myebrochure.co.uk/images/products.small/prod_10801_61019_166519.jpg,https://myebrochure.co.uk/images/products.hires/prod_10801_61019_166519.jpg,https://myebrochure.co.uk/images/brands/fotl_23.png,https://myebrochure.co.uk/images/products.hires/prod_61019_141544.jpg,https://myebrochure.co.uk/images/products.hires/prod_61019_141543.jpg,https://myebrochure.co.uk/images/products.hires/prod_61019_141545.jpg,,,,,,,,"<li>Rib crew neck with self-fabric back neck tape</li> <li>Produced using Belcoro&reg; yarn for a cleaner, more stable print area</li> <li>Fine knit gauge for enhanced printability</li> <li><b>Also available in men&#39;s sizes code 61082 and ladies&#39; size code 61420</b></li>",1.33
138315,0000001382228,61019,TSHIRT,T-SHIRTS,CHITSH,Childrens T-Shirt,FOTL,Fruit Of The Loom,CH0059,K2,Yellow,0030  ,9-11 Years,Kid's Original T,1.7,2,12,72,02-01-2026 8:38,C,https://myebrochure.co.uk/images/colours/fotl/fotl-k2.jpg,https://myebrochure.co.uk/images/products/prod_10801_61019_166519.jpg,https://myebrochure.co.uk/images/products.small/prod_10801_61019_166519.jpg,https://myebrochure.co.uk/images/products.hires/prod_10801_61019_166519.jpg,https://myebrochure.co.uk/images/brands/fotl_23.png,https://myebrochure.co.uk/images/products.hires/prod_61019_141544.jpg,https://myebrochure.co.uk/images/products.hires/prod_61019_141543.jpg,https://myebrochure.co.uk/images/products.hires/prod_61019_141545.jpg,,,,,,,,"<li>Rib crew neck with self-fabric back neck tape</li> <li>Produced using Belcoro&reg; yarn for a cleaner, more stable print area</li> <li>Fine knit gauge for enhanced printability</li> <li><b>Also available in men&#39;s sizes code 61082 and ladies&#39; size code 61420</b></li>",1.33
138316,0000001382235,61019,TSHIRT,T-SHIRTS,CHITSH,Childrens T-Shirt,FOTL,Fruit Of The Loom,CH0059,K2,Yellow,0030  ,12-13 Years,Kid's Original T,1.7,2,12,72,02-01-2026 8:38,C,https://myebrochure.co.uk/images/colours/fotl/fotl-k2.jpg,https://myebrochure.co.uk/images/products/prod_10801_61019_166519.jpg,https://myebrochure.co.uk/images/products.small/prod_10801_61019_166519.jpg,https://myebrochure.co.uk/images/products.hires/prod_10801_61019_166519.jpg,https://myebrochure.co.uk/images/brands/fotl_23.png,https://myebrochure.co.uk/images/products.hires/prod_61019_141544.jpg,https://myebrochure.co.uk/images/products.hires/prod_61019_141543.jpg,https://myebrochure.co.uk/images/products.hires/prod_61019_141545.jpg,,,,,,,,"<li>Rib crew neck with self-fabric back neck tape</li> <li>Produced using Belcoro&reg; yarn for a cleaner, more stable print area</li> <li>Fine knit gauge for enhanced printability</li> <li><b>Also available in men&#39;s sizes code 61082 and ladies&#39; size code 61420</b></li>",1.33
138317,0000001382242,61019,TSHIRT,T-SHIRTS,CHITSH,Childrens T-Shirt,FOTL,Fruit Of The Loom,CH0059,K2,Yellow,0030  ,14-15 Years,Kid's Original T,1.7,1,12,72,02-01-2026 8:38,C,https://myebrochure.co.uk/images/colours/fotl/fotl-k2.jpg,https://myebrochure.co.uk/images/products/prod_10801_61019_166519.jpg,https://myebrochure.co.uk/images/products.small/prod_10801_61019_166519.jpg,https://myebrochure.co.uk/images/products.hires/prod_10801_61019_166519.jpg,https://myebrochure.co.uk/images/brands/fotl_23.png,https://myebrochure.co.uk/images/products.hires/prod_61019_141544.jpg,https://myebrochure.co.uk/images/products.hires/prod_61019_141543.jpg,https://myebrochure.co.uk/images/products.hires/prod_61019_141545.jpg,,,,,,,,"<li>Rib crew neck with self-fabric back neck tape</li> <li>Produced using Belcoro&reg; yarn for a cleaner, more stable print area</li> <li>Fine knit gauge for enhanced printability</li> <li><b>Also available in men&#39;s sizes code 61082 and ladies&#39; size code 61420</b></li>",1.33
138318,0000001382259,61019,TSHIRT,T-SHIRTS,CHITSH,Childrens T-Shirt,FOTL,Fruit Of The Loom,CH0059,LM,Lime,0030  ,3-4 Years,Kid's Original T,1.7,2,12,72,02-01-2026 8:38,C,https://myebrochure.co.uk/images/colours/fotl/fotl-lm.jpg,https://myebrochure.co.uk/images/products/prod_10801_61019_166519.jpg,https://myebrochure.co.uk/images/products.small/prod_10801_61019_166519.jpg,https://myebrochure.co.uk/images/products.hires/prod_10801_61019_166519.jpg,https://myebrochure.co.uk/images/brands/fotl_23.png,https://myebrochure.co.uk/images/products.hires/prod_61019_141547.jpg,https://myebrochure.co.uk/images/products.hires/prod_61019_141546.jpg,https://myebrochure.co.uk/images/products.hires/prod_61019_141548.jpg,,,,,,,,"<li>Rib crew neck with self-fabric back neck tape</li> <li>Produced using Belcoro&reg; yarn for a cleaner, more stable print area</li> <li>Fine knit gauge for enhanced printability</li> <li><b>Also available in men&#39;s sizes code 61082 and ladies&#39; size code 61420</b></li>",1.33
138319,0000001382266,61019,TSHIRT,T-SHIRTS,CHITSH,Childrens T-Shirt,FOTL,Fruit Of The Loom,CH0059,LM,Lime,0030  ,5-6 Years,Kid's Original T,1.7,2,12,72,02-01-2026 8:38,C,https://myebrochure.co.uk/images/colours/fotl/fotl-lm.jpg,https://myebrochure.co.uk/images/products/prod_10801_61019_166519.jpg,https://myebrochure.co.uk/images/products.small/prod_10801_61019_166519.jpg,https://myebrochure.co.uk/images/products.hires/prod_10801_61019_166519.jpg,https://myebrochure.co.uk/images/brands/fotl_23.png,https://myebrochure.co.uk/images/products.hires/prod_61019_141547.jpg,https://myebrochure.co.uk/images/products.hires/prod_61019_141546.jpg,https://myebrochure.co.uk/images/products.hires/prod_61019_141548.jpg,,,,,,,,"<li>Rib crew neck with self-fabric back neck tape</li> <li>Produced using Belcoro&reg; yarn for a cleaner, more stable print area</li> <li>Fine knit gauge for enhanced printability</li> <li><b>Also available in men&#39;s sizes code 61082 and ladies&#39; size code 61420</b></li>",1.33
138320,0000001382273,61019,TSHIRT,T-SHIRTS,CHITSH,Childrens T-Shirt,FOTL,Fruit Of The Loom,CH0059,LM,Lime,0030  ,7-8 Years,Kid's Original T,1.7,2,12,72,02-01-2026 8:38,C,https://myebrochure.co.uk/images/colours/fotl/fotl-lm.jpg,https://myebrochure.co.uk/images/products/prod_10801_61019_166519.jpg,https://myebrochure.co.uk/images/products.small/prod_10801_61019_166519.jpg,https://myebrochure.co.uk/images/products.hires/prod_10801_61019_166519.jpg,https://myebrochure.co.uk/images/brands/fotl_23.png,https://myebrochure.co.uk/images/products.hires/prod_61019_141547.jpg,https://myebrochure.co.uk/images/products.hires/prod_61019_141546.jpg,https://myebrochure.co.uk/images/products.hires/prod_61019_141548.jpg,,,,,,,,"<li>Rib crew neck with self-fabric back neck tape</li> <li>Produced using Belcoro&reg; yarn for a cleaner, more stable print area</li> <li>Fine knit gauge for enhanced printability</li> <li><b>Also available in men&#39;s sizes code 61082 and ladies&#39; size code 61420</b></li>",1.33
138321,0000001382280,61019,TSHIRT,T-SHIRTS,CHITSH,Childrens T-Shirt,FOTL,Fruit Of The Loom,CH0059,LM,Lime,0030  ,9-11 Years,Kid's Original T,1.7,2,12,72,02-01-2026 8:38,C,https://myebrochure.co.uk/images/colours/fotl/fotl-lm.jpg,https://myebrochure.co.uk/images/products/prod_10801_61019_166519.jpg,https://myebrochure.co.uk/images/products.small/prod_10801_61019_166519.jpg,https://myebrochure.co.uk/images/products.hires/prod_10801_61019_166519.jpg,https://myebrochure.co.uk/images/brands/fotl_23.png,https://myebrochure.co.uk/images/products.hires/prod_61019_141547.jpg,https://myebrochure.co.uk/images/products.hires/prod_61019_141546.jpg,https://myebrochure.co.uk/images/products.hires/prod_61019_141548.jpg,,,,,,,,"<li>Rib crew neck with self-fabric back neck tape</li> <li>Produced using Belcoro&reg; yarn for a cleaner, more stable print area</li> <li>Fine knit gauge for enhanced printability</li> <li><b>Also available in men&#39;s sizes code 61082 and ladies&#39; size code 61420</b></li>",1.33
138322,0000001382297,61019,TSHIRT,T-SHIRTS,CHITSH,Childrens T-Shirt,FOTL,Fruit Of The Loom,CH0059,LM,Lime,0030  ,12-13 Years,Kid's Original T,1.7,2,12,72,02-01-2026 8:38,C,https://myebrochure.co.uk/images/colours/fotl/fotl-lm.jpg,https://myebrochure.co.uk/images/products/prod_10801_61019_166519.jpg,https://myebrochure.co.uk/images/products.small/prod_10801_61019_166519.jpg,https://myebrochure.co.uk/images/products.hires/prod_10801_61019_166519.jpg,https://myebrochure.co.uk/images/brands/fotl_23.png,https://myebrochure.co.uk/images/products.hires/prod_61019_141547.jpg,https://myebrochure.co.uk/images/products.hires/prod_61019_141546.jpg,https://myebrochure.co.uk/images/products.hires/prod_61019_141548.jpg,,,,,,,,"<li>Rib crew neck with self-fabric back neck tape</li> <li>Produced using Belcoro&reg; yarn for a cleaner, more stable print area</li> <li>Fine knit gauge for enhanced printability</li> <li><b>Also available in men&#39;s sizes code 61082 and ladies&#39; size code 61420</b></li>",1.33
138323,0000001382303,61019,TSHIRT,T-SHIRTS,CHITSH,Childrens T-Shirt,FOTL,Fruit Of The Loom,CH0059,LM,Lime,0030  ,14-15 Years,Kid's Original T,1.7,1,12,72,02-01-2026 8:38,C,https://myebrochure.co.uk/images/colours/fotl/fotl-lm.jpg,https://myebrochure.co.uk/images/products/prod_10801_61019_166519.jpg,https://myebrochure.co.uk/images/products.small/prod_10801_61019_166519.jpg,https://myebrochure.co.uk/images/products.hires/prod_10801_61019_166519.jpg,https://myebrochure.co.uk/images/brands/fotl_23.png,https://myebrochure.co.uk/images/products.hires/prod_61019_141547.jpg,https://myebrochure.co.uk/images/products.hires/prod_61019_141546.jpg,https://myebrochure.co.uk/images/products.hires/prod_61019_141548.jpg,,,,,,,,"<li>Rib crew neck with self-fabric back neck tape</li> <li>Produced using Belcoro&reg; yarn for a cleaner, more stable print area</li> <li>Fine knit gauge for enhanced printability</li> <li><b>Also available in men&#39;s sizes code 61082 and ladies&#39; size code 61420</b></li>",1.33
138324,0000001382310,61019,TSHIRT,T-SHIRTS,CHITSH,Childrens T-Shirt,FOTL,Fruit Of The Loom,CH0059,PE,Purple,0030  ,3-4 Years,Kid's Original T,1.7,2,12,72,02-01-2026 8:38,C,https://myebrochure.co.uk/images/colours/fotl/fotl-pe.jpg,https://myebrochure.co.uk/images/products/prod_10801_61019_166519.jpg,https://myebrochure.co.uk/images/products.small/prod_10801_61019_166519.jpg,https://myebrochure.co.uk/images/products.hires/prod_10801_61019_166519.jpg,https://myebrochure.co.uk/images/brands/fotl_23.png,https://myebrochure.co.uk/images/products.hires/prod_61019_141550.jpg,https://myebrochure.co.uk/images/products.hires/prod_61019_141549.jpg,https://myebrochure.co.uk/images/products.hires/prod_61019_141551.jpg,,,,,,,,"<li>Rib crew neck with self-fabric back neck tape</li> <li>Produced using Belcoro&reg; yarn for a cleaner, more stable print area</li> <li>Fine knit gauge for enhanced printability</li> <li><b>Also available in men&#39;s sizes code 61082 and ladies&#39; size code 61420</b></li>",1.33
138325,0000001382327,61019,TSHIRT,T-SHIRTS,CHITSH,Childrens T-Shirt,FOTL,Fruit Of The Loom,CH0059,PE,Purple,0030  ,5-6 Years,Kid's Original T,1.7,2,12,72,02-01-2026 8:38,C,https://myebrochure.co.uk/images/colours/fotl/fotl-pe.jpg,https://myebrochure.co.uk/images/products/prod_10801_61019_166519.jpg,https://myebrochure.co.uk/images/products.small/prod_10801_61019_166519.jpg,https://myebrochure.co.uk/images/products.hires/prod_10801_61019_166519.jpg,https://myebrochure.co.uk/images/brands/fotl_23.png,https://myebrochure.co.uk/images/products.hires/prod_61019_141550.jpg,https://myebrochure.co.uk/images/products.hires/prod_61019_141549.jpg,https://myebrochure.co.uk/images/products.hires/prod_61019_141551.jpg,,,,,,,,"<li>Rib crew neck with self-fabric back neck tape</li> <li>Produced using Belcoro&reg; yarn for a cleaner, more stable print area</li> <li>Fine knit gauge for enhanced printability</li> <li><b>Also available in men&#39;s sizes code 61082 and ladies&#39; size code 61420</b></li>",1.33
138326,0000001382334,61019,TSHIRT,T-SHIRTS,CHITSH,Childrens T-Shirt,FOTL,Fruit Of The Loom,CH0059,PE,Purple,0030  ,7-8 Years,Kid's Original T,1.7,2,12,72,02-01-2026 8:38,C,https://myebrochure.co.uk/images/colours/fotl/fotl-pe.jpg,https://myebrochure.co.uk/images/products/prod_10801_61019_166519.jpg,https://myebrochure.co.uk/images/products.small/prod_10801_61019_166519.jpg,https://myebrochure.co.uk/images/products.hires/prod_10801_61019_166519.jpg,https://myebrochure.co.uk/images/brands/fotl_23.png,https://myebrochure.co.uk/images/products.hires/prod_61019_141550.jpg,https://myebrochure.co.uk/images/products.hires/prod_61019_141549.jpg,https://myebrochure.co.uk/images/products.hires/prod_61019_141551.jpg,,,,,,,,"<li>Rib crew neck with self-fabric back neck tape</li> <li>Produced using Belcoro&reg; yarn for a cleaner, more stable print area</li> <li>Fine knit gauge for enhanced printability</li> <li><b>Also available in men&#39;s sizes code 61082 and ladies&#39; size code 61420</b></li>",1.33
138327,0000001382341,61019,TSHIRT,T-SHIRTS,CHITSH,Childrens T-Shirt,FOTL,Fruit Of The Loom,CH0059,PE,Purple,0030  ,9-11 Years,Kid's Original T,1.7,2,12,72,02-01-2026 8:38,C,https://myebrochure.co.uk/images/colours/fotl/fotl-pe.jpg,https://myebrochure.co.uk/images/products/prod_10801_61019_166519.jpg,https://myebrochure.co.uk/images/products.small/prod_10801_61019_166519.jpg,https://myebrochure.co.uk/images/products.hires/prod_10801_61019_166519.jpg,https://myebrochure.co.uk/images/brands/fotl_23.png,https://myebrochure.co.uk/images/products.hires/prod_61019_141550.jpg,https://myebrochure.co.uk/images/products.hires/prod_61019_141549.jpg,https://myebrochure.co.uk/images/products.hires/prod_61019_141551.jpg,,,,,,,,"<li>Rib crew neck with self-fabric back neck tape</li> <li>Produced using Belcoro&reg; yarn for a cleaner, more stable print area</li> <li>Fine knit gauge for enhanced printability</li> <li><b>Also available in men&#39;s sizes code 61082 and ladies&#39; size code 61420</b></li>",1.33
138328,0000001382358,61019,TSHIRT,T-SHIRTS,CHITSH,Childrens T-Shirt,FOTL,Fruit Of The Loom,CH0059,PE,Purple,0030  ,12-13 Years,Kid's Original T,1.7,2,12,72,02-01-2026 8:38,C,https://myebrochure.co.uk/images/colours/fotl/fotl-pe.jpg,https://myebrochure.co.uk/images/products/prod_10801_61019_166519.jpg,https://myebrochure.co.uk/images/products.small/prod_10801_61019_166519.jpg,https://myebrochure.co.uk/images/products.hires/prod_10801_61019_166519.jpg,https://myebrochure.co.uk/images/brands/fotl_23.png,https://myebrochure.co.uk/images/products.hires/prod_61019_141550.jpg,https://myebrochure.co.uk/images/products.hires/prod_61019_141549.jpg,https://myebrochure.co.uk/images/products.hires/prod_61019_141551.jpg,,,,,,,,"<li>Rib crew neck with self-fabric back neck tape</li> <li>Produced using Belcoro&reg; yarn for a cleaner, more stable print area</li> <li>Fine knit gauge for enhanced printability</li> <li><b>Also available in men&#39;s sizes code 61082 and ladies&#39; size code 61420</b></li>",1.33
138329,0000001382365,61019,TSHIRT,T-SHIRTS,CHITSH,Childrens T-Shirt,FOTL,Fruit Of The Loom,CH0059,PE,Purple,0030  ,14-15 Years,Kid's Original T,1.7,1,12,72,02-01-2026 8:38,C,https://myebrochure.co.uk/images/colours/fotl/fotl-pe.jpg,https://myebrochure.co.uk/images/products/prod_10801_61019_166519.jpg,https://myebrochure.co.uk/images/products.small/prod_10801_61019_166519.jpg,https://myebrochure.co.uk/images/products.hires/prod_10801_61019_166519.jpg,https://myebrochure.co.uk/images/brands/fotl_23.png,https://myebrochure.co.uk/images/products.hires/prod_61019_141550.jpg,https://myebrochure.co.uk/images/products.hires/prod_61019_141549.jpg,https://myebrochure.co.uk/images/products.hires/prod_61019_141551.jpg,,,,,,,,"<li>Rib crew neck with self-fabric back neck tape</li> <li>Produced using Belcoro&reg; yarn for a cleaner, more stable print area</li> <li>Fine knit gauge for enhanced printability</li> <li><b>Also available in men&#39;s sizes code 61082 and ladies&#39; size code 61420</b></li>",1.33
138330,0000001382372,61019,TSHIRT,T-SHIRTS,CHITSH,Childrens T-Shirt,FOTL,Fruit Of The Loom,CH0059,YT,Sky Blue,0030  ,3-4 Years,Kid's Original T,1.7,2,12,72,02-01-2026 8:38,C,https://myebrochure.co.uk/images/colours/fotl/fotl-yt.jpg,https://myebrochure.co.uk/images/products/prod_10801_61019_166519.jpg,https://myebrochure.co.uk/images/products.small/prod_10801_61019_166519.jpg,https://myebrochure.co.uk/images/products.hires/prod_10801_61019_166519.jpg,https://myebrochure.co.uk/images/brands/fotl_23.png,https://myebrochure.co.uk/images/products.hires/prod_61019_141553.jpg,https://myebrochure.co.uk/images/products.hires/prod_61019_141552.jpg,https://myebrochure.co.uk/images/products.hires/prod_61019_141554.jpg,,,,,,,,"<li>Rib crew neck with self-fabric back neck tape</li> <li>Produced using Belcoro&reg; yarn for a cleaner, more stable print area</li> <li>Fine knit gauge for enhanced printability</li> <li><b>Also available in men&#39;s sizes code 61082 and ladies&#39; size code 61420</b></li>",1.33
138331,0000001382389,61019,TSHIRT,T-SHIRTS,CHITSH,Childrens T-Shirt,FOTL,Fruit Of The Loom,CH0059,YT,Sky Blue,0030  ,5-6 Years,Kid's Original T,1.7,2,12,72,02-01-2026 8:38,C,https://myebrochure.co.uk/images/colours/fotl/fotl-yt.jpg,https://myebrochure.co.uk/images/products/prod_10801_61019_166519.jpg,https://myebrochure.co.uk/images/products.small/prod_10801_61019_166519.jpg,https://myebrochure.co.uk/images/products.hires/prod_10801_61019_166519.jpg,https://myebrochure.co.uk/images/brands/fotl_23.png,https://myebrochure.co.uk/images/products.hires/prod_61019_141553.jpg,https://myebrochure.co.uk/images/products.hires/prod_61019_141552.jpg,https://myebrochure.co.uk/images/products.hires/prod_61019_141554.jpg,,,,,,,,"<li>Rib crew neck with self-fabric back neck tape</li> <li>Produced using Belcoro&reg; yarn for a cleaner, more stable print area</li> <li>Fine knit gauge for enhanced printability</li> <li><b>Also available in men&#39;s sizes code 61082 and ladies&#39; size code 61420</b></li>",1.33
138332,0000001382396,61019,TSHIRT,T-SHIRTS,CHITSH,Childrens T-Shirt,FOTL,Fruit Of The Loom,CH0059,YT,Sky Blue,0030  ,7-8 Years,Kid's Original T,1.7,2,12,72,02-01-2026 8:38,C,https://myebrochure.co.uk/images/colours/fotl/fotl-yt.jpg,https://myebrochure.co.uk/images/products/prod_10801_61019_166519.jpg,https://myebrochure.co.uk/images/products.small/prod_10801_61019_166519.jpg,https://myebrochure.co.uk/images/products.hires/prod_10801_61019_166519.jpg,https://myebrochure.co.uk/images/brands/fotl_23.png,https://myebrochure.co.uk/images/products.hires/prod_61019_141553.jpg,https://myebrochure.co.uk/images/products.hires/prod_61019_141552.jpg,https://myebrochure.co.uk/images/products.hires/prod_61019_141554.jpg,,,,,,,,"<li>Rib crew neck with self-fabric back neck tape</li> <li>Produced using Belcoro&reg; yarn for a cleaner, more stable print area</li> <li>Fine knit gauge for enhanced printability</li> <li><b>Also available in men&#39;s sizes code 61082 and ladies&#39; size code 61420</b></li>",1.33
138333,0000001382402,61019,TSHIRT,T-SHIRTS,CHITSH,Childrens T-Shirt,FOTL,Fruit Of The Loom,CH0059,YT,Sky Blue,0030  ,9-11 Years,Kid's Original T,1.7,2,12,72,02-01-2026 8:38,C,https://myebrochure.co.uk/images/colours/fotl/fotl-yt.jpg,https://myebrochure.co.uk/images/products/prod_10801_61019_166519.jpg,https://myebrochure.co.uk/images/products.small/prod_10801_61019_166519.jpg,https://myebrochure.co.uk/images/products.hires/prod_10801_61019_166519.jpg,https://myebrochure.co.uk/images/brands/fotl_23.png,https://myebrochure.co.uk/images/products.hires/prod_61019_141553.jpg,https://myebrochure.co.uk/images/products.hires/prod_61019_141552.jpg,https://myebrochure.co.uk/images/products.hires/prod_61019_141554.jpg,,,,,,,,"<li>Rib crew neck with self-fabric back neck tape</li> <li>Produced using Belcoro&reg; yarn for a cleaner, more stable print area</li> <li>Fine knit gauge for enhanced printability</li> <li><b>Also available in men&#39;s sizes code 61082 and ladies&#39; size code 61420</b></li>",1.33
138334,0000001382419,61019,TSHIRT,T-SHIRTS,CHITSH,Childrens T-Shirt,FOTL,Fruit Of The Loom,CH0059,YT,Sky Blue,0030  ,12-13 Years,Kid's Original T,1.7,2,12,72,02-01-2026 8:38,C,https://myebrochure.co.uk/images/colours/fotl/fotl-yt.jpg,https://myebrochure.co.uk/images/products/prod_10801_61019_166519.jpg,https://myebrochure.co.uk/images/products.small/prod_10801_61019_166519.jpg,https://myebrochure.co.uk/images/products.hires/prod_10801_61019_166519.jpg,https://myebrochure.co.uk/images/brands/fotl_23.png,https://myebrochure.co.uk/images/products.hires/prod_61019_141553.jpg,https://myebrochure.co.uk/images/products.hires/prod_61019_141552.jpg,https://myebrochure.co.uk/images/products.hires/prod_61019_141554.jpg,,,,,,,,"<li>Rib crew neck with self-fabric back neck tape</li> <li>Produced using Belcoro&reg; yarn for a cleaner, more stable print area</li> <li>Fine knit gauge for enhanced printability</li> <li><b>Also available in men&#39;s sizes code 61082 and ladies&#39; size code 61420</b></li>",1.33
138335,0000001382426,61019,TSHIRT,T-SHIRTS,CHITSH,Childrens T-Shirt,FOTL,Fruit Of The Loom,CH0059,YT,Sky Blue,0030  ,14-15 Years,Kid's Original T,1.7,1,12,72,02-01-2026 8:38,C,https://myebrochure.co.uk/images/colours/fotl/fotl-yt.jpg,https://myebrochure.co.uk/images/products/prod_10801_61019_166519.jpg,https://myebrochure.co.uk/images/products.small/prod_10801_61019_166519.jpg,https://myebrochure.co.uk/images/products.hires/prod_10801_61019_166519.jpg,https://myebrochure.co.uk/images/brands/fotl_23.png,https://myebrochure.co.uk/images/products.hires/prod_61019_141553.jpg,https://myebrochure.co.uk/images/products.hires/prod_61019_141552.jpg,https://myebrochure.co.uk/images/products.hires/prod_61019_141554.jpg,,,,,,,,"<li>Rib crew neck with self-fabric back neck tape</li> <li>Produced using Belcoro&reg; yarn for a cleaner, more stable print area</li> <li>Fine knit gauge for enhanced printability</li> <li><b>Also available in men&#39;s sizes code 61082 and ladies&#39; size code 61420</b></li>",1.33
138336,0000001382433,61019,TSHIRT,T-SHIRTS,CHITSH,Childrens T-Shirt,FOTL,Fruit Of The Loom,CH0059,ZU,Azure Blue,0030  ,3-4 Years,Kid's Original T,1.7,2,12,72,02-01-2026 8:38,C,https://myebrochure.co.uk/images/colours/fotl/fotl-zu.jpg,https://myebrochure.co.uk/images/products/prod_10801_61019_166519.jpg,https://myebrochure.co.uk/images/products.small/prod_10801_61019_166519.jpg,https://myebrochure.co.uk/images/products.hires/prod_10801_61019_166519.jpg,https://myebrochure.co.uk/images/brands/fotl_23.png,https://myebrochure.co.uk/images/products.hires/prod_61019_141556.jpg,https://myebrochure.co.uk/images/products.hires/prod_61019_141555.jpg,https://myebrochure.co.uk/images/products.hires/prod_61019_141557.jpg,,,,,,,,"<li>Rib crew neck with self-fabric back neck tape</li> <li>Produced using Belcoro&reg; yarn for a cleaner, more stable print area</li> <li>Fine knit gauge for enhanced printability</li> <li><b>Also available in men&#39;s sizes code 61082 and ladies&#39; size code 61420</b></li>",1.33
138337,0000001382440,61019,TSHIRT,T-SHIRTS,CHITSH,Childrens T-Shirt,FOTL,Fruit Of The Loom,CH0059,ZU,Azure Blue,0030  ,5-6 Years,Kid's Original T,1.7,2,12,72,02-01-2026 8:38,C,https://myebrochure.co.uk/images/colours/fotl/fotl-zu.jpg,https://myebrochure.co.uk/images/products/prod_10801_61019_166519.jpg,https://myebrochure.co.uk/images/products.small/prod_10801_61019_166519.jpg,https://myebrochure.co.uk/images/products.hires/prod_10801_61019_166519.jpg,https://myebrochure.co.uk/images/brands/fotl_23.png,https://myebrochure.co.uk/images/products.hires/prod_61019_141556.jpg,https://myebrochure.co.uk/images/products.hires/prod_61019_141555.jpg,https://myebrochure.co.uk/images/products.hires/prod_61019_141557.jpg,,,,,,,,"<li>Rib crew neck with self-fabric back neck tape</li> <li>Produced using Belcoro&reg; yarn for a cleaner, more stable print area</li> <li>Fine knit gauge for enhanced printability</li> <li><b>Also available in men&#39;s sizes code 61082 and ladies&#39; size code 61420</b></li>",1.33
138338,0000001382457,61019,TSHIRT,T-SHIRTS,CHITSH,Childrens T-Shirt,FOTL,Fruit Of The Loom,CH0059,ZU,Azure Blue,0030  ,7-8 Years,Kid's Original T,1.7,2,12,72,02-01-2026 8:38,C,https://myebrochure.co.uk/images/colours/fotl/fotl-zu.jpg,https://myebrochure.co.uk/images/products/prod_10801_61019_166519.jpg,https://myebrochure.co.uk/images/products.small/prod_10801_61019_166519.jpg,https://myebrochure.co.uk/images/products.hires/prod_10801_61019_166519.jpg,https://myebrochure.co.uk/images/brands/fotl_23.png,https://myebrochure.co.uk/images/products.hires/prod_61019_141556.jpg,https://myebrochure.co.uk/images/products.hires/prod_61019_141555.jpg,https://myebrochure.co.uk/images/products.hires/prod_61019_141557.jpg,,,,,,,,"<li>Rib crew neck with self-fabric back neck tape</li> <li>Produced using Belcoro&reg; yarn for a cleaner, more stable print area</li> <li>Fine knit gauge for enhanced printability</li> <li><b>Also available in men&#39;s sizes code 61082 and ladies&#39; size code 61420</b></li>",1.33
138339,0000001382464,61019,TSHIRT,T-SHIRTS,CHITSH,Childrens T-Shirt,FOTL,Fruit Of The Loom,CH0059,ZU,Azure Blue,0030  ,9-11 Years,Kid's Original T,1.7,2,12,72,02-01-2026 8:38,C,https://myebrochure.co.uk/images/colours/fotl/fotl-zu.jpg,https://myebrochure.co.uk/images/products/prod_10801_61019_166519.jpg,https://myebrochure.co.uk/images/products.small/prod_10801_61019_166519.jpg,https://myebrochure.co.uk/images/products.hires/prod_10801_61019_166519.jpg,https://myebrochure.co.uk/images/brands/fotl_23.png,https://myebrochure.co.uk/images/products.hires/prod_61019_141556.jpg,https://myebrochure.co.uk/images/products.hires/prod_61019_141555.jpg,https://myebrochure.co.uk/images/products.hires/prod_61019_141557.jpg,,,,,,,,"<li>Rib crew neck with self-fabric back neck tape</li> <li>Produced using Belcoro&reg; yarn for a cleaner, more stable print area</li> <li>Fine knit gauge for enhanced printability</li> <li><b>Also available in men&#39;s sizes code 61082 and ladies&#39; size code 61420</b></li>",1.33
138340,0000001382471,61019,TSHIRT,T-SHIRTS,CHITSH,Childrens T-Shirt,FOTL,Fruit Of The Loom,CH0059,ZU,Azure Blue,0030  ,12-13 Years,Kid's Original T,1.7,2,12,72,02-01-2026 8:38,C,https://myebrochure.co.uk/images/colours/fotl/fotl-zu.jpg,https://myebrochure.co.uk/images/products/prod_10801_61019_166519.jpg,https://myebrochure.co.uk/images/products.small/prod_10801_61019_166519.jpg,https://myebrochure.co.uk/images/products.hires/prod_10801_61019_166519.jpg,https://myebrochure.co.uk/images/brands/fotl_23.png,https://myebrochure.co.uk/images/products.hires/prod_61019_141556.jpg,https://myebrochure.co.uk/images/products.hires/prod_61019_141555.jpg,https://myebrochure.co.uk/images/products.hires/prod_61019_141557.jpg,,,,,,,,"<li>Rib crew neck with self-fabric back neck tape</li> <li>Produced using Belcoro&reg; yarn for a cleaner, more stable print area</li> <li>Fine knit gauge for enhanced printability</li> <li><b>Also available in men&#39;s sizes code 61082 and ladies&#39; size code 61420</b></li>",1.33
138341,0000001382488,61019,TSHIRT,T-SHIRTS,CHITSH,Childrens T-Shirt,FOTL,Fruit Of The Loom,CH0059,ZU,Azure Blue,0030  ,14-15 Years,Kid's Original T,1.7,1,12,72,02-01-2026 8:38,C,https://myebrochure.co.uk/images/colours/fotl/fotl-zu.jpg,https://myebrochure.co.uk/images/products/prod_10801_61019_166519.jpg,https://myebrochure.co.uk/images/products.small/prod_10801_61019_166519.jpg,https://myebrochure.co.uk/images/products.hires/prod_10801_61019_166519.jpg,https://myebrochure.co.uk/images/brands/fotl_23.png,https://myebrochure.co.uk/images/products.hires/prod_61019_141556.jpg,https://myebrochure.co.uk/images/products.hires/prod_61019_141555.jpg,https://myebrochure.co.uk/images/products.hires/prod_61019_141557.jpg,,,,,,,,"<li>Rib crew neck with self-fabric back neck tape</li> <li>Produced using Belcoro&reg; yarn for a cleaner, more stable print area</li> <li>Fine knit gauge for enhanced printability</li> <li><b>Also available in men&#39;s sizes code 61082 and ladies&#39; size code 61420</b></li>",1.33
172171,0000001720792,61023,TSHIRT,T-SHIRTS,CHITSH,Childrens T-Shirt,FOTL,Fruit Of The Loom,CH0069,30,White,0030  ,3-4 Years,Kid's Iconic 150 T,1.38,2,12,72,02-01-2026 8:39,C,https://myebrochure.co.uk/images/colours/fotl/fotl-30.jpg,https://myebrochure.co.uk/images/products/prod_11301_61023_164493.jpg,https://myebrochure.co.uk/images/products.small/prod_11301_61023_164493.jpg,https://myebrochure.co.uk/images/products.hires/prod_11301_61023_164493.jpg,https://myebrochure.co.uk/images/brands/fotl_23.png,https://myebrochure.co.uk/images/products.hires/prod_61023_131710.jpg,https://myebrochure.co.uk/images/products.hires/prod_61023_131708.jpg,https://myebrochure.co.uk/images/products.hires/prod_61023_131709.jpg,,,,,,,,"<li>100&#37; combed ringspun cotton</li> <li>Soft hand feel</li> <li>Tailored fit</li> <li>Narrow crew neck with 1x1 rib#Self-fabric back neck tape</li> <li>New tear away back neck label</li> <li><b>Also available in girl&#39;s sizes code 61025, men&#39;s sizes code 61430 and ladies&#39; sizes code 61432</b></li>",1.08
172172,0000001720808,61023,TSHIRT,T-SHIRTS,CHITSH,Childrens T-Shirt,FOTL,Fruit Of The Loom,CH0069,30,White,0030  ,5-6 Years,Kid's Iconic 150 T,1.38,2,12,72,02-01-2026 8:39,C,https://myebrochure.co.uk/images/colours/fotl/fotl-30.jpg,https://myebrochure.co.uk/images/products/prod_11301_61023_164493.jpg,https://myebrochure.co.uk/images/products.small/prod_11301_61023_164493.jpg,https://myebrochure.co.uk/images/products.hires/prod_11301_61023_164493.jpg,https://myebrochure.co.uk/images/brands/fotl_23.png,https://myebrochure.co.uk/images/products.hires/prod_61023_131710.jpg,https://myebrochure.co.uk/images/products.hires/prod_61023_131708.jpg,https://myebrochure.co.uk/images/products.hires/prod_61023_131709.jpg,,,,,,,,"<li>100&#37; combed ringspun cotton</li> <li>Soft hand feel</li> <li>Tailored fit</li> <li>Narrow crew neck with 1x1 rib#Self-fabric back neck tape</li> <li>New tear away back neck label</li> <li><b>Also available in girl&#39;s sizes code 61025, men&#39;s sizes code 61430 and ladies&#39; sizes code 61432</b></li>",1.08
172173,0000001720815,61023,TSHIRT,T-SHIRTS,CHITSH,Childrens T-Shirt,FOTL,Fruit Of The Loom,CH0069,30,White,0030  ,7-8 Years,Kid's Iconic 150 T,1.38,2,12,72,02-01-2026 8:39,C,https://myebrochure.co.uk/images/colours/fotl/fotl-30.jpg,https://myebrochure.co.uk/images/products/prod_11301_61023_164493.jpg,https://myebrochure.co.uk/images/products.small/prod_11301_61023_164493.jpg,https://myebrochure.co.uk/images/products.hires/prod_11301_61023_164493.jpg,https://myebrochure.co.uk/images/brands/fotl_23.png,https://myebrochure.co.uk/images/products.hires/prod_61023_131710.jpg,https://myebrochure.co.uk/images/products.hires/prod_61023_131708.jpg,https://myebrochure.co.uk/images/products.hires/prod_61023_131709.jpg,,,,,,,,"<li>100&#37; combed ringspun cotton</li> <li>Soft hand feel</li> <li>Tailored fit</li> <li>Narrow crew neck with 1x1 rib#Self-fabric back neck tape</li> <li>New tear away back neck label</li> <li><b>Also available in girl&#39;s sizes code 61025, men&#39;s sizes code 61430 and ladies&#39; sizes code 61432</b></li>",1.08
172174,0000001720822,61023,TSHIRT,T-SHIRTS,CHITSH,Childrens T-Shirt,FOTL,Fruit Of The Loom,CH0069,30,White,0030  ,9-11 Years,Kid's Iconic 150 T,1.38,2,12,72,02-01-2026 8:39,C,https://myebrochure.co.uk/images/colours/fotl/fotl-30.jpg,https://myebrochure.co.uk/images/products/prod_11301_61023_164493.jpg,https://myebrochure.co.uk/images/products.small/prod_11301_61023_164493.jpg,https://myebrochure.co.uk/images/products.hires/prod_11301_61023_164493.jpg,https://myebrochure.co.uk/images/brands/fotl_23.png,https://myebrochure.co.uk/images/products.hires/prod_61023_131710.jpg,https://myebrochure.co.uk/images/products.hires/prod_61023_131708.jpg,https://myebrochure.co.uk/images/products.hires/prod_61023_131709.jpg,,,,,,,,"<li>100&#37; combed ringspun cotton</li> <li>Soft hand feel</li> <li>Tailored fit</li> <li>Narrow crew neck with 1x1 rib#Self-fabric back neck tape</li> <li>New tear away back neck label</li> <li><b>Also available in girl&#39;s sizes code 61025, men&#39;s sizes code 61430 and ladies&#39; sizes code 61432</b></li>",1.08
172175,0000001720839,61023,TSHIRT,T-SHIRTS,CHITSH,Childrens T-Shirt,FOTL,Fruit Of The Loom,CH0069,30,White,0030  ,12-13 Years,Kid's Iconic 150 T,1.38,2,12,72,02-01-2026 8:39,C,https://myebrochure.co.uk/images/colours/fotl/fotl-30.jpg,https://myebrochure.co.uk/images/products/prod_11301_61023_164493.jpg,https://myebrochure.co.uk/images/products.small/prod_11301_61023_164493.jpg,https://myebrochure.co.uk/images/products.hires/prod_11301_61023_164493.jpg,https://myebrochure.co.uk/images/brands/fotl_23.png,https://myebrochure.co.uk/images/products.hires/prod_61023_131710.jpg,https://myebrochure.co.uk/images/products.hires/prod_61023_131708.jpg,https://myebrochure.co.uk/images/products.hires/prod_61023_131709.jpg,,,,,,,,"<li>100&#37; combed ringspun cotton</li> <li>Soft hand feel</li> <li>Tailored fit</li> <li>Narrow crew neck with 1x1 rib#Self-fabric back neck tape</li> <li>New tear away back neck label</li> <li><b>Also available in girl&#39;s sizes code 61025, men&#39;s sizes code 61430 and ladies&#39; sizes code 61432</b></li>",1.08
172176,0000001720846,61023,TSHIRT,T-SHIRTS,CHITSH,Childrens T-Shirt,FOTL,Fruit Of The Loom,CH0069,30,White,0030  ,14-15 Years,Kid's Iconic 150 T,1.38,1,12,72,02-01-2026 8:39,C,https://myebrochure.co.uk/images/colours/fotl/fotl-30.jpg,https://myebrochure.co.uk/images/products/prod_11301_61023_164493.jpg,https://myebrochure.co.uk/images/products.small/prod_11301_61023_164493.jpg,https://myebrochure.co.uk/images/products.hires/prod_11301_61023_164493.jpg,https://myebrochure.co.uk/images/brands/fotl_23.png,https://myebrochure.co.uk/images/products.hires/prod_61023_131710.jpg,https://myebrochure.co.uk/images/products.hires/prod_61023_131708.jpg,https://myebrochure.co.uk/images/products.hires/prod_61023_131709.jpg,,,,,,,,"<li>100&#37; combed ringspun cotton</li> <li>Soft hand feel</li> <li>Tailored fit</li> <li>Narrow crew neck with 1x1 rib#Self-fabric back neck tape</li> <li>New tear away back neck label</li> <li><b>Also available in girl&#39;s sizes code 61025, men&#39;s sizes code 61430 and ladies&#39; sizes code 61432</b></li>",1.08
172177,0000001720853,61023,TSHIRT,T-SHIRTS,CHITSH,Childrens T-Shirt,FOTL,Fruit Of The Loom,CH0069,34,Sunflower,0030  ,3-4 Years,Kid's Iconic 150 T,1.82,2,12,72,02-01-2026 8:39,C,https://myebrochure.co.uk/images/colours/fotl/fotl-34.jpg,https://myebrochure.co.uk/images/products/prod_11301_61023_164493.jpg,https://myebrochure.co.uk/images/products.small/prod_11301_61023_164493.jpg,https://myebrochure.co.uk/images/products.hires/prod_11301_61023_164493.jpg,https://myebrochure.co.uk/images/brands/fotl_23.png,https://myebrochure.co.uk/images/products.hires/prod_61023_131713.jpg,https://myebrochure.co.uk/images/products.hires/prod_61023_131711.jpg,https://myebrochure.co.uk/images/products.hires/prod_61023_131712.jpg,,,,,,,,"<li>100&#37; combed ringspun cotton</li> <li>Soft hand feel</li> <li>Tailored fit</li> <li>Narrow crew neck with 1x1 rib#Self-fabric back neck tape</li> <li>New tear away back neck label</li> <li><b>Also available in girl&#39;s sizes code 61025, men&#39;s sizes code 61430 and ladies&#39; sizes code 61432</b></li>",1.43
172178,0000001720860,61023,TSHIRT,T-SHIRTS,CHITSH,Childrens T-Shirt,FOTL,Fruit Of The Loom,CH0069,34,Sunflower,0030  ,5-6 Years,Kid's Iconic 150 T,1.82,2,12,72,02-01-2026 8:39,C,https://myebrochure.co.uk/images/colours/fotl/fotl-34.jpg,https://myebrochure.co.uk/images/products/prod_11301_61023_164493.jpg,https://myebrochure.co.uk/images/products.small/prod_11301_61023_164493.jpg,https://myebrochure.co.uk/images/products.hires/prod_11301_61023_164493.jpg,https://myebrochure.co.uk/images/brands/fotl_23.png,https://myebrochure.co.uk/images/products.hires/prod_61023_131713.jpg,https://myebrochure.co.uk/images/products.hires/prod_61023_131711.jpg,https://myebrochure.co.uk/images/products.hires/prod_61023_131712.jpg,,,,,,,,"<li>100&#37; combed ringspun cotton</li> <li>Soft hand feel</li> <li>Tailored fit</li> <li>Narrow crew neck with 1x1 rib#Self-fabric back neck tape</li> <li>New tear away back neck label</li> <li><b>Also available in girl&#39;s sizes code 61025, men&#39;s sizes code 61430 and ladies&#39; sizes code 61432</b></li>",1.43
172179,0000001720877,61023,TSHIRT,T-SHIRTS,CHITSH,Childrens T-Shirt,FOTL,Fruit Of The Loom,CH0069,34,Sunflower,0030  ,7-8 Years,Kid's Iconic 150 T,1.82,2,12,72,02-01-2026 8:39,C,https://myebrochure.co.uk/images/colours/fotl/fotl-34.jpg,https://myebrochure.co.uk/images/products/prod_11301_61023_164493.jpg,https://myebrochure.co.uk/images/products.small/prod_11301_61023_164493.jpg,https://myebrochure.co.uk/images/products.hires/prod_11301_61023_164493.jpg,https://myebrochure.co.uk/images/brands/fotl_23.png,https://myebrochure.co.uk/images/products.hires/prod_61023_131713.jpg,https://myebrochure.co.uk/images/products.hires/prod_61023_131711.jpg,https://myebrochure.co.uk/images/products.hires/prod_61023_131712.jpg,,,,,,,,"<li>100&#37; combed ringspun cotton</li> <li>Soft hand feel</li> <li>Tailored fit</li> <li>Narrow crew neck with 1x1 rib#Self-fabric back neck tape</li> <li>New tear away back neck label</li> <li><b>Also available in girl&#39;s sizes code 61025, men&#39;s sizes code 61430 and ladies&#39; sizes code 61432</b></li>",1.43
172180,0000001720884,61023,TSHIRT,T-SHIRTS,CHITSH,Childrens T-Shirt,FOTL,Fruit Of The Loom,CH0069,34,Sunflower,0030  ,9-11 Years,Kid's Iconic 150 T,1.82,2,12,72,02-01-2026 8:39,C,https://myebrochure.co.uk/images/colours/fotl/fotl-34.jpg,https://myebrochure.co.uk/images/products/prod_11301_61023_164493.jpg,https://myebrochure.co.uk/images/products.small/prod_11301_61023_164493.jpg,https://myebrochure.co.uk/images/products.hires/prod_11301_61023_164493.jpg,https://myebrochure.co.uk/images/brands/fotl_23.png,https://myebrochure.co.uk/images/products.hires/prod_61023_131713.jpg,https://myebrochure.co.uk/images/products.hires/prod_61023_131711.jpg,https://myebrochure.co.uk/images/products.hires/prod_61023_131712.jpg,,,,,,,,"<li>100&#37; combed ringspun cotton</li> <li>Soft hand feel</li> <li>Tailored fit</li> <li>Narrow crew neck with 1x1 rib#Self-fabric back neck tape</li> <li>New tear away back neck label</li> <li><b>Also available in girl&#39;s sizes code 61025, men&#39;s sizes code 61430 and ladies&#39; sizes code 61432</b></li>",1.43
172181,0000001720891,61023,TSHIRT,T-SHIRTS,CHITSH,Childrens T-Shirt,FOTL,Fruit Of The Loom,CH0069,34,Sunflower,0030  ,12-13 Years,Kid's Iconic 150 T,1.82,2,12,72,02-01-2026 8:39,C,https://myebrochure.co.uk/images/colours/fotl/fotl-34.jpg,https://myebrochure.co.uk/images/products/prod_11301_61023_164493.jpg,https://myebrochure.co.uk/images/products.small/prod_11301_61023_164493.jpg,https://myebrochure.co.uk/images/products.hires/prod_11301_61023_164493.jpg,https://myebrochure.co.uk/images/brands/fotl_23.png,https://myebrochure.co.uk/images/products.hires/prod_61023_131713.jpg,https://myebrochure.co.uk/images/products.hires/prod_61023_131711.jpg,https://myebrochure.co.uk/images/products.hires/prod_61023_131712.jpg,,,,,,,,"<li>100&#37; combed ringspun cotton</li> <li>Soft hand feel</li> <li>Tailored fit</li> <li>Narrow crew neck with 1x1 rib#Self-fabric back neck tape</li> <li>New tear away back neck label</li> <li><b>Also available in girl&#39;s sizes code 61025, men&#39;s sizes code 61430 and ladies&#39; sizes code 61432</b></li>",1.43
172182,0000001720907,61023,TSHIRT,T-SHIRTS,CHITSH,Childrens T-Shirt,FOTL,Fruit Of The Loom,CH0069,34,Sunflower,0030  ,14-15 Years,Kid's Iconic 150 T,1.82,1,12,72,02-01-2026 8:39,C,https://myebrochure.co.uk/images/colours/fotl/fotl-34.jpg,https://myebrochure.co.uk/images/products/prod_11301_61023_164493.jpg,https://myebrochure.co.uk/images/products.small/prod_11301_61023_164493.jpg,https://myebrochure.co.uk/images/products.hires/prod_11301_61023_164493.jpg,https://myebrochure.co.uk/images/brands/fotl_23.png,https://myebrochure.co.uk/images/products.hires/prod_61023_131713.jpg,https://myebrochure.co.uk/images/products.hires/prod_61023_131711.jpg,https://myebrochure.co.uk/images/products.hires/prod_61023_131712.jpg,,,,,,,,"<li>100&#37; combed ringspun cotton</li> <li>Soft hand feel</li> <li>Tailored fit</li> <li>Narrow crew neck with 1x1 rib#Self-fabric back neck tape</li> <li>New tear away back neck label</li> <li><b>Also available in girl&#39;s sizes code 61025, men&#39;s sizes code 61430 and ladies&#39; sizes code 61432</b></li>",1.43
172183,0000001720914,61023,TSHIRT,T-SHIRTS,CHITSH,Childrens T-Shirt,FOTL,Fruit Of The Loom,CH0069,36,Black,0030  ,3-4 Years,Kid's Iconic 150 T,1.82,2,12,72,02-01-2026 8:39,C,https://myebrochure.co.uk/images/colours/fotl/fotl-36.jpg,https://myebrochure.co.uk/images/products/prod_11301_61023_164493.jpg,https://myebrochure.co.uk/images/products.small/prod_11301_61023_164493.jpg,https://myebrochure.co.uk/images/products.hires/prod_11301_61023_164493.jpg,https://myebrochure.co.uk/images/brands/fotl_23.png,https://myebrochure.co.uk/images/products.hires/prod_61023_131716.jpg,https://myebrochure.co.uk/images/products.hires/prod_61023_131714.jpg,https://myebrochure.co.uk/images/products.hires/prod_61023_131715.jpg,,,,,,,,"<li>100&#37; combed ringspun cotton</li> <li>Soft hand feel</li> <li>Tailored fit</li> <li>Narrow crew neck with 1x1 rib#Self-fabric back neck tape</li> <li>New tear away back neck label</li> <li><b>Also available in girl&#39;s sizes code 61025, men&#39;s sizes code 61430 and ladies&#39; sizes code 61432</b></li>",1.43
172184,0000001720921,61023,TSHIRT,T-SHIRTS,CHITSH,Childrens T-Shirt,FOTL,Fruit Of The Loom,CH0069,36,Black,0030  ,5-6 Years,Kid's Iconic 150 T,1.82,2,12,72,02-01-2026 8:39,C,https://myebrochure.co.uk/images/colours/fotl/fotl-36.jpg,https://myebrochure.co.uk/images/products/prod_11301_61023_164493.jpg,https://myebrochure.co.uk/images/products.small/prod_11301_61023_164493.jpg,https://myebrochure.co.uk/images/products.hires/prod_11301_61023_164493.jpg,https://myebrochure.co.uk/images/brands/fotl_23.png,https://myebrochure.co.uk/images/products.hires/prod_61023_131716.jpg,https://myebrochure.co.uk/images/products.hires/prod_61023_131714.jpg,https://myebrochure.co.uk/images/products.hires/prod_61023_131715.jpg,,,,,,,,"<li>100&#37; combed ringspun cotton</li> <li>Soft hand feel</li> <li>Tailored fit</li> <li>Narrow crew neck with 1x1 rib#Self-fabric back neck tape</li> <li>New tear away back neck label</li> <li><b>Also available in girl&#39;s sizes code 61025, men&#39;s sizes code 61430 and ladies&#39; sizes code 61432</b></li>",1.43
172185,0000001720938,61023,TSHIRT,T-SHIRTS,CHITSH,Childrens T-Shirt,FOTL,Fruit Of The Loom,CH0069,36,Black,0030  ,7-8 Years,Kid's Iconic 150 T,1.82,2,12,72,02-01-2026 8:39,C,https://myebrochure.co.uk/images/colours/fotl/fotl-36.jpg,https://myebrochure.co.uk/images/products/prod_11301_61023_164493.jpg,https://myebrochure.co.uk/images/products.small/prod_11301_61023_164493.jpg,https://myebrochure.co.uk/images/products.hires/prod_11301_61023_164493.jpg,https://myebrochure.co.uk/images/brands/fotl_23.png,https://myebrochure.co.uk/images/products.hires/prod_61023_131716.jpg,https://myebrochure.co.uk/images/products.hires/prod_61023_131714.jpg,https://myebrochure.co.uk/images/products.hires/prod_61023_131715.jpg,,,,,,,,"<li>100&#37; combed ringspun cotton</li> <li>Soft hand feel</li> <li>Tailored fit</li> <li>Narrow crew neck with 1x1 rib#Self-fabric back neck tape</li> <li>New tear away back neck label</li> <li><b>Also available in girl&#39;s sizes code 61025, men&#39;s sizes code 61430 and ladies&#39; sizes code 61432</b></li>",1.43
172186,0000001720945,61023,TSHIRT,T-SHIRTS,CHITSH,Childrens T-Shirt,FOTL,Fruit Of The Loom,CH0069,36,Black,0030  ,9-11 Years,Kid's Iconic 150 T,1.82,2,12,72,02-01-2026 8:39,C,https://myebrochure.co.uk/images/colours/fotl/fotl-36.jpg,https://myebrochure.co.uk/images/products/prod_11301_61023_164493.jpg,https://myebrochure.co.uk/images/products.small/prod_11301_61023_164493.jpg,https://myebrochure.co.uk/images/products.hires/prod_11301_61023_164493.jpg,https://myebrochure.co.uk/images/brands/fotl_23.png,https://myebrochure.co.uk/images/products.hires/prod_61023_131716.jpg,https://myebrochure.co.uk/images/products.hires/prod_61023_131714.jpg,https://myebrochure.co.uk/images/products.hires/prod_61023_131715.jpg,,,,,,,,"<li>100&#37; combed ringspun cotton</li> <li>Soft hand feel</li> <li>Tailored fit</li> <li>Narrow crew neck with 1x1 rib#Self-fabric back neck tape</li> <li>New tear away back neck label</li> <li><b>Also available in girl&#39;s sizes code 61025, men&#39;s sizes code 61430 and ladies&#39; sizes code 61432</b></li>",1.43
172187,0000001720952,61023,TSHIRT,T-SHIRTS,CHITSH,Childrens T-Shirt,FOTL,Fruit Of The Loom,CH0069,36,Black,0030  ,12-13 Years,Kid's Iconic 150 T,1.82,2,12,72,02-01-2026 8:39,C,https://myebrochure.co.uk/images/colours/fotl/fotl-36.jpg,https://myebrochure.co.uk/images/products/prod_11301_61023_164493.jpg,https://myebrochure.co.uk/images/products.small/prod_11301_61023_164493.jpg,https://myebrochure.co.uk/images/products.hires/prod_11301_61023_164493.jpg,https://myebrochure.co.uk/images/brands/fotl_23.png,https://myebrochure.co.uk/images/products.hires/prod_61023_131716.jpg,https://myebrochure.co.uk/images/products.hires/prod_61023_131714.jpg,https://myebrochure.co.uk/images/products.hires/prod_61023_131715.jpg,,,,,,,,"<li>100&#37; combed ringspun cotton</li> <li>Soft hand feel</li> <li>Tailored fit</li> <li>Narrow crew neck with 1x1 rib#Self-fabric back neck tape</li> <li>New tear away back neck label</li> <li><b>Also available in girl&#39;s sizes code 61025, men&#39;s sizes code 61430 and ladies&#39; sizes code 61432</b></li>",1.43
172188,0000001720969,61023,TSHIRT,T-SHIRTS,CHITSH,Childrens T-Shirt,FOTL,Fruit Of The Loom,CH0069,36,Black,0030  ,14-15 Years,Kid's Iconic 150 T,1.82,1,12,72,02-01-2026 8:39,C,https://myebrochure.co.uk/images/colours/fotl/fotl-36.jpg,https://myebrochure.co.uk/images/products/prod_11301_61023_164493.jpg,https://myebrochure.co.uk/images/products.small/prod_11301_61023_164493.jpg,https://myebrochure.co.uk/images/products.hires/prod_11301_61023_164493.jpg,https://myebrochure.co.uk/images/brands/fotl_23.png,https://myebrochure.co.uk/images/products.hires/prod_61023_131716.jpg,https://myebrochure.co.uk/images/products.hires/prod_61023_131714.jpg,https://myebrochure.co.uk/images/products.hires/prod_61023_131715.jpg,,,,,,,,"<li>100&#37; combed ringspun cotton</li> <li>Soft hand feel</li> <li>Tailored fit</li> <li>Narrow crew neck with 1x1 rib#Self-fabric back neck tape</li> <li>New tear away back neck label</li> <li><b>Also available in girl&#39;s sizes code 61025, men&#39;s sizes code 61430 and ladies&#39; sizes code 61432</b></li>",1.43
172189,0000001720976,61023,TSHIRT,T-SHIRTS,CHITSH,Childrens T-Shirt,FOTL,Fruit Of The Loom,CH0069,40,Red,0030  ,3-4 Years,Kid's Iconic 150 T,1.82,2,12,72,02-01-2026 8:39,C,https://myebrochure.co.uk/images/colours/fotl/fotl-40.jpg,https://myebrochure.co.uk/images/products/prod_11301_61023_164493.jpg,https://myebrochure.co.uk/images/products.small/prod_11301_61023_164493.jpg,https://myebrochure.co.uk/images/products.hires/prod_11301_61023_164493.jpg,https://myebrochure.co.uk/images/brands/fotl_23.png,https://myebrochure.co.uk/images/products.hires/prod_61023_131719.jpg,https://myebrochure.co.uk/images/products.hires/prod_61023_131717.jpg,https://myebrochure.co.uk/images/products.hires/prod_61023_131718.jpg,,,,,,,,"<li>100&#37; combed ringspun cotton</li> <li>Soft hand feel</li> <li>Tailored fit</li> <li>Narrow crew neck with 1x1 rib#Self-fabric back neck tape</li> <li>New tear away back neck label</li> <li><b>Also available in girl&#39;s sizes code 61025, men&#39;s sizes code 61430 and ladies&#39; sizes code 61432</b></li>",1.43
172190,0000001720983,61023,TSHIRT,T-SHIRTS,CHITSH,Childrens T-Shirt,FOTL,Fruit Of The Loom,CH0069,40,Red,0030  ,5-6 Years,Kid's Iconic 150 T,1.82,2,12,72,02-01-2026 8:39,C,https://myebrochure.co.uk/images/colours/fotl/fotl-40.jpg,https://myebrochure.co.uk/images/products/prod_11301_61023_164493.jpg,https://myebrochure.co.uk/images/products.small/prod_11301_61023_164493.jpg,https://myebrochure.co.uk/images/products.hires/prod_11301_61023_164493.jpg,https://myebrochure.co.uk/images/brands/fotl_23.png,https://myebrochure.co.uk/images/products.hires/prod_61023_131719.jpg,https://myebrochure.co.uk/images/products.hires/prod_61023_131717.jpg,https://myebrochure.co.uk/images/products.hires/prod_61023_131718.jpg,,,,,,,,"<li>100&#37; combed ringspun cotton</li> <li>Soft hand feel</li> <li>Tailored fit</li> <li>Narrow crew neck with 1x1 rib#Self-fabric back neck tape</li> <li>New tear away back neck label</li> <li><b>Also available in girl&#39;s sizes code 61025, men&#39;s sizes code 61430 and ladies&#39; sizes code 61432</b></li>",1.43
172191,0000001720990,61023,TSHIRT,T-SHIRTS,CHITSH,Childrens T-Shirt,FOTL,Fruit Of The Loom,CH0069,40,Red,0030  ,7-8 Years,Kid's Iconic 150 T,1.82,2,12,72,02-01-2026 8:39,C,https://myebrochure.co.uk/images/colours/fotl/fotl-40.jpg,https://myebrochure.co.uk/images/products/prod_11301_61023_164493.jpg,https://myebrochure.co.uk/images/products.small/prod_11301_61023_164493.jpg,https://myebrochure.co.uk/images/products.hires/prod_11301_61023_164493.jpg,https://myebrochure.co.uk/images/brands/fotl_23.png,https://myebrochure.co.uk/images/products.hires/prod_61023_131719.jpg,https://myebrochure.co.uk/images/products.hires/prod_61023_131717.jpg,https://myebrochure.co.uk/images/products.hires/prod_61023_131718.jpg,,,,,,,,"<li>100&#37; combed ringspun cotton</li> <li>Soft hand feel</li> <li>Tailored fit</li> <li>Narrow crew neck with 1x1 rib#Self-fabric back neck tape</li> <li>New tear away back neck label</li> <li><b>Also available in girl&#39;s sizes code 61025, men&#39;s sizes code 61430 and ladies&#39; sizes code 61432</b></li>",1.43
172192,0000001721003,61023,TSHIRT,T-SHIRTS,CHITSH,Childrens T-Shirt,FOTL,Fruit Of The Loom,CH0069,40,Red,0030  ,9-11 Years,Kid's Iconic 150 T,1.82,2,12,72,02-01-2026 8:39,C,https://myebrochure.co.uk/images/colours/fotl/fotl-40.jpg,https://myebrochure.co.uk/images/products/prod_11301_61023_164493.jpg,https://myebrochure.co.uk/images/products.small/prod_11301_61023_164493.jpg,https://myebrochure.co.uk/images/products.hires/prod_11301_61023_164493.jpg,https://myebrochure.co.uk/images/brands/fotl_23.png,https://myebrochure.co.uk/images/products.hires/prod_61023_131719.jpg,https://myebrochure.co.uk/images/products.hires/prod_61023_131717.jpg,https://myebrochure.co.uk/images/products.hires/prod_61023_131718.jpg,,,,,,,,"<li>100&#37; combed ringspun cotton</li> <li>Soft hand feel</li> <li>Tailored fit</li> <li>Narrow crew neck with 1x1 rib#Self-fabric back neck tape</li> <li>New tear away back neck label</li> <li><b>Also available in girl&#39;s sizes code 61025, men&#39;s sizes code 61430 and ladies&#39; sizes code 61432</b></li>",1.43
172193,0000001721010,61023,TSHIRT,T-SHIRTS,CHITSH,Childrens T-Shirt,FOTL,Fruit Of The Loom,CH0069,40,Red,0030  ,12-13 Years,Kid's Iconic 150 T,1.82,2,12,72,02-01-2026 8:39,C,https://myebrochure.co.uk/images/colours/fotl/fotl-40.jpg,https://myebrochure.co.uk/images/products/prod_11301_61023_164493.jpg,https://myebrochure.co.uk/images/products.small/prod_11301_61023_164493.jpg,https://myebrochure.co.uk/images/products.hires/prod_11301_61023_164493.jpg,https://myebrochure.co.uk/images/brands/fotl_23.png,https://myebrochure.co.uk/images/products.hires/prod_61023_131719.jpg,https://myebrochure.co.uk/images/products.hires/prod_61023_131717.jpg,https://myebrochure.co.uk/images/products.hires/prod_61023_131718.jpg,,,,,,,,"<li>100&#37; combed ringspun cotton</li> <li>Soft hand feel</li> <li>Tailored fit</li> <li>Narrow crew neck with 1x1 rib#Self-fabric back neck tape</li> <li>New tear away back neck label</li> <li><b>Also available in girl&#39;s sizes code 61025, men&#39;s sizes code 61430 and ladies&#39; sizes code 61432</b></li>",1.43
172194,0000001721027,61023,TSHIRT,T-SHIRTS,CHITSH,Childrens T-Shirt,FOTL,Fruit Of The Loom,CH0069,40,Red,0030  ,14-15 Years,Kid's Iconic 150 T,1.82,1,12,72,02-01-2026 8:39,C,https://myebrochure.co.uk/images/colours/fotl/fotl-40.jpg,https://myebrochure.co.uk/images/products/prod_11301_61023_164493.jpg,https://myebrochure.co.uk/images/products.small/prod_11301_61023_164493.jpg,https://myebrochure.co.uk/images/products.hires/prod_11301_61023_164493.jpg,https://myebrochure.co.uk/images/brands/fotl_23.png,https://myebrochure.co.uk/images/products.hires/prod_61023_131719.jpg,https://myebrochure.co.uk/images/products.hires/prod_61023_131717.jpg,https://myebrochure.co.uk/images/products.hires/prod_61023_131718.jpg,,,,,,,,"<li>100&#37; combed ringspun cotton</li> <li>Soft hand feel</li> <li>Tailored fit</li> <li>Narrow crew neck with 1x1 rib#Self-fabric back neck tape</li> <li>New tear away back neck label</li> <li><b>Also available in girl&#39;s sizes code 61025, men&#39;s sizes code 61430 and ladies&#39; sizes code 61432</b></li>",1.43
172195,0000001721034,61023,TSHIRT,T-SHIRTS,CHITSH,Childrens T-Shirt,FOTL,Fruit Of The Loom,CH0069,47,Kelly Green,0030  ,3-4 Years,Kid's Iconic 150 T,1.82,2,12,72,02-01-2026 8:39,C,https://myebrochure.co.uk/images/colours/fotl/fotl-47.jpg,https://myebrochure.co.uk/images/products/prod_11301_61023_164493.jpg,https://myebrochure.co.uk/images/products.small/prod_11301_61023_164493.jpg,https://myebrochure.co.uk/images/products.hires/prod_11301_61023_164493.jpg,https://myebrochure.co.uk/images/brands/fotl_23.png,https://myebrochure.co.uk/images/products.hires/prod_61023_131722.jpg,https://myebrochure.co.uk/images/products.hires/prod_61023_131720.jpg,https://myebrochure.co.uk/images/products.hires/prod_61023_131721.jpg,,,,,,,,"<li>100&#37; combed ringspun cotton</li> <li>Soft hand feel</li> <li>Tailored fit</li> <li>Narrow crew neck with 1x1 rib#Self-fabric back neck tape</li> <li>New tear away back neck label</li> <li><b>Also available in girl&#39;s sizes code 61025, men&#39;s sizes code 61430 and ladies&#39; sizes code 61432</b></li>",1.43
172196,0000001721041,61023,TSHIRT,T-SHIRTS,CHITSH,Childrens T-Shirt,FOTL,Fruit Of The Loom,CH0069,47,Kelly Green,0030  ,5-6 Years,Kid's Iconic 150 T,1.82,2,12,72,02-01-2026 8:39,C,https://myebrochure.co.uk/images/colours/fotl/fotl-47.jpg,https://myebrochure.co.uk/images/products/prod_11301_61023_164493.jpg,https://myebrochure.co.uk/images/products.small/prod_11301_61023_164493.jpg,https://myebrochure.co.uk/images/products.hires/prod_11301_61023_164493.jpg,https://myebrochure.co.uk/images/brands/fotl_23.png,https://myebrochure.co.uk/images/products.hires/prod_61023_131722.jpg,https://myebrochure.co.uk/images/products.hires/prod_61023_131720.jpg,https://myebrochure.co.uk/images/products.hires/prod_61023_131721.jpg,,,,,,,,"<li>100&#37; combed ringspun cotton</li> <li>Soft hand feel</li> <li>Tailored fit</li> <li>Narrow crew neck with 1x1 rib#Self-fabric back neck tape</li> <li>New tear away back neck label</li> <li><b>Also available in girl&#39;s sizes code 61025, men&#39;s sizes code 61430 and ladies&#39; sizes code 61432</b></li>",1.43
172197,0000001721058,61023,TSHIRT,T-SHIRTS,CHITSH,Childrens T-Shirt,FOTL,Fruit Of The Loom,CH0069,47,Kelly Green,0030  ,7-8 Years,Kid's Iconic 150 T,1.82,2,12,72,02-01-2026 8:39,C,https://myebrochure.co.uk/images/colours/fotl/fotl-47.jpg,https://myebrochure.co.uk/images/products/prod_11301_61023_164493.jpg,https://myebrochure.co.uk/images/products.small/prod_11301_61023_164493.jpg,https://myebrochure.co.uk/images/products.hires/prod_11301_61023_164493.jpg,https://myebrochure.co.uk/images/brands/fotl_23.png,https://myebrochure.co.uk/images/products.hires/prod_61023_131722.jpg,https://myebrochure.co.uk/images/products.hires/prod_61023_131720.jpg,https://myebrochure.co.uk/images/products.hires/prod_61023_131721.jpg,,,,,,,,"<li>100&#37; combed ringspun cotton</li> <li>Soft hand feel</li> <li>Tailored fit</li> <li>Narrow crew neck with 1x1 rib#Self-fabric back neck tape</li> <li>New tear away back neck label</li> <li><b>Also available in girl&#39;s sizes code 61025, men&#39;s sizes code 61430 and ladies&#39; sizes code 61432</b></li>",1.43
172198,0000001721065,61023,TSHIRT,T-SHIRTS,CHITSH,Childrens T-Shirt,FOTL,Fruit Of The Loom,CH0069,47,Kelly Green,0030  ,9-11 Years,Kid's Iconic 150 T,1.82,2,12,72,02-01-2026 8:39,C,https://myebrochure.co.uk/images/colours/fotl/fotl-47.jpg,https://myebrochure.co.uk/images/products/prod_11301_61023_164493.jpg,https://myebrochure.co.uk/images/products.small/prod_11301_61023_164493.jpg,https://myebrochure.co.uk/images/products.hires/prod_11301_61023_164493.jpg,https://myebrochure.co.uk/images/brands/fotl_23.png,https://myebrochure.co.uk/images/products.hires/prod_61023_131722.jpg,https://myebrochure.co.uk/images/products.hires/prod_61023_131720.jpg,https://myebrochure.co.uk/images/products.hires/prod_61023_131721.jpg,,,,,,,,"<li>100&#37; combed ringspun cotton</li> <li>Soft hand feel</li> <li>Tailored fit</li> <li>Narrow crew neck with 1x1 rib#Self-fabric back neck tape</li> <li>New tear away back neck label</li> <li><b>Also available in girl&#39;s sizes code 61025, men&#39;s sizes code 61430 and ladies&#39; sizes code 61432</b></li>",1.43
172199,0000001721072,61023,TSHIRT,T-SHIRTS,CHITSH,Childrens T-Shirt,FOTL,Fruit Of The Loom,CH0069,47,Kelly Green,0030  ,12-13 Years,Kid's Iconic 150 T,1.82,2,12,72,02-01-2026 8:39,C,https://myebrochure.co.uk/images/colours/fotl/fotl-47.jpg,https://myebrochure.co.uk/images/products/prod_11301_61023_164493.jpg,https://myebrochure.co.uk/images/products.small/prod_11301_61023_164493.jpg,https://myebrochure.co.uk/images/products.hires/prod_11301_61023_164493.jpg,https://myebrochure.co.uk/images/brands/fotl_23.png,https://myebrochure.co.uk/images/products.hires/prod_61023_131722.jpg,https://myebrochure.co.uk/images/products.hires/prod_61023_131720.jpg,https://myebrochure.co.uk/images/products.hires/prod_61023_131721.jpg,,,,,,,,"<li>100&#37; combed ringspun cotton</li> <li>Soft hand feel</li> <li>Tailored fit</li> <li>Narrow crew neck with 1x1 rib#Self-fabric back neck tape</li> <li>New tear away back neck label</li> <li><b>Also available in girl&#39;s sizes code 61025, men&#39;s sizes code 61430 and ladies&#39; sizes code 61432</b></li>",1.43
172200,0000001721089,61023,TSHIRT,T-SHIRTS,CHITSH,Childrens T-Shirt,FOTL,Fruit Of The Loom,CH0069,47,Kelly Green,0030  ,14-15 Years,Kid's Iconic 150 T,1.82,1,12,72,02-01-2026 8:39,C,https://myebrochure.co.uk/images/colours/fotl/fotl-47.jpg,https://myebrochure.co.uk/images/products/prod_11301_61023_164493.jpg,https://myebrochure.co.uk/images/products.small/prod_11301_61023_164493.jpg,https://myebrochure.co.uk/images/products.hires/prod_11301_61023_164493.jpg,https://myebrochure.co.uk/images/brands/fotl_23.png,https://myebrochure.co.uk/images/products.hires/prod_61023_131722.jpg,https://myebrochure.co.uk/images/products.hires/prod_61023_131720.jpg,https://myebrochure.co.uk/images/products.hires/prod_61023_131721.jpg,,,,,,,,"<li>100&#37; combed ringspun cotton</li> <li>Soft hand feel</li> <li>Tailored fit</li> <li>Narrow crew neck with 1x1 rib#Self-fabric back neck tape</li> <li>New tear away back neck label</li> <li><b>Also available in girl&#39;s sizes code 61025, men&#39;s sizes code 61430 and ladies&#39; sizes code 61432</b></li>",1.43
172201,0000001721096,61023,TSHIRT,T-SHIRTS,CHITSH,Childrens T-Shirt,FOTL,Fruit Of The Loom,CH0069,51,Royal,0030  ,3-4 Years,Kid's Iconic 150 T,1.82,2,12,72,02-01-2026 8:39,C,https://myebrochure.co.uk/images/colours/fotl/fotl-51.jpg,https://myebrochure.co.uk/images/products/prod_11301_61023_164493.jpg,https://myebrochure.co.uk/images/products.small/prod_11301_61023_164493.jpg,https://myebrochure.co.uk/images/products.hires/prod_11301_61023_164493.jpg,https://myebrochure.co.uk/images/brands/fotl_23.png,https://myebrochure.co.uk/images/products.hires/prod_61023_131725.jpg,https://myebrochure.co.uk/images/products.hires/prod_61023_131723.jpg,https://myebrochure.co.uk/images/products.hires/prod_61023_131724.jpg,,,,,,,,"<li>100&#37; combed ringspun cotton</li> <li>Soft hand feel</li> <li>Tailored fit</li> <li>Narrow crew neck with 1x1 rib#Self-fabric back neck tape</li> <li>New tear away back neck label</li> <li><b>Also available in girl&#39;s sizes code 61025, men&#39;s sizes code 61430 and ladies&#39; sizes code 61432</b></li>",1.43
172202,0000001721102,61023,TSHIRT,T-SHIRTS,CHITSH,Childrens T-Shirt,FOTL,Fruit Of The Loom,CH0069,51,Royal,0030  ,5-6 Years,Kid's Iconic 150 T,1.82,2,12,72,02-01-2026 8:39,C,https://myebrochure.co.uk/images/colours/fotl/fotl-51.jpg,https://myebrochure.co.uk/images/products/prod_11301_61023_164493.jpg,https://myebrochure.co.uk/images/products.small/prod_11301_61023_164493.jpg,https://myebrochure.co.uk/images/products.hires/prod_11301_61023_164493.jpg,https://myebrochure.co.uk/images/brands/fotl_23.png,https://myebrochure.co.uk/images/products.hires/prod_61023_131725.jpg,https://myebrochure.co.uk/images/products.hires/prod_61023_131723.jpg,https://myebrochure.co.uk/images/products.hires/prod_61023_131724.jpg,,,,,,,,"<li>100&#37; combed ringspun cotton</li> <li>Soft hand feel</li> <li>Tailored fit</li> <li>Narrow crew neck with 1x1 rib#Self-fabric back neck tape</li> <li>New tear away back neck label</li> <li><b>Also available in girl&#39;s sizes code 61025, men&#39;s sizes code 61430 and ladies&#39; sizes code 61432</b></li>",1.43
172203,0000001721119,61023,TSHIRT,T-SHIRTS,CHITSH,Childrens T-Shirt,FOTL,Fruit Of The Loom,CH0069,51,Royal,0030  ,7-8 Years,Kid's Iconic 150 T,1.82,2,12,72,02-01-2026 8:39,C,https://myebrochure.co.uk/images/colours/fotl/fotl-51.jpg,https://myebrochure.co.uk/images/products/prod_11301_61023_164493.jpg,https://myebrochure.co.uk/images/products.small/prod_11301_61023_164493.jpg,https://myebrochure.co.uk/images/products.hires/prod_11301_61023_164493.jpg,https://myebrochure.co.uk/images/brands/fotl_23.png,https://myebrochure.co.uk/images/products.hires/prod_61023_131725.jpg,https://myebrochure.co.uk/images/products.hires/prod_61023_131723.jpg,https://myebrochure.co.uk/images/products.hires/prod_61023_131724.jpg,,,,,,,,"<li>100&#37; combed ringspun cotton</li> <li>Soft hand feel</li> <li>Tailored fit</li> <li>Narrow crew neck with 1x1 rib#Self-fabric back neck tape</li> <li>New tear away back neck label</li> <li><b>Also available in girl&#39;s sizes code 61025, men&#39;s sizes code 61430 and ladies&#39; sizes code 61432</b></li>",1.43
172204,0000001721126,61023,TSHIRT,T-SHIRTS,CHITSH,Childrens T-Shirt,FOTL,Fruit Of The Loom,CH0069,51,Royal,0030  ,9-11 Years,Kid's Iconic 150 T,1.82,2,12,72,02-01-2026 8:39,C,https://myebrochure.co.uk/images/colours/fotl/fotl-51.jpg,https://myebrochure.co.uk/images/products/prod_11301_61023_164493.jpg,https://myebrochure.co.uk/images/products.small/prod_11301_61023_164493.jpg,https://myebrochure.co.uk/images/products.hires/prod_11301_61023_164493.jpg,https://myebrochure.co.uk/images/brands/fotl_23.png,https://myebrochure.co.uk/images/products.hires/prod_61023_131725.jpg,https://myebrochure.co.uk/images/products.hires/prod_61023_131723.jpg,https://myebrochure.co.uk/images/products.hires/prod_61023_131724.jpg,,,,,,,,"<li>100&#37; combed ringspun cotton</li> <li>Soft hand feel</li> <li>Tailored fit</li> <li>Narrow crew neck with 1x1 rib#Self-fabric back neck tape</li> <li>New tear away back neck label</li> <li><b>Also available in girl&#39;s sizes code 61025, men&#39;s sizes code 61430 and ladies&#39; sizes code 61432</b></li>",1.43
172205,0000001721133,61023,TSHIRT,T-SHIRTS,CHITSH,Childrens T-Shirt,FOTL,Fruit Of The Loom,CH0069,51,Royal,0030  ,12-13 Years,Kid's Iconic 150 T,1.82,2,12,72,02-01-2026 8:39,C,https://myebrochure.co.uk/images/colours/fotl/fotl-51.jpg,https://myebrochure.co.uk/images/products/prod_11301_61023_164493.jpg,https://myebrochure.co.uk/images/products.small/prod_11301_61023_164493.jpg,https://myebrochure.co.uk/images/products.hires/prod_11301_61023_164493.jpg,https://myebrochure.co.uk/images/brands/fotl_23.png,https://myebrochure.co.uk/images/products.hires/prod_61023_131725.jpg,https://myebrochure.co.uk/images/products.hires/prod_61023_131723.jpg,https://myebrochure.co.uk/images/products.hires/prod_61023_131724.jpg,,,,,,,,"<li>100&#37; combed ringspun cotton</li> <li>Soft hand feel</li> <li>Tailored fit</li> <li>Narrow crew neck with 1x1 rib#Self-fabric back neck tape</li> <li>New tear away back neck label</li> <li><b>Also available in girl&#39;s sizes code 61025, men&#39;s sizes code 61430 and ladies&#39; sizes code 61432</b></li>",1.43
172206,0000001721140,61023,TSHIRT,T-SHIRTS,CHITSH,Childrens T-Shirt,FOTL,Fruit Of The Loom,CH0069,51,Royal,0030  ,14-15 Years,Kid's Iconic 150 T,1.82,1,12,72,02-01-2026 8:39,C,https://myebrochure.co.uk/images/colours/fotl/fotl-51.jpg,https://myebrochure.co.uk/images/products/prod_11301_61023_164493.jpg,https://myebrochure.co.uk/images/products.small/prod_11301_61023_164493.jpg,https://myebrochure.co.uk/images/products.hires/prod_11301_61023_164493.jpg,https://myebrochure.co.uk/images/brands/fotl_23.png,https://myebrochure.co.uk/images/products.hires/prod_61023_131725.jpg,https://myebrochure.co.uk/images/products.hires/prod_61023_131723.jpg,https://myebrochure.co.uk/images/products.hires/prod_61023_131724.jpg,,,,,,,,"<li>100&#37; combed ringspun cotton</li> <li>Soft hand feel</li> <li>Tailored fit</li> <li>Narrow crew neck with 1x1 rib#Self-fabric back neck tape</li> <li>New tear away back neck label</li> <li><b>Also available in girl&#39;s sizes code 61025, men&#39;s sizes code 61430 and ladies&#39; sizes code 61432</b></li>",1.43
172207,0000001721157,61023,TSHIRT,T-SHIRTS,CHITSH,Childrens T-Shirt,FOTL,Fruit Of The Loom,CH0069,57,Fuchsia,0030  ,3-4 Years,Kid's Iconic 150 T,1.82,2,12,72,02-01-2026 8:39,C,https://myebrochure.co.uk/images/colours/fotl/fotl-57.jpg,https://myebrochure.co.uk/images/products/prod_11301_61023_164493.jpg,https://myebrochure.co.uk/images/products.small/prod_11301_61023_164493.jpg,https://myebrochure.co.uk/images/products.hires/prod_11301_61023_164493.jpg,https://myebrochure.co.uk/images/brands/fotl_23.png,https://myebrochure.co.uk/images/products.hires/prod_61023_131728.jpg,https://myebrochure.co.uk/images/products.hires/prod_61023_131726.jpg,https://myebrochure.co.uk/images/products.hires/prod_61023_131727.jpg,,,,,,,,"<li>100&#37; combed ringspun cotton</li> <li>Soft hand feel</li> <li>Tailored fit</li> <li>Narrow crew neck with 1x1 rib#Self-fabric back neck tape</li> <li>New tear away back neck label</li> <li><b>Also available in girl&#39;s sizes code 61025, men&#39;s sizes code 61430 and ladies&#39; sizes code 61432</b></li>",1.43
172208,0000001721164,61023,TSHIRT,T-SHIRTS,CHITSH,Childrens T-Shirt,FOTL,Fruit Of The Loom,CH0069,57,Fuchsia,0030  ,5-6 Years,Kid's Iconic 150 T,1.82,2,12,72,02-01-2026 8:39,C,https://myebrochure.co.uk/images/colours/fotl/fotl-57.jpg,https://myebrochure.co.uk/images/products/prod_11301_61023_164493.jpg,https://myebrochure.co.uk/images/products.small/prod_11301_61023_164493.jpg,https://myebrochure.co.uk/images/products.hires/prod_11301_61023_164493.jpg,https://myebrochure.co.uk/images/brands/fotl_23.png,https://myebrochure.co.uk/images/products.hires/prod_61023_131728.jpg,https://myebrochure.co.uk/images/products.hires/prod_61023_131726.jpg,https://myebrochure.co.uk/images/products.hires/prod_61023_131727.jpg,,,,,,,,"<li>100&#37; combed ringspun cotton</li> <li>Soft hand feel</li> <li>Tailored fit</li> <li>Narrow crew neck with 1x1 rib#Self-fabric back neck tape</li> <li>New tear away back neck label</li> <li><b>Also available in girl&#39;s sizes code 61025, men&#39;s sizes code 61430 and ladies&#39; sizes code 61432</b></li>",1.43
172209,0000001721171,61023,TSHIRT,T-SHIRTS,CHITSH,Childrens T-Shirt,FOTL,Fruit Of The Loom,CH0069,57,Fuchsia,0030  ,7-8 Years,Kid's Iconic 150 T,1.82,2,12,72,02-01-2026 8:39,C,https://myebrochure.co.uk/images/colours/fotl/fotl-57.jpg,https://myebrochure.co.uk/images/products/prod_11301_61023_164493.jpg,https://myebrochure.co.uk/images/products.small/prod_11301_61023_164493.jpg,https://myebrochure.co.uk/images/products.hires/prod_11301_61023_164493.jpg,https://myebrochure.co.uk/images/brands/fotl_23.png,https://myebrochure.co.uk/images/products.hires/prod_61023_131728.jpg,https://myebrochure.co.uk/images/products.hires/prod_61023_131726.jpg,https://myebrochure.co.uk/images/products.hires/prod_61023_131727.jpg,,,,,,,,"<li>100&#37; combed ringspun cotton</li> <li>Soft hand feel</li> <li>Tailored fit</li> <li>Narrow crew neck with 1x1 rib#Self-fabric back neck tape</li> <li>New tear away back neck label</li> <li><b>Also available in girl&#39;s sizes code 61025, men&#39;s sizes code 61430 and ladies&#39; sizes code 61432</b></li>",1.43
172210,0000001721188,61023,TSHIRT,T-SHIRTS,CHITSH,Childrens T-Shirt,FOTL,Fruit Of The Loom,CH0069,57,Fuchsia,0030  ,9-11 Years,Kid's Iconic 150 T,1.82,2,12,72,02-01-2026 8:39,C,https://myebrochure.co.uk/images/colours/fotl/fotl-57.jpg,https://myebrochure.co.uk/images/products/prod_11301_61023_164493.jpg,https://myebrochure.co.uk/images/products.small/prod_11301_61023_164493.jpg,https://myebrochure.co.uk/images/products.hires/prod_11301_61023_164493.jpg,https://myebrochure.co.uk/images/brands/fotl_23.png,https://myebrochure.co.uk/images/products.hires/prod_61023_131728.jpg,https://myebrochure.co.uk/images/products.hires/prod_61023_131726.jpg,https://myebrochure.co.uk/images/products.hires/prod_61023_131727.jpg,,,,,,,,"<li>100&#37; combed ringspun cotton</li> <li>Soft hand feel</li> <li>Tailored fit</li> <li>Narrow crew neck with 1x1 rib#Self-fabric back neck tape</li> <li>New tear away back neck label</li> <li><b>Also available in girl&#39;s sizes code 61025, men&#39;s sizes code 61430 and ladies&#39; sizes code 61432</b></li>",1.43
172211,0000001721195,61023,TSHIRT,T-SHIRTS,CHITSH,Childrens T-Shirt,FOTL,Fruit Of The Loom,CH0069,57,Fuchsia,0030  ,12-13 Years,Kid's Iconic 150 T,1.82,2,12,72,02-01-2026 8:39,C,https://myebrochure.co.uk/images/colours/fotl/fotl-57.jpg,https://myebrochure.co.uk/images/products/prod_11301_61023_164493.jpg,https://myebrochure.co.uk/images/products.small/prod_11301_61023_164493.jpg,https://myebrochure.co.uk/images/products.hires/prod_11301_61023_164493.jpg,https://myebrochure.co.uk/images/brands/fotl_23.png,https://myebrochure.co.uk/images/products.hires/prod_61023_131728.jpg,https://myebrochure.co.uk/images/products.hires/prod_61023_131726.jpg,https://myebrochure.co.uk/images/products.hires/prod_61023_131727.jpg,,,,,,,,"<li>100&#37; combed ringspun cotton</li> <li>Soft hand feel</li> <li>Tailored fit</li> <li>Narrow crew neck with 1x1 rib#Self-fabric back neck tape</li> <li>New tear away back neck label</li> <li><b>Also available in girl&#39;s sizes code 61025, men&#39;s sizes code 61430 and ladies&#39; sizes code 61432</b></li>",1.43
172212,0000001721201,61023,TSHIRT,T-SHIRTS,CHITSH,Childrens T-Shirt,FOTL,Fruit Of The Loom,CH0069,57,Fuchsia,0030  ,14-15 Years,Kid's Iconic 150 T,1.82,1,12,72,02-01-2026 8:39,C,https://myebrochure.co.uk/images/colours/fotl/fotl-57.jpg,https://myebrochure.co.uk/images/products/prod_11301_61023_164493.jpg,https://myebrochure.co.uk/images/products.small/prod_11301_61023_164493.jpg,https://myebrochure.co.uk/images/products.hires/prod_11301_61023_164493.jpg,https://myebrochure.co.uk/images/brands/fotl_23.png,https://myebrochure.co.uk/images/products.hires/prod_61023_131728.jpg,https://myebrochure.co.uk/images/products.hires/prod_61023_131726.jpg,https://myebrochure.co.uk/images/products.hires/prod_61023_131727.jpg,,,,,,,,"<li>100&#37; combed ringspun cotton</li> <li>Soft hand feel</li> <li>Tailored fit</li> <li>Narrow crew neck with 1x1 rib#Self-fabric back neck tape</li> <li>New tear away back neck label</li> <li><b>Also available in girl&#39;s sizes code 61025, men&#39;s sizes code 61430 and ladies&#39; sizes code 61432</b></li>",1.43
172213,0000001721218,61023,TSHIRT,T-SHIRTS,CHITSH,Childrens T-Shirt,FOTL,Fruit Of The Loom,CH0069,94,Heather Grey,0030  ,3-4 Years,Kid's Iconic 150 T,1.82,2,12,72,02-01-2026 8:39,C,https://myebrochure.co.uk/images/colours/fotl/fotl-94.jpg,https://myebrochure.co.uk/images/products/prod_11301_61023_164493.jpg,https://myebrochure.co.uk/images/products.small/prod_11301_61023_164493.jpg,https://myebrochure.co.uk/images/products.hires/prod_11301_61023_164493.jpg,https://myebrochure.co.uk/images/brands/fotl_23.png,https://myebrochure.co.uk/images/products.hires/prod_61023_131731.jpg,https://myebrochure.co.uk/images/products.hires/prod_61023_131729.jpg,https://myebrochure.co.uk/images/products.hires/prod_61023_131730.jpg,,,,,,,,"<li>100&#37; combed ringspun cotton</li> <li>Soft hand feel</li> <li>Tailored fit</li> <li>Narrow crew neck with 1x1 rib#Self-fabric back neck tape</li> <li>New tear away back neck label</li> <li><b>Also available in girl&#39;s sizes code 61025, men&#39;s sizes code 61430 and ladies&#39; sizes code 61432</b></li>",1.43
172214,0000001721225,61023,TSHIRT,T-SHIRTS,CHITSH,Childrens T-Shirt,FOTL,Fruit Of The Loom,CH0069,94,Heather Grey,0030  ,5-6 Years,Kid's Iconic 150 T,1.82,2,12,72,02-01-2026 8:39,C,https://myebrochure.co.uk/images/colours/fotl/fotl-94.jpg,https://myebrochure.co.uk/images/products/prod_11301_61023_164493.jpg,https://myebrochure.co.uk/images/products.small/prod_11301_61023_164493.jpg,https://myebrochure.co.uk/images/products.hires/prod_11301_61023_164493.jpg,https://myebrochure.co.uk/images/brands/fotl_23.png,https://myebrochure.co.uk/images/products.hires/prod_61023_131731.jpg,https://myebrochure.co.uk/images/products.hires/prod_61023_131729.jpg,https://myebrochure.co.uk/images/products.hires/prod_61023_131730.jpg,,,,,,,,"<li>100&#37; combed ringspun cotton</li> <li>Soft hand feel</li> <li>Tailored fit</li> <li>Narrow crew neck with 1x1 rib#Self-fabric back neck tape</li> <li>New tear away back neck label</li> <li><b>Also available in girl&#39;s sizes code 61025, men&#39;s sizes code 61430 and ladies&#39; sizes code 61432</b></li>",1.43
172215,0000001721232,61023,TSHIRT,T-SHIRTS,CHITSH,Childrens T-Shirt,FOTL,Fruit Of The Loom,CH0069,94,Heather Grey,0030  ,7-8 Years,Kid's Iconic 150 T,1.82,2,12,72,02-01-2026 8:39,C,https://myebrochure.co.uk/images/colours/fotl/fotl-94.jpg,https://myebrochure.co.uk/images/products/prod_11301_61023_164493.jpg,https://myebrochure.co.uk/images/products.small/prod_11301_61023_164493.jpg,https://myebrochure.co.uk/images/products.hires/prod_11301_61023_164493.jpg,https://myebrochure.co.uk/images/brands/fotl_23.png,https://myebrochure.co.uk/images/products.hires/prod_61023_131731.jpg,https://myebrochure.co.uk/images/products.hires/prod_61023_131729.jpg,https://myebrochure.co.uk/images/products.hires/prod_61023_131730.jpg,,,,,,,,"<li>100&#37; combed ringspun cotton</li> <li>Soft hand feel</li> <li>Tailored fit</li> <li>Narrow crew neck with 1x1 rib#Self-fabric back neck tape</li> <li>New tear away back neck label</li> <li><b>Also available in girl&#39;s sizes code 61025, men&#39;s sizes code 61430 and ladies&#39; sizes code 61432</b></li>",1.43
172216,0000001721249,61023,TSHIRT,T-SHIRTS,CHITSH,Childrens T-Shirt,FOTL,Fruit Of The Loom,CH0069,94,Heather Grey,0030  ,9-11 Years,Kid's Iconic 150 T,1.82,2,12,72,02-01-2026 8:39,C,https://myebrochure.co.uk/images/colours/fotl/fotl-94.jpg,https://myebrochure.co.uk/images/products/prod_11301_61023_164493.jpg,https://myebrochure.co.uk/images/products.small/prod_11301_61023_164493.jpg,https://myebrochure.co.uk/images/products.hires/prod_11301_61023_164493.jpg,https://myebrochure.co.uk/images/brands/fotl_23.png,https://myebrochure.co.uk/images/products.hires/prod_61023_131731.jpg,https://myebrochure.co.uk/images/products.hires/prod_61023_131729.jpg,https://myebrochure.co.uk/images/products.hires/prod_61023_131730.jpg,,,,,,,,"<li>100&#37; combed ringspun cotton</li> <li>Soft hand feel</li> <li>Tailored fit</li> <li>Narrow crew neck with 1x1 rib#Self-fabric back neck tape</li> <li>New tear away back neck label</li> <li><b>Also available in girl&#39;s sizes code 61025, men&#39;s sizes code 61430 and ladies&#39; sizes code 61432</b></li>",1.43
172217,0000001721256,61023,TSHIRT,T-SHIRTS,CHITSH,Childrens T-Shirt,FOTL,Fruit Of The Loom,CH0069,94,Heather Grey,0030  ,12-13 Years,Kid's Iconic 150 T,1.82,2,12,72,02-01-2026 8:39,C,https://myebrochure.co.uk/images/colours/fotl/fotl-94.jpg,https://myebrochure.co.uk/images/products/prod_11301_61023_164493.jpg,https://myebrochure.co.uk/images/products.small/prod_11301_61023_164493.jpg,https://myebrochure.co.uk/images/products.hires/prod_11301_61023_164493.jpg,https://myebrochure.co.uk/images/brands/fotl_23.png,https://myebrochure.co.uk/images/products.hires/prod_61023_131731.jpg,https://myebrochure.co.uk/images/products.hires/prod_61023_131729.jpg,https://myebrochure.co.uk/images/products.hires/prod_61023_131730.jpg,,,,,,,,"<li>100&#37; combed ringspun cotton</li> <li>Soft hand feel</li> <li>Tailored fit</li> <li>Narrow crew neck with 1x1 rib#Self-fabric back neck tape</li> <li>New tear away back neck label</li> <li><b>Also available in girl&#39;s sizes code 61025, men&#39;s sizes code 61430 and ladies&#39; sizes code 61432</b></li>",1.43
172218,0000001721263,61023,TSHIRT,T-SHIRTS,CHITSH,Childrens T-Shirt,FOTL,Fruit Of The Loom,CH0069,94,Heather Grey,0030  ,14-15 Years,Kid's Iconic 150 T,1.82,1,12,72,02-01-2026 8:39,C,https://myebrochure.co.uk/images/colours/fotl/fotl-94.jpg,https://myebrochure.co.uk/images/products/prod_11301_61023_164493.jpg,https://myebrochure.co.uk/images/products.small/prod_11301_61023_164493.jpg,https://myebrochure.co.uk/images/products.hires/prod_11301_61023_164493.jpg,https://myebrochure.co.uk/images/brands/fotl_23.png,https://myebrochure.co.uk/images/products.hires/prod_61023_131731.jpg,https://myebrochure.co.uk/images/products.hires/prod_61023_131729.jpg,https://myebrochure.co.uk/images/products.hires/prod_61023_131730.jpg,,,,,,,,"<li>100&#37; combed ringspun cotton</li> <li>Soft hand feel</li> <li>Tailored fit</li> <li>Narrow crew neck with 1x1 rib#Self-fabric back neck tape</li> <li>New tear away back neck label</li> <li><b>Also available in girl&#39;s sizes code 61025, men&#39;s sizes code 61430 and ladies&#39; sizes code 61432</b></li>",1.43
172219,0000001721270,61023,TSHIRT,T-SHIRTS,CHITSH,Childrens T-Shirt,FOTL,Fruit Of The Loom,CH0069,AZ,Deep Navy,0030  ,3-4 Years,Kid's Iconic 150 T,1.82,2,12,72,02-01-2026 8:39,C,https://myebrochure.co.uk/images/colours/fotl/fotl-az.jpg,https://myebrochure.co.uk/images/products/prod_11301_61023_164493.jpg,https://myebrochure.co.uk/images/products.small/prod_11301_61023_164493.jpg,https://myebrochure.co.uk/images/products.hires/prod_11301_61023_164493.jpg,https://myebrochure.co.uk/images/brands/fotl_23.png,https://myebrochure.co.uk/images/products.hires/prod_61023_131734.jpg,https://myebrochure.co.uk/images/products.hires/prod_61023_131732.jpg,https://myebrochure.co.uk/images/products.hires/prod_61023_131733.jpg,,,,,,,,"<li>100&#37; combed ringspun cotton</li> <li>Soft hand feel</li> <li>Tailored fit</li> <li>Narrow crew neck with 1x1 rib#Self-fabric back neck tape</li> <li>New tear away back neck label</li> <li><b>Also available in girl&#39;s sizes code 61025, men&#39;s sizes code 61430 and ladies&#39; sizes code 61432</b></li>",1.43
172220,0000001721287,61023,TSHIRT,T-SHIRTS,CHITSH,Childrens T-Shirt,FOTL,Fruit Of The Loom,CH0069,AZ,Deep Navy,0030  ,5-6 Years,Kid's Iconic 150 T,1.82,2,12,72,02-01-2026 8:39,C,https://myebrochure.co.uk/images/colours/fotl/fotl-az.jpg,https://myebrochure.co.uk/images/products/prod_11301_61023_164493.jpg,https://myebrochure.co.uk/images/products.small/prod_11301_61023_164493.jpg,https://myebrochure.co.uk/images/products.hires/prod_11301_61023_164493.jpg,https://myebrochure.co.uk/images/brands/fotl_23.png,https://myebrochure.co.uk/images/products.hires/prod_61023_131734.jpg,https://myebrochure.co.uk/images/products.hires/prod_61023_131732.jpg,https://myebrochure.co.uk/images/products.hires/prod_61023_131733.jpg,,,,,,,,"<li>100&#37; combed ringspun cotton</li> <li>Soft hand feel</li> <li>Tailored fit</li> <li>Narrow crew neck with 1x1 rib#Self-fabric back neck tape</li> <li>New tear away back neck label</li> <li><b>Also available in girl&#39;s sizes code 61025, men&#39;s sizes code 61430 and ladies&#39; sizes code 61432</b></li>",1.43
172221,0000001721294,61023,TSHIRT,T-SHIRTS,CHITSH,Childrens T-Shirt,FOTL,Fruit Of The Loom,CH0069,AZ,Deep Navy,0030  ,7-8 Years,Kid's Iconic 150 T,1.82,2,12,72,02-01-2026 8:39,C,https://myebrochure.co.uk/images/colours/fotl/fotl-az.jpg,https://myebrochure.co.uk/images/products/prod_11301_61023_164493.jpg,https://myebrochure.co.uk/images/products.small/prod_11301_61023_164493.jpg,https://myebrochure.co.uk/images/products.hires/prod_11301_61023_164493.jpg,https://myebrochure.co.uk/images/brands/fotl_23.png,https://myebrochure.co.uk/images/products.hires/prod_61023_131734.jpg,https://myebrochure.co.uk/images/products.hires/prod_61023_131732.jpg,https://myebrochure.co.uk/images/products.hires/prod_61023_131733.jpg,,,,,,,,"<li>100&#37; combed ringspun cotton</li> <li>Soft hand feel</li> <li>Tailored fit</li> <li>Narrow crew neck with 1x1 rib#Self-fabric back neck tape</li> <li>New tear away back neck label</li> <li><b>Also available in girl&#39;s sizes code 61025, men&#39;s sizes code 61430 and ladies&#39; sizes code 61432</b></li>",1.43
172222,0000001721300,61023,TSHIRT,T-SHIRTS,CHITSH,Childrens T-Shirt,FOTL,Fruit Of The Loom,CH0069,AZ,Deep Navy,0030  ,9-11 Years,Kid's Iconic 150 T,1.82,2,12,72,02-01-2026 8:39,C,https://myebrochure.co.uk/images/colours/fotl/fotl-az.jpg,https://myebrochure.co.uk/images/products/prod_11301_61023_164493.jpg,https://myebrochure.co.uk/images/products.small/prod_11301_61023_164493.jpg,https://myebrochure.co.uk/images/products.hires/prod_11301_61023_164493.jpg,https://myebrochure.co.uk/images/brands/fotl_23.png,https://myebrochure.co.uk/images/products.hires/prod_61023_131734.jpg,https://myebrochure.co.uk/images/products.hires/prod_61023_131732.jpg,https://myebrochure.co.uk/images/products.hires/prod_61023_131733.jpg,,,,,,,,"<li>100&#37; combed ringspun cotton</li> <li>Soft hand feel</li> <li>Tailored fit</li> <li>Narrow crew neck with 1x1 rib#Self-fabric back neck tape</li> <li>New tear away back neck label</li> <li><b>Also available in girl&#39;s sizes code 61025, men&#39;s sizes code 61430 and ladies&#39; sizes code 61432</b></li>",1.43
172223,0000001721317,61023,TSHIRT,T-SHIRTS,CHITSH,Childrens T-Shirt,FOTL,Fruit Of The Loom,CH0069,AZ,Deep Navy,0030  ,12-13 Years,Kid's Iconic 150 T,1.82,2,12,72,02-01-2026 8:39,C,https://myebrochure.co.uk/images/colours/fotl/fotl-az.jpg,https://myebrochure.co.uk/images/products/prod_11301_61023_164493.jpg,https://myebrochure.co.uk/images/products.small/prod_11301_61023_164493.jpg,https://myebrochure.co.uk/images/products.hires/prod_11301_61023_164493.jpg,https://myebrochure.co.uk/images/brands/fotl_23.png,https://myebrochure.co.uk/images/products.hires/prod_61023_131734.jpg,https://myebrochure.co.uk/images/products.hires/prod_61023_131732.jpg,https://myebrochure.co.uk/images/products.hires/prod_61023_131733.jpg,,,,,,,,"<li>100&#37; combed ringspun cotton</li> <li>Soft hand feel</li> <li>Tailored fit</li> <li>Narrow crew neck with 1x1 rib#Self-fabric back neck tape</li> <li>New tear away back neck label</li> <li><b>Also available in girl&#39;s sizes code 61025, men&#39;s sizes code 61430 and ladies&#39; sizes code 61432</b></li>",1.43
172224,0000001721324,61023,TSHIRT,T-SHIRTS,CHITSH,Childrens T-Shirt,FOTL,Fruit Of The Loom,CH0069,AZ,Deep Navy,0030  ,14-15 Years,Kid's Iconic 150 T,1.82,1,12,72,02-01-2026 8:39,C,https://myebrochure.co.uk/images/colours/fotl/fotl-az.jpg,https://myebrochure.co.uk/images/products/prod_11301_61023_164493.jpg,https://myebrochure.co.uk/images/products.small/prod_11301_61023_164493.jpg,https://myebrochure.co.uk/images/products.hires/prod_11301_61023_164493.jpg,https://myebrochure.co.uk/images/brands/fotl_23.png,https://myebrochure.co.uk/images/products.hires/prod_61023_131734.jpg,https://myebrochure.co.uk/images/products.hires/prod_61023_131732.jpg,https://myebrochure.co.uk/images/products.hires/prod_61023_131733.jpg,,,,,,,,"<li>100&#37; combed ringspun cotton</li> <li>Soft hand feel</li> <li>Tailored fit</li> <li>Narrow crew neck with 1x1 rib#Self-fabric back neck tape</li> <li>New tear away back neck label</li> <li><b>Also available in girl&#39;s sizes code 61025, men&#39;s sizes code 61430 and ladies&#39; sizes code 61432</b></li>",1.43
172225,0000001721331,61023,TSHIRT,T-SHIRTS,CHITSH,Childrens T-Shirt,FOTL,Fruit Of The Loom,CH0069,GL,Light Graphite,0030  ,3-4 Years,Kid's Iconic 150 T,1.82,2,12,72,02-01-2026 8:39,C,https://myebrochure.co.uk/images/colours/fotl/fotl-gl.jpg,https://myebrochure.co.uk/images/products/prod_11301_61023_164493.jpg,https://myebrochure.co.uk/images/products.small/prod_11301_61023_164493.jpg,https://myebrochure.co.uk/images/products.hires/prod_11301_61023_164493.jpg,https://myebrochure.co.uk/images/brands/fotl_23.png,https://myebrochure.co.uk/images/products.hires/prod_61023_131737.jpg,https://myebrochure.co.uk/images/products.hires/prod_61023_131735.jpg,https://myebrochure.co.uk/images/products.hires/prod_61023_131736.jpg,,,,,,,,"<li>100&#37; combed ringspun cotton</li> <li>Soft hand feel</li> <li>Tailored fit</li> <li>Narrow crew neck with 1x1 rib#Self-fabric back neck tape</li> <li>New tear away back neck label</li> <li><b>Also available in girl&#39;s sizes code 61025, men&#39;s sizes code 61430 and ladies&#39; sizes code 61432</b></li>",1.43
172226,0000001721348,61023,TSHIRT,T-SHIRTS,CHITSH,Childrens T-Shirt,FOTL,Fruit Of The Loom,CH0069,GL,Light Graphite,0030  ,5-6 Years,Kid's Iconic 150 T,1.82,2,12,72,02-01-2026 8:39,C,https://myebrochure.co.uk/images/colours/fotl/fotl-gl.jpg,https://myebrochure.co.uk/images/products/prod_11301_61023_164493.jpg,https://myebrochure.co.uk/images/products.small/prod_11301_61023_164493.jpg,https://myebrochure.co.uk/images/products.hires/prod_11301_61023_164493.jpg,https://myebrochure.co.uk/images/brands/fotl_23.png,https://myebrochure.co.uk/images/products.hires/prod_61023_131737.jpg,https://myebrochure.co.uk/images/products.hires/prod_61023_131735.jpg,https://myebrochure.co.uk/images/products.hires/prod_61023_131736.jpg,,,,,,,,"<li>100&#37; combed ringspun cotton</li> <li>Soft hand feel</li> <li>Tailored fit</li> <li>Narrow crew neck with 1x1 rib#Self-fabric back neck tape</li> <li>New tear away back neck label</li> <li><b>Also available in girl&#39;s sizes code 61025, men&#39;s sizes code 61430 and ladies&#39; sizes code 61432</b></li>",1.43
172227,0000001721355,61023,TSHIRT,T-SHIRTS,CHITSH,Childrens T-Shirt,FOTL,Fruit Of The Loom,CH0069,GL,Light Graphite,0030  ,7-8 Years,Kid's Iconic 150 T,1.82,2,12,72,02-01-2026 8:39,C,https://myebrochure.co.uk/images/colours/fotl/fotl-gl.jpg,https://myebrochure.co.uk/images/products/prod_11301_61023_164493.jpg,https://myebrochure.co.uk/images/products.small/prod_11301_61023_164493.jpg,https://myebrochure.co.uk/images/products.hires/prod_11301_61023_164493.jpg,https://myebrochure.co.uk/images/brands/fotl_23.png,https://myebrochure.co.uk/images/products.hires/prod_61023_131737.jpg,https://myebrochure.co.uk/images/products.hires/prod_61023_131735.jpg,https://myebrochure.co.uk/images/products.hires/prod_61023_131736.jpg,,,,,,,,"<li>100&#37; combed ringspun cotton</li> <li>Soft hand feel</li> <li>Tailored fit</li> <li>Narrow crew neck with 1x1 rib#Self-fabric back neck tape</li> <li>New tear away back neck label</li> <li><b>Also available in girl&#39;s sizes code 61025, men&#39;s sizes code 61430 and ladies&#39; sizes code 61432</b></li>",1.43
172228,0000001721362,61023,TSHIRT,T-SHIRTS,CHITSH,Childrens T-Shirt,FOTL,Fruit Of The Loom,CH0069,GL,Light Graphite,0030  ,9-11 Years,Kid's Iconic 150 T,1.82,2,12,72,02-01-2026 8:39,C,https://myebrochure.co.uk/images/colours/fotl/fotl-gl.jpg,https://myebrochure.co.uk/images/products/prod_11301_61023_164493.jpg,https://myebrochure.co.uk/images/products.small/prod_11301_61023_164493.jpg,https://myebrochure.co.uk/images/products.hires/prod_11301_61023_164493.jpg,https://myebrochure.co.uk/images/brands/fotl_23.png,https://myebrochure.co.uk/images/products.hires/prod_61023_131737.jpg,https://myebrochure.co.uk/images/products.hires/prod_61023_131735.jpg,https://myebrochure.co.uk/images/products.hires/prod_61023_131736.jpg,,,,,,,,"<li>100&#37; combed ringspun cotton</li> <li>Soft hand feel</li> <li>Tailored fit</li> <li>Narrow crew neck with 1x1 rib#Self-fabric back neck tape</li> <li>New tear away back neck label</li> <li><b>Also available in girl&#39;s sizes code 61025, men&#39;s sizes code 61430 and ladies&#39; sizes code 61432</b></li>",1.43
172229,0000001721379,61023,TSHIRT,T-SHIRTS,CHITSH,Childrens T-Shirt,FOTL,Fruit Of The Loom,CH0069,GL,Light Graphite,0030  ,12-13 Years,Kid's Iconic 150 T,1.82,2,12,72,02-01-2026 8:39,C,https://myebrochure.co.uk/images/colours/fotl/fotl-gl.jpg,https://myebrochure.co.uk/images/products/prod_11301_61023_164493.jpg,https://myebrochure.co.uk/images/products.small/prod_11301_61023_164493.jpg,https://myebrochure.co.uk/images/products.hires/prod_11301_61023_164493.jpg,https://myebrochure.co.uk/images/brands/fotl_23.png,https://myebrochure.co.uk/images/products.hires/prod_61023_131737.jpg,https://myebrochure.co.uk/images/products.hires/prod_61023_131735.jpg,https://myebrochure.co.uk/images/products.hires/prod_61023_131736.jpg,,,,,,,,"<li>100&#37; combed ringspun cotton</li> <li>Soft hand feel</li> <li>Tailored fit</li> <li>Narrow crew neck with 1x1 rib#Self-fabric back neck tape</li> <li>New tear away back neck label</li> <li><b>Also available in girl&#39;s sizes code 61025, men&#39;s sizes code 61430 and ladies&#39; sizes code 61432</b></li>",1.43
172230,0000001721386,61023,TSHIRT,T-SHIRTS,CHITSH,Childrens T-Shirt,FOTL,Fruit Of The Loom,CH0069,GL,Light Graphite,0030  ,14-15 Years,Kid's Iconic 150 T,1.82,1,12,72,02-01-2026 8:39,C,https://myebrochure.co.uk/images/colours/fotl/fotl-gl.jpg,https://myebrochure.co.uk/images/products/prod_11301_61023_164493.jpg,https://myebrochure.co.uk/images/products.small/prod_11301_61023_164493.jpg,https://myebrochure.co.uk/images/products.hires/prod_11301_61023_164493.jpg,https://myebrochure.co.uk/images/brands/fotl_23.png,https://myebrochure.co.uk/images/products.hires/prod_61023_131737.jpg,https://myebrochure.co.uk/images/products.hires/prod_61023_131735.jpg,https://myebrochure.co.uk/images/products.hires/prod_61023_131736.jpg,,,,,,,,"<li>100&#37; combed ringspun cotton</li> <li>Soft hand feel</li> <li>Tailored fit</li> <li>Narrow crew neck with 1x1 rib#Self-fabric back neck tape</li> <li>New tear away back neck label</li> <li><b>Also available in girl&#39;s sizes code 61025, men&#39;s sizes code 61430 and ladies&#39; sizes code 61432</b></li>",1.43
172231,0000001721393,61023,TSHIRT,T-SHIRTS,CHITSH,Childrens T-Shirt,FOTL,Fruit Of The Loom,CH0069,TM,Forest Green,0030  ,3-4 Years,Kid's Iconic 150 T,1.82,2,12,72,02-01-2026 8:39,C,https://myebrochure.co.uk/images/colours/fotl/fotl-tm.jpg,https://myebrochure.co.uk/images/products/prod_11301_61023_164493.jpg,https://myebrochure.co.uk/images/products.small/prod_11301_61023_164493.jpg,https://myebrochure.co.uk/images/products.hires/prod_11301_61023_164493.jpg,https://myebrochure.co.uk/images/brands/fotl_23.png,https://myebrochure.co.uk/images/products.hires/prod_61023_131746.jpg,https://myebrochure.co.uk/images/products.hires/prod_61023_131744.jpg,https://myebrochure.co.uk/images/products.hires/prod_61023_131745.jpg,,,,,,,,"<li>100&#37; combed ringspun cotton</li> <li>Soft hand feel</li> <li>Tailored fit</li> <li>Narrow crew neck with 1x1 rib#Self-fabric back neck tape</li> <li>New tear away back neck label</li> <li><b>Also available in girl&#39;s sizes code 61025, men&#39;s sizes code 61430 and ladies&#39; sizes code 61432</b></li>",1.43
172232,0000001721409,61023,TSHIRT,T-SHIRTS,CHITSH,Childrens T-Shirt,FOTL,Fruit Of The Loom,CH0069,TM,Forest Green,0030  ,5-6 Years,Kid's Iconic 150 T,1.82,2,12,72,02-01-2026 8:39,C,https://myebrochure.co.uk/images/colours/fotl/fotl-tm.jpg,https://myebrochure.co.uk/images/products/prod_11301_61023_164493.jpg,https://myebrochure.co.uk/images/products.small/prod_11301_61023_164493.jpg,https://myebrochure.co.uk/images/products.hires/prod_11301_61023_164493.jpg,https://myebrochure.co.uk/images/brands/fotl_23.png,https://myebrochure.co.uk/images/products.hires/prod_61023_131746.jpg,https://myebrochure.co.uk/images/products.hires/prod_61023_131744.jpg,https://myebrochure.co.uk/images/products.hires/prod_61023_131745.jpg,,,,,,,,"<li>100&#37; combed ringspun cotton</li> <li>Soft hand feel</li> <li>Tailored fit</li> <li>Narrow crew neck with 1x1 rib#Self-fabric back neck tape</li> <li>New tear away back neck label</li> <li><b>Also available in girl&#39;s sizes code 61025, men&#39;s sizes code 61430 and ladies&#39; sizes code 61432</b></li>",1.43
172233,0000001721416,61023,TSHIRT,T-SHIRTS,CHITSH,Childrens T-Shirt,FOTL,Fruit Of The Loom,CH0069,TM,Forest Green,0030  ,7-8 Years,Kid's Iconic 150 T,1.82,2,12,72,02-01-2026 8:39,C,https://myebrochure.co.uk/images/colours/fotl/fotl-tm.jpg,https://myebrochure.co.uk/images/products/prod_11301_61023_164493.jpg,https://myebrochure.co.uk/images/products.small/prod_11301_61023_164493.jpg,https://myebrochure.co.uk/images/products.hires/prod_11301_61023_164493.jpg,https://myebrochure.co.uk/images/brands/fotl_23.png,https://myebrochure.co.uk/images/products.hires/prod_61023_131746.jpg,https://myebrochure.co.uk/images/products.hires/prod_61023_131744.jpg,https://myebrochure.co.uk/images/products.hires/prod_61023_131745.jpg,,,,,,,,"<li>100&#37; combed ringspun cotton</li> <li>Soft hand feel</li> <li>Tailored fit</li> <li>Narrow crew neck with 1x1 rib#Self-fabric back neck tape</li> <li>New tear away back neck label</li> <li><b>Also available in girl&#39;s sizes code 61025, men&#39;s sizes code 61430 and ladies&#39; sizes code 61432</b></li>",1.43
172234,0000001721423,61023,TSHIRT,T-SHIRTS,CHITSH,Childrens T-Shirt,FOTL,Fruit Of The Loom,CH0069,TM,Forest Green,0030  ,9-11 Years,Kid's Iconic 150 T,1.82,2,12,72,02-01-2026 8:39,C,https://myebrochure.co.uk/images/colours/fotl/fotl-tm.jpg,https://myebrochure.co.uk/images/products/prod_11301_61023_164493.jpg,https://myebrochure.co.uk/images/products.small/prod_11301_61023_164493.jpg,https://myebrochure.co.uk/images/products.hires/prod_11301_61023_164493.jpg,https://myebrochure.co.uk/images/brands/fotl_23.png,https://myebrochure.co.uk/images/products.hires/prod_61023_131746.jpg,https://myebrochure.co.uk/images/products.hires/prod_61023_131744.jpg,https://myebrochure.co.uk/images/products.hires/prod_61023_131745.jpg,,,,,,,,"<li>100&#37; combed ringspun cotton</li> <li>Soft hand feel</li> <li>Tailored fit</li> <li>Narrow crew neck with 1x1 rib#Self-fabric back neck tape</li> <li>New tear away back neck label</li> <li><b>Also available in girl&#39;s sizes code 61025, men&#39;s sizes code 61430 and ladies&#39; sizes code 61432</b></li>",1.43
172235,0000001721430,61023,TSHIRT,T-SHIRTS,CHITSH,Childrens T-Shirt,FOTL,Fruit Of The Loom,CH0069,TM,Forest Green,0030  ,12-13 Years,Kid's Iconic 150 T,1.82,2,12,72,02-01-2026 8:39,C,https://myebrochure.co.uk/images/colours/fotl/fotl-tm.jpg,https://myebrochure.co.uk/images/products/prod_11301_61023_164493.jpg,https://myebrochure.co.uk/images/products.small/prod_11301_61023_164493.jpg,https://myebrochure.co.uk/images/products.hires/prod_11301_61023_164493.jpg,https://myebrochure.co.uk/images/brands/fotl_23.png,https://myebrochure.co.uk/images/products.hires/prod_61023_131746.jpg,https://myebrochure.co.uk/images/products.hires/prod_61023_131744.jpg,https://myebrochure.co.uk/images/products.hires/prod_61023_131745.jpg,,,,,,,,"<li>100&#37; combed ringspun cotton</li> <li>Soft hand feel</li> <li>Tailored fit</li> <li>Narrow crew neck with 1x1 rib#Self-fabric back neck tape</li> <li>New tear away back neck label</li> <li><b>Also available in girl&#39;s sizes code 61025, men&#39;s sizes code 61430 and ladies&#39; sizes code 61432</b></li>",1.43
172236,0000001721447,61023,TSHIRT,T-SHIRTS,CHITSH,Childrens T-Shirt,FOTL,Fruit Of The Loom,CH0069,TM,Forest Green,0030  ,14-15 Years,Kid's Iconic 150 T,1.82,1,12,72,02-01-2026 8:39,C,https://myebrochure.co.uk/images/colours/fotl/fotl-tm.jpg,https://myebrochure.co.uk/images/products/prod_11301_61023_164493.jpg,https://myebrochure.co.uk/images/products.small/prod_11301_61023_164493.jpg,https://myebrochure.co.uk/images/products.hires/prod_11301_61023_164493.jpg,https://myebrochure.co.uk/images/brands/fotl_23.png,https://myebrochure.co.uk/images/products.hires/prod_61023_131746.jpg,https://myebrochure.co.uk/images/products.hires/prod_61023_131744.jpg,https://myebrochure.co.uk/images/products.hires/prod_61023_131745.jpg,,,,,,,,"<li>100&#37; combed ringspun cotton</li> <li>Soft hand feel</li> <li>Tailored fit</li> <li>Narrow crew neck with 1x1 rib#Self-fabric back neck tape</li> <li>New tear away back neck label</li> <li><b>Also available in girl&#39;s sizes code 61025, men&#39;s sizes code 61430 and ladies&#39; sizes code 61432</b></li>",1.43
172249,0000001721577,61023,TSHIRT,T-SHIRTS,CHITSH,Childrens T-Shirt,FOTL,Fruit Of The Loom,CH0069,HP,Heather Purple,0030  ,3-4 Years,Kid's Iconic 150 T,1.82,2,12,72,02-01-2026 8:39,C,https://myebrochure.co.uk/images/colours/fotl/fotl-hp.jpg,https://myebrochure.co.uk/images/products/prod_11301_61023_164493.jpg,https://myebrochure.co.uk/images/products.small/prod_11301_61023_164493.jpg,https://myebrochure.co.uk/images/products.hires/prod_11301_61023_164493.jpg,https://myebrochure.co.uk/images/brands/fotl_23.png,https://myebrochure.co.uk/images/products.hires/prod_61023_131743.jpg,https://myebrochure.co.uk/images/products.hires/prod_61023_131741.jpg,https://myebrochure.co.uk/images/products.hires/prod_61023_131742.jpg,,,,,,,,"<li>100&#37; combed ringspun cotton</li> <li>Soft hand feel</li> <li>Tailored fit</li> <li>Narrow crew neck with 1x1 rib#Self-fabric back neck tape</li> <li>New tear away back neck label</li> <li><b>Also available in girl&#39;s sizes code 61025, men&#39;s sizes code 61430 and ladies&#39; sizes code 61432</b></li>",1.43
172250,0000001721584,61023,TSHIRT,T-SHIRTS,CHITSH,Childrens T-Shirt,FOTL,Fruit Of The Loom,CH0069,HP,Heather Purple,0030  ,5-6 Years,Kid's Iconic 150 T,1.82,2,12,72,02-01-2026 8:39,C,https://myebrochure.co.uk/images/colours/fotl/fotl-hp.jpg,https://myebrochure.co.uk/images/products/prod_11301_61023_164493.jpg,https://myebrochure.co.uk/images/products.small/prod_11301_61023_164493.jpg,https://myebrochure.co.uk/images/products.hires/prod_11301_61023_164493.jpg,https://myebrochure.co.uk/images/brands/fotl_23.png,https://myebrochure.co.uk/images/products.hires/prod_61023_131743.jpg,https://myebrochure.co.uk/images/products.hires/prod_61023_131741.jpg,https://myebrochure.co.uk/images/products.hires/prod_61023_131742.jpg,,,,,,,,"<li>100&#37; combed ringspun cotton</li> <li>Soft hand feel</li> <li>Tailored fit</li> <li>Narrow crew neck with 1x1 rib#Self-fabric back neck tape</li> <li>New tear away back neck label</li> <li><b>Also available in girl&#39;s sizes code 61025, men&#39;s sizes code 61430 and ladies&#39; sizes code 61432</b></li>",1.43
172251,0000001721591,61023,TSHIRT,T-SHIRTS,CHITSH,Childrens T-Shirt,FOTL,Fruit Of The Loom,CH0069,HP,Heather Purple,0030  ,7-8 Years,Kid's Iconic 150 T,1.82,2,12,72,02-01-2026 8:39,C,https://myebrochure.co.uk/images/colours/fotl/fotl-hp.jpg,https://myebrochure.co.uk/images/products/prod_11301_61023_164493.jpg,https://myebrochure.co.uk/images/products.small/prod_11301_61023_164493.jpg,https://myebrochure.co.uk/images/products.hires/prod_11301_61023_164493.jpg,https://myebrochure.co.uk/images/brands/fotl_23.png,https://myebrochure.co.uk/images/products.hires/prod_61023_131743.jpg,https://myebrochure.co.uk/images/products.hires/prod_61023_131741.jpg,https://myebrochure.co.uk/images/products.hires/prod_61023_131742.jpg,,,,,,,,"<li>100&#37; combed ringspun cotton</li> <li>Soft hand feel</li> <li>Tailored fit</li> <li>Narrow crew neck with 1x1 rib#Self-fabric back neck tape</li> <li>New tear away back neck label</li> <li><b>Also available in girl&#39;s sizes code 61025, men&#39;s sizes code 61430 and ladies&#39; sizes code 61432</b></li>",1.43
172252,0000001721607,61023,TSHIRT,T-SHIRTS,CHITSH,Childrens T-Shirt,FOTL,Fruit Of The Loom,CH0069,HP,Heather Purple,0030  ,9-11 Years,Kid's Iconic 150 T,1.82,2,12,72,02-01-2026 8:39,C,https://myebrochure.co.uk/images/colours/fotl/fotl-hp.jpg,https://myebrochure.co.uk/images/products/prod_11301_61023_164493.jpg,https://myebrochure.co.uk/images/products.small/prod_11301_61023_164493.jpg,https://myebrochure.co.uk/images/products.hires/prod_11301_61023_164493.jpg,https://myebrochure.co.uk/images/brands/fotl_23.png,https://myebrochure.co.uk/images/products.hires/prod_61023_131743.jpg,https://myebrochure.co.uk/images/products.hires/prod_61023_131741.jpg,https://myebrochure.co.uk/images/products.hires/prod_61023_131742.jpg,,,,,,,,"<li>100&#37; combed ringspun cotton</li> <li>Soft hand feel</li> <li>Tailored fit</li> <li>Narrow crew neck with 1x1 rib#Self-fabric back neck tape</li> <li>New tear away back neck label</li> <li><b>Also available in girl&#39;s sizes code 61025, men&#39;s sizes code 61430 and ladies&#39; sizes code 61432</b></li>",1.43
172253,0000001721614,61023,TSHIRT,T-SHIRTS,CHITSH,Childrens T-Shirt,FOTL,Fruit Of The Loom,CH0069,HP,Heather Purple,0030  ,12-13 Years,Kid's Iconic 150 T,1.82,2,12,72,02-01-2026 8:39,C,https://myebrochure.co.uk/images/colours/fotl/fotl-hp.jpg,https://myebrochure.co.uk/images/products/prod_11301_61023_164493.jpg,https://myebrochure.co.uk/images/products.small/prod_11301_61023_164493.jpg,https://myebrochure.co.uk/images/products.hires/prod_11301_61023_164493.jpg,https://myebrochure.co.uk/images/brands/fotl_23.png,https://myebrochure.co.uk/images/products.hires/prod_61023_131743.jpg,https://myebrochure.co.uk/images/products.hires/prod_61023_131741.jpg,https://myebrochure.co.uk/images/products.hires/prod_61023_131742.jpg,,,,,,,,"<li>100&#37; combed ringspun cotton</li> <li>Soft hand feel</li> <li>Tailored fit</li> <li>Narrow crew neck with 1x1 rib#Self-fabric back neck tape</li> <li>New tear away back neck label</li> <li><b>Also available in girl&#39;s sizes code 61025, men&#39;s sizes code 61430 and ladies&#39; sizes code 61432</b></li>",1.43
172254,0000001721621,61023,TSHIRT,T-SHIRTS,CHITSH,Childrens T-Shirt,FOTL,Fruit Of The Loom,CH0069,HP,Heather Purple,0030  ,14-15 Years,Kid's Iconic 150 T,1.82,1,12,72,02-01-2026 8:39,C,https://myebrochure.co.uk/images/colours/fotl/fotl-hp.jpg,https://myebrochure.co.uk/images/products/prod_11301_61023_164493.jpg,https://myebrochure.co.uk/images/products.small/prod_11301_61023_164493.jpg,https://myebrochure.co.uk/images/products.hires/prod_11301_61023_164493.jpg,https://myebrochure.co.uk/images/brands/fotl_23.png,https://myebrochure.co.uk/images/products.hires/prod_61023_131743.jpg,https://myebrochure.co.uk/images/products.hires/prod_61023_131741.jpg,https://myebrochure.co.uk/images/products.hires/prod_61023_131742.jpg,,,,,,,,"<li>100&#37; combed ringspun cotton</li> <li>Soft hand feel</li> <li>Tailored fit</li> <li>Narrow crew neck with 1x1 rib#Self-fabric back neck tape</li> <li>New tear away back neck label</li> <li><b>Also available in girl&#39;s sizes code 61025, men&#39;s sizes code 61430 and ladies&#39; sizes code 61432</b></li>",1.43
183744,0000001836653,61023,TSHIRT,T-SHIRTS,CHITSH,Childrens T-Shirt,FOTL,Fruit Of The Loom,CH0069,32,Navy Blue,0030  ,3-4 Years,Kid's Iconic 150 T,1.82,2,12,72,02-01-2026 8:39,C,https://myebrochure.co.uk/images/colours/fotl/fotl-32.jpg,https://myebrochure.co.uk/images/products/prod_11301_61023_164493.jpg,https://myebrochure.co.uk/images/products.small/prod_11301_61023_164493.jpg,https://myebrochure.co.uk/images/products.hires/prod_11301_61023_164493.jpg,https://myebrochure.co.uk/images/brands/fotl_23.png,https://myebrochure.co.uk/images/products.hires/prod_61023_141562.jpg,https://myebrochure.co.uk/images/products.hires/prod_61023_141561.jpg,https://myebrochure.co.uk/images/products.hires/prod_61023_141563.jpg,,,,,,,,"<li>100&#37; combed ringspun cotton</li> <li>Soft hand feel</li> <li>Tailored fit</li> <li>Narrow crew neck with 1x1 rib#Self-fabric back neck tape</li> <li>New tear away back neck label</li> <li><b>Also available in girl&#39;s sizes code 61025, men&#39;s sizes code 61430 and ladies&#39; sizes code 61432</b></li>",1.43
183745,0000001836660,61023,TSHIRT,T-SHIRTS,CHITSH,Childrens T-Shirt,FOTL,Fruit Of The Loom,CH0069,32,Navy Blue,0030  ,5-6 Years,Kid's Iconic 150 T,1.82,2,12,72,02-01-2026 8:39,C,https://myebrochure.co.uk/images/colours/fotl/fotl-32.jpg,https://myebrochure.co.uk/images/products/prod_11301_61023_164493.jpg,https://myebrochure.co.uk/images/products.small/prod_11301_61023_164493.jpg,https://myebrochure.co.uk/images/products.hires/prod_11301_61023_164493.jpg,https://myebrochure.co.uk/images/brands/fotl_23.png,https://myebrochure.co.uk/images/products.hires/prod_61023_141562.jpg,https://myebrochure.co.uk/images/products.hires/prod_61023_141561.jpg,https://myebrochure.co.uk/images/products.hires/prod_61023_141563.jpg,,,,,,,,"<li>100&#37; combed ringspun cotton</li> <li>Soft hand feel</li> <li>Tailored fit</li> <li>Narrow crew neck with 1x1 rib#Self-fabric back neck tape</li> <li>New tear away back neck label</li> <li><b>Also available in girl&#39;s sizes code 61025, men&#39;s sizes code 61430 and ladies&#39; sizes code 61432</b></li>",1.43
183746,0000001836677,61023,TSHIRT,T-SHIRTS,CHITSH,Childrens T-Shirt,FOTL,Fruit Of The Loom,CH0069,32,Navy Blue,0030  ,7-8 Years,Kid's Iconic 150 T,1.82,2,12,72,02-01-2026 8:39,C,https://myebrochure.co.uk/images/colours/fotl/fotl-32.jpg,https://myebrochure.co.uk/images/products/prod_11301_61023_164493.jpg,https://myebrochure.co.uk/images/products.small/prod_11301_61023_164493.jpg,https://myebrochure.co.uk/images/products.hires/prod_11301_61023_164493.jpg,https://myebrochure.co.uk/images/brands/fotl_23.png,https://myebrochure.co.uk/images/products.hires/prod_61023_141562.jpg,https://myebrochure.co.uk/images/products.hires/prod_61023_141561.jpg,https://myebrochure.co.uk/images/products.hires/prod_61023_141563.jpg,,,,,,,,"<li>100&#37; combed ringspun cotton</li> <li>Soft hand feel</li> <li>Tailored fit</li> <li>Narrow crew neck with 1x1 rib#Self-fabric back neck tape</li> <li>New tear away back neck label</li> <li><b>Also available in girl&#39;s sizes code 61025, men&#39;s sizes code 61430 and ladies&#39; sizes code 61432</b></li>",1.43
183747,0000001836684,61023,TSHIRT,T-SHIRTS,CHITSH,Childrens T-Shirt,FOTL,Fruit Of The Loom,CH0069,32,Navy Blue,0030  ,9-11 Years,Kid's Iconic 150 T,1.82,2,12,72,02-01-2026 8:39,C,https://myebrochure.co.uk/images/colours/fotl/fotl-32.jpg,https://myebrochure.co.uk/images/products/prod_11301_61023_164493.jpg,https://myebrochure.co.uk/images/products.small/prod_11301_61023_164493.jpg,https://myebrochure.co.uk/images/products.hires/prod_11301_61023_164493.jpg,https://myebrochure.co.uk/images/brands/fotl_23.png,https://myebrochure.co.uk/images/products.hires/prod_61023_141562.jpg,https://myebrochure.co.uk/images/products.hires/prod_61023_141561.jpg,https://myebrochure.co.uk/images/products.hires/prod_61023_141563.jpg,,,,,,,,"<li>100&#37; combed ringspun cotton</li> <li>Soft hand feel</li> <li>Tailored fit</li> <li>Narrow crew neck with 1x1 rib#Self-fabric back neck tape</li> <li>New tear away back neck label</li> <li><b>Also available in girl&#39;s sizes code 61025, men&#39;s sizes code 61430 and ladies&#39; sizes code 61432</b></li>",1.43
183748,0000001836691,61023,TSHIRT,T-SHIRTS,CHITSH,Childrens T-Shirt,FOTL,Fruit Of The Loom,CH0069,32,Navy Blue,0030  ,12-13 Years,Kid's Iconic 150 T,1.82,2,12,72,02-01-2026 8:39,C,https://myebrochure.co.uk/images/colours/fotl/fotl-32.jpg,https://myebrochure.co.uk/images/products/prod_11301_61023_164493.jpg,https://myebrochure.co.uk/images/products.small/prod_11301_61023_164493.jpg,https://myebrochure.co.uk/images/products.hires/prod_11301_61023_164493.jpg,https://myebrochure.co.uk/images/brands/fotl_23.png,https://myebrochure.co.uk/images/products.hires/prod_61023_141562.jpg,https://myebrochure.co.uk/images/products.hires/prod_61023_141561.jpg,https://myebrochure.co.uk/images/products.hires/prod_61023_141563.jpg,,,,,,,,"<li>100&#37; combed ringspun cotton</li> <li>Soft hand feel</li> <li>Tailored fit</li> <li>Narrow crew neck with 1x1 rib#Self-fabric back neck tape</li> <li>New tear away back neck label</li> <li><b>Also available in girl&#39;s sizes code 61025, men&#39;s sizes code 61430 and ladies&#39; sizes code 61432</b></li>",1.43
183749,0000001836707,61023,TSHIRT,T-SHIRTS,CHITSH,Childrens T-Shirt,FOTL,Fruit Of The Loom,CH0069,32,Navy Blue,0030  ,14-15 Years,Kid's Iconic 150 T,1.82,1,12,72,02-01-2026 8:39,C,https://myebrochure.co.uk/images/colours/fotl/fotl-32.jpg,https://myebrochure.co.uk/images/products/prod_11301_61023_164493.jpg,https://myebrochure.co.uk/images/products.small/prod_11301_61023_164493.jpg,https://myebrochure.co.uk/images/products.hires/prod_11301_61023_164493.jpg,https://myebrochure.co.uk/images/brands/fotl_23.png,https://myebrochure.co.uk/images/products.hires/prod_61023_141562.jpg,https://myebrochure.co.uk/images/products.hires/prod_61023_141561.jpg,https://myebrochure.co.uk/images/products.hires/prod_61023_141563.jpg,,,,,,,,"<li>100&#37; combed ringspun cotton</li> <li>Soft hand feel</li> <li>Tailored fit</li> <li>Narrow crew neck with 1x1 rib#Self-fabric back neck tape</li> <li>New tear away back neck label</li> <li><b>Also available in girl&#39;s sizes code 61025, men&#39;s sizes code 61430 and ladies&#39; sizes code 61432</b></li>",1.43
183750,0000001836714,61023,TSHIRT,T-SHIRTS,CHITSH,Childrens T-Shirt,FOTL,Fruit Of The Loom,CH0069,ZU,Azure Blue,0030  ,3-4 Years,Kid's Iconic 150 T,1.82,2,12,72,02-01-2026 8:39,C,https://myebrochure.co.uk/images/colours/fotl/fotl-zu.jpg,https://myebrochure.co.uk/images/products/prod_11301_61023_164493.jpg,https://myebrochure.co.uk/images/products.small/prod_11301_61023_164493.jpg,https://myebrochure.co.uk/images/products.hires/prod_11301_61023_164493.jpg,https://myebrochure.co.uk/images/brands/fotl_23.png,https://myebrochure.co.uk/images/products.hires/prod_61023_141568.jpg,https://myebrochure.co.uk/images/products.hires/prod_61023_141567.jpg,https://myebrochure.co.uk/images/products.hires/prod_61023_141569.jpg,,,,,,,,"<li>100&#37; combed ringspun cotton</li> <li>Soft hand feel</li> <li>Tailored fit</li> <li>Narrow crew neck with 1x1 rib#Self-fabric back neck tape</li> <li>New tear away back neck label</li> <li><b>Also available in girl&#39;s sizes code 61025, men&#39;s sizes code 61430 and ladies&#39; sizes code 61432</b></li>",1.43
183751,0000001836721,61023,TSHIRT,T-SHIRTS,CHITSH,Childrens T-Shirt,FOTL,Fruit Of The Loom,CH0069,ZU,Azure Blue,0030  ,5-6 Years,Kid's Iconic 150 T,1.82,2,12,72,02-01-2026 8:39,C,https://myebrochure.co.uk/images/colours/fotl/fotl-zu.jpg,https://myebrochure.co.uk/images/products/prod_11301_61023_164493.jpg,https://myebrochure.co.uk/images/products.small/prod_11301_61023_164493.jpg,https://myebrochure.co.uk/images/products.hires/prod_11301_61023_164493.jpg,https://myebrochure.co.uk/images/brands/fotl_23.png,https://myebrochure.co.uk/images/products.hires/prod_61023_141568.jpg,https://myebrochure.co.uk/images/products.hires/prod_61023_141567.jpg,https://myebrochure.co.uk/images/products.hires/prod_61023_141569.jpg,,,,,,,,"<li>100&#37; combed ringspun cotton</li> <li>Soft hand feel</li> <li>Tailored fit</li> <li>Narrow crew neck with 1x1 rib#Self-fabric back neck tape</li> <li>New tear away back neck label</li> <li><b>Also available in girl&#39;s sizes code 61025, men&#39;s sizes code 61430 and ladies&#39; sizes code 61432</b></li>",1.43
183752,0000001836738,61023,TSHIRT,T-SHIRTS,CHITSH,Childrens T-Shirt,FOTL,Fruit Of The Loom,CH0069,ZU,Azure Blue,0030  ,7-8 Years,Kid's Iconic 150 T,1.82,2,12,72,02-01-2026 8:39,C,https://myebrochure.co.uk/images/colours/fotl/fotl-zu.jpg,https://myebrochure.co.uk/images/products/prod_11301_61023_164493.jpg,https://myebrochure.co.uk/images/products.small/prod_11301_61023_164493.jpg,https://myebrochure.co.uk/images/products.hires/prod_11301_61023_164493.jpg,https://myebrochure.co.uk/images/brands/fotl_23.png,https://myebrochure.co.uk/images/products.hires/prod_61023_141568.jpg,https://myebrochure.co.uk/images/products.hires/prod_61023_141567.jpg,https://myebrochure.co.uk/images/products.hires/prod_61023_141569.jpg,,,,,,,,"<li>100&#37; combed ringspun cotton</li> <li>Soft hand feel</li> <li>Tailored fit</li> <li>Narrow crew neck with 1x1 rib#Self-fabric back neck tape</li> <li>New tear away back neck label</li> <li><b>Also available in girl&#39;s sizes code 61025, men&#39;s sizes code 61430 and ladies&#39; sizes code 61432</b></li>",1.43
183753,0000001836745,61023,TSHIRT,T-SHIRTS,CHITSH,Childrens T-Shirt,FOTL,Fruit Of The Loom,CH0069,ZU,Azure Blue,0030  ,9-11 Years,Kid's Iconic 150 T,1.82,2,12,72,02-01-2026 8:39,C,https://myebrochure.co.uk/images/colours/fotl/fotl-zu.jpg,https://myebrochure.co.uk/images/products/prod_11301_61023_164493.jpg,https://myebrochure.co.uk/images/products.small/prod_11301_61023_164493.jpg,https://myebrochure.co.uk/images/products.hires/prod_11301_61023_164493.jpg,https://myebrochure.co.uk/images/brands/fotl_23.png,https://myebrochure.co.uk/images/products.hires/prod_61023_141568.jpg,https://myebrochure.co.uk/images/products.hires/prod_61023_141567.jpg,https://myebrochure.co.uk/images/products.hires/prod_61023_141569.jpg,,,,,,,,"<li>100&#37; combed ringspun cotton</li> <li>Soft hand feel</li> <li>Tailored fit</li> <li>Narrow crew neck with 1x1 rib#Self-fabric back neck tape</li> <li>New tear away back neck label</li> <li><b>Also available in girl&#39;s sizes code 61025, men&#39;s sizes code 61430 and ladies&#39; sizes code 61432</b></li>",1.43
183754,0000001836752,61023,TSHIRT,T-SHIRTS,CHITSH,Childrens T-Shirt,FOTL,Fruit Of The Loom,CH0069,ZU,Azure Blue,0030  ,12-13 Years,Kid's Iconic 150 T,1.82,2,12,72,02-01-2026 8:39,C,https://myebrochure.co.uk/images/colours/fotl/fotl-zu.jpg,https://myebrochure.co.uk/images/products/prod_11301_61023_164493.jpg,https://myebrochure.co.uk/images/products.small/prod_11301_61023_164493.jpg,https://myebrochure.co.uk/images/products.hires/prod_11301_61023_164493.jpg,https://myebrochure.co.uk/images/brands/fotl_23.png,https://myebrochure.co.uk/images/products.hires/prod_61023_141568.jpg,https://myebrochure.co.uk/images/products.hires/prod_61023_141567.jpg,https://myebrochure.co.uk/images/products.hires/prod_61023_141569.jpg,,,,,,,,"<li>100&#37; combed ringspun cotton</li> <li>Soft hand feel</li> <li>Tailored fit</li> <li>Narrow crew neck with 1x1 rib#Self-fabric back neck tape</li> <li>New tear away back neck label</li> <li><b>Also available in girl&#39;s sizes code 61025, men&#39;s sizes code 61430 and ladies&#39; sizes code 61432</b></li>",1.43
183755,0000001836769,61023,TSHIRT,T-SHIRTS,CHITSH,Childrens T-Shirt,FOTL,Fruit Of The Loom,CH0069,ZU,Azure Blue,0030  ,14-15 Years,Kid's Iconic 150 T,1.82,1,12,72,02-01-2026 8:39,C,https://myebrochure.co.uk/images/colours/fotl/fotl-zu.jpg,https://myebrochure.co.uk/images/products/prod_11301_61023_164493.jpg,https://myebrochure.co.uk/images/products.small/prod_11301_61023_164493.jpg,https://myebrochure.co.uk/images/products.hires/prod_11301_61023_164493.jpg,https://myebrochure.co.uk/images/brands/fotl_23.png,https://myebrochure.co.uk/images/products.hires/prod_61023_141568.jpg,https://myebrochure.co.uk/images/products.hires/prod_61023_141567.jpg,https://myebrochure.co.uk/images/products.hires/prod_61023_141569.jpg,,,,,,,,"<li>100&#37; combed ringspun cotton</li> <li>Soft hand feel</li> <li>Tailored fit</li> <li>Narrow crew neck with 1x1 rib#Self-fabric back neck tape</li> <li>New tear away back neck label</li> <li><b>Also available in girl&#39;s sizes code 61025, men&#39;s sizes code 61430 and ladies&#39; sizes code 61432</b></li>",1.43
183756,0000001836776,61023,TSHIRT,T-SHIRTS,CHITSH,Childrens T-Shirt,FOTL,Fruit Of The Loom,CH0069,NE,Neomint,0030  ,3-4 Years,Kid's Iconic 150 T,1.82,2,12,72,02-01-2026 8:39,C,https://myebrochure.co.uk/images/colours/fotl/fotl-ne.jpg,https://myebrochure.co.uk/images/products/prod_11301_61023_164493.jpg,https://myebrochure.co.uk/images/products.small/prod_11301_61023_164493.jpg,https://myebrochure.co.uk/images/products.hires/prod_11301_61023_164493.jpg,https://myebrochure.co.uk/images/brands/fotl_23.png,https://myebrochure.co.uk/images/products.hires/prod_61023_141565.jpg,https://myebrochure.co.uk/images/products.hires/prod_61023_141564.jpg,https://myebrochure.co.uk/images/products.hires/prod_61023_141566.jpg,,,,,,,,"<li>100&#37; combed ringspun cotton</li> <li>Soft hand feel</li> <li>Tailored fit</li> <li>Narrow crew neck with 1x1 rib#Self-fabric back neck tape</li> <li>New tear away back neck label</li> <li><b>Also available in girl&#39;s sizes code 61025, men&#39;s sizes code 61430 and ladies&#39; sizes code 61432</b></li>",1.43
183757,0000001836783,61023,TSHIRT,T-SHIRTS,CHITSH,Childrens T-Shirt,FOTL,Fruit Of The Loom,CH0069,NE,Neomint,0030  ,5-6 Years,Kid's Iconic 150 T,1.82,2,12,72,02-01-2026 8:39,C,https://myebrochure.co.uk/images/colours/fotl/fotl-ne.jpg,https://myebrochure.co.uk/images/products/prod_11301_61023_164493.jpg,https://myebrochure.co.uk/images/products.small/prod_11301_61023_164493.jpg,https://myebrochure.co.uk/images/products.hires/prod_11301_61023_164493.jpg,https://myebrochure.co.uk/images/brands/fotl_23.png,https://myebrochure.co.uk/images/products.hires/prod_61023_141565.jpg,https://myebrochure.co.uk/images/products.hires/prod_61023_141564.jpg,https://myebrochure.co.uk/images/products.hires/prod_61023_141566.jpg,,,,,,,,"<li>100&#37; combed ringspun cotton</li> <li>Soft hand feel</li> <li>Tailored fit</li> <li>Narrow crew neck with 1x1 rib#Self-fabric back neck tape</li> <li>New tear away back neck label</li> <li><b>Also available in girl&#39;s sizes code 61025, men&#39;s sizes code 61430 and ladies&#39; sizes code 61432</b></li>",1.43
183758,0000001836790,61023,TSHIRT,T-SHIRTS,CHITSH,Childrens T-Shirt,FOTL,Fruit Of The Loom,CH0069,NE,Neomint,0030  ,7-8 Years,Kid's Iconic 150 T,1.82,2,12,72,02-01-2026 8:39,C,https://myebrochure.co.uk/images/colours/fotl/fotl-ne.jpg,https://myebrochure.co.uk/images/products/prod_11301_61023_164493.jpg,https://myebrochure.co.uk/images/products.small/prod_11301_61023_164493.jpg,https://myebrochure.co.uk/images/products.hires/prod_11301_61023_164493.jpg,https://myebrochure.co.uk/images/brands/fotl_23.png,https://myebrochure.co.uk/images/products.hires/prod_61023_141565.jpg,https://myebrochure.co.uk/images/products.hires/prod_61023_141564.jpg,https://myebrochure.co.uk/images/products.hires/prod_61023_141566.jpg,,,,,,,,"<li>100&#37; combed ringspun cotton</li> <li>Soft hand feel</li> <li>Tailored fit</li> <li>Narrow crew neck with 1x1 rib#Self-fabric back neck tape</li> <li>New tear away back neck label</li> <li><b>Also available in girl&#39;s sizes code 61025, men&#39;s sizes code 61430 and ladies&#39; sizes code 61432</b></li>",1.43
183759,0000001836806,61023,TSHIRT,T-SHIRTS,CHITSH,Childrens T-Shirt,FOTL,Fruit Of The Loom,CH0069,NE,Neomint,0030  ,9-11 Years,Kid's Iconic 150 T,1.82,2,12,72,02-01-2026 8:39,C,https://myebrochure.co.uk/images/colours/fotl/fotl-ne.jpg,https://myebrochure.co.uk/images/products/prod_11301_61023_164493.jpg,https://myebrochure.co.uk/images/products.small/prod_11301_61023_164493.jpg,https://myebrochure.co.uk/images/products.hires/prod_11301_61023_164493.jpg,https://myebrochure.co.uk/images/brands/fotl_23.png,https://myebrochure.co.uk/images/products.hires/prod_61023_141565.jpg,https://myebrochure.co.uk/images/products.hires/prod_61023_141564.jpg,https://myebrochure.co.uk/images/products.hires/prod_61023_141566.jpg,,,,,,,,"<li>100&#37; combed ringspun cotton</li> <li>Soft hand feel</li> <li>Tailored fit</li> <li>Narrow crew neck with 1x1 rib#Self-fabric back neck tape</li> <li>New tear away back neck label</li> <li><b>Also available in girl&#39;s sizes code 61025, men&#39;s sizes code 61430 and ladies&#39; sizes code 61432</b></li>",1.43
183760,0000001836813,61023,TSHIRT,T-SHIRTS,CHITSH,Childrens T-Shirt,FOTL,Fruit Of The Loom,CH0069,NE,Neomint,0030  ,12-13 Years,Kid's Iconic 150 T,1.82,2,12,72,02-01-2026 8:39,C,https://myebrochure.co.uk/images/colours/fotl/fotl-ne.jpg,https://myebrochure.co.uk/images/products/prod_11301_61023_164493.jpg,https://myebrochure.co.uk/images/products.small/prod_11301_61023_164493.jpg,https://myebrochure.co.uk/images/products.hires/prod_11301_61023_164493.jpg,https://myebrochure.co.uk/images/brands/fotl_23.png,https://myebrochure.co.uk/images/products.hires/prod_61023_141565.jpg,https://myebrochure.co.uk/images/products.hires/prod_61023_141564.jpg,https://myebrochure.co.uk/images/products.hires/prod_61023_141566.jpg,,,,,,,,"<li>100&#37; combed ringspun cotton</li> <li>Soft hand feel</li> <li>Tailored fit</li> <li>Narrow crew neck with 1x1 rib#Self-fabric back neck tape</li> <li>New tear away back neck label</li> <li><b>Also available in girl&#39;s sizes code 61025, men&#39;s sizes code 61430 and ladies&#39; sizes code 61432</b></li>",1.43
183761,0000001836820,61023,TSHIRT,T-SHIRTS,CHITSH,Childrens T-Shirt,FOTL,Fruit Of The Loom,CH0069,NE,Neomint,0030  ,14-15 Years,Kid's Iconic 150 T,1.82,1,12,72,02-01-2026 8:39,C,https://myebrochure.co.uk/images/colours/fotl/fotl-ne.jpg,https://myebrochure.co.uk/images/products/prod_11301_61023_164493.jpg,https://myebrochure.co.uk/images/products.small/prod_11301_61023_164493.jpg,https://myebrochure.co.uk/images/products.hires/prod_11301_61023_164493.jpg,https://myebrochure.co.uk/images/brands/fotl_23.png,https://myebrochure.co.uk/images/products.hires/prod_61023_141565.jpg,https://myebrochure.co.uk/images/products.hires/prod_61023_141564.jpg,https://myebrochure.co.uk/images/products.hires/prod_61023_141566.jpg,,,,,,,,"<li>100&#37; combed ringspun cotton</li> <li>Soft hand feel</li> <li>Tailored fit</li> <li>Narrow crew neck with 1x1 rib#Self-fabric back neck tape</li> <li>New tear away back neck label</li> <li><b>Also available in girl&#39;s sizes code 61025, men&#39;s sizes code 61430 and ladies&#39; sizes code 61432</b></li>",1.43
200616,0000002006017,61023,TSHIRT,T-SHIRTS,CHITSH,Childrens T-Shirt,FOTL,Fruit Of The Loom,CH0069,YT,Sky Blue,0030  ,3-4 Years,Kid's Iconic 150 T,1.82,2,12,72,02-01-2026 8:39,C,https://myebrochure.co.uk/images/colours/fotl/fotl-yt.jpg,https://myebrochure.co.uk/images/products/prod_11301_61023_164493.jpg,https://myebrochure.co.uk/images/products.small/prod_11301_61023_164493.jpg,https://myebrochure.co.uk/images/products.hires/prod_11301_61023_164493.jpg,https://myebrochure.co.uk/images/brands/fotl_23.png,https://myebrochure.co.uk/images/products.hires/prod_11301_61023_157424.jpg,https://myebrochure.co.uk/images/products.hires/prod_11301_61023_157423.jpg,https://myebrochure.co.uk/images/products.hires/prod_11301_61023_157425.jpg,,,,,,,,"<li>100&#37; combed ringspun cotton</li> <li>Soft hand feel</li> <li>Tailored fit</li> <li>Narrow crew neck with 1x1 rib#Self-fabric back neck tape</li> <li>New tear away back neck label</li> <li><b>Also available in girl&#39;s sizes code 61025, men&#39;s sizes code 61430 and ladies&#39; sizes code 61432</b></li>",1.43
200617,0000002006024,61023,TSHIRT,T-SHIRTS,CHITSH,Childrens T-Shirt,FOTL,Fruit Of The Loom,CH0069,YT,Sky Blue,0030  ,5-6 Years,Kid's Iconic 150 T,1.82,2,12,72,02-01-2026 8:39,C,https://myebrochure.co.uk/images/colours/fotl/fotl-yt.jpg,https://myebrochure.co.uk/images/products/prod_11301_61023_164493.jpg,https://myebrochure.co.uk/images/products.small/prod_11301_61023_164493.jpg,https://myebrochure.co.uk/images/products.hires/prod_11301_61023_164493.jpg,https://myebrochure.co.uk/images/brands/fotl_23.png,https://myebrochure.co.uk/images/products.hires/prod_11301_61023_157424.jpg,https://myebrochure.co.uk/images/products.hires/prod_11301_61023_157423.jpg,https://myebrochure.co.uk/images/products.hires/prod_11301_61023_157425.jpg,,,,,,,,"<li>100&#37; combed ringspun cotton</li> <li>Soft hand feel</li> <li>Tailored fit</li> <li>Narrow crew neck with 1x1 rib#Self-fabric back neck tape</li> <li>New tear away back neck label</li> <li><b>Also available in girl&#39;s sizes code 61025, men&#39;s sizes code 61430 and ladies&#39; sizes code 61432</b></li>",1.43
200618,0000002006031,61023,TSHIRT,T-SHIRTS,CHITSH,Childrens T-Shirt,FOTL,Fruit Of The Loom,CH0069,YT,Sky Blue,0030  ,7-8 Years,Kid's Iconic 150 T,1.82,2,12,72,02-01-2026 8:39,C,https://myebrochure.co.uk/images/colours/fotl/fotl-yt.jpg,https://myebrochure.co.uk/images/products/prod_11301_61023_164493.jpg,https://myebrochure.co.uk/images/products.small/prod_11301_61023_164493.jpg,https://myebrochure.co.uk/images/products.hires/prod_11301_61023_164493.jpg,https://myebrochure.co.uk/images/brands/fotl_23.png,https://myebrochure.co.uk/images/products.hires/prod_11301_61023_157424.jpg,https://myebrochure.co.uk/images/products.hires/prod_11301_61023_157423.jpg,https://myebrochure.co.uk/images/products.hires/prod_11301_61023_157425.jpg,,,,,,,,"<li>100&#37; combed ringspun cotton</li> <li>Soft hand feel</li> <li>Tailored fit</li> <li>Narrow crew neck with 1x1 rib#Self-fabric back neck tape</li> <li>New tear away back neck label</li> <li><b>Also available in girl&#39;s sizes code 61025, men&#39;s sizes code 61430 and ladies&#39; sizes code 61432</b></li>",1.43
200619,0000002006048,61023,TSHIRT,T-SHIRTS,CHITSH,Childrens T-Shirt,FOTL,Fruit Of The Loom,CH0069,YT,Sky Blue,0030  ,9-11 Years,Kid's Iconic 150 T,1.82,2,12,72,02-01-2026 8:39,C,https://myebrochure.co.uk/images/colours/fotl/fotl-yt.jpg,https://myebrochure.co.uk/images/products/prod_11301_61023_164493.jpg,https://myebrochure.co.uk/images/products.small/prod_11301_61023_164493.jpg,https://myebrochure.co.uk/images/products.hires/prod_11301_61023_164493.jpg,https://myebrochure.co.uk/images/brands/fotl_23.png,https://myebrochure.co.uk/images/products.hires/prod_11301_61023_157424.jpg,https://myebrochure.co.uk/images/products.hires/prod_11301_61023_157423.jpg,https://myebrochure.co.uk/images/products.hires/prod_11301_61023_157425.jpg,,,,,,,,"<li>100&#37; combed ringspun cotton</li> <li>Soft hand feel</li> <li>Tailored fit</li> <li>Narrow crew neck with 1x1 rib#Self-fabric back neck tape</li> <li>New tear away back neck label</li> <li><b>Also available in girl&#39;s sizes code 61025, men&#39;s sizes code 61430 and ladies&#39; sizes code 61432</b></li>",1.43
200620,0000002006055,61023,TSHIRT,T-SHIRTS,CHITSH,Childrens T-Shirt,FOTL,Fruit Of The Loom,CH0069,YT,Sky Blue,0030  ,12-13 Years,Kid's Iconic 150 T,1.82,2,12,72,02-01-2026 8:39,C,https://myebrochure.co.uk/images/colours/fotl/fotl-yt.jpg,https://myebrochure.co.uk/images/products/prod_11301_61023_164493.jpg,https://myebrochure.co.uk/images/products.small/prod_11301_61023_164493.jpg,https://myebrochure.co.uk/images/products.hires/prod_11301_61023_164493.jpg,https://myebrochure.co.uk/images/brands/fotl_23.png,https://myebrochure.co.uk/images/products.hires/prod_11301_61023_157424.jpg,https://myebrochure.co.uk/images/products.hires/prod_11301_61023_157423.jpg,https://myebrochure.co.uk/images/products.hires/prod_11301_61023_157425.jpg,,,,,,,,"<li>100&#37; combed ringspun cotton</li> <li>Soft hand feel</li> <li>Tailored fit</li> <li>Narrow crew neck with 1x1 rib#Self-fabric back neck tape</li> <li>New tear away back neck label</li> <li><b>Also available in girl&#39;s sizes code 61025, men&#39;s sizes code 61430 and ladies&#39; sizes code 61432</b></li>",1.43
200621,0000002006062,61023,TSHIRT,T-SHIRTS,CHITSH,Childrens T-Shirt,FOTL,Fruit Of The Loom,CH0069,YT,Sky Blue,0030  ,14-15 Years,Kid's Iconic 150 T,1.82,1,12,72,02-01-2026 8:39,C,https://myebrochure.co.uk/images/colours/fotl/fotl-yt.jpg,https://myebrochure.co.uk/images/products/prod_11301_61023_164493.jpg,https://myebrochure.co.uk/images/products.small/prod_11301_61023_164493.jpg,https://myebrochure.co.uk/images/products.hires/prod_11301_61023_164493.jpg,https://myebrochure.co.uk/images/brands/fotl_23.png,https://myebrochure.co.uk/images/products.hires/prod_11301_61023_157424.jpg,https://myebrochure.co.uk/images/products.hires/prod_11301_61023_157423.jpg,https://myebrochure.co.uk/images/products.hires/prod_11301_61023_157425.jpg,,,,,,,,"<li>100&#37; combed ringspun cotton</li> <li>Soft hand feel</li> <li>Tailored fit</li> <li>Narrow crew neck with 1x1 rib#Self-fabric back neck tape</li> <li>New tear away back neck label</li> <li><b>Also available in girl&#39;s sizes code 61025, men&#39;s sizes code 61430 and ladies&#39; sizes code 61432</b></li>",1.43
200622,0000002006079,61023,TSHIRT,T-SHIRTS,CHITSH,Childrens T-Shirt,FOTL,Fruit Of The Loom,CH0069,44,Orange,0030  ,3-4 Years,Kid's Iconic 150 T,1.82,2,12,72,02-01-2026 8:39,C,https://myebrochure.co.uk/images/colours/fotl/fotl-44.jpg,https://myebrochure.co.uk/images/products/prod_11301_61023_164493.jpg,https://myebrochure.co.uk/images/products.small/prod_11301_61023_164493.jpg,https://myebrochure.co.uk/images/products.hires/prod_11301_61023_164493.jpg,https://myebrochure.co.uk/images/brands/fotl_23.png,https://myebrochure.co.uk/images/products.hires/prod_11301_61023_157427.jpg,https://myebrochure.co.uk/images/products.hires/prod_11301_61023_157426.jpg,https://myebrochure.co.uk/images/products.hires/prod_11301_61023_157419.jpg,,,,,,,,"<li>100&#37; combed ringspun cotton</li> <li>Soft hand feel</li> <li>Tailored fit</li> <li>Narrow crew neck with 1x1 rib#Self-fabric back neck tape</li> <li>New tear away back neck label</li> <li><b>Also available in girl&#39;s sizes code 61025, men&#39;s sizes code 61430 and ladies&#39; sizes code 61432</b></li>",1.43
200623,0000002006086,61023,TSHIRT,T-SHIRTS,CHITSH,Childrens T-Shirt,FOTL,Fruit Of The Loom,CH0069,44,Orange,0030  ,5-6 Years,Kid's Iconic 150 T,1.82,2,12,72,02-01-2026 8:39,C,https://myebrochure.co.uk/images/colours/fotl/fotl-44.jpg,https://myebrochure.co.uk/images/products/prod_11301_61023_164493.jpg,https://myebrochure.co.uk/images/products.small/prod_11301_61023_164493.jpg,https://myebrochure.co.uk/images/products.hires/prod_11301_61023_164493.jpg,https://myebrochure.co.uk/images/brands/fotl_23.png,https://myebrochure.co.uk/images/products.hires/prod_11301_61023_157427.jpg,https://myebrochure.co.uk/images/products.hires/prod_11301_61023_157426.jpg,https://myebrochure.co.uk/images/products.hires/prod_11301_61023_157419.jpg,,,,,,,,"<li>100&#37; combed ringspun cotton</li> <li>Soft hand feel</li> <li>Tailored fit</li> <li>Narrow crew neck with 1x1 rib#Self-fabric back neck tape</li> <li>New tear away back neck label</li> <li><b>Also available in girl&#39;s sizes code 61025, men&#39;s sizes code 61430 and ladies&#39; sizes code 61432</b></li>",1.43
200624,0000002006093,61023,TSHIRT,T-SHIRTS,CHITSH,Childrens T-Shirt,FOTL,Fruit Of The Loom,CH0069,44,Orange,0030  ,7-8 Years,Kid's Iconic 150 T,1.82,2,12,72,02-01-2026 8:39,C,https://myebrochure.co.uk/images/colours/fotl/fotl-44.jpg,https://myebrochure.co.uk/images/products/prod_11301_61023_164493.jpg,https://myebrochure.co.uk/images/products.small/prod_11301_61023_164493.jpg,https://myebrochure.co.uk/images/products.hires/prod_11301_61023_164493.jpg,https://myebrochure.co.uk/images/brands/fotl_23.png,https://myebrochure.co.uk/images/products.hires/prod_11301_61023_157427.jpg,https://myebrochure.co.uk/images/products.hires/prod_11301_61023_157426.jpg,https://myebrochure.co.uk/images/products.hires/prod_11301_61023_157419.jpg,,,,,,,,"<li>100&#37; combed ringspun cotton</li> <li>Soft hand feel</li> <li>Tailored fit</li> <li>Narrow crew neck with 1x1 rib#Self-fabric back neck tape</li> <li>New tear away back neck label</li> <li><b>Also available in girl&#39;s sizes code 61025, men&#39;s sizes code 61430 and ladies&#39; sizes code 61432</b></li>",1.43
200625,0000002006109,61023,TSHIRT,T-SHIRTS,CHITSH,Childrens T-Shirt,FOTL,Fruit Of The Loom,CH0069,44,Orange,0030  ,9-11 Years,Kid's Iconic 150 T,1.82,2,12,72,02-01-2026 8:39,C,https://myebrochure.co.uk/images/colours/fotl/fotl-44.jpg,https://myebrochure.co.uk/images/products/prod_11301_61023_164493.jpg,https://myebrochure.co.uk/images/products.small/prod_11301_61023_164493.jpg,https://myebrochure.co.uk/images/products.hires/prod_11301_61023_164493.jpg,https://myebrochure.co.uk/images/brands/fotl_23.png,https://myebrochure.co.uk/images/products.hires/prod_11301_61023_157427.jpg,https://myebrochure.co.uk/images/products.hires/prod_11301_61023_157426.jpg,https://myebrochure.co.uk/images/products.hires/prod_11301_61023_157419.jpg,,,,,,,,"<li>100&#37; combed ringspun cotton</li> <li>Soft hand feel</li> <li>Tailored fit</li> <li>Narrow crew neck with 1x1 rib#Self-fabric back neck tape</li> <li>New tear away back neck label</li> <li><b>Also available in girl&#39;s sizes code 61025, men&#39;s sizes code 61430 and ladies&#39; sizes code 61432</b></li>",1.43
200626,0000002006116,61023,TSHIRT,T-SHIRTS,CHITSH,Childrens T-Shirt,FOTL,Fruit Of The Loom,CH0069,44,Orange,0030  ,12-13 Years,Kid's Iconic 150 T,1.82,2,12,72,02-01-2026 8:39,C,https://myebrochure.co.uk/images/colours/fotl/fotl-44.jpg,https://myebrochure.co.uk/images/products/prod_11301_61023_164493.jpg,https://myebrochure.co.uk/images/products.small/prod_11301_61023_164493.jpg,https://myebrochure.co.uk/images/products.hires/prod_11301_61023_164493.jpg,https://myebrochure.co.uk/images/brands/fotl_23.png,https://myebrochure.co.uk/images/products.hires/prod_11301_61023_157427.jpg,https://myebrochure.co.uk/images/products.hires/prod_11301_61023_157426.jpg,https://myebrochure.co.uk/images/products.hires/prod_11301_61023_157419.jpg,,,,,,,,"<li>100&#37; combed ringspun cotton</li> <li>Soft hand feel</li> <li>Tailored fit</li> <li>Narrow crew neck with 1x1 rib#Self-fabric back neck tape</li> <li>New tear away back neck label</li> <li><b>Also available in girl&#39;s sizes code 61025, men&#39;s sizes code 61430 and ladies&#39; sizes code 61432</b></li>",1.43
200627,0000002006123,61023,TSHIRT,T-SHIRTS,CHITSH,Childrens T-Shirt,FOTL,Fruit Of The Loom,CH0069,44,Orange,0030  ,14-15 Years,Kid's Iconic 150 T,1.82,2,12,72,02-01-2026 8:39,C,https://myebrochure.co.uk/images/colours/fotl/fotl-44.jpg,https://myebrochure.co.uk/images/products/prod_11301_61023_164493.jpg,https://myebrochure.co.uk/images/products.small/prod_11301_61023_164493.jpg,https://myebrochure.co.uk/images/products.hires/prod_11301_61023_164493.jpg,https://myebrochure.co.uk/images/brands/fotl_23.png,https://myebrochure.co.uk/images/products.hires/prod_11301_61023_157427.jpg,https://myebrochure.co.uk/images/products.hires/prod_11301_61023_157426.jpg,https://myebrochure.co.uk/images/products.hires/prod_11301_61023_157419.jpg,,,,,,,,"<li>100&#37; combed ringspun cotton</li> <li>Soft hand feel</li> <li>Tailored fit</li> <li>Narrow crew neck with 1x1 rib#Self-fabric back neck tape</li> <li>New tear away back neck label</li> <li><b>Also available in girl&#39;s sizes code 61025, men&#39;s sizes code 61430 and ladies&#39; sizes code 61432</b></li>",1.43
200849,0000002008349,61023,TSHIRT,T-SHIRTS,CHITSH,Childrens T-Shirt,FOTL,Fruit Of The Loom,CH0069,SLR,Soft Lavender,0030  ,3-4 Years,Kid's Iconic 150 T,1.82,2,12,72,02-01-2026 8:39,C,https://myebrochure.co.uk/images/colours/fotl/fotl-slr.jpg,https://myebrochure.co.uk/images/products/prod_11301_61023_164493.jpg,https://myebrochure.co.uk/images/products.small/prod_11301_61023_164493.jpg,https://myebrochure.co.uk/images/products.hires/prod_11301_61023_164493.jpg,https://myebrochure.co.uk/images/brands/fotl_23.png,https://myebrochure.co.uk/images/products.hires/prod_11301_61023_157421.jpg,https://myebrochure.co.uk/images/products.hires/prod_11301_61023_157420.jpg,https://myebrochure.co.uk/images/products.hires/prod_11301_61023_157422.jpg,,,,,,,,"<li>100&#37; combed ringspun cotton</li> <li>Soft hand feel</li> <li>Tailored fit</li> <li>Narrow crew neck with 1x1 rib#Self-fabric back neck tape</li> <li>New tear away back neck label</li> <li><b>Also available in girl&#39;s sizes code 61025, men&#39;s sizes code 61430 and ladies&#39; sizes code 61432</b></li>",1.43
200850,0000002008356,61023,TSHIRT,T-SHIRTS,CHITSH,Childrens T-Shirt,FOTL,Fruit Of The Loom,CH0069,SLR,Soft Lavender,0030  ,5-6 Years,Kid's Iconic 150 T,1.82,2,12,72,02-01-2026 8:39,C,https://myebrochure.co.uk/images/colours/fotl/fotl-slr.jpg,https://myebrochure.co.uk/images/products/prod_11301_61023_164493.jpg,https://myebrochure.co.uk/images/products.small/prod_11301_61023_164493.jpg,https://myebrochure.co.uk/images/products.hires/prod_11301_61023_164493.jpg,https://myebrochure.co.uk/images/brands/fotl_23.png,https://myebrochure.co.uk/images/products.hires/prod_11301_61023_157421.jpg,https://myebrochure.co.uk/images/products.hires/prod_11301_61023_157420.jpg,https://myebrochure.co.uk/images/products.hires/prod_11301_61023_157422.jpg,,,,,,,,"<li>100&#37; combed ringspun cotton</li> <li>Soft hand feel</li> <li>Tailored fit</li> <li>Narrow crew neck with 1x1 rib#Self-fabric back neck tape</li> <li>New tear away back neck label</li> <li><b>Also available in girl&#39;s sizes code 61025, men&#39;s sizes code 61430 and ladies&#39; sizes code 61432</b></li>",1.43
200851,0000002008363,61023,TSHIRT,T-SHIRTS,CHITSH,Childrens T-Shirt,FOTL,Fruit Of The Loom,CH0069,SLR,Soft Lavender,0030  ,7-8 Years,Kid's Iconic 150 T,1.82,2,12,72,02-01-2026 8:39,C,https://myebrochure.co.uk/images/colours/fotl/fotl-slr.jpg,https://myebrochure.co.uk/images/products/prod_11301_61023_164493.jpg,https://myebrochure.co.uk/images/products.small/prod_11301_61023_164493.jpg,https://myebrochure.co.uk/images/products.hires/prod_11301_61023_164493.jpg,https://myebrochure.co.uk/images/brands/fotl_23.png,https://myebrochure.co.uk/images/products.hires/prod_11301_61023_157421.jpg,https://myebrochure.co.uk/images/products.hires/prod_11301_61023_157420.jpg,https://myebrochure.co.uk/images/products.hires/prod_11301_61023_157422.jpg,,,,,,,,"<li>100&#37; combed ringspun cotton</li> <li>Soft hand feel</li> <li>Tailored fit</li> <li>Narrow crew neck with 1x1 rib#Self-fabric back neck tape</li> <li>New tear away back neck label</li> <li><b>Also available in girl&#39;s sizes code 61025, men&#39;s sizes code 61430 and ladies&#39; sizes code 61432</b></li>",1.43
200852,0000002008370,61023,TSHIRT,T-SHIRTS,CHITSH,Childrens T-Shirt,FOTL,Fruit Of The Loom,CH0069,SLR,Soft Lavender,0030  ,9-11 Years,Kid's Iconic 150 T,1.82,2,12,72,02-01-2026 8:39,C,https://myebrochure.co.uk/images/colours/fotl/fotl-slr.jpg,https://myebrochure.co.uk/images/products/prod_11301_61023_164493.jpg,https://myebrochure.co.uk/images/products.small/prod_11301_61023_164493.jpg,https://myebrochure.co.uk/images/products.hires/prod_11301_61023_164493.jpg,https://myebrochure.co.uk/images/brands/fotl_23.png,https://myebrochure.co.uk/images/products.hires/prod_11301_61023_157421.jpg,https://myebrochure.co.uk/images/products.hires/prod_11301_61023_157420.jpg,https://myebrochure.co.uk/images/products.hires/prod_11301_61023_157422.jpg,,,,,,,,"<li>100&#37; combed ringspun cotton</li> <li>Soft hand feel</li> <li>Tailored fit</li> <li>Narrow crew neck with 1x1 rib#Self-fabric back neck tape</li> <li>New tear away back neck label</li> <li><b>Also available in girl&#39;s sizes code 61025, men&#39;s sizes code 61430 and ladies&#39; sizes code 61432</b></li>",1.43
200853,0000002008387,61023,TSHIRT,T-SHIRTS,CHITSH,Childrens T-Shirt,FOTL,Fruit Of The Loom,CH0069,SLR,Soft Lavender,0030  ,12-13 Years,Kid's Iconic 150 T,1.82,2,12,72,02-01-2026 8:39,C,https://myebrochure.co.uk/images/colours/fotl/fotl-slr.jpg,https://myebrochure.co.uk/images/products/prod_11301_61023_164493.jpg,https://myebrochure.co.uk/images/products.small/prod_11301_61023_164493.jpg,https://myebrochure.co.uk/images/products.hires/prod_11301_61023_164493.jpg,https://myebrochure.co.uk/images/brands/fotl_23.png,https://myebrochure.co.uk/images/products.hires/prod_11301_61023_157421.jpg,https://myebrochure.co.uk/images/products.hires/prod_11301_61023_157420.jpg,https://myebrochure.co.uk/images/products.hires/prod_11301_61023_157422.jpg,,,,,,,,"<li>100&#37; combed ringspun cotton</li> <li>Soft hand feel</li> <li>Tailored fit</li> <li>Narrow crew neck with 1x1 rib#Self-fabric back neck tape</li> <li>New tear away back neck label</li> <li><b>Also available in girl&#39;s sizes code 61025, men&#39;s sizes code 61430 and ladies&#39; sizes code 61432</b></li>",1.43
200854,0000002008394,61023,TSHIRT,T-SHIRTS,CHITSH,Childrens T-Shirt,FOTL,Fruit Of The Loom,CH0069,SLR,Soft Lavender,0030  ,14-15 Years,Kid's Iconic 150 T,1.82,1,12,72,02-01-2026 8:39,C,https://myebrochure.co.uk/images/colours/fotl/fotl-slr.jpg,https://myebrochure.co.uk/images/products/prod_11301_61023_164493.jpg,https://myebrochure.co.uk/images/products.small/prod_11301_61023_164493.jpg,https://myebrochure.co.uk/images/products.hires/prod_11301_61023_164493.jpg,https://myebrochure.co.uk/images/brands/fotl_23.png,https://myebrochure.co.uk/images/products.hires/prod_11301_61023_157421.jpg,https://myebrochure.co.uk/images/products.hires/prod_11301_61023_157420.jpg,https://myebrochure.co.uk/images/products.hires/prod_11301_61023_157422.jpg,,,,,,,,"<li>100&#37; combed ringspun cotton</li> <li>Soft hand feel</li> <li>Tailored fit</li> <li>Narrow crew neck with 1x1 rib#Self-fabric back neck tape</li> <li>New tear away back neck label</li> <li><b>Also available in girl&#39;s sizes code 61025, men&#39;s sizes code 61430 and ladies&#39; sizes code 61432</b></li>",1.43
208356,0000002083452,61023,TSHIRT,T-SHIRTS,CHITSH,Childrens T-Shirt,FOTL,Fruit Of The Loom,CH0069,JS,Sage,0030  ,3-4 Years,Kid's Iconic 150 T,1.82,2,12,72,02-01-2026 8:39,C,https://myebrochure.co.uk/images/colours/fotl/fotl-js.jpg,https://myebrochure.co.uk/images/products/prod_11301_61023_164493.jpg,https://myebrochure.co.uk/images/products.small/prod_11301_61023_164493.jpg,https://myebrochure.co.uk/images/products.hires/prod_11301_61023_164493.jpg,https://myebrochure.co.uk/images/brands/fotl_23.png,https://myebrochure.co.uk/images/products.hires/prod_11301_61023_168053.jpg,https://myebrochure.co.uk/images/products.hires/prod_11301_61023_168052.jpg,https://myebrochure.co.uk/images/products.hires/prod_11301_61023_168054.jpg,,,,,,,,"<li>100&#37; combed ringspun cotton</li> <li>Soft hand feel</li> <li>Tailored fit</li> <li>Narrow crew neck with 1x1 rib#Self-fabric back neck tape</li> <li>New tear away back neck label</li> <li><b>Also available in girl&#39;s sizes code 61025, men&#39;s sizes code 61430 and ladies&#39; sizes code 61432</b></li>",1.43
208357,0000002083469,61023,TSHIRT,T-SHIRTS,CHITSH,Childrens T-Shirt,FOTL,Fruit Of The Loom,CH0069,JS,Sage,0030  ,5-6 Years,Kid's Iconic 150 T,1.82,2,12,72,02-01-2026 8:39,C,https://myebrochure.co.uk/images/colours/fotl/fotl-js.jpg,https://myebrochure.co.uk/images/products/prod_11301_61023_164493.jpg,https://myebrochure.co.uk/images/products.small/prod_11301_61023_164493.jpg,https://myebrochure.co.uk/images/products.hires/prod_11301_61023_164493.jpg,https://myebrochure.co.uk/images/brands/fotl_23.png,https://myebrochure.co.uk/images/products.hires/prod_11301_61023_168053.jpg,https://myebrochure.co.uk/images/products.hires/prod_11301_61023_168052.jpg,https://myebrochure.co.uk/images/products.hires/prod_11301_61023_168054.jpg,,,,,,,,"<li>100&#37; combed ringspun cotton</li> <li>Soft hand feel</li> <li>Tailored fit</li> <li>Narrow crew neck with 1x1 rib#Self-fabric back neck tape</li> <li>New tear away back neck label</li> <li><b>Also available in girl&#39;s sizes code 61025, men&#39;s sizes code 61430 and ladies&#39; sizes code 61432</b></li>",1.43
208358,0000002083476,61023,TSHIRT,T-SHIRTS,CHITSH,Childrens T-Shirt,FOTL,Fruit Of The Loom,CH0069,JS,Sage,0030  ,7-8 Years,Kid's Iconic 150 T,1.82,2,12,72,02-01-2026 8:39,C,https://myebrochure.co.uk/images/colours/fotl/fotl-js.jpg,https://myebrochure.co.uk/images/products/prod_11301_61023_164493.jpg,https://myebrochure.co.uk/images/products.small/prod_11301_61023_164493.jpg,https://myebrochure.co.uk/images/products.hires/prod_11301_61023_164493.jpg,https://myebrochure.co.uk/images/brands/fotl_23.png,https://myebrochure.co.uk/images/products.hires/prod_11301_61023_168053.jpg,https://myebrochure.co.uk/images/products.hires/prod_11301_61023_168052.jpg,https://myebrochure.co.uk/images/products.hires/prod_11301_61023_168054.jpg,,,,,,,,"<li>100&#37; combed ringspun cotton</li> <li>Soft hand feel</li> <li>Tailored fit</li> <li>Narrow crew neck with 1x1 rib#Self-fabric back neck tape</li> <li>New tear away back neck label</li> <li><b>Also available in girl&#39;s sizes code 61025, men&#39;s sizes code 61430 and ladies&#39; sizes code 61432</b></li>",1.43
208359,0000002083483,61023,TSHIRT,T-SHIRTS,CHITSH,Childrens T-Shirt,FOTL,Fruit Of The Loom,CH0069,JS,Sage,0030  ,9-11 Years,Kid's Iconic 150 T,1.82,2,12,72,02-01-2026 8:39,C,https://myebrochure.co.uk/images/colours/fotl/fotl-js.jpg,https://myebrochure.co.uk/images/products/prod_11301_61023_164493.jpg,https://myebrochure.co.uk/images/products.small/prod_11301_61023_164493.jpg,https://myebrochure.co.uk/images/products.hires/prod_11301_61023_164493.jpg,https://myebrochure.co.uk/images/brands/fotl_23.png,https://myebrochure.co.uk/images/products.hires/prod_11301_61023_168053.jpg,https://myebrochure.co.uk/images/products.hires/prod_11301_61023_168052.jpg,https://myebrochure.co.uk/images/products.hires/prod_11301_61023_168054.jpg,,,,,,,,"<li>100&#37; combed ringspun cotton</li> <li>Soft hand feel</li> <li>Tailored fit</li> <li>Narrow crew neck with 1x1 rib#Self-fabric back neck tape</li> <li>New tear away back neck label</li> <li><b>Also available in girl&#39;s sizes code 61025, men&#39;s sizes code 61430 and ladies&#39; sizes code 61432</b></li>",1.43
208360,0000002083490,61023,TSHIRT,T-SHIRTS,CHITSH,Childrens T-Shirt,FOTL,Fruit Of The Loom,CH0069,JS,Sage,0030  ,12-13 Years,Kid's Iconic 150 T,1.82,2,12,72,02-01-2026 8:39,C,https://myebrochure.co.uk/images/colours/fotl/fotl-js.jpg,https://myebrochure.co.uk/images/products/prod_11301_61023_164493.jpg,https://myebrochure.co.uk/images/products.small/prod_11301_61023_164493.jpg,https://myebrochure.co.uk/images/products.hires/prod_11301_61023_164493.jpg,https://myebrochure.co.uk/images/brands/fotl_23.png,https://myebrochure.co.uk/images/products.hires/prod_11301_61023_168053.jpg,https://myebrochure.co.uk/images/products.hires/prod_11301_61023_168052.jpg,https://myebrochure.co.uk/images/products.hires/prod_11301_61023_168054.jpg,,,,,,,,"<li>100&#37; combed ringspun cotton</li> <li>Soft hand feel</li> <li>Tailored fit</li> <li>Narrow crew neck with 1x1 rib#Self-fabric back neck tape</li> <li>New tear away back neck label</li> <li><b>Also available in girl&#39;s sizes code 61025, men&#39;s sizes code 61430 and ladies&#39; sizes code 61432</b></li>",1.43
208361,0000002083506,61023,TSHIRT,T-SHIRTS,CHITSH,Childrens T-Shirt,FOTL,Fruit Of The Loom,CH0069,JS,Sage,0030  ,14-15 Years,Kid's Iconic 150 T,1.82,2,12,72,02-01-2026 8:39,C,https://myebrochure.co.uk/images/colours/fotl/fotl-js.jpg,https://myebrochure.co.uk/images/products/prod_11301_61023_164493.jpg,https://myebrochure.co.uk/images/products.small/prod_11301_61023_164493.jpg,https://myebrochure.co.uk/images/products.hires/prod_11301_61023_164493.jpg,https://myebrochure.co.uk/images/brands/fotl_23.png,https://myebrochure.co.uk/images/products.hires/prod_11301_61023_168053.jpg,https://myebrochure.co.uk/images/products.hires/prod_11301_61023_168052.jpg,https://myebrochure.co.uk/images/products.hires/prod_11301_61023_168054.jpg,,,,,,,,"<li>100&#37; combed ringspun cotton</li> <li>Soft hand feel</li> <li>Tailored fit</li> <li>Narrow crew neck with 1x1 rib#Self-fabric back neck tape</li> <li>New tear away back neck label</li> <li><b>Also available in girl&#39;s sizes code 61025, men&#39;s sizes code 61430 and ladies&#39; sizes code 61432</b></li>",1.43
208362,0000002083513,61023,TSHIRT,T-SHIRTS,CHITSH,Childrens T-Shirt,FOTL,Fruit Of The Loom,CH0069,PR,Powder Rose,0030  ,3-4 Years,Kid's Iconic 150 T,1.82,2,12,72,02-01-2026 8:39,C,https://myebrochure.co.uk/images/colours/fotl/fotl-pr.jpg,https://myebrochure.co.uk/images/products/prod_11301_61023_164493.jpg,https://myebrochure.co.uk/images/products.small/prod_11301_61023_164493.jpg,https://myebrochure.co.uk/images/products.hires/prod_11301_61023_164493.jpg,https://myebrochure.co.uk/images/brands/fotl_23.png,https://myebrochure.co.uk/images/products.hires/prod_11301_61023_168056.jpg,https://myebrochure.co.uk/images/products.hires/prod_11301_61023_168055.jpg,https://myebrochure.co.uk/images/products.hires/prod_11301_61023_168057.jpg,,,,,,,,"<li>100&#37; combed ringspun cotton</li> <li>Soft hand feel</li> <li>Tailored fit</li> <li>Narrow crew neck with 1x1 rib#Self-fabric back neck tape</li> <li>New tear away back neck label</li> <li><b>Also available in girl&#39;s sizes code 61025, men&#39;s sizes code 61430 and ladies&#39; sizes code 61432</b></li>",1.43
208363,0000002083520,61023,TSHIRT,T-SHIRTS,CHITSH,Childrens T-Shirt,FOTL,Fruit Of The Loom,CH0069,PR,Powder Rose,0030  ,5-6 Years,Kid's Iconic 150 T,1.82,2,12,72,02-01-2026 8:39,C,https://myebrochure.co.uk/images/colours/fotl/fotl-pr.jpg,https://myebrochure.co.uk/images/products/prod_11301_61023_164493.jpg,https://myebrochure.co.uk/images/products.small/prod_11301_61023_164493.jpg,https://myebrochure.co.uk/images/products.hires/prod_11301_61023_164493.jpg,https://myebrochure.co.uk/images/brands/fotl_23.png,https://myebrochure.co.uk/images/products.hires/prod_11301_61023_168056.jpg,https://myebrochure.co.uk/images/products.hires/prod_11301_61023_168055.jpg,https://myebrochure.co.uk/images/products.hires/prod_11301_61023_168057.jpg,,,,,,,,"<li>100&#37; combed ringspun cotton</li> <li>Soft hand feel</li> <li>Tailored fit</li> <li>Narrow crew neck with 1x1 rib#Self-fabric back neck tape</li> <li>New tear away back neck label</li> <li><b>Also available in girl&#39;s sizes code 61025, men&#39;s sizes code 61430 and ladies&#39; sizes code 61432</b></li>",1.43
208364,0000002083537,61023,TSHIRT,T-SHIRTS,CHITSH,Childrens T-Shirt,FOTL,Fruit Of The Loom,CH0069,PR,Powder Rose,0030  ,7-8 Years,Kid's Iconic 150 T,1.82,2,12,72,02-01-2026 8:39,C,https://myebrochure.co.uk/images/colours/fotl/fotl-pr.jpg,https://myebrochure.co.uk/images/products/prod_11301_61023_164493.jpg,https://myebrochure.co.uk/images/products.small/prod_11301_61023_164493.jpg,https://myebrochure.co.uk/images/products.hires/prod_11301_61023_164493.jpg,https://myebrochure.co.uk/images/brands/fotl_23.png,https://myebrochure.co.uk/images/products.hires/prod_11301_61023_168056.jpg,https://myebrochure.co.uk/images/products.hires/prod_11301_61023_168055.jpg,https://myebrochure.co.uk/images/products.hires/prod_11301_61023_168057.jpg,,,,,,,,"<li>100&#37; combed ringspun cotton</li> <li>Soft hand feel</li> <li>Tailored fit</li> <li>Narrow crew neck with 1x1 rib#Self-fabric back neck tape</li> <li>New tear away back neck label</li> <li><b>Also available in girl&#39;s sizes code 61025, men&#39;s sizes code 61430 and ladies&#39; sizes code 61432</b></li>",1.43
208365,0000002083544,61023,TSHIRT,T-SHIRTS,CHITSH,Childrens T-Shirt,FOTL,Fruit Of The Loom,CH0069,PR,Powder Rose,0030  ,9-11 Years,Kid's Iconic 150 T,1.82,2,12,72,02-01-2026 8:39,C,https://myebrochure.co.uk/images/colours/fotl/fotl-pr.jpg,https://myebrochure.co.uk/images/products/prod_11301_61023_164493.jpg,https://myebrochure.co.uk/images/products.small/prod_11301_61023_164493.jpg,https://myebrochure.co.uk/images/products.hires/prod_11301_61023_164493.jpg,https://myebrochure.co.uk/images/brands/fotl_23.png,https://myebrochure.co.uk/images/products.hires/prod_11301_61023_168056.jpg,https://myebrochure.co.uk/images/products.hires/prod_11301_61023_168055.jpg,https://myebrochure.co.uk/images/products.hires/prod_11301_61023_168057.jpg,,,,,,,,"<li>100&#37; combed ringspun cotton</li> <li>Soft hand feel</li> <li>Tailored fit</li> <li>Narrow crew neck with 1x1 rib#Self-fabric back neck tape</li> <li>New tear away back neck label</li> <li><b>Also available in girl&#39;s sizes code 61025, men&#39;s sizes code 61430 and ladies&#39; sizes code 61432</b></li>",1.43
208366,0000002083551,61023,TSHIRT,T-SHIRTS,CHITSH,Childrens T-Shirt,FOTL,Fruit Of The Loom,CH0069,PR,Powder Rose,0030  ,12-13 Years,Kid's Iconic 150 T,1.82,2,12,72,02-01-2026 8:39,C,https://myebrochure.co.uk/images/colours/fotl/fotl-pr.jpg,https://myebrochure.co.uk/images/products/prod_11301_61023_164493.jpg,https://myebrochure.co.uk/images/products.small/prod_11301_61023_164493.jpg,https://myebrochure.co.uk/images/products.hires/prod_11301_61023_164493.jpg,https://myebrochure.co.uk/images/brands/fotl_23.png,https://myebrochure.co.uk/images/products.hires/prod_11301_61023_168056.jpg,https://myebrochure.co.uk/images/products.hires/prod_11301_61023_168055.jpg,https://myebrochure.co.uk/images/products.hires/prod_11301_61023_168057.jpg,,,,,,,,"<li>100&#37; combed ringspun cotton</li> <li>Soft hand feel</li> <li>Tailored fit</li> <li>Narrow crew neck with 1x1 rib#Self-fabric back neck tape</li> <li>New tear away back neck label</li> <li><b>Also available in girl&#39;s sizes code 61025, men&#39;s sizes code 61430 and ladies&#39; sizes code 61432</b></li>",1.43
208367,0000002083568,61023,TSHIRT,T-SHIRTS,CHITSH,Childrens T-Shirt,FOTL,Fruit Of The Loom,CH0069,PR,Powder Rose,0030  ,14-15 Years,Kid's Iconic 150 T,1.82,2,12,72,02-01-2026 8:39,C,https://myebrochure.co.uk/images/colours/fotl/fotl-pr.jpg,https://myebrochure.co.uk/images/products/prod_11301_61023_164493.jpg,https://myebrochure.co.uk/images/products.small/prod_11301_61023_164493.jpg,https://myebrochure.co.uk/images/products.hires/prod_11301_61023_164493.jpg,https://myebrochure.co.uk/images/brands/fotl_23.png,https://myebrochure.co.uk/images/products.hires/prod_11301_61023_168056.jpg,https://myebrochure.co.uk/images/products.hires/prod_11301_61023_168055.jpg,https://myebrochure.co.uk/images/products.hires/prod_11301_61023_168057.jpg,,,,,,,,"<li>100&#37; combed ringspun cotton</li> <li>Soft hand feel</li> <li>Tailored fit</li> <li>Narrow crew neck with 1x1 rib#Self-fabric back neck tape</li> <li>New tear away back neck label</li> <li><b>Also available in girl&#39;s sizes code 61025, men&#39;s sizes code 61430 and ladies&#39; sizes code 61432</b></li>",1.43
17095,0000000170956,61033,TSHIRT,T-SHIRTS,CHITSH,Childrens T-Shirt,FOTL,Fruit Of The Loom,CH0010,30,White,0025  ,1-2 Years,Kid's Valueweight T,1.35,2,12,108,02-01-2026 8:40,C,https://myebrochure.co.uk/images/colours/fotl/fotl-30.jpg,https://myebrochure.co.uk/images/products/prod_15801_61033_166540.jpg,https://myebrochure.co.uk/images/products.small/prod_15801_61033_166540.jpg,https://myebrochure.co.uk/images/products.hires/prod_15801_61033_166540.jpg,https://myebrochure.co.uk/images/brands/fotl_23.png,https://myebrochure.co.uk/images/products.hires/prod_61033_124889.jpg,https://myebrochure.co.uk/images/products.hires/prod_61033_124890.jpg,https://myebrochure.co.uk/images/products.hires/prod_15801_61033_166530.jpg,,,,,,,,"<li>Crew neck with Cotton/ LYCRA&reg; rib</li> <li>Self fabric back neck tape</li> <li>Fine knit gauge for enhanced printability</li> <li>Age 14-15 is subject to VAT</li> <li><b>Also available in men&#39;s sizes code 61036, ladies&#39; sizes code 61372 and girl&#39;s sizes code 61005</b></li>",1.06
17096,0000000170963,61033,TSHIRT,T-SHIRTS,CHITSH,Childrens T-Shirt,FOTL,Fruit Of The Loom,CH0010,30,White,0025  ,2-3 Years,Kid's Valueweight T,1.35,2,12,108,02-01-2026 8:40,C,https://myebrochure.co.uk/images/colours/fotl/fotl-30.jpg,https://myebrochure.co.uk/images/products/prod_15801_61033_166540.jpg,https://myebrochure.co.uk/images/products.small/prod_15801_61033_166540.jpg,https://myebrochure.co.uk/images/products.hires/prod_15801_61033_166540.jpg,https://myebrochure.co.uk/images/brands/fotl_23.png,https://myebrochure.co.uk/images/products.hires/prod_61033_124889.jpg,https://myebrochure.co.uk/images/products.hires/prod_61033_124890.jpg,https://myebrochure.co.uk/images/products.hires/prod_15801_61033_166530.jpg,,,,,,,,"<li>Crew neck with Cotton/ LYCRA&reg; rib</li> <li>Self fabric back neck tape</li> <li>Fine knit gauge for enhanced printability</li> <li>Age 14-15 is subject to VAT</li> <li><b>Also available in men&#39;s sizes code 61036, ladies&#39; sizes code 61372 and girl&#39;s sizes code 61005</b></li>",1.06
17097,0000000170970,61033,TSHIRT,T-SHIRTS,CHITSH,Childrens T-Shirt,FOTL,Fruit Of The Loom,CH0010,30,White,0025  ,3-4 Years,Kid's Valueweight T,1.35,2,12,108,02-01-2026 8:40,C,https://myebrochure.co.uk/images/colours/fotl/fotl-30.jpg,https://myebrochure.co.uk/images/products/prod_15801_61033_166540.jpg,https://myebrochure.co.uk/images/products.small/prod_15801_61033_166540.jpg,https://myebrochure.co.uk/images/products.hires/prod_15801_61033_166540.jpg,https://myebrochure.co.uk/images/brands/fotl_23.png,https://myebrochure.co.uk/images/products.hires/prod_61033_124889.jpg,https://myebrochure.co.uk/images/products.hires/prod_61033_124890.jpg,https://myebrochure.co.uk/images/products.hires/prod_15801_61033_166530.jpg,,,,,,,,"<li>Crew neck with Cotton/ LYCRA&reg; rib</li> <li>Self fabric back neck tape</li> <li>Fine knit gauge for enhanced printability</li> <li>Age 14-15 is subject to VAT</li> <li><b>Also available in men&#39;s sizes code 61036, ladies&#39; sizes code 61372 and girl&#39;s sizes code 61005</b></li>",1.06
17098,0000000170987,61033,TSHIRT,T-SHIRTS,CHITSH,Childrens T-Shirt,FOTL,Fruit Of The Loom,CH0010,30,White,0025  ,5-6 Years,Kid's Valueweight T,1.35,2,12,108,02-01-2026 8:40,C,https://myebrochure.co.uk/images/colours/fotl/fotl-30.jpg,https://myebrochure.co.uk/images/products/prod_15801_61033_166540.jpg,https://myebrochure.co.uk/images/products.small/prod_15801_61033_166540.jpg,https://myebrochure.co.uk/images/products.hires/prod_15801_61033_166540.jpg,https://myebrochure.co.uk/images/brands/fotl_23.png,https://myebrochure.co.uk/images/products.hires/prod_61033_124889.jpg,https://myebrochure.co.uk/images/products.hires/prod_61033_124890.jpg,https://myebrochure.co.uk/images/products.hires/prod_15801_61033_166530.jpg,,,,,,,,"<li>Crew neck with Cotton/ LYCRA&reg; rib</li> <li>Self fabric back neck tape</li> <li>Fine knit gauge for enhanced printability</li> <li>Age 14-15 is subject to VAT</li> <li><b>Also available in men&#39;s sizes code 61036, ladies&#39; sizes code 61372 and girl&#39;s sizes code 61005</b></li>",1.06
17099,0000000170994,61033,TSHIRT,T-SHIRTS,CHITSH,Childrens T-Shirt,FOTL,Fruit Of The Loom,CH0010,30,White,0025  ,7-8 Years,Kid's Valueweight T,1.35,2,12,108,02-01-2026 8:40,C,https://myebrochure.co.uk/images/colours/fotl/fotl-30.jpg,https://myebrochure.co.uk/images/products/prod_15801_61033_166540.jpg,https://myebrochure.co.uk/images/products.small/prod_15801_61033_166540.jpg,https://myebrochure.co.uk/images/products.hires/prod_15801_61033_166540.jpg,https://myebrochure.co.uk/images/brands/fotl_23.png,https://myebrochure.co.uk/images/products.hires/prod_61033_124889.jpg,https://myebrochure.co.uk/images/products.hires/prod_61033_124890.jpg,https://myebrochure.co.uk/images/products.hires/prod_15801_61033_166530.jpg,,,,,,,,"<li>Crew neck with Cotton/ LYCRA&reg; rib</li> <li>Self fabric back neck tape</li> <li>Fine knit gauge for enhanced printability</li> <li>Age 14-15 is subject to VAT</li> <li><b>Also available in men&#39;s sizes code 61036, ladies&#39; sizes code 61372 and girl&#39;s sizes code 61005</b></li>",1.06
17100,0000000171007,61033,TSHIRT,T-SHIRTS,CHITSH,Childrens T-Shirt,FOTL,Fruit Of The Loom,CH0010,30,White,0025  ,9-11 Years,Kid's Valueweight T,1.35,2,12,108,02-01-2026 8:40,C,https://myebrochure.co.uk/images/colours/fotl/fotl-30.jpg,https://myebrochure.co.uk/images/products/prod_15801_61033_166540.jpg,https://myebrochure.co.uk/images/products.small/prod_15801_61033_166540.jpg,https://myebrochure.co.uk/images/products.hires/prod_15801_61033_166540.jpg,https://myebrochure.co.uk/images/brands/fotl_23.png,https://myebrochure.co.uk/images/products.hires/prod_61033_124889.jpg,https://myebrochure.co.uk/images/products.hires/prod_61033_124890.jpg,https://myebrochure.co.uk/images/products.hires/prod_15801_61033_166530.jpg,,,,,,,,"<li>Crew neck with Cotton/ LYCRA&reg; rib</li> <li>Self fabric back neck tape</li> <li>Fine knit gauge for enhanced printability</li> <li>Age 14-15 is subject to VAT</li> <li><b>Also available in men&#39;s sizes code 61036, ladies&#39; sizes code 61372 and girl&#39;s sizes code 61005</b></li>",1.06
17101,0000000171014,61033,TSHIRT,T-SHIRTS,CHITSH,Childrens T-Shirt,FOTL,Fruit Of The Loom,CH0010,30,White,0025  ,12-13 Years,Kid's Valueweight T,1.35,2,12,108,02-01-2026 8:40,C,https://myebrochure.co.uk/images/colours/fotl/fotl-30.jpg,https://myebrochure.co.uk/images/products/prod_15801_61033_166540.jpg,https://myebrochure.co.uk/images/products.small/prod_15801_61033_166540.jpg,https://myebrochure.co.uk/images/products.hires/prod_15801_61033_166540.jpg,https://myebrochure.co.uk/images/brands/fotl_23.png,https://myebrochure.co.uk/images/products.hires/prod_61033_124889.jpg,https://myebrochure.co.uk/images/products.hires/prod_61033_124890.jpg,https://myebrochure.co.uk/images/products.hires/prod_15801_61033_166530.jpg,,,,,,,,"<li>Crew neck with Cotton/ LYCRA&reg; rib</li> <li>Self fabric back neck tape</li> <li>Fine knit gauge for enhanced printability</li> <li>Age 14-15 is subject to VAT</li> <li><b>Also available in men&#39;s sizes code 61036, ladies&#39; sizes code 61372 and girl&#39;s sizes code 61005</b></li>",1.06
17102,0000000171021,61033,TSHIRT,T-SHIRTS,CHITSH,Childrens T-Shirt,FOTL,Fruit Of The Loom,CH0010,30,White,0025  ,14-15 Years,Kid's Valueweight T,1.35,1,12,72,02-01-2026 8:40,C,https://myebrochure.co.uk/images/colours/fotl/fotl-30.jpg,https://myebrochure.co.uk/images/products/prod_15801_61033_166540.jpg,https://myebrochure.co.uk/images/products.small/prod_15801_61033_166540.jpg,https://myebrochure.co.uk/images/products.hires/prod_15801_61033_166540.jpg,https://myebrochure.co.uk/images/brands/fotl_23.png,https://myebrochure.co.uk/images/products.hires/prod_61033_124889.jpg,https://myebrochure.co.uk/images/products.hires/prod_61033_124890.jpg,https://myebrochure.co.uk/images/products.hires/prod_15801_61033_166530.jpg,,,,,,,,"<li>Crew neck with Cotton/ LYCRA&reg; rib</li> <li>Self fabric back neck tape</li> <li>Fine knit gauge for enhanced printability</li> <li>Age 14-15 is subject to VAT</li> <li><b>Also available in men&#39;s sizes code 61036, ladies&#39; sizes code 61372 and girl&#39;s sizes code 61005</b></li>",1.06
17113,0000000171137,61033,TSHIRT,T-SHIRTS,CHITSH,Childrens T-Shirt,FOTL,Fruit Of The Loom,CH0010,94,Heather Grey,0025  ,3-4 Years,Kid's Valueweight T,1.78,2,12,108,02-01-2026 8:40,C,https://myebrochure.co.uk/images/colours/fotl/fotl-94.jpg,https://myebrochure.co.uk/images/products/prod_15801_61033_166540.jpg,https://myebrochure.co.uk/images/products.small/prod_15801_61033_166540.jpg,https://myebrochure.co.uk/images/products.hires/prod_15801_61033_166540.jpg,https://myebrochure.co.uk/images/brands/fotl_23.png,https://myebrochure.co.uk/images/products.hires/prod_61033_124879.jpg,https://myebrochure.co.uk/images/products.hires/prod_61033_124880.jpg,,,,,,,,,"<li>Crew neck with Cotton/ LYCRA&reg; rib</li> <li>Self fabric back neck tape</li> <li>Fine knit gauge for enhanced printability</li> <li>Age 14-15 is subject to VAT</li> <li><b>Also available in men&#39;s sizes code 61036, ladies&#39; sizes code 61372 and girl&#39;s sizes code 61005</b></li>",1.4
17114,0000000171144,61033,TSHIRT,T-SHIRTS,CHITSH,Childrens T-Shirt,FOTL,Fruit Of The Loom,CH0010,94,Heather Grey,0025  ,5-6 Years,Kid's Valueweight T,1.78,2,12,108,02-01-2026 8:40,C,https://myebrochure.co.uk/images/colours/fotl/fotl-94.jpg,https://myebrochure.co.uk/images/products/prod_15801_61033_166540.jpg,https://myebrochure.co.uk/images/products.small/prod_15801_61033_166540.jpg,https://myebrochure.co.uk/images/products.hires/prod_15801_61033_166540.jpg,https://myebrochure.co.uk/images/brands/fotl_23.png,https://myebrochure.co.uk/images/products.hires/prod_61033_124879.jpg,https://myebrochure.co.uk/images/products.hires/prod_61033_124880.jpg,,,,,,,,,"<li>Crew neck with Cotton/ LYCRA&reg; rib</li> <li>Self fabric back neck tape</li> <li>Fine knit gauge for enhanced printability</li> <li>Age 14-15 is subject to VAT</li> <li><b>Also available in men&#39;s sizes code 61036, ladies&#39; sizes code 61372 and girl&#39;s sizes code 61005</b></li>",1.4
17115,0000000171151,61033,TSHIRT,T-SHIRTS,CHITSH,Childrens T-Shirt,FOTL,Fruit Of The Loom,CH0010,94,Heather Grey,0025  ,7-8 Years,Kid's Valueweight T,1.78,2,12,108,02-01-2026 8:40,C,https://myebrochure.co.uk/images/colours/fotl/fotl-94.jpg,https://myebrochure.co.uk/images/products/prod_15801_61033_166540.jpg,https://myebrochure.co.uk/images/products.small/prod_15801_61033_166540.jpg,https://myebrochure.co.uk/images/products.hires/prod_15801_61033_166540.jpg,https://myebrochure.co.uk/images/brands/fotl_23.png,https://myebrochure.co.uk/images/products.hires/prod_61033_124879.jpg,https://myebrochure.co.uk/images/products.hires/prod_61033_124880.jpg,,,,,,,,,"<li>Crew neck with Cotton/ LYCRA&reg; rib</li> <li>Self fabric back neck tape</li> <li>Fine knit gauge for enhanced printability</li> <li>Age 14-15 is subject to VAT</li> <li><b>Also available in men&#39;s sizes code 61036, ladies&#39; sizes code 61372 and girl&#39;s sizes code 61005</b></li>",1.4
17116,0000000171168,61033,TSHIRT,T-SHIRTS,CHITSH,Childrens T-Shirt,FOTL,Fruit Of The Loom,CH0010,94,Heather Grey,0025  ,9-11 Years,Kid's Valueweight T,1.78,2,12,108,02-01-2026 8:40,C,https://myebrochure.co.uk/images/colours/fotl/fotl-94.jpg,https://myebrochure.co.uk/images/products/prod_15801_61033_166540.jpg,https://myebrochure.co.uk/images/products.small/prod_15801_61033_166540.jpg,https://myebrochure.co.uk/images/products.hires/prod_15801_61033_166540.jpg,https://myebrochure.co.uk/images/brands/fotl_23.png,https://myebrochure.co.uk/images/products.hires/prod_61033_124879.jpg,https://myebrochure.co.uk/images/products.hires/prod_61033_124880.jpg,,,,,,,,,"<li>Crew neck with Cotton/ LYCRA&reg; rib</li> <li>Self fabric back neck tape</li> <li>Fine knit gauge for enhanced printability</li> <li>Age 14-15 is subject to VAT</li> <li><b>Also available in men&#39;s sizes code 61036, ladies&#39; sizes code 61372 and girl&#39;s sizes code 61005</b></li>",1.4
17117,0000000171175,61033,TSHIRT,T-SHIRTS,CHITSH,Childrens T-Shirt,FOTL,Fruit Of The Loom,CH0010,94,Heather Grey,0025  ,12-13 Years,Kid's Valueweight T,1.78,2,12,108,02-01-2026 8:40,C,https://myebrochure.co.uk/images/colours/fotl/fotl-94.jpg,https://myebrochure.co.uk/images/products/prod_15801_61033_166540.jpg,https://myebrochure.co.uk/images/products.small/prod_15801_61033_166540.jpg,https://myebrochure.co.uk/images/products.hires/prod_15801_61033_166540.jpg,https://myebrochure.co.uk/images/brands/fotl_23.png,https://myebrochure.co.uk/images/products.hires/prod_61033_124879.jpg,https://myebrochure.co.uk/images/products.hires/prod_61033_124880.jpg,,,,,,,,,"<li>Crew neck with Cotton/ LYCRA&reg; rib</li> <li>Self fabric back neck tape</li> <li>Fine knit gauge for enhanced printability</li> <li>Age 14-15 is subject to VAT</li> <li><b>Also available in men&#39;s sizes code 61036, ladies&#39; sizes code 61372 and girl&#39;s sizes code 61005</b></li>",1.4
17118,0000000171182,61033,TSHIRT,T-SHIRTS,CHITSH,Childrens T-Shirt,FOTL,Fruit Of The Loom,CH0010,94,Heather Grey,0025  ,14-15 Years,Kid's Valueweight T,1.78,1,12,72,02-01-2026 8:40,C,https://myebrochure.co.uk/images/colours/fotl/fotl-94.jpg,https://myebrochure.co.uk/images/products/prod_15801_61033_166540.jpg,https://myebrochure.co.uk/images/products.small/prod_15801_61033_166540.jpg,https://myebrochure.co.uk/images/products.hires/prod_15801_61033_166540.jpg,https://myebrochure.co.uk/images/brands/fotl_23.png,https://myebrochure.co.uk/images/products.hires/prod_61033_124879.jpg,https://myebrochure.co.uk/images/products.hires/prod_61033_124880.jpg,,,,,,,,,"<li>Crew neck with Cotton/ LYCRA&reg; rib</li> <li>Self fabric back neck tape</li> <li>Fine knit gauge for enhanced printability</li> <li>Age 14-15 is subject to VAT</li> <li><b>Also available in men&#39;s sizes code 61036, ladies&#39; sizes code 61372 and girl&#39;s sizes code 61005</b></li>",1.4
17119,0000000171199,61033,TSHIRT,T-SHIRTS,CHITSH,Childrens T-Shirt,FOTL,Fruit Of The Loom,CH0010,YT,Sky Blue,0025  ,1-2 Years,Kid's Valueweight T,1.78,2,12,108,02-01-2026 8:40,C,https://myebrochure.co.uk/images/colours/fotl/fotl-yt.jpg,https://myebrochure.co.uk/images/products/prod_15801_61033_166540.jpg,https://myebrochure.co.uk/images/products.small/prod_15801_61033_166540.jpg,https://myebrochure.co.uk/images/products.hires/prod_15801_61033_166540.jpg,https://myebrochure.co.uk/images/brands/fotl_23.png,https://myebrochure.co.uk/images/products.hires/prod_61033_124842.jpg,https://myebrochure.co.uk/images/products.hires/prod_61033_124843.jpg,,,,,,,,,"<li>Crew neck with Cotton/ LYCRA&reg; rib</li> <li>Self fabric back neck tape</li> <li>Fine knit gauge for enhanced printability</li> <li>Age 14-15 is subject to VAT</li> <li><b>Also available in men&#39;s sizes code 61036, ladies&#39; sizes code 61372 and girl&#39;s sizes code 61005</b></li>",1.4
17120,0000000171205,61033,TSHIRT,T-SHIRTS,CHITSH,Childrens T-Shirt,FOTL,Fruit Of The Loom,CH0010,YT,Sky Blue,0025  ,2-3 Years,Kid's Valueweight T,1.78,2,12,108,02-01-2026 8:40,C,https://myebrochure.co.uk/images/colours/fotl/fotl-yt.jpg,https://myebrochure.co.uk/images/products/prod_15801_61033_166540.jpg,https://myebrochure.co.uk/images/products.small/prod_15801_61033_166540.jpg,https://myebrochure.co.uk/images/products.hires/prod_15801_61033_166540.jpg,https://myebrochure.co.uk/images/brands/fotl_23.png,https://myebrochure.co.uk/images/products.hires/prod_61033_124842.jpg,https://myebrochure.co.uk/images/products.hires/prod_61033_124843.jpg,,,,,,,,,"<li>Crew neck with Cotton/ LYCRA&reg; rib</li> <li>Self fabric back neck tape</li> <li>Fine knit gauge for enhanced printability</li> <li>Age 14-15 is subject to VAT</li> <li><b>Also available in men&#39;s sizes code 61036, ladies&#39; sizes code 61372 and girl&#39;s sizes code 61005</b></li>",1.4
17121,0000000171212,61033,TSHIRT,T-SHIRTS,CHITSH,Childrens T-Shirt,FOTL,Fruit Of The Loom,CH0010,YT,Sky Blue,0025  ,3-4 Years,Kid's Valueweight T,1.78,2,12,108,02-01-2026 8:40,C,https://myebrochure.co.uk/images/colours/fotl/fotl-yt.jpg,https://myebrochure.co.uk/images/products/prod_15801_61033_166540.jpg,https://myebrochure.co.uk/images/products.small/prod_15801_61033_166540.jpg,https://myebrochure.co.uk/images/products.hires/prod_15801_61033_166540.jpg,https://myebrochure.co.uk/images/brands/fotl_23.png,https://myebrochure.co.uk/images/products.hires/prod_61033_124842.jpg,https://myebrochure.co.uk/images/products.hires/prod_61033_124843.jpg,,,,,,,,,"<li>Crew neck with Cotton/ LYCRA&reg; rib</li> <li>Self fabric back neck tape</li> <li>Fine knit gauge for enhanced printability</li> <li>Age 14-15 is subject to VAT</li> <li><b>Also available in men&#39;s sizes code 61036, ladies&#39; sizes code 61372 and girl&#39;s sizes code 61005</b></li>",1.4
17122,0000000171229,61033,TSHIRT,T-SHIRTS,CHITSH,Childrens T-Shirt,FOTL,Fruit Of The Loom,CH0010,YT,Sky Blue,0025  ,5-6 Years,Kid's Valueweight T,1.78,2,12,108,02-01-2026 8:40,C,https://myebrochure.co.uk/images/colours/fotl/fotl-yt.jpg,https://myebrochure.co.uk/images/products/prod_15801_61033_166540.jpg,https://myebrochure.co.uk/images/products.small/prod_15801_61033_166540.jpg,https://myebrochure.co.uk/images/products.hires/prod_15801_61033_166540.jpg,https://myebrochure.co.uk/images/brands/fotl_23.png,https://myebrochure.co.uk/images/products.hires/prod_61033_124842.jpg,https://myebrochure.co.uk/images/products.hires/prod_61033_124843.jpg,,,,,,,,,"<li>Crew neck with Cotton/ LYCRA&reg; rib</li> <li>Self fabric back neck tape</li> <li>Fine knit gauge for enhanced printability</li> <li>Age 14-15 is subject to VAT</li> <li><b>Also available in men&#39;s sizes code 61036, ladies&#39; sizes code 61372 and girl&#39;s sizes code 61005</b></li>",1.4
17123,0000000171236,61033,TSHIRT,T-SHIRTS,CHITSH,Childrens T-Shirt,FOTL,Fruit Of The Loom,CH0010,YT,Sky Blue,0025  ,7-8 Years,Kid's Valueweight T,1.78,2,12,108,02-01-2026 8:40,C,https://myebrochure.co.uk/images/colours/fotl/fotl-yt.jpg,https://myebrochure.co.uk/images/products/prod_15801_61033_166540.jpg,https://myebrochure.co.uk/images/products.small/prod_15801_61033_166540.jpg,https://myebrochure.co.uk/images/products.hires/prod_15801_61033_166540.jpg,https://myebrochure.co.uk/images/brands/fotl_23.png,https://myebrochure.co.uk/images/products.hires/prod_61033_124842.jpg,https://myebrochure.co.uk/images/products.hires/prod_61033_124843.jpg,,,,,,,,,"<li>Crew neck with Cotton/ LYCRA&reg; rib</li> <li>Self fabric back neck tape</li> <li>Fine knit gauge for enhanced printability</li> <li>Age 14-15 is subject to VAT</li> <li><b>Also available in men&#39;s sizes code 61036, ladies&#39; sizes code 61372 and girl&#39;s sizes code 61005</b></li>",1.4
17124,0000000171243,61033,TSHIRT,T-SHIRTS,CHITSH,Childrens T-Shirt,FOTL,Fruit Of The Loom,CH0010,YT,Sky Blue,0025  ,9-11 Years,Kid's Valueweight T,1.78,2,12,108,02-01-2026 8:40,C,https://myebrochure.co.uk/images/colours/fotl/fotl-yt.jpg,https://myebrochure.co.uk/images/products/prod_15801_61033_166540.jpg,https://myebrochure.co.uk/images/products.small/prod_15801_61033_166540.jpg,https://myebrochure.co.uk/images/products.hires/prod_15801_61033_166540.jpg,https://myebrochure.co.uk/images/brands/fotl_23.png,https://myebrochure.co.uk/images/products.hires/prod_61033_124842.jpg,https://myebrochure.co.uk/images/products.hires/prod_61033_124843.jpg,,,,,,,,,"<li>Crew neck with Cotton/ LYCRA&reg; rib</li> <li>Self fabric back neck tape</li> <li>Fine knit gauge for enhanced printability</li> <li>Age 14-15 is subject to VAT</li> <li><b>Also available in men&#39;s sizes code 61036, ladies&#39; sizes code 61372 and girl&#39;s sizes code 61005</b></li>",1.4
17125,0000000171250,61033,TSHIRT,T-SHIRTS,CHITSH,Childrens T-Shirt,FOTL,Fruit Of The Loom,CH0010,YT,Sky Blue,0025  ,12-13 Years,Kid's Valueweight T,1.78,2,12,108,02-01-2026 8:40,C,https://myebrochure.co.uk/images/colours/fotl/fotl-yt.jpg,https://myebrochure.co.uk/images/products/prod_15801_61033_166540.jpg,https://myebrochure.co.uk/images/products.small/prod_15801_61033_166540.jpg,https://myebrochure.co.uk/images/products.hires/prod_15801_61033_166540.jpg,https://myebrochure.co.uk/images/brands/fotl_23.png,https://myebrochure.co.uk/images/products.hires/prod_61033_124842.jpg,https://myebrochure.co.uk/images/products.hires/prod_61033_124843.jpg,,,,,,,,,"<li>Crew neck with Cotton/ LYCRA&reg; rib</li> <li>Self fabric back neck tape</li> <li>Fine knit gauge for enhanced printability</li> <li>Age 14-15 is subject to VAT</li> <li><b>Also available in men&#39;s sizes code 61036, ladies&#39; sizes code 61372 and girl&#39;s sizes code 61005</b></li>",1.4
17126,0000000171267,61033,TSHIRT,T-SHIRTS,CHITSH,Childrens T-Shirt,FOTL,Fruit Of The Loom,CH0010,YT,Sky Blue,0025  ,14-15 Years,Kid's Valueweight T,1.78,1,12,72,02-01-2026 8:40,C,https://myebrochure.co.uk/images/colours/fotl/fotl-yt.jpg,https://myebrochure.co.uk/images/products/prod_15801_61033_166540.jpg,https://myebrochure.co.uk/images/products.small/prod_15801_61033_166540.jpg,https://myebrochure.co.uk/images/products.hires/prod_15801_61033_166540.jpg,https://myebrochure.co.uk/images/brands/fotl_23.png,https://myebrochure.co.uk/images/products.hires/prod_61033_124842.jpg,https://myebrochure.co.uk/images/products.hires/prod_61033_124843.jpg,,,,,,,,,"<li>Crew neck with Cotton/ LYCRA&reg; rib</li> <li>Self fabric back neck tape</li> <li>Fine knit gauge for enhanced printability</li> <li>Age 14-15 is subject to VAT</li> <li><b>Also available in men&#39;s sizes code 61036, ladies&#39; sizes code 61372 and girl&#39;s sizes code 61005</b></li>",1.4
17127,0000000171274,61033,TSHIRT,T-SHIRTS,CHITSH,Childrens T-Shirt,FOTL,Fruit Of The Loom,CH0010,51,Royal,0025  ,1-2 Years,Kid's Valueweight T,1.78,2,12,108,02-01-2026 8:40,C,https://myebrochure.co.uk/images/colours/fotl/fotl-51.jpg,https://myebrochure.co.uk/images/products/prod_15801_61033_166540.jpg,https://myebrochure.co.uk/images/products.small/prod_15801_61033_166540.jpg,https://myebrochure.co.uk/images/products.hires/prod_15801_61033_166540.jpg,https://myebrochure.co.uk/images/brands/fotl_23.png,https://myebrochure.co.uk/images/products.hires/prod_61033_124869.jpg,https://myebrochure.co.uk/images/products.hires/prod_61033_124870.jpg,https://myebrochure.co.uk/images/products.hires/prod_15801_61033_166539.jpg,,,,,,,,"<li>Crew neck with Cotton/ LYCRA&reg; rib</li> <li>Self fabric back neck tape</li> <li>Fine knit gauge for enhanced printability</li> <li>Age 14-15 is subject to VAT</li> <li><b>Also available in men&#39;s sizes code 61036, ladies&#39; sizes code 61372 and girl&#39;s sizes code 61005</b></li>",1.4
17128,0000000171281,61033,TSHIRT,T-SHIRTS,CHITSH,Childrens T-Shirt,FOTL,Fruit Of The Loom,CH0010,51,Royal,0025  ,2-3 Years,Kid's Valueweight T,1.78,2,12,108,02-01-2026 8:40,C,https://myebrochure.co.uk/images/colours/fotl/fotl-51.jpg,https://myebrochure.co.uk/images/products/prod_15801_61033_166540.jpg,https://myebrochure.co.uk/images/products.small/prod_15801_61033_166540.jpg,https://myebrochure.co.uk/images/products.hires/prod_15801_61033_166540.jpg,https://myebrochure.co.uk/images/brands/fotl_23.png,https://myebrochure.co.uk/images/products.hires/prod_61033_124869.jpg,https://myebrochure.co.uk/images/products.hires/prod_61033_124870.jpg,https://myebrochure.co.uk/images/products.hires/prod_15801_61033_166539.jpg,,,,,,,,"<li>Crew neck with Cotton/ LYCRA&reg; rib</li> <li>Self fabric back neck tape</li> <li>Fine knit gauge for enhanced printability</li> <li>Age 14-15 is subject to VAT</li> <li><b>Also available in men&#39;s sizes code 61036, ladies&#39; sizes code 61372 and girl&#39;s sizes code 61005</b></li>",1.4
17129,0000000171298,61033,TSHIRT,T-SHIRTS,CHITSH,Childrens T-Shirt,FOTL,Fruit Of The Loom,CH0010,51,Royal,0025  ,3-4 Years,Kid's Valueweight T,1.78,2,12,108,02-01-2026 8:40,C,https://myebrochure.co.uk/images/colours/fotl/fotl-51.jpg,https://myebrochure.co.uk/images/products/prod_15801_61033_166540.jpg,https://myebrochure.co.uk/images/products.small/prod_15801_61033_166540.jpg,https://myebrochure.co.uk/images/products.hires/prod_15801_61033_166540.jpg,https://myebrochure.co.uk/images/brands/fotl_23.png,https://myebrochure.co.uk/images/products.hires/prod_61033_124869.jpg,https://myebrochure.co.uk/images/products.hires/prod_61033_124870.jpg,https://myebrochure.co.uk/images/products.hires/prod_15801_61033_166539.jpg,,,,,,,,"<li>Crew neck with Cotton/ LYCRA&reg; rib</li> <li>Self fabric back neck tape</li> <li>Fine knit gauge for enhanced printability</li> <li>Age 14-15 is subject to VAT</li> <li><b>Also available in men&#39;s sizes code 61036, ladies&#39; sizes code 61372 and girl&#39;s sizes code 61005</b></li>",1.4
17130,0000000171304,61033,TSHIRT,T-SHIRTS,CHITSH,Childrens T-Shirt,FOTL,Fruit Of The Loom,CH0010,51,Royal,0025  ,5-6 Years,Kid's Valueweight T,1.78,2,12,108,02-01-2026 8:40,C,https://myebrochure.co.uk/images/colours/fotl/fotl-51.jpg,https://myebrochure.co.uk/images/products/prod_15801_61033_166540.jpg,https://myebrochure.co.uk/images/products.small/prod_15801_61033_166540.jpg,https://myebrochure.co.uk/images/products.hires/prod_15801_61033_166540.jpg,https://myebrochure.co.uk/images/brands/fotl_23.png,https://myebrochure.co.uk/images/products.hires/prod_61033_124869.jpg,https://myebrochure.co.uk/images/products.hires/prod_61033_124870.jpg,https://myebrochure.co.uk/images/products.hires/prod_15801_61033_166539.jpg,,,,,,,,"<li>Crew neck with Cotton/ LYCRA&reg; rib</li> <li>Self fabric back neck tape</li> <li>Fine knit gauge for enhanced printability</li> <li>Age 14-15 is subject to VAT</li> <li><b>Also available in men&#39;s sizes code 61036, ladies&#39; sizes code 61372 and girl&#39;s sizes code 61005</b></li>",1.4
17131,0000000171311,61033,TSHIRT,T-SHIRTS,CHITSH,Childrens T-Shirt,FOTL,Fruit Of The Loom,CH0010,51,Royal,0025  ,7-8 Years,Kid's Valueweight T,1.78,2,12,108,02-01-2026 8:40,C,https://myebrochure.co.uk/images/colours/fotl/fotl-51.jpg,https://myebrochure.co.uk/images/products/prod_15801_61033_166540.jpg,https://myebrochure.co.uk/images/products.small/prod_15801_61033_166540.jpg,https://myebrochure.co.uk/images/products.hires/prod_15801_61033_166540.jpg,https://myebrochure.co.uk/images/brands/fotl_23.png,https://myebrochure.co.uk/images/products.hires/prod_61033_124869.jpg,https://myebrochure.co.uk/images/products.hires/prod_61033_124870.jpg,https://myebrochure.co.uk/images/products.hires/prod_15801_61033_166539.jpg,,,,,,,,"<li>Crew neck with Cotton/ LYCRA&reg; rib</li> <li>Self fabric back neck tape</li> <li>Fine knit gauge for enhanced printability</li> <li>Age 14-15 is subject to VAT</li> <li><b>Also available in men&#39;s sizes code 61036, ladies&#39; sizes code 61372 and girl&#39;s sizes code 61005</b></li>",1.4
17132,0000000171328,61033,TSHIRT,T-SHIRTS,CHITSH,Childrens T-Shirt,FOTL,Fruit Of The Loom,CH0010,51,Royal,0025  ,9-11 Years,Kid's Valueweight T,1.78,2,12,108,02-01-2026 8:40,C,https://myebrochure.co.uk/images/colours/fotl/fotl-51.jpg,https://myebrochure.co.uk/images/products/prod_15801_61033_166540.jpg,https://myebrochure.co.uk/images/products.small/prod_15801_61033_166540.jpg,https://myebrochure.co.uk/images/products.hires/prod_15801_61033_166540.jpg,https://myebrochure.co.uk/images/brands/fotl_23.png,https://myebrochure.co.uk/images/products.hires/prod_61033_124869.jpg,https://myebrochure.co.uk/images/products.hires/prod_61033_124870.jpg,https://myebrochure.co.uk/images/products.hires/prod_15801_61033_166539.jpg,,,,,,,,"<li>Crew neck with Cotton/ LYCRA&reg; rib</li> <li>Self fabric back neck tape</li> <li>Fine knit gauge for enhanced printability</li> <li>Age 14-15 is subject to VAT</li> <li><b>Also available in men&#39;s sizes code 61036, ladies&#39; sizes code 61372 and girl&#39;s sizes code 61005</b></li>",1.4
17133,0000000171335,61033,TSHIRT,T-SHIRTS,CHITSH,Childrens T-Shirt,FOTL,Fruit Of The Loom,CH0010,51,Royal,0025  ,12-13 Years,Kid's Valueweight T,1.78,2,12,108,02-01-2026 8:40,C,https://myebrochure.co.uk/images/colours/fotl/fotl-51.jpg,https://myebrochure.co.uk/images/products/prod_15801_61033_166540.jpg,https://myebrochure.co.uk/images/products.small/prod_15801_61033_166540.jpg,https://myebrochure.co.uk/images/products.hires/prod_15801_61033_166540.jpg,https://myebrochure.co.uk/images/brands/fotl_23.png,https://myebrochure.co.uk/images/products.hires/prod_61033_124869.jpg,https://myebrochure.co.uk/images/products.hires/prod_61033_124870.jpg,https://myebrochure.co.uk/images/products.hires/prod_15801_61033_166539.jpg,,,,,,,,"<li>Crew neck with Cotton/ LYCRA&reg; rib</li> <li>Self fabric back neck tape</li> <li>Fine knit gauge for enhanced printability</li> <li>Age 14-15 is subject to VAT</li> <li><b>Also available in men&#39;s sizes code 61036, ladies&#39; sizes code 61372 and girl&#39;s sizes code 61005</b></li>",1.4
17134,0000000171342,61033,TSHIRT,T-SHIRTS,CHITSH,Childrens T-Shirt,FOTL,Fruit Of The Loom,CH0010,51,Royal,0025  ,14-15 Years,Kid's Valueweight T,1.78,1,12,72,02-01-2026 8:40,C,https://myebrochure.co.uk/images/colours/fotl/fotl-51.jpg,https://myebrochure.co.uk/images/products/prod_15801_61033_166540.jpg,https://myebrochure.co.uk/images/products.small/prod_15801_61033_166540.jpg,https://myebrochure.co.uk/images/products.hires/prod_15801_61033_166540.jpg,https://myebrochure.co.uk/images/brands/fotl_23.png,https://myebrochure.co.uk/images/products.hires/prod_61033_124869.jpg,https://myebrochure.co.uk/images/products.hires/prod_61033_124870.jpg,https://myebrochure.co.uk/images/products.hires/prod_15801_61033_166539.jpg,,,,,,,,"<li>Crew neck with Cotton/ LYCRA&reg; rib</li> <li>Self fabric back neck tape</li> <li>Fine knit gauge for enhanced printability</li> <li>Age 14-15 is subject to VAT</li> <li><b>Also available in men&#39;s sizes code 61036, ladies&#39; sizes code 61372 and girl&#39;s sizes code 61005</b></li>",1.4
17135,0000000171359,61033,TSHIRT,T-SHIRTS,CHITSH,Childrens T-Shirt,FOTL,Fruit Of The Loom,CH0010,32,Navy Blue,0025  ,1-2 Years,Kid's Valueweight T,1.78,2,12,108,02-01-2026 8:40,C,https://myebrochure.co.uk/images/colours/fotl/fotl-32.jpg,https://myebrochure.co.uk/images/products/prod_15801_61033_166540.jpg,https://myebrochure.co.uk/images/products.small/prod_15801_61033_166540.jpg,https://myebrochure.co.uk/images/products.hires/prod_15801_61033_166540.jpg,https://myebrochure.co.uk/images/brands/fotl_23.png,https://myebrochure.co.uk/images/products.hires/prod_61033_124860.jpg,https://myebrochure.co.uk/images/products.hires/prod_61033_124861.jpg,,,,,,,,,"<li>Crew neck with Cotton/ LYCRA&reg; rib</li> <li>Self fabric back neck tape</li> <li>Fine knit gauge for enhanced printability</li> <li>Age 14-15 is subject to VAT</li> <li><b>Also available in men&#39;s sizes code 61036, ladies&#39; sizes code 61372 and girl&#39;s sizes code 61005</b></li>",1.4
17136,0000000171366,61033,TSHIRT,T-SHIRTS,CHITSH,Childrens T-Shirt,FOTL,Fruit Of The Loom,CH0010,32,Navy Blue,0025  ,2-3 Years,Kid's Valueweight T,1.78,2,12,108,02-01-2026 8:40,C,https://myebrochure.co.uk/images/colours/fotl/fotl-32.jpg,https://myebrochure.co.uk/images/products/prod_15801_61033_166540.jpg,https://myebrochure.co.uk/images/products.small/prod_15801_61033_166540.jpg,https://myebrochure.co.uk/images/products.hires/prod_15801_61033_166540.jpg,https://myebrochure.co.uk/images/brands/fotl_23.png,https://myebrochure.co.uk/images/products.hires/prod_61033_124860.jpg,https://myebrochure.co.uk/images/products.hires/prod_61033_124861.jpg,,,,,,,,,"<li>Crew neck with Cotton/ LYCRA&reg; rib</li> <li>Self fabric back neck tape</li> <li>Fine knit gauge for enhanced printability</li> <li>Age 14-15 is subject to VAT</li> <li><b>Also available in men&#39;s sizes code 61036, ladies&#39; sizes code 61372 and girl&#39;s sizes code 61005</b></li>",1.4
17137,0000000171373,61033,TSHIRT,T-SHIRTS,CHITSH,Childrens T-Shirt,FOTL,Fruit Of The Loom,CH0010,32,Navy Blue,0025  ,3-4 Years,Kid's Valueweight T,1.78,2,12,108,02-01-2026 8:40,C,https://myebrochure.co.uk/images/colours/fotl/fotl-32.jpg,https://myebrochure.co.uk/images/products/prod_15801_61033_166540.jpg,https://myebrochure.co.uk/images/products.small/prod_15801_61033_166540.jpg,https://myebrochure.co.uk/images/products.hires/prod_15801_61033_166540.jpg,https://myebrochure.co.uk/images/brands/fotl_23.png,https://myebrochure.co.uk/images/products.hires/prod_61033_124860.jpg,https://myebrochure.co.uk/images/products.hires/prod_61033_124861.jpg,,,,,,,,,"<li>Crew neck with Cotton/ LYCRA&reg; rib</li> <li>Self fabric back neck tape</li> <li>Fine knit gauge for enhanced printability</li> <li>Age 14-15 is subject to VAT</li> <li><b>Also available in men&#39;s sizes code 61036, ladies&#39; sizes code 61372 and girl&#39;s sizes code 61005</b></li>",1.4
17138,0000000171380,61033,TSHIRT,T-SHIRTS,CHITSH,Childrens T-Shirt,FOTL,Fruit Of The Loom,CH0010,32,Navy Blue,0025  ,5-6 Years,Kid's Valueweight T,1.78,2,12,108,02-01-2026 8:40,C,https://myebrochure.co.uk/images/colours/fotl/fotl-32.jpg,https://myebrochure.co.uk/images/products/prod_15801_61033_166540.jpg,https://myebrochure.co.uk/images/products.small/prod_15801_61033_166540.jpg,https://myebrochure.co.uk/images/products.hires/prod_15801_61033_166540.jpg,https://myebrochure.co.uk/images/brands/fotl_23.png,https://myebrochure.co.uk/images/products.hires/prod_61033_124860.jpg,https://myebrochure.co.uk/images/products.hires/prod_61033_124861.jpg,,,,,,,,,"<li>Crew neck with Cotton/ LYCRA&reg; rib</li> <li>Self fabric back neck tape</li> <li>Fine knit gauge for enhanced printability</li> <li>Age 14-15 is subject to VAT</li> <li><b>Also available in men&#39;s sizes code 61036, ladies&#39; sizes code 61372 and girl&#39;s sizes code 61005</b></li>",1.4
17139,0000000171397,61033,TSHIRT,T-SHIRTS,CHITSH,Childrens T-Shirt,FOTL,Fruit Of The Loom,CH0010,32,Navy Blue,0025  ,7-8 Years,Kid's Valueweight T,1.78,2,12,108,02-01-2026 8:40,C,https://myebrochure.co.uk/images/colours/fotl/fotl-32.jpg,https://myebrochure.co.uk/images/products/prod_15801_61033_166540.jpg,https://myebrochure.co.uk/images/products.small/prod_15801_61033_166540.jpg,https://myebrochure.co.uk/images/products.hires/prod_15801_61033_166540.jpg,https://myebrochure.co.uk/images/brands/fotl_23.png,https://myebrochure.co.uk/images/products.hires/prod_61033_124860.jpg,https://myebrochure.co.uk/images/products.hires/prod_61033_124861.jpg,,,,,,,,,"<li>Crew neck with Cotton/ LYCRA&reg; rib</li> <li>Self fabric back neck tape</li> <li>Fine knit gauge for enhanced printability</li> <li>Age 14-15 is subject to VAT</li> <li><b>Also available in men&#39;s sizes code 61036, ladies&#39; sizes code 61372 and girl&#39;s sizes code 61005</b></li>",1.4
17140,0000000171403,61033,TSHIRT,T-SHIRTS,CHITSH,Childrens T-Shirt,FOTL,Fruit Of The Loom,CH0010,32,Navy Blue,0025  ,9-11 Years,Kid's Valueweight T,1.78,2,12,108,02-01-2026 8:40,C,https://myebrochure.co.uk/images/colours/fotl/fotl-32.jpg,https://myebrochure.co.uk/images/products/prod_15801_61033_166540.jpg,https://myebrochure.co.uk/images/products.small/prod_15801_61033_166540.jpg,https://myebrochure.co.uk/images/products.hires/prod_15801_61033_166540.jpg,https://myebrochure.co.uk/images/brands/fotl_23.png,https://myebrochure.co.uk/images/products.hires/prod_61033_124860.jpg,https://myebrochure.co.uk/images/products.hires/prod_61033_124861.jpg,,,,,,,,,"<li>Crew neck with Cotton/ LYCRA&reg; rib</li> <li>Self fabric back neck tape</li> <li>Fine knit gauge for enhanced printability</li> <li>Age 14-15 is subject to VAT</li> <li><b>Also available in men&#39;s sizes code 61036, ladies&#39; sizes code 61372 and girl&#39;s sizes code 61005</b></li>",1.4
17141,0000000171410,61033,TSHIRT,T-SHIRTS,CHITSH,Childrens T-Shirt,FOTL,Fruit Of The Loom,CH0010,32,Navy Blue,0025  ,12-13 Years,Kid's Valueweight T,1.78,2,12,108,02-01-2026 8:40,C,https://myebrochure.co.uk/images/colours/fotl/fotl-32.jpg,https://myebrochure.co.uk/images/products/prod_15801_61033_166540.jpg,https://myebrochure.co.uk/images/products.small/prod_15801_61033_166540.jpg,https://myebrochure.co.uk/images/products.hires/prod_15801_61033_166540.jpg,https://myebrochure.co.uk/images/brands/fotl_23.png,https://myebrochure.co.uk/images/products.hires/prod_61033_124860.jpg,https://myebrochure.co.uk/images/products.hires/prod_61033_124861.jpg,,,,,,,,,"<li>Crew neck with Cotton/ LYCRA&reg; rib</li> <li>Self fabric back neck tape</li> <li>Fine knit gauge for enhanced printability</li> <li>Age 14-15 is subject to VAT</li> <li><b>Also available in men&#39;s sizes code 61036, ladies&#39; sizes code 61372 and girl&#39;s sizes code 61005</b></li>",1.4
17142,0000000171427,61033,TSHIRT,T-SHIRTS,CHITSH,Childrens T-Shirt,FOTL,Fruit Of The Loom,CH0010,32,Navy Blue,0025  ,14-15 Years,Kid's Valueweight T,1.78,1,12,72,02-01-2026 8:40,C,https://myebrochure.co.uk/images/colours/fotl/fotl-32.jpg,https://myebrochure.co.uk/images/products/prod_15801_61033_166540.jpg,https://myebrochure.co.uk/images/products.small/prod_15801_61033_166540.jpg,https://myebrochure.co.uk/images/products.hires/prod_15801_61033_166540.jpg,https://myebrochure.co.uk/images/brands/fotl_23.png,https://myebrochure.co.uk/images/products.hires/prod_61033_124860.jpg,https://myebrochure.co.uk/images/products.hires/prod_61033_124861.jpg,,,,,,,,,"<li>Crew neck with Cotton/ LYCRA&reg; rib</li> <li>Self fabric back neck tape</li> <li>Fine knit gauge for enhanced printability</li> <li>Age 14-15 is subject to VAT</li> <li><b>Also available in men&#39;s sizes code 61036, ladies&#39; sizes code 61372 and girl&#39;s sizes code 61005</b></li>",1.4
17145,0000000171458,61033,TSHIRT,T-SHIRTS,CHITSH,Childrens T-Shirt,FOTL,Fruit Of The Loom,CH0010,AZ,Deep Navy,0025  ,3-4 Years,Kid's Valueweight T,1.78,2,12,108,02-01-2026 8:40,C,https://myebrochure.co.uk/images/colours/fotl/fotl-az.jpg,https://myebrochure.co.uk/images/products/prod_15801_61033_166540.jpg,https://myebrochure.co.uk/images/products.small/prod_15801_61033_166540.jpg,https://myebrochure.co.uk/images/products.hires/prod_15801_61033_166540.jpg,https://myebrochure.co.uk/images/brands/fotl_23.png,https://myebrochure.co.uk/images/products.hires/prod_61033_124887.jpg,https://myebrochure.co.uk/images/products.hires/prod_61033_124888.jpg,https://myebrochure.co.uk/images/products.hires/prod_15801_61033_166531.jpg,,,,,,,,"<li>Crew neck with Cotton/ LYCRA&reg; rib</li> <li>Self fabric back neck tape</li> <li>Fine knit gauge for enhanced printability</li> <li>Age 14-15 is subject to VAT</li> <li><b>Also available in men&#39;s sizes code 61036, ladies&#39; sizes code 61372 and girl&#39;s sizes code 61005</b></li>",1.4
17146,0000000171465,61033,TSHIRT,T-SHIRTS,CHITSH,Childrens T-Shirt,FOTL,Fruit Of The Loom,CH0010,AZ,Deep Navy,0025  ,5-6 Years,Kid's Valueweight T,1.78,2,12,108,02-01-2026 8:40,C,https://myebrochure.co.uk/images/colours/fotl/fotl-az.jpg,https://myebrochure.co.uk/images/products/prod_15801_61033_166540.jpg,https://myebrochure.co.uk/images/products.small/prod_15801_61033_166540.jpg,https://myebrochure.co.uk/images/products.hires/prod_15801_61033_166540.jpg,https://myebrochure.co.uk/images/brands/fotl_23.png,https://myebrochure.co.uk/images/products.hires/prod_61033_124887.jpg,https://myebrochure.co.uk/images/products.hires/prod_61033_124888.jpg,https://myebrochure.co.uk/images/products.hires/prod_15801_61033_166531.jpg,,,,,,,,"<li>Crew neck with Cotton/ LYCRA&reg; rib</li> <li>Self fabric back neck tape</li> <li>Fine knit gauge for enhanced printability</li> <li>Age 14-15 is subject to VAT</li> <li><b>Also available in men&#39;s sizes code 61036, ladies&#39; sizes code 61372 and girl&#39;s sizes code 61005</b></li>",1.4
17147,0000000171472,61033,TSHIRT,T-SHIRTS,CHITSH,Childrens T-Shirt,FOTL,Fruit Of The Loom,CH0010,AZ,Deep Navy,0025  ,7-8 Years,Kid's Valueweight T,1.78,2,12,108,02-01-2026 8:40,C,https://myebrochure.co.uk/images/colours/fotl/fotl-az.jpg,https://myebrochure.co.uk/images/products/prod_15801_61033_166540.jpg,https://myebrochure.co.uk/images/products.small/prod_15801_61033_166540.jpg,https://myebrochure.co.uk/images/products.hires/prod_15801_61033_166540.jpg,https://myebrochure.co.uk/images/brands/fotl_23.png,https://myebrochure.co.uk/images/products.hires/prod_61033_124887.jpg,https://myebrochure.co.uk/images/products.hires/prod_61033_124888.jpg,https://myebrochure.co.uk/images/products.hires/prod_15801_61033_166531.jpg,,,,,,,,"<li>Crew neck with Cotton/ LYCRA&reg; rib</li> <li>Self fabric back neck tape</li> <li>Fine knit gauge for enhanced printability</li> <li>Age 14-15 is subject to VAT</li> <li><b>Also available in men&#39;s sizes code 61036, ladies&#39; sizes code 61372 and girl&#39;s sizes code 61005</b></li>",1.4
17148,0000000171489,61033,TSHIRT,T-SHIRTS,CHITSH,Childrens T-Shirt,FOTL,Fruit Of The Loom,CH0010,AZ,Deep Navy,0025  ,9-11 Years,Kid's Valueweight T,1.78,2,12,108,02-01-2026 8:40,C,https://myebrochure.co.uk/images/colours/fotl/fotl-az.jpg,https://myebrochure.co.uk/images/products/prod_15801_61033_166540.jpg,https://myebrochure.co.uk/images/products.small/prod_15801_61033_166540.jpg,https://myebrochure.co.uk/images/products.hires/prod_15801_61033_166540.jpg,https://myebrochure.co.uk/images/brands/fotl_23.png,https://myebrochure.co.uk/images/products.hires/prod_61033_124887.jpg,https://myebrochure.co.uk/images/products.hires/prod_61033_124888.jpg,https://myebrochure.co.uk/images/products.hires/prod_15801_61033_166531.jpg,,,,,,,,"<li>Crew neck with Cotton/ LYCRA&reg; rib</li> <li>Self fabric back neck tape</li> <li>Fine knit gauge for enhanced printability</li> <li>Age 14-15 is subject to VAT</li> <li><b>Also available in men&#39;s sizes code 61036, ladies&#39; sizes code 61372 and girl&#39;s sizes code 61005</b></li>",1.4
17149,0000000171496,61033,TSHIRT,T-SHIRTS,CHITSH,Childrens T-Shirt,FOTL,Fruit Of The Loom,CH0010,AZ,Deep Navy,0025  ,12-13 Years,Kid's Valueweight T,1.78,2,12,108,02-01-2026 8:40,C,https://myebrochure.co.uk/images/colours/fotl/fotl-az.jpg,https://myebrochure.co.uk/images/products/prod_15801_61033_166540.jpg,https://myebrochure.co.uk/images/products.small/prod_15801_61033_166540.jpg,https://myebrochure.co.uk/images/products.hires/prod_15801_61033_166540.jpg,https://myebrochure.co.uk/images/brands/fotl_23.png,https://myebrochure.co.uk/images/products.hires/prod_61033_124887.jpg,https://myebrochure.co.uk/images/products.hires/prod_61033_124888.jpg,https://myebrochure.co.uk/images/products.hires/prod_15801_61033_166531.jpg,,,,,,,,"<li>Crew neck with Cotton/ LYCRA&reg; rib</li> <li>Self fabric back neck tape</li> <li>Fine knit gauge for enhanced printability</li> <li>Age 14-15 is subject to VAT</li> <li><b>Also available in men&#39;s sizes code 61036, ladies&#39; sizes code 61372 and girl&#39;s sizes code 61005</b></li>",1.4
17150,0000000171502,61033,TSHIRT,T-SHIRTS,CHITSH,Childrens T-Shirt,FOTL,Fruit Of The Loom,CH0010,AZ,Deep Navy,0025  ,14-15 Years,Kid's Valueweight T,1.78,1,12,72,02-01-2026 8:40,C,https://myebrochure.co.uk/images/colours/fotl/fotl-az.jpg,https://myebrochure.co.uk/images/products/prod_15801_61033_166540.jpg,https://myebrochure.co.uk/images/products.small/prod_15801_61033_166540.jpg,https://myebrochure.co.uk/images/products.hires/prod_15801_61033_166540.jpg,https://myebrochure.co.uk/images/brands/fotl_23.png,https://myebrochure.co.uk/images/products.hires/prod_61033_124887.jpg,https://myebrochure.co.uk/images/products.hires/prod_61033_124888.jpg,https://myebrochure.co.uk/images/products.hires/prod_15801_61033_166531.jpg,,,,,,,,"<li>Crew neck with Cotton/ LYCRA&reg; rib</li> <li>Self fabric back neck tape</li> <li>Fine knit gauge for enhanced printability</li> <li>Age 14-15 is subject to VAT</li> <li><b>Also available in men&#39;s sizes code 61036, ladies&#39; sizes code 61372 and girl&#39;s sizes code 61005</b></li>",1.4
17153,0000000171533,61033,TSHIRT,T-SHIRTS,CHITSH,Childrens T-Shirt,FOTL,Fruit Of The Loom,CH0010,PE,Purple,0025  ,3-4 Years,Kid's Valueweight T,1.78,2,12,108,02-01-2026 8:40,C,https://myebrochure.co.uk/images/colours/fotl/fotl-pe.jpg,https://myebrochure.co.uk/images/products/prod_15801_61033_166540.jpg,https://myebrochure.co.uk/images/products.small/prod_15801_61033_166540.jpg,https://myebrochure.co.uk/images/products.hires/prod_15801_61033_166540.jpg,https://myebrochure.co.uk/images/brands/fotl_23.png,https://myebrochure.co.uk/images/products.hires/prod_61033_124852.jpg,https://myebrochure.co.uk/images/products.hires/prod_61033_124853.jpg,,,,,,,,,"<li>Crew neck with Cotton/ LYCRA&reg; rib</li> <li>Self fabric back neck tape</li> <li>Fine knit gauge for enhanced printability</li> <li>Age 14-15 is subject to VAT</li> <li><b>Also available in men&#39;s sizes code 61036, ladies&#39; sizes code 61372 and girl&#39;s sizes code 61005</b></li>",1.4
17154,0000000171540,61033,TSHIRT,T-SHIRTS,CHITSH,Childrens T-Shirt,FOTL,Fruit Of The Loom,CH0010,PE,Purple,0025  ,5-6 Years,Kid's Valueweight T,1.78,2,12,108,02-01-2026 8:40,C,https://myebrochure.co.uk/images/colours/fotl/fotl-pe.jpg,https://myebrochure.co.uk/images/products/prod_15801_61033_166540.jpg,https://myebrochure.co.uk/images/products.small/prod_15801_61033_166540.jpg,https://myebrochure.co.uk/images/products.hires/prod_15801_61033_166540.jpg,https://myebrochure.co.uk/images/brands/fotl_23.png,https://myebrochure.co.uk/images/products.hires/prod_61033_124852.jpg,https://myebrochure.co.uk/images/products.hires/prod_61033_124853.jpg,,,,,,,,,"<li>Crew neck with Cotton/ LYCRA&reg; rib</li> <li>Self fabric back neck tape</li> <li>Fine knit gauge for enhanced printability</li> <li>Age 14-15 is subject to VAT</li> <li><b>Also available in men&#39;s sizes code 61036, ladies&#39; sizes code 61372 and girl&#39;s sizes code 61005</b></li>",1.4
17155,0000000171557,61033,TSHIRT,T-SHIRTS,CHITSH,Childrens T-Shirt,FOTL,Fruit Of The Loom,CH0010,PE,Purple,0025  ,7-8 Years,Kid's Valueweight T,1.78,2,12,108,02-01-2026 8:40,C,https://myebrochure.co.uk/images/colours/fotl/fotl-pe.jpg,https://myebrochure.co.uk/images/products/prod_15801_61033_166540.jpg,https://myebrochure.co.uk/images/products.small/prod_15801_61033_166540.jpg,https://myebrochure.co.uk/images/products.hires/prod_15801_61033_166540.jpg,https://myebrochure.co.uk/images/brands/fotl_23.png,https://myebrochure.co.uk/images/products.hires/prod_61033_124852.jpg,https://myebrochure.co.uk/images/products.hires/prod_61033_124853.jpg,,,,,,,,,"<li>Crew neck with Cotton/ LYCRA&reg; rib</li> <li>Self fabric back neck tape</li> <li>Fine knit gauge for enhanced printability</li> <li>Age 14-15 is subject to VAT</li> <li><b>Also available in men&#39;s sizes code 61036, ladies&#39; sizes code 61372 and girl&#39;s sizes code 61005</b></li>",1.4
17156,0000000171564,61033,TSHIRT,T-SHIRTS,CHITSH,Childrens T-Shirt,FOTL,Fruit Of The Loom,CH0010,PE,Purple,0025  ,9-11 Years,Kid's Valueweight T,1.78,2,12,108,02-01-2026 8:40,C,https://myebrochure.co.uk/images/colours/fotl/fotl-pe.jpg,https://myebrochure.co.uk/images/products/prod_15801_61033_166540.jpg,https://myebrochure.co.uk/images/products.small/prod_15801_61033_166540.jpg,https://myebrochure.co.uk/images/products.hires/prod_15801_61033_166540.jpg,https://myebrochure.co.uk/images/brands/fotl_23.png,https://myebrochure.co.uk/images/products.hires/prod_61033_124852.jpg,https://myebrochure.co.uk/images/products.hires/prod_61033_124853.jpg,,,,,,,,,"<li>Crew neck with Cotton/ LYCRA&reg; rib</li> <li>Self fabric back neck tape</li> <li>Fine knit gauge for enhanced printability</li> <li>Age 14-15 is subject to VAT</li> <li><b>Also available in men&#39;s sizes code 61036, ladies&#39; sizes code 61372 and girl&#39;s sizes code 61005</b></li>",1.4
17157,0000000171571,61033,TSHIRT,T-SHIRTS,CHITSH,Childrens T-Shirt,FOTL,Fruit Of The Loom,CH0010,PE,Purple,0025  ,12-13 Years,Kid's Valueweight T,1.78,2,12,108,02-01-2026 8:40,C,https://myebrochure.co.uk/images/colours/fotl/fotl-pe.jpg,https://myebrochure.co.uk/images/products/prod_15801_61033_166540.jpg,https://myebrochure.co.uk/images/products.small/prod_15801_61033_166540.jpg,https://myebrochure.co.uk/images/products.hires/prod_15801_61033_166540.jpg,https://myebrochure.co.uk/images/brands/fotl_23.png,https://myebrochure.co.uk/images/products.hires/prod_61033_124852.jpg,https://myebrochure.co.uk/images/products.hires/prod_61033_124853.jpg,,,,,,,,,"<li>Crew neck with Cotton/ LYCRA&reg; rib</li> <li>Self fabric back neck tape</li> <li>Fine knit gauge for enhanced printability</li> <li>Age 14-15 is subject to VAT</li> <li><b>Also available in men&#39;s sizes code 61036, ladies&#39; sizes code 61372 and girl&#39;s sizes code 61005</b></li>",1.4
17158,0000000171588,61033,TSHIRT,T-SHIRTS,CHITSH,Childrens T-Shirt,FOTL,Fruit Of The Loom,CH0010,PE,Purple,0025  ,14-15 Years,Kid's Valueweight T,1.78,1,12,72,02-01-2026 8:40,C,https://myebrochure.co.uk/images/colours/fotl/fotl-pe.jpg,https://myebrochure.co.uk/images/products/prod_15801_61033_166540.jpg,https://myebrochure.co.uk/images/products.small/prod_15801_61033_166540.jpg,https://myebrochure.co.uk/images/products.hires/prod_15801_61033_166540.jpg,https://myebrochure.co.uk/images/brands/fotl_23.png,https://myebrochure.co.uk/images/products.hires/prod_61033_124852.jpg,https://myebrochure.co.uk/images/products.hires/prod_61033_124853.jpg,,,,,,,,,"<li>Crew neck with Cotton/ LYCRA&reg; rib</li> <li>Self fabric back neck tape</li> <li>Fine knit gauge for enhanced printability</li> <li>Age 14-15 is subject to VAT</li> <li><b>Also available in men&#39;s sizes code 61036, ladies&#39; sizes code 61372 and girl&#39;s sizes code 61005</b></li>",1.4
17161,0000000171618,61033,TSHIRT,T-SHIRTS,CHITSH,Childrens T-Shirt,FOTL,Fruit Of The Loom,CH0010,36,Black,0025  ,3-4 Years,Kid's Valueweight T,1.78,2,12,108,02-01-2026 8:40,C,https://myebrochure.co.uk/images/colours/fotl/fotl-36.jpg,https://myebrochure.co.uk/images/products/prod_15801_61033_166540.jpg,https://myebrochure.co.uk/images/products.small/prod_15801_61033_166540.jpg,https://myebrochure.co.uk/images/products.hires/prod_15801_61033_166540.jpg,https://myebrochure.co.uk/images/brands/fotl_23.png,https://myebrochure.co.uk/images/products.hires/prod_61033_124883.jpg,https://myebrochure.co.uk/images/products.hires/prod_61033_124884.jpg,https://myebrochure.co.uk/images/products.hires/prod_15801_61033_166533.jpg,,,,,,,,"<li>Crew neck with Cotton/ LYCRA&reg; rib</li> <li>Self fabric back neck tape</li> <li>Fine knit gauge for enhanced printability</li> <li>Age 14-15 is subject to VAT</li> <li><b>Also available in men&#39;s sizes code 61036, ladies&#39; sizes code 61372 and girl&#39;s sizes code 61005</b></li>",1.4
17162,0000000171625,61033,TSHIRT,T-SHIRTS,CHITSH,Childrens T-Shirt,FOTL,Fruit Of The Loom,CH0010,36,Black,0025  ,5-6 Years,Kid's Valueweight T,1.78,2,12,108,02-01-2026 8:40,C,https://myebrochure.co.uk/images/colours/fotl/fotl-36.jpg,https://myebrochure.co.uk/images/products/prod_15801_61033_166540.jpg,https://myebrochure.co.uk/images/products.small/prod_15801_61033_166540.jpg,https://myebrochure.co.uk/images/products.hires/prod_15801_61033_166540.jpg,https://myebrochure.co.uk/images/brands/fotl_23.png,https://myebrochure.co.uk/images/products.hires/prod_61033_124883.jpg,https://myebrochure.co.uk/images/products.hires/prod_61033_124884.jpg,https://myebrochure.co.uk/images/products.hires/prod_15801_61033_166533.jpg,,,,,,,,"<li>Crew neck with Cotton/ LYCRA&reg; rib</li> <li>Self fabric back neck tape</li> <li>Fine knit gauge for enhanced printability</li> <li>Age 14-15 is subject to VAT</li> <li><b>Also available in men&#39;s sizes code 61036, ladies&#39; sizes code 61372 and girl&#39;s sizes code 61005</b></li>",1.4
17163,0000000171632,61033,TSHIRT,T-SHIRTS,CHITSH,Childrens T-Shirt,FOTL,Fruit Of The Loom,CH0010,36,Black,0025  ,7-8 Years,Kid's Valueweight T,1.78,2,12,108,02-01-2026 8:40,C,https://myebrochure.co.uk/images/colours/fotl/fotl-36.jpg,https://myebrochure.co.uk/images/products/prod_15801_61033_166540.jpg,https://myebrochure.co.uk/images/products.small/prod_15801_61033_166540.jpg,https://myebrochure.co.uk/images/products.hires/prod_15801_61033_166540.jpg,https://myebrochure.co.uk/images/brands/fotl_23.png,https://myebrochure.co.uk/images/products.hires/prod_61033_124883.jpg,https://myebrochure.co.uk/images/products.hires/prod_61033_124884.jpg,https://myebrochure.co.uk/images/products.hires/prod_15801_61033_166533.jpg,,,,,,,,"<li>Crew neck with Cotton/ LYCRA&reg; rib</li> <li>Self fabric back neck tape</li> <li>Fine knit gauge for enhanced printability</li> <li>Age 14-15 is subject to VAT</li> <li><b>Also available in men&#39;s sizes code 61036, ladies&#39; sizes code 61372 and girl&#39;s sizes code 61005</b></li>",1.4
17164,0000000171649,61033,TSHIRT,T-SHIRTS,CHITSH,Childrens T-Shirt,FOTL,Fruit Of The Loom,CH0010,36,Black,0025  ,9-11 Years,Kid's Valueweight T,1.78,2,12,108,02-01-2026 8:40,C,https://myebrochure.co.uk/images/colours/fotl/fotl-36.jpg,https://myebrochure.co.uk/images/products/prod_15801_61033_166540.jpg,https://myebrochure.co.uk/images/products.small/prod_15801_61033_166540.jpg,https://myebrochure.co.uk/images/products.hires/prod_15801_61033_166540.jpg,https://myebrochure.co.uk/images/brands/fotl_23.png,https://myebrochure.co.uk/images/products.hires/prod_61033_124883.jpg,https://myebrochure.co.uk/images/products.hires/prod_61033_124884.jpg,https://myebrochure.co.uk/images/products.hires/prod_15801_61033_166533.jpg,,,,,,,,"<li>Crew neck with Cotton/ LYCRA&reg; rib</li> <li>Self fabric back neck tape</li> <li>Fine knit gauge for enhanced printability</li> <li>Age 14-15 is subject to VAT</li> <li><b>Also available in men&#39;s sizes code 61036, ladies&#39; sizes code 61372 and girl&#39;s sizes code 61005</b></li>",1.4
17165,0000000171656,61033,TSHIRT,T-SHIRTS,CHITSH,Childrens T-Shirt,FOTL,Fruit Of The Loom,CH0010,36,Black,0025  ,12-13 Years,Kid's Valueweight T,1.78,2,12,108,02-01-2026 8:40,C,https://myebrochure.co.uk/images/colours/fotl/fotl-36.jpg,https://myebrochure.co.uk/images/products/prod_15801_61033_166540.jpg,https://myebrochure.co.uk/images/products.small/prod_15801_61033_166540.jpg,https://myebrochure.co.uk/images/products.hires/prod_15801_61033_166540.jpg,https://myebrochure.co.uk/images/brands/fotl_23.png,https://myebrochure.co.uk/images/products.hires/prod_61033_124883.jpg,https://myebrochure.co.uk/images/products.hires/prod_61033_124884.jpg,https://myebrochure.co.uk/images/products.hires/prod_15801_61033_166533.jpg,,,,,,,,"<li>Crew neck with Cotton/ LYCRA&reg; rib</li> <li>Self fabric back neck tape</li> <li>Fine knit gauge for enhanced printability</li> <li>Age 14-15 is subject to VAT</li> <li><b>Also available in men&#39;s sizes code 61036, ladies&#39; sizes code 61372 and girl&#39;s sizes code 61005</b></li>",1.4
17166,0000000171663,61033,TSHIRT,T-SHIRTS,CHITSH,Childrens T-Shirt,FOTL,Fruit Of The Loom,CH0010,36,Black,0025  ,14-15 Years,Kid's Valueweight T,1.78,1,12,72,02-01-2026 8:40,C,https://myebrochure.co.uk/images/colours/fotl/fotl-36.jpg,https://myebrochure.co.uk/images/products/prod_15801_61033_166540.jpg,https://myebrochure.co.uk/images/products.small/prod_15801_61033_166540.jpg,https://myebrochure.co.uk/images/products.hires/prod_15801_61033_166540.jpg,https://myebrochure.co.uk/images/brands/fotl_23.png,https://myebrochure.co.uk/images/products.hires/prod_61033_124883.jpg,https://myebrochure.co.uk/images/products.hires/prod_61033_124884.jpg,https://myebrochure.co.uk/images/products.hires/prod_15801_61033_166533.jpg,,,,,,,,"<li>Crew neck with Cotton/ LYCRA&reg; rib</li> <li>Self fabric back neck tape</li> <li>Fine knit gauge for enhanced printability</li> <li>Age 14-15 is subject to VAT</li> <li><b>Also available in men&#39;s sizes code 61036, ladies&#39; sizes code 61372 and girl&#39;s sizes code 61005</b></li>",1.4
17169,0000000171694,61033,TSHIRT,T-SHIRTS,CHITSH,Childrens T-Shirt,FOTL,Fruit Of The Loom,CH0010,47,Kelly Green,0025  ,3-4 Years,Kid's Valueweight T,1.78,2,12,108,02-01-2026 8:40,C,https://myebrochure.co.uk/images/colours/fotl/fotl-47.jpg,https://myebrochure.co.uk/images/products/prod_15801_61033_166540.jpg,https://myebrochure.co.uk/images/products.small/prod_15801_61033_166540.jpg,https://myebrochure.co.uk/images/products.hires/prod_15801_61033_166540.jpg,https://myebrochure.co.uk/images/brands/fotl_23.png,https://myebrochure.co.uk/images/products.hires/prod_61033_124871.jpg,https://myebrochure.co.uk/images/products.hires/prod_61033_124872.jpg,https://myebrochure.co.uk/images/products.hires/prod_15801_61033_166538.jpg,,,,,,,,"<li>Crew neck with Cotton/ LYCRA&reg; rib</li> <li>Self fabric back neck tape</li> <li>Fine knit gauge for enhanced printability</li> <li>Age 14-15 is subject to VAT</li> <li><b>Also available in men&#39;s sizes code 61036, ladies&#39; sizes code 61372 and girl&#39;s sizes code 61005</b></li>",1.4
17170,0000000171700,61033,TSHIRT,T-SHIRTS,CHITSH,Childrens T-Shirt,FOTL,Fruit Of The Loom,CH0010,47,Kelly Green,0025  ,5-6 Years,Kid's Valueweight T,1.78,2,12,108,02-01-2026 8:40,C,https://myebrochure.co.uk/images/colours/fotl/fotl-47.jpg,https://myebrochure.co.uk/images/products/prod_15801_61033_166540.jpg,https://myebrochure.co.uk/images/products.small/prod_15801_61033_166540.jpg,https://myebrochure.co.uk/images/products.hires/prod_15801_61033_166540.jpg,https://myebrochure.co.uk/images/brands/fotl_23.png,https://myebrochure.co.uk/images/products.hires/prod_61033_124871.jpg,https://myebrochure.co.uk/images/products.hires/prod_61033_124872.jpg,https://myebrochure.co.uk/images/products.hires/prod_15801_61033_166538.jpg,,,,,,,,"<li>Crew neck with Cotton/ LYCRA&reg; rib</li> <li>Self fabric back neck tape</li> <li>Fine knit gauge for enhanced printability</li> <li>Age 14-15 is subject to VAT</li> <li><b>Also available in men&#39;s sizes code 61036, ladies&#39; sizes code 61372 and girl&#39;s sizes code 61005</b></li>",1.4
17171,0000000171717,61033,TSHIRT,T-SHIRTS,CHITSH,Childrens T-Shirt,FOTL,Fruit Of The Loom,CH0010,47,Kelly Green,0025  ,7-8 Years,Kid's Valueweight T,1.78,2,12,108,02-01-2026 8:40,C,https://myebrochure.co.uk/images/colours/fotl/fotl-47.jpg,https://myebrochure.co.uk/images/products/prod_15801_61033_166540.jpg,https://myebrochure.co.uk/images/products.small/prod_15801_61033_166540.jpg,https://myebrochure.co.uk/images/products.hires/prod_15801_61033_166540.jpg,https://myebrochure.co.uk/images/brands/fotl_23.png,https://myebrochure.co.uk/images/products.hires/prod_61033_124871.jpg,https://myebrochure.co.uk/images/products.hires/prod_61033_124872.jpg,https://myebrochure.co.uk/images/products.hires/prod_15801_61033_166538.jpg,,,,,,,,"<li>Crew neck with Cotton/ LYCRA&reg; rib</li> <li>Self fabric back neck tape</li> <li>Fine knit gauge for enhanced printability</li> <li>Age 14-15 is subject to VAT</li> <li><b>Also available in men&#39;s sizes code 61036, ladies&#39; sizes code 61372 and girl&#39;s sizes code 61005</b></li>",1.4
17172,0000000171724,61033,TSHIRT,T-SHIRTS,CHITSH,Childrens T-Shirt,FOTL,Fruit Of The Loom,CH0010,47,Kelly Green,0025  ,9-11 Years,Kid's Valueweight T,1.78,2,12,108,02-01-2026 8:40,C,https://myebrochure.co.uk/images/colours/fotl/fotl-47.jpg,https://myebrochure.co.uk/images/products/prod_15801_61033_166540.jpg,https://myebrochure.co.uk/images/products.small/prod_15801_61033_166540.jpg,https://myebrochure.co.uk/images/products.hires/prod_15801_61033_166540.jpg,https://myebrochure.co.uk/images/brands/fotl_23.png,https://myebrochure.co.uk/images/products.hires/prod_61033_124871.jpg,https://myebrochure.co.uk/images/products.hires/prod_61033_124872.jpg,https://myebrochure.co.uk/images/products.hires/prod_15801_61033_166538.jpg,,,,,,,,"<li>Crew neck with Cotton/ LYCRA&reg; rib</li> <li>Self fabric back neck tape</li> <li>Fine knit gauge for enhanced printability</li> <li>Age 14-15 is subject to VAT</li> <li><b>Also available in men&#39;s sizes code 61036, ladies&#39; sizes code 61372 and girl&#39;s sizes code 61005</b></li>",1.4
17173,0000000171731,61033,TSHIRT,T-SHIRTS,CHITSH,Childrens T-Shirt,FOTL,Fruit Of The Loom,CH0010,47,Kelly Green,0025  ,12-13 Years,Kid's Valueweight T,1.78,2,12,108,02-01-2026 8:40,C,https://myebrochure.co.uk/images/colours/fotl/fotl-47.jpg,https://myebrochure.co.uk/images/products/prod_15801_61033_166540.jpg,https://myebrochure.co.uk/images/products.small/prod_15801_61033_166540.jpg,https://myebrochure.co.uk/images/products.hires/prod_15801_61033_166540.jpg,https://myebrochure.co.uk/images/brands/fotl_23.png,https://myebrochure.co.uk/images/products.hires/prod_61033_124871.jpg,https://myebrochure.co.uk/images/products.hires/prod_61033_124872.jpg,https://myebrochure.co.uk/images/products.hires/prod_15801_61033_166538.jpg,,,,,,,,"<li>Crew neck with Cotton/ LYCRA&reg; rib</li> <li>Self fabric back neck tape</li> <li>Fine knit gauge for enhanced printability</li> <li>Age 14-15 is subject to VAT</li> <li><b>Also available in men&#39;s sizes code 61036, ladies&#39; sizes code 61372 and girl&#39;s sizes code 61005</b></li>",1.4
17174,0000000171748,61033,TSHIRT,T-SHIRTS,CHITSH,Childrens T-Shirt,FOTL,Fruit Of The Loom,CH0010,47,Kelly Green,0025  ,14-15 Years,Kid's Valueweight T,1.78,1,12,72,02-01-2026 8:40,C,https://myebrochure.co.uk/images/colours/fotl/fotl-47.jpg,https://myebrochure.co.uk/images/products/prod_15801_61033_166540.jpg,https://myebrochure.co.uk/images/products.small/prod_15801_61033_166540.jpg,https://myebrochure.co.uk/images/products.hires/prod_15801_61033_166540.jpg,https://myebrochure.co.uk/images/brands/fotl_23.png,https://myebrochure.co.uk/images/products.hires/prod_61033_124871.jpg,https://myebrochure.co.uk/images/products.hires/prod_61033_124872.jpg,https://myebrochure.co.uk/images/products.hires/prod_15801_61033_166538.jpg,,,,,,,,"<li>Crew neck with Cotton/ LYCRA&reg; rib</li> <li>Self fabric back neck tape</li> <li>Fine knit gauge for enhanced printability</li> <li>Age 14-15 is subject to VAT</li> <li><b>Also available in men&#39;s sizes code 61036, ladies&#39; sizes code 61372 and girl&#39;s sizes code 61005</b></li>",1.4
17177,0000000171779,61033,TSHIRT,T-SHIRTS,CHITSH,Childrens T-Shirt,FOTL,Fruit Of The Loom,CH0010,BGR,Bottle Green,0025  ,3-4 Years,Kid's Valueweight T,1.78,2,12,108,02-01-2026 8:40,C,https://myebrochure.co.uk/images/colours/fotl/fotl-bgr.jpg,https://myebrochure.co.uk/images/products/prod_15801_61033_166540.jpg,https://myebrochure.co.uk/images/products.small/prod_15801_61033_166540.jpg,https://myebrochure.co.uk/images/products.hires/prod_15801_61033_166540.jpg,https://myebrochure.co.uk/images/brands/fotl_23.png,https://myebrochure.co.uk/images/products.hires/prod_61033_124881.jpg,https://myebrochure.co.uk/images/products.hires/prod_61033_124882.jpg,https://myebrochure.co.uk/images/products.hires/prod_15801_61033_166534.jpg,,,,,,,,"<li>Crew neck with Cotton/ LYCRA&reg; rib</li> <li>Self fabric back neck tape</li> <li>Fine knit gauge for enhanced printability</li> <li>Age 14-15 is subject to VAT</li> <li><b>Also available in men&#39;s sizes code 61036, ladies&#39; sizes code 61372 and girl&#39;s sizes code 61005</b></li>",1.4
17178,0000000171786,61033,TSHIRT,T-SHIRTS,CHITSH,Childrens T-Shirt,FOTL,Fruit Of The Loom,CH0010,BGR,Bottle Green,0025  ,5-6 Years,Kid's Valueweight T,1.78,2,12,108,02-01-2026 8:40,C,https://myebrochure.co.uk/images/colours/fotl/fotl-bgr.jpg,https://myebrochure.co.uk/images/products/prod_15801_61033_166540.jpg,https://myebrochure.co.uk/images/products.small/prod_15801_61033_166540.jpg,https://myebrochure.co.uk/images/products.hires/prod_15801_61033_166540.jpg,https://myebrochure.co.uk/images/brands/fotl_23.png,https://myebrochure.co.uk/images/products.hires/prod_61033_124881.jpg,https://myebrochure.co.uk/images/products.hires/prod_61033_124882.jpg,https://myebrochure.co.uk/images/products.hires/prod_15801_61033_166534.jpg,,,,,,,,"<li>Crew neck with Cotton/ LYCRA&reg; rib</li> <li>Self fabric back neck tape</li> <li>Fine knit gauge for enhanced printability</li> <li>Age 14-15 is subject to VAT</li> <li><b>Also available in men&#39;s sizes code 61036, ladies&#39; sizes code 61372 and girl&#39;s sizes code 61005</b></li>",1.4
17179,0000000171793,61033,TSHIRT,T-SHIRTS,CHITSH,Childrens T-Shirt,FOTL,Fruit Of The Loom,CH0010,BGR,Bottle Green,0025  ,7-8 Years,Kid's Valueweight T,1.78,2,12,108,02-01-2026 8:40,C,https://myebrochure.co.uk/images/colours/fotl/fotl-bgr.jpg,https://myebrochure.co.uk/images/products/prod_15801_61033_166540.jpg,https://myebrochure.co.uk/images/products.small/prod_15801_61033_166540.jpg,https://myebrochure.co.uk/images/products.hires/prod_15801_61033_166540.jpg,https://myebrochure.co.uk/images/brands/fotl_23.png,https://myebrochure.co.uk/images/products.hires/prod_61033_124881.jpg,https://myebrochure.co.uk/images/products.hires/prod_61033_124882.jpg,https://myebrochure.co.uk/images/products.hires/prod_15801_61033_166534.jpg,,,,,,,,"<li>Crew neck with Cotton/ LYCRA&reg; rib</li> <li>Self fabric back neck tape</li> <li>Fine knit gauge for enhanced printability</li> <li>Age 14-15 is subject to VAT</li> <li><b>Also available in men&#39;s sizes code 61036, ladies&#39; sizes code 61372 and girl&#39;s sizes code 61005</b></li>",1.4
17180,0000000171809,61033,TSHIRT,T-SHIRTS,CHITSH,Childrens T-Shirt,FOTL,Fruit Of The Loom,CH0010,BGR,Bottle Green,0025  ,9-11 Years,Kid's Valueweight T,1.78,2,12,108,02-01-2026 8:40,C,https://myebrochure.co.uk/images/colours/fotl/fotl-bgr.jpg,https://myebrochure.co.uk/images/products/prod_15801_61033_166540.jpg,https://myebrochure.co.uk/images/products.small/prod_15801_61033_166540.jpg,https://myebrochure.co.uk/images/products.hires/prod_15801_61033_166540.jpg,https://myebrochure.co.uk/images/brands/fotl_23.png,https://myebrochure.co.uk/images/products.hires/prod_61033_124881.jpg,https://myebrochure.co.uk/images/products.hires/prod_61033_124882.jpg,https://myebrochure.co.uk/images/products.hires/prod_15801_61033_166534.jpg,,,,,,,,"<li>Crew neck with Cotton/ LYCRA&reg; rib</li> <li>Self fabric back neck tape</li> <li>Fine knit gauge for enhanced printability</li> <li>Age 14-15 is subject to VAT</li> <li><b>Also available in men&#39;s sizes code 61036, ladies&#39; sizes code 61372 and girl&#39;s sizes code 61005</b></li>",1.4
17181,0000000171816,61033,TSHIRT,T-SHIRTS,CHITSH,Childrens T-Shirt,FOTL,Fruit Of The Loom,CH0010,BGR,Bottle Green,0025  ,12-13 Years,Kid's Valueweight T,1.78,2,12,108,02-01-2026 8:40,C,https://myebrochure.co.uk/images/colours/fotl/fotl-bgr.jpg,https://myebrochure.co.uk/images/products/prod_15801_61033_166540.jpg,https://myebrochure.co.uk/images/products.small/prod_15801_61033_166540.jpg,https://myebrochure.co.uk/images/products.hires/prod_15801_61033_166540.jpg,https://myebrochure.co.uk/images/brands/fotl_23.png,https://myebrochure.co.uk/images/products.hires/prod_61033_124881.jpg,https://myebrochure.co.uk/images/products.hires/prod_61033_124882.jpg,https://myebrochure.co.uk/images/products.hires/prod_15801_61033_166534.jpg,,,,,,,,"<li>Crew neck with Cotton/ LYCRA&reg; rib</li> <li>Self fabric back neck tape</li> <li>Fine knit gauge for enhanced printability</li> <li>Age 14-15 is subject to VAT</li> <li><b>Also available in men&#39;s sizes code 61036, ladies&#39; sizes code 61372 and girl&#39;s sizes code 61005</b></li>",1.4
17182,0000000171823,61033,TSHIRT,T-SHIRTS,CHITSH,Childrens T-Shirt,FOTL,Fruit Of The Loom,CH0010,BGR,Bottle Green,0025  ,14-15 Years,Kid's Valueweight T,1.78,1,12,72,02-01-2026 8:40,C,https://myebrochure.co.uk/images/colours/fotl/fotl-bgr.jpg,https://myebrochure.co.uk/images/products/prod_15801_61033_166540.jpg,https://myebrochure.co.uk/images/products.small/prod_15801_61033_166540.jpg,https://myebrochure.co.uk/images/products.hires/prod_15801_61033_166540.jpg,https://myebrochure.co.uk/images/brands/fotl_23.png,https://myebrochure.co.uk/images/products.hires/prod_61033_124881.jpg,https://myebrochure.co.uk/images/products.hires/prod_61033_124882.jpg,https://myebrochure.co.uk/images/products.hires/prod_15801_61033_166534.jpg,,,,,,,,"<li>Crew neck with Cotton/ LYCRA&reg; rib</li> <li>Self fabric back neck tape</li> <li>Fine knit gauge for enhanced printability</li> <li>Age 14-15 is subject to VAT</li> <li><b>Also available in men&#39;s sizes code 61036, ladies&#39; sizes code 61372 and girl&#39;s sizes code 61005</b></li>",1.4
17185,0000000171854,61033,TSHIRT,T-SHIRTS,CHITSH,Childrens T-Shirt,FOTL,Fruit Of The Loom,CH0010,60,Natural,0025  ,3-4 Years,Kid's Valueweight T,1.35,2,12,108,02-01-2026 8:40,C,https://myebrochure.co.uk/images/colours/fotl/fotl-60.jpg,https://myebrochure.co.uk/images/products/prod_15801_61033_166540.jpg,https://myebrochure.co.uk/images/products.small/prod_15801_61033_166540.jpg,https://myebrochure.co.uk/images/products.hires/prod_15801_61033_166540.jpg,https://myebrochure.co.uk/images/brands/fotl_23.png,https://myebrochure.co.uk/images/products.hires/prod_61033_124863.jpg,https://myebrochure.co.uk/images/products.hires/prod_61033_124864.jpg,,,,,,,,,"<li>Crew neck with Cotton/ LYCRA&reg; rib</li> <li>Self fabric back neck tape</li> <li>Fine knit gauge for enhanced printability</li> <li>Age 14-15 is subject to VAT</li> <li><b>Also available in men&#39;s sizes code 61036, ladies&#39; sizes code 61372 and girl&#39;s sizes code 61005</b></li>",1.06
17186,0000000171861,61033,TSHIRT,T-SHIRTS,CHITSH,Childrens T-Shirt,FOTL,Fruit Of The Loom,CH0010,60,Natural,0025  ,5-6 Years,Kid's Valueweight T,1.35,2,12,108,02-01-2026 8:40,C,https://myebrochure.co.uk/images/colours/fotl/fotl-60.jpg,https://myebrochure.co.uk/images/products/prod_15801_61033_166540.jpg,https://myebrochure.co.uk/images/products.small/prod_15801_61033_166540.jpg,https://myebrochure.co.uk/images/products.hires/prod_15801_61033_166540.jpg,https://myebrochure.co.uk/images/brands/fotl_23.png,https://myebrochure.co.uk/images/products.hires/prod_61033_124863.jpg,https://myebrochure.co.uk/images/products.hires/prod_61033_124864.jpg,,,,,,,,,"<li>Crew neck with Cotton/ LYCRA&reg; rib</li> <li>Self fabric back neck tape</li> <li>Fine knit gauge for enhanced printability</li> <li>Age 14-15 is subject to VAT</li> <li><b>Also available in men&#39;s sizes code 61036, ladies&#39; sizes code 61372 and girl&#39;s sizes code 61005</b></li>",1.06
17187,0000000171878,61033,TSHIRT,T-SHIRTS,CHITSH,Childrens T-Shirt,FOTL,Fruit Of The Loom,CH0010,60,Natural,0025  ,7-8 Years,Kid's Valueweight T,1.35,2,12,108,02-01-2026 8:40,C,https://myebrochure.co.uk/images/colours/fotl/fotl-60.jpg,https://myebrochure.co.uk/images/products/prod_15801_61033_166540.jpg,https://myebrochure.co.uk/images/products.small/prod_15801_61033_166540.jpg,https://myebrochure.co.uk/images/products.hires/prod_15801_61033_166540.jpg,https://myebrochure.co.uk/images/brands/fotl_23.png,https://myebrochure.co.uk/images/products.hires/prod_61033_124863.jpg,https://myebrochure.co.uk/images/products.hires/prod_61033_124864.jpg,,,,,,,,,"<li>Crew neck with Cotton/ LYCRA&reg; rib</li> <li>Self fabric back neck tape</li> <li>Fine knit gauge for enhanced printability</li> <li>Age 14-15 is subject to VAT</li> <li><b>Also available in men&#39;s sizes code 61036, ladies&#39; sizes code 61372 and girl&#39;s sizes code 61005</b></li>",1.06
17188,0000000171885,61033,TSHIRT,T-SHIRTS,CHITSH,Childrens T-Shirt,FOTL,Fruit Of The Loom,CH0010,60,Natural,0025  ,9-11 Years,Kid's Valueweight T,1.35,2,12,108,02-01-2026 8:40,C,https://myebrochure.co.uk/images/colours/fotl/fotl-60.jpg,https://myebrochure.co.uk/images/products/prod_15801_61033_166540.jpg,https://myebrochure.co.uk/images/products.small/prod_15801_61033_166540.jpg,https://myebrochure.co.uk/images/products.hires/prod_15801_61033_166540.jpg,https://myebrochure.co.uk/images/brands/fotl_23.png,https://myebrochure.co.uk/images/products.hires/prod_61033_124863.jpg,https://myebrochure.co.uk/images/products.hires/prod_61033_124864.jpg,,,,,,,,,"<li>Crew neck with Cotton/ LYCRA&reg; rib</li> <li>Self fabric back neck tape</li> <li>Fine knit gauge for enhanced printability</li> <li>Age 14-15 is subject to VAT</li> <li><b>Also available in men&#39;s sizes code 61036, ladies&#39; sizes code 61372 and girl&#39;s sizes code 61005</b></li>",1.06
17189,0000000171892,61033,TSHIRT,T-SHIRTS,CHITSH,Childrens T-Shirt,FOTL,Fruit Of The Loom,CH0010,60,Natural,0025  ,12-13 Years,Kid's Valueweight T,1.35,2,12,108,02-01-2026 8:40,C,https://myebrochure.co.uk/images/colours/fotl/fotl-60.jpg,https://myebrochure.co.uk/images/products/prod_15801_61033_166540.jpg,https://myebrochure.co.uk/images/products.small/prod_15801_61033_166540.jpg,https://myebrochure.co.uk/images/products.hires/prod_15801_61033_166540.jpg,https://myebrochure.co.uk/images/brands/fotl_23.png,https://myebrochure.co.uk/images/products.hires/prod_61033_124863.jpg,https://myebrochure.co.uk/images/products.hires/prod_61033_124864.jpg,,,,,,,,,"<li>Crew neck with Cotton/ LYCRA&reg; rib</li> <li>Self fabric back neck tape</li> <li>Fine knit gauge for enhanced printability</li> <li>Age 14-15 is subject to VAT</li> <li><b>Also available in men&#39;s sizes code 61036, ladies&#39; sizes code 61372 and girl&#39;s sizes code 61005</b></li>",1.06
17190,0000000171908,61033,TSHIRT,T-SHIRTS,CHITSH,Childrens T-Shirt,FOTL,Fruit Of The Loom,CH0010,60,Natural,0025  ,14-15 Years,Kid's Valueweight T,1.35,1,12,72,02-01-2026 8:40,C,https://myebrochure.co.uk/images/colours/fotl/fotl-60.jpg,https://myebrochure.co.uk/images/products/prod_15801_61033_166540.jpg,https://myebrochure.co.uk/images/products.small/prod_15801_61033_166540.jpg,https://myebrochure.co.uk/images/products.hires/prod_15801_61033_166540.jpg,https://myebrochure.co.uk/images/brands/fotl_23.png,https://myebrochure.co.uk/images/products.hires/prod_61033_124863.jpg,https://myebrochure.co.uk/images/products.hires/prod_61033_124864.jpg,,,,,,,,,"<li>Crew neck with Cotton/ LYCRA&reg; rib</li> <li>Self fabric back neck tape</li> <li>Fine knit gauge for enhanced printability</li> <li>Age 14-15 is subject to VAT</li> <li><b>Also available in men&#39;s sizes code 61036, ladies&#39; sizes code 61372 and girl&#39;s sizes code 61005</b></li>",1.06
17207,0000000172073,61033,TSHIRT,T-SHIRTS,CHITSH,Childrens T-Shirt,FOTL,Fruit Of The Loom,CH0010,SUN,Sunflower,0025  ,1-2 Years,Kid's Valueweight T,1.78,2,12,108,02-01-2026 8:40,C,https://myebrochure.co.uk/images/colours/fotl/fotl-sun.jpg,https://myebrochure.co.uk/images/products/prod_15801_61033_166540.jpg,https://myebrochure.co.uk/images/products.small/prod_15801_61033_166540.jpg,https://myebrochure.co.uk/images/products.hires/prod_15801_61033_166540.jpg,https://myebrochure.co.uk/images/brands/fotl_23.png,https://myebrochure.co.uk/images/products.hires/prod_61033_124856.jpg,https://myebrochure.co.uk/images/products.hires/prod_61033_124857.jpg,https://myebrochure.co.uk/images/products.hires/prod_15801_61033_166532.jpg,,,,,,,,"<li>Crew neck with Cotton/ LYCRA&reg; rib</li> <li>Self fabric back neck tape</li> <li>Fine knit gauge for enhanced printability</li> <li>Age 14-15 is subject to VAT</li> <li><b>Also available in men&#39;s sizes code 61036, ladies&#39; sizes code 61372 and girl&#39;s sizes code 61005</b></li>",1.4
17208,0000000172080,61033,TSHIRT,T-SHIRTS,CHITSH,Childrens T-Shirt,FOTL,Fruit Of The Loom,CH0010,SUN,Sunflower,0025  ,2-3 Years,Kid's Valueweight T,1.78,2,12,108,02-01-2026 8:40,C,https://myebrochure.co.uk/images/colours/fotl/fotl-sun.jpg,https://myebrochure.co.uk/images/products/prod_15801_61033_166540.jpg,https://myebrochure.co.uk/images/products.small/prod_15801_61033_166540.jpg,https://myebrochure.co.uk/images/products.hires/prod_15801_61033_166540.jpg,https://myebrochure.co.uk/images/brands/fotl_23.png,https://myebrochure.co.uk/images/products.hires/prod_61033_124856.jpg,https://myebrochure.co.uk/images/products.hires/prod_61033_124857.jpg,https://myebrochure.co.uk/images/products.hires/prod_15801_61033_166532.jpg,,,,,,,,"<li>Crew neck with Cotton/ LYCRA&reg; rib</li> <li>Self fabric back neck tape</li> <li>Fine knit gauge for enhanced printability</li> <li>Age 14-15 is subject to VAT</li> <li><b>Also available in men&#39;s sizes code 61036, ladies&#39; sizes code 61372 and girl&#39;s sizes code 61005</b></li>",1.4
17209,0000000172097,61033,TSHIRT,T-SHIRTS,CHITSH,Childrens T-Shirt,FOTL,Fruit Of The Loom,CH0010,SUN,Sunflower,0025  ,3-4 Years,Kid's Valueweight T,1.78,2,12,108,02-01-2026 8:40,C,https://myebrochure.co.uk/images/colours/fotl/fotl-sun.jpg,https://myebrochure.co.uk/images/products/prod_15801_61033_166540.jpg,https://myebrochure.co.uk/images/products.small/prod_15801_61033_166540.jpg,https://myebrochure.co.uk/images/products.hires/prod_15801_61033_166540.jpg,https://myebrochure.co.uk/images/brands/fotl_23.png,https://myebrochure.co.uk/images/products.hires/prod_61033_124856.jpg,https://myebrochure.co.uk/images/products.hires/prod_61033_124857.jpg,https://myebrochure.co.uk/images/products.hires/prod_15801_61033_166532.jpg,,,,,,,,"<li>Crew neck with Cotton/ LYCRA&reg; rib</li> <li>Self fabric back neck tape</li> <li>Fine knit gauge for enhanced printability</li> <li>Age 14-15 is subject to VAT</li> <li><b>Also available in men&#39;s sizes code 61036, ladies&#39; sizes code 61372 and girl&#39;s sizes code 61005</b></li>",1.4
17210,0000000172103,61033,TSHIRT,T-SHIRTS,CHITSH,Childrens T-Shirt,FOTL,Fruit Of The Loom,CH0010,SUN,Sunflower,0025  ,5-6 Years,Kid's Valueweight T,1.78,2,12,108,02-01-2026 8:40,C,https://myebrochure.co.uk/images/colours/fotl/fotl-sun.jpg,https://myebrochure.co.uk/images/products/prod_15801_61033_166540.jpg,https://myebrochure.co.uk/images/products.small/prod_15801_61033_166540.jpg,https://myebrochure.co.uk/images/products.hires/prod_15801_61033_166540.jpg,https://myebrochure.co.uk/images/brands/fotl_23.png,https://myebrochure.co.uk/images/products.hires/prod_61033_124856.jpg,https://myebrochure.co.uk/images/products.hires/prod_61033_124857.jpg,https://myebrochure.co.uk/images/products.hires/prod_15801_61033_166532.jpg,,,,,,,,"<li>Crew neck with Cotton/ LYCRA&reg; rib</li> <li>Self fabric back neck tape</li> <li>Fine knit gauge for enhanced printability</li> <li>Age 14-15 is subject to VAT</li> <li><b>Also available in men&#39;s sizes code 61036, ladies&#39; sizes code 61372 and girl&#39;s sizes code 61005</b></li>",1.4
17211,0000000172110,61033,TSHIRT,T-SHIRTS,CHITSH,Childrens T-Shirt,FOTL,Fruit Of The Loom,CH0010,SUN,Sunflower,0025  ,7-8 Years,Kid's Valueweight T,1.78,2,12,108,02-01-2026 8:40,C,https://myebrochure.co.uk/images/colours/fotl/fotl-sun.jpg,https://myebrochure.co.uk/images/products/prod_15801_61033_166540.jpg,https://myebrochure.co.uk/images/products.small/prod_15801_61033_166540.jpg,https://myebrochure.co.uk/images/products.hires/prod_15801_61033_166540.jpg,https://myebrochure.co.uk/images/brands/fotl_23.png,https://myebrochure.co.uk/images/products.hires/prod_61033_124856.jpg,https://myebrochure.co.uk/images/products.hires/prod_61033_124857.jpg,https://myebrochure.co.uk/images/products.hires/prod_15801_61033_166532.jpg,,,,,,,,"<li>Crew neck with Cotton/ LYCRA&reg; rib</li> <li>Self fabric back neck tape</li> <li>Fine knit gauge for enhanced printability</li> <li>Age 14-15 is subject to VAT</li> <li><b>Also available in men&#39;s sizes code 61036, ladies&#39; sizes code 61372 and girl&#39;s sizes code 61005</b></li>",1.4
17212,0000000172127,61033,TSHIRT,T-SHIRTS,CHITSH,Childrens T-Shirt,FOTL,Fruit Of The Loom,CH0010,SUN,Sunflower,0025  ,9-11 Years,Kid's Valueweight T,1.78,2,12,108,02-01-2026 8:40,C,https://myebrochure.co.uk/images/colours/fotl/fotl-sun.jpg,https://myebrochure.co.uk/images/products/prod_15801_61033_166540.jpg,https://myebrochure.co.uk/images/products.small/prod_15801_61033_166540.jpg,https://myebrochure.co.uk/images/products.hires/prod_15801_61033_166540.jpg,https://myebrochure.co.uk/images/brands/fotl_23.png,https://myebrochure.co.uk/images/products.hires/prod_61033_124856.jpg,https://myebrochure.co.uk/images/products.hires/prod_61033_124857.jpg,https://myebrochure.co.uk/images/products.hires/prod_15801_61033_166532.jpg,,,,,,,,"<li>Crew neck with Cotton/ LYCRA&reg; rib</li> <li>Self fabric back neck tape</li> <li>Fine knit gauge for enhanced printability</li> <li>Age 14-15 is subject to VAT</li> <li><b>Also available in men&#39;s sizes code 61036, ladies&#39; sizes code 61372 and girl&#39;s sizes code 61005</b></li>",1.4
17213,0000000172134,61033,TSHIRT,T-SHIRTS,CHITSH,Childrens T-Shirt,FOTL,Fruit Of The Loom,CH0010,SUN,Sunflower,0025  ,12-13 Years,Kid's Valueweight T,1.78,2,12,108,02-01-2026 8:40,C,https://myebrochure.co.uk/images/colours/fotl/fotl-sun.jpg,https://myebrochure.co.uk/images/products/prod_15801_61033_166540.jpg,https://myebrochure.co.uk/images/products.small/prod_15801_61033_166540.jpg,https://myebrochure.co.uk/images/products.hires/prod_15801_61033_166540.jpg,https://myebrochure.co.uk/images/brands/fotl_23.png,https://myebrochure.co.uk/images/products.hires/prod_61033_124856.jpg,https://myebrochure.co.uk/images/products.hires/prod_61033_124857.jpg,https://myebrochure.co.uk/images/products.hires/prod_15801_61033_166532.jpg,,,,,,,,"<li>Crew neck with Cotton/ LYCRA&reg; rib</li> <li>Self fabric back neck tape</li> <li>Fine knit gauge for enhanced printability</li> <li>Age 14-15 is subject to VAT</li> <li><b>Also available in men&#39;s sizes code 61036, ladies&#39; sizes code 61372 and girl&#39;s sizes code 61005</b></li>",1.4
17214,0000000172141,61033,TSHIRT,T-SHIRTS,CHITSH,Childrens T-Shirt,FOTL,Fruit Of The Loom,CH0010,SUN,Sunflower,0025  ,14-15 Years,Kid's Valueweight T,1.78,1,12,72,02-01-2026 8:40,C,https://myebrochure.co.uk/images/colours/fotl/fotl-sun.jpg,https://myebrochure.co.uk/images/products/prod_15801_61033_166540.jpg,https://myebrochure.co.uk/images/products.small/prod_15801_61033_166540.jpg,https://myebrochure.co.uk/images/products.hires/prod_15801_61033_166540.jpg,https://myebrochure.co.uk/images/brands/fotl_23.png,https://myebrochure.co.uk/images/products.hires/prod_61033_124856.jpg,https://myebrochure.co.uk/images/products.hires/prod_61033_124857.jpg,https://myebrochure.co.uk/images/products.hires/prod_15801_61033_166532.jpg,,,,,,,,"<li>Crew neck with Cotton/ LYCRA&reg; rib</li> <li>Self fabric back neck tape</li> <li>Fine knit gauge for enhanced printability</li> <li>Age 14-15 is subject to VAT</li> <li><b>Also available in men&#39;s sizes code 61036, ladies&#39; sizes code 61372 and girl&#39;s sizes code 61005</b></li>",1.4
17217,0000000172172,61033,TSHIRT,T-SHIRTS,CHITSH,Childrens T-Shirt,FOTL,Fruit Of The Loom,CH0010,44,Orange,0025  ,3-4 Years,Kid's Valueweight T,1.78,2,12,108,02-01-2026 8:40,C,https://myebrochure.co.uk/images/colours/fotl/fotl-44.jpg,https://myebrochure.co.uk/images/products/prod_15801_61033_166540.jpg,https://myebrochure.co.uk/images/products.small/prod_15801_61033_166540.jpg,https://myebrochure.co.uk/images/products.hires/prod_15801_61033_166540.jpg,https://myebrochure.co.uk/images/brands/fotl_23.png,https://myebrochure.co.uk/images/products.hires/prod_61033_124873.jpg,https://myebrochure.co.uk/images/products.hires/prod_61033_124874.jpg,https://myebrochure.co.uk/images/products.hires/prod_15801_61033_166537.jpg,,,,,,,,"<li>Crew neck with Cotton/ LYCRA&reg; rib</li> <li>Self fabric back neck tape</li> <li>Fine knit gauge for enhanced printability</li> <li>Age 14-15 is subject to VAT</li> <li><b>Also available in men&#39;s sizes code 61036, ladies&#39; sizes code 61372 and girl&#39;s sizes code 61005</b></li>",1.4
17218,0000000172189,61033,TSHIRT,T-SHIRTS,CHITSH,Childrens T-Shirt,FOTL,Fruit Of The Loom,CH0010,44,Orange,0025  ,5-6 Years,Kid's Valueweight T,1.78,2,12,108,02-01-2026 8:40,C,https://myebrochure.co.uk/images/colours/fotl/fotl-44.jpg,https://myebrochure.co.uk/images/products/prod_15801_61033_166540.jpg,https://myebrochure.co.uk/images/products.small/prod_15801_61033_166540.jpg,https://myebrochure.co.uk/images/products.hires/prod_15801_61033_166540.jpg,https://myebrochure.co.uk/images/brands/fotl_23.png,https://myebrochure.co.uk/images/products.hires/prod_61033_124873.jpg,https://myebrochure.co.uk/images/products.hires/prod_61033_124874.jpg,https://myebrochure.co.uk/images/products.hires/prod_15801_61033_166537.jpg,,,,,,,,"<li>Crew neck with Cotton/ LYCRA&reg; rib</li> <li>Self fabric back neck tape</li> <li>Fine knit gauge for enhanced printability</li> <li>Age 14-15 is subject to VAT</li> <li><b>Also available in men&#39;s sizes code 61036, ladies&#39; sizes code 61372 and girl&#39;s sizes code 61005</b></li>",1.4
17219,0000000172196,61033,TSHIRT,T-SHIRTS,CHITSH,Childrens T-Shirt,FOTL,Fruit Of The Loom,CH0010,44,Orange,0025  ,7-8 Years,Kid's Valueweight T,1.78,2,12,108,02-01-2026 8:40,C,https://myebrochure.co.uk/images/colours/fotl/fotl-44.jpg,https://myebrochure.co.uk/images/products/prod_15801_61033_166540.jpg,https://myebrochure.co.uk/images/products.small/prod_15801_61033_166540.jpg,https://myebrochure.co.uk/images/products.hires/prod_15801_61033_166540.jpg,https://myebrochure.co.uk/images/brands/fotl_23.png,https://myebrochure.co.uk/images/products.hires/prod_61033_124873.jpg,https://myebrochure.co.uk/images/products.hires/prod_61033_124874.jpg,https://myebrochure.co.uk/images/products.hires/prod_15801_61033_166537.jpg,,,,,,,,"<li>Crew neck with Cotton/ LYCRA&reg; rib</li> <li>Self fabric back neck tape</li> <li>Fine knit gauge for enhanced printability</li> <li>Age 14-15 is subject to VAT</li> <li><b>Also available in men&#39;s sizes code 61036, ladies&#39; sizes code 61372 and girl&#39;s sizes code 61005</b></li>",1.4
17220,0000000172202,61033,TSHIRT,T-SHIRTS,CHITSH,Childrens T-Shirt,FOTL,Fruit Of The Loom,CH0010,44,Orange,0025  ,9-11 Years,Kid's Valueweight T,1.78,2,12,108,02-01-2026 8:40,C,https://myebrochure.co.uk/images/colours/fotl/fotl-44.jpg,https://myebrochure.co.uk/images/products/prod_15801_61033_166540.jpg,https://myebrochure.co.uk/images/products.small/prod_15801_61033_166540.jpg,https://myebrochure.co.uk/images/products.hires/prod_15801_61033_166540.jpg,https://myebrochure.co.uk/images/brands/fotl_23.png,https://myebrochure.co.uk/images/products.hires/prod_61033_124873.jpg,https://myebrochure.co.uk/images/products.hires/prod_61033_124874.jpg,https://myebrochure.co.uk/images/products.hires/prod_15801_61033_166537.jpg,,,,,,,,"<li>Crew neck with Cotton/ LYCRA&reg; rib</li> <li>Self fabric back neck tape</li> <li>Fine knit gauge for enhanced printability</li> <li>Age 14-15 is subject to VAT</li> <li><b>Also available in men&#39;s sizes code 61036, ladies&#39; sizes code 61372 and girl&#39;s sizes code 61005</b></li>",1.4
17221,0000000172219,61033,TSHIRT,T-SHIRTS,CHITSH,Childrens T-Shirt,FOTL,Fruit Of The Loom,CH0010,44,Orange,0025  ,12-13 Years,Kid's Valueweight T,1.78,2,12,108,02-01-2026 8:40,C,https://myebrochure.co.uk/images/colours/fotl/fotl-44.jpg,https://myebrochure.co.uk/images/products/prod_15801_61033_166540.jpg,https://myebrochure.co.uk/images/products.small/prod_15801_61033_166540.jpg,https://myebrochure.co.uk/images/products.hires/prod_15801_61033_166540.jpg,https://myebrochure.co.uk/images/brands/fotl_23.png,https://myebrochure.co.uk/images/products.hires/prod_61033_124873.jpg,https://myebrochure.co.uk/images/products.hires/prod_61033_124874.jpg,https://myebrochure.co.uk/images/products.hires/prod_15801_61033_166537.jpg,,,,,,,,"<li>Crew neck with Cotton/ LYCRA&reg; rib</li> <li>Self fabric back neck tape</li> <li>Fine knit gauge for enhanced printability</li> <li>Age 14-15 is subject to VAT</li> <li><b>Also available in men&#39;s sizes code 61036, ladies&#39; sizes code 61372 and girl&#39;s sizes code 61005</b></li>",1.4
17222,0000000172226,61033,TSHIRT,T-SHIRTS,CHITSH,Childrens T-Shirt,FOTL,Fruit Of The Loom,CH0010,44,Orange,0025  ,14-15 Years,Kid's Valueweight T,1.78,1,12,72,02-01-2026 8:40,C,https://myebrochure.co.uk/images/colours/fotl/fotl-44.jpg,https://myebrochure.co.uk/images/products/prod_15801_61033_166540.jpg,https://myebrochure.co.uk/images/products.small/prod_15801_61033_166540.jpg,https://myebrochure.co.uk/images/products.hires/prod_15801_61033_166540.jpg,https://myebrochure.co.uk/images/brands/fotl_23.png,https://myebrochure.co.uk/images/products.hires/prod_61033_124873.jpg,https://myebrochure.co.uk/images/products.hires/prod_61033_124874.jpg,https://myebrochure.co.uk/images/products.hires/prod_15801_61033_166537.jpg,,,,,,,,"<li>Crew neck with Cotton/ LYCRA&reg; rib</li> <li>Self fabric back neck tape</li> <li>Fine knit gauge for enhanced printability</li> <li>Age 14-15 is subject to VAT</li> <li><b>Also available in men&#39;s sizes code 61036, ladies&#39; sizes code 61372 and girl&#39;s sizes code 61005</b></li>",1.4
17223,0000000172233,61033,TSHIRT,T-SHIRTS,CHITSH,Childrens T-Shirt,FOTL,Fruit Of The Loom,CH0010,40,Red,0025  ,1-2 Years,Kid's Valueweight T,1.78,2,12,108,02-01-2026 8:40,C,https://myebrochure.co.uk/images/colours/fotl/fotl-40.jpg,https://myebrochure.co.uk/images/products/prod_15801_61033_166540.jpg,https://myebrochure.co.uk/images/products.small/prod_15801_61033_166540.jpg,https://myebrochure.co.uk/images/products.hires/prod_15801_61033_166540.jpg,https://myebrochure.co.uk/images/brands/fotl_23.png,https://myebrochure.co.uk/images/products.hires/prod_61033_124877.jpg,https://myebrochure.co.uk/images/products.hires/prod_61033_124878.jpg,https://myebrochure.co.uk/images/products.hires/prod_15801_61033_166535.jpg,,,,,,,,"<li>Crew neck with Cotton/ LYCRA&reg; rib</li> <li>Self fabric back neck tape</li> <li>Fine knit gauge for enhanced printability</li> <li>Age 14-15 is subject to VAT</li> <li><b>Also available in men&#39;s sizes code 61036, ladies&#39; sizes code 61372 and girl&#39;s sizes code 61005</b></li>",1.4
17224,0000000172240,61033,TSHIRT,T-SHIRTS,CHITSH,Childrens T-Shirt,FOTL,Fruit Of The Loom,CH0010,40,Red,0025  ,2-3 Years,Kid's Valueweight T,1.78,2,12,108,02-01-2026 8:40,C,https://myebrochure.co.uk/images/colours/fotl/fotl-40.jpg,https://myebrochure.co.uk/images/products/prod_15801_61033_166540.jpg,https://myebrochure.co.uk/images/products.small/prod_15801_61033_166540.jpg,https://myebrochure.co.uk/images/products.hires/prod_15801_61033_166540.jpg,https://myebrochure.co.uk/images/brands/fotl_23.png,https://myebrochure.co.uk/images/products.hires/prod_61033_124877.jpg,https://myebrochure.co.uk/images/products.hires/prod_61033_124878.jpg,https://myebrochure.co.uk/images/products.hires/prod_15801_61033_166535.jpg,,,,,,,,"<li>Crew neck with Cotton/ LYCRA&reg; rib</li> <li>Self fabric back neck tape</li> <li>Fine knit gauge for enhanced printability</li> <li>Age 14-15 is subject to VAT</li> <li><b>Also available in men&#39;s sizes code 61036, ladies&#39; sizes code 61372 and girl&#39;s sizes code 61005</b></li>",1.4
17225,0000000172257,61033,TSHIRT,T-SHIRTS,CHITSH,Childrens T-Shirt,FOTL,Fruit Of The Loom,CH0010,40,Red,0025  ,3-4 Years,Kid's Valueweight T,1.78,2,12,108,02-01-2026 8:40,C,https://myebrochure.co.uk/images/colours/fotl/fotl-40.jpg,https://myebrochure.co.uk/images/products/prod_15801_61033_166540.jpg,https://myebrochure.co.uk/images/products.small/prod_15801_61033_166540.jpg,https://myebrochure.co.uk/images/products.hires/prod_15801_61033_166540.jpg,https://myebrochure.co.uk/images/brands/fotl_23.png,https://myebrochure.co.uk/images/products.hires/prod_61033_124877.jpg,https://myebrochure.co.uk/images/products.hires/prod_61033_124878.jpg,https://myebrochure.co.uk/images/products.hires/prod_15801_61033_166535.jpg,,,,,,,,"<li>Crew neck with Cotton/ LYCRA&reg; rib</li> <li>Self fabric back neck tape</li> <li>Fine knit gauge for enhanced printability</li> <li>Age 14-15 is subject to VAT</li> <li><b>Also available in men&#39;s sizes code 61036, ladies&#39; sizes code 61372 and girl&#39;s sizes code 61005</b></li>",1.4
17226,0000000172264,61033,TSHIRT,T-SHIRTS,CHITSH,Childrens T-Shirt,FOTL,Fruit Of The Loom,CH0010,40,Red,0025  ,5-6 Years,Kid's Valueweight T,1.78,2,12,108,02-01-2026 8:40,C,https://myebrochure.co.uk/images/colours/fotl/fotl-40.jpg,https://myebrochure.co.uk/images/products/prod_15801_61033_166540.jpg,https://myebrochure.co.uk/images/products.small/prod_15801_61033_166540.jpg,https://myebrochure.co.uk/images/products.hires/prod_15801_61033_166540.jpg,https://myebrochure.co.uk/images/brands/fotl_23.png,https://myebrochure.co.uk/images/products.hires/prod_61033_124877.jpg,https://myebrochure.co.uk/images/products.hires/prod_61033_124878.jpg,https://myebrochure.co.uk/images/products.hires/prod_15801_61033_166535.jpg,,,,,,,,"<li>Crew neck with Cotton/ LYCRA&reg; rib</li> <li>Self fabric back neck tape</li> <li>Fine knit gauge for enhanced printability</li> <li>Age 14-15 is subject to VAT</li> <li><b>Also available in men&#39;s sizes code 61036, ladies&#39; sizes code 61372 and girl&#39;s sizes code 61005</b></li>",1.4
17227,0000000172271,61033,TSHIRT,T-SHIRTS,CHITSH,Childrens T-Shirt,FOTL,Fruit Of The Loom,CH0010,40,Red,0025  ,7-8 Years,Kid's Valueweight T,1.78,2,12,108,02-01-2026 8:40,C,https://myebrochure.co.uk/images/colours/fotl/fotl-40.jpg,https://myebrochure.co.uk/images/products/prod_15801_61033_166540.jpg,https://myebrochure.co.uk/images/products.small/prod_15801_61033_166540.jpg,https://myebrochure.co.uk/images/products.hires/prod_15801_61033_166540.jpg,https://myebrochure.co.uk/images/brands/fotl_23.png,https://myebrochure.co.uk/images/products.hires/prod_61033_124877.jpg,https://myebrochure.co.uk/images/products.hires/prod_61033_124878.jpg,https://myebrochure.co.uk/images/products.hires/prod_15801_61033_166535.jpg,,,,,,,,"<li>Crew neck with Cotton/ LYCRA&reg; rib</li> <li>Self fabric back neck tape</li> <li>Fine knit gauge for enhanced printability</li> <li>Age 14-15 is subject to VAT</li> <li><b>Also available in men&#39;s sizes code 61036, ladies&#39; sizes code 61372 and girl&#39;s sizes code 61005</b></li>",1.4
17228,0000000172288,61033,TSHIRT,T-SHIRTS,CHITSH,Childrens T-Shirt,FOTL,Fruit Of The Loom,CH0010,40,Red,0025  ,9-11 Years,Kid's Valueweight T,1.78,2,12,108,02-01-2026 8:40,C,https://myebrochure.co.uk/images/colours/fotl/fotl-40.jpg,https://myebrochure.co.uk/images/products/prod_15801_61033_166540.jpg,https://myebrochure.co.uk/images/products.small/prod_15801_61033_166540.jpg,https://myebrochure.co.uk/images/products.hires/prod_15801_61033_166540.jpg,https://myebrochure.co.uk/images/brands/fotl_23.png,https://myebrochure.co.uk/images/products.hires/prod_61033_124877.jpg,https://myebrochure.co.uk/images/products.hires/prod_61033_124878.jpg,https://myebrochure.co.uk/images/products.hires/prod_15801_61033_166535.jpg,,,,,,,,"<li>Crew neck with Cotton/ LYCRA&reg; rib</li> <li>Self fabric back neck tape</li> <li>Fine knit gauge for enhanced printability</li> <li>Age 14-15 is subject to VAT</li> <li><b>Also available in men&#39;s sizes code 61036, ladies&#39; sizes code 61372 and girl&#39;s sizes code 61005</b></li>",1.4
17229,0000000172295,61033,TSHIRT,T-SHIRTS,CHITSH,Childrens T-Shirt,FOTL,Fruit Of The Loom,CH0010,40,Red,0025  ,12-13 Years,Kid's Valueweight T,1.78,2,12,108,02-01-2026 8:40,C,https://myebrochure.co.uk/images/colours/fotl/fotl-40.jpg,https://myebrochure.co.uk/images/products/prod_15801_61033_166540.jpg,https://myebrochure.co.uk/images/products.small/prod_15801_61033_166540.jpg,https://myebrochure.co.uk/images/products.hires/prod_15801_61033_166540.jpg,https://myebrochure.co.uk/images/brands/fotl_23.png,https://myebrochure.co.uk/images/products.hires/prod_61033_124877.jpg,https://myebrochure.co.uk/images/products.hires/prod_61033_124878.jpg,https://myebrochure.co.uk/images/products.hires/prod_15801_61033_166535.jpg,,,,,,,,"<li>Crew neck with Cotton/ LYCRA&reg; rib</li> <li>Self fabric back neck tape</li> <li>Fine knit gauge for enhanced printability</li> <li>Age 14-15 is subject to VAT</li> <li><b>Also available in men&#39;s sizes code 61036, ladies&#39; sizes code 61372 and girl&#39;s sizes code 61005</b></li>",1.4
17230,0000000172301,61033,TSHIRT,T-SHIRTS,CHITSH,Childrens T-Shirt,FOTL,Fruit Of The Loom,CH0010,40,Red,0025  ,14-15 Years,Kid's Valueweight T,1.78,1,12,72,02-01-2026 8:40,C,https://myebrochure.co.uk/images/colours/fotl/fotl-40.jpg,https://myebrochure.co.uk/images/products/prod_15801_61033_166540.jpg,https://myebrochure.co.uk/images/products.small/prod_15801_61033_166540.jpg,https://myebrochure.co.uk/images/products.hires/prod_15801_61033_166540.jpg,https://myebrochure.co.uk/images/brands/fotl_23.png,https://myebrochure.co.uk/images/products.hires/prod_61033_124877.jpg,https://myebrochure.co.uk/images/products.hires/prod_61033_124878.jpg,https://myebrochure.co.uk/images/products.hires/prod_15801_61033_166535.jpg,,,,,,,,"<li>Crew neck with Cotton/ LYCRA&reg; rib</li> <li>Self fabric back neck tape</li> <li>Fine knit gauge for enhanced printability</li> <li>Age 14-15 is subject to VAT</li> <li><b>Also available in men&#39;s sizes code 61036, ladies&#39; sizes code 61372 and girl&#39;s sizes code 61005</b></li>",1.4
17233,0000000172332,61033,TSHIRT,T-SHIRTS,CHITSH,Childrens T-Shirt,FOTL,Fruit Of The Loom,CH0010,41,Burgundy,0025  ,3-4 Years,Kid's Valueweight T,1.78,2,12,108,02-01-2026 8:40,C,https://myebrochure.co.uk/images/colours/fotl/fotl-41.jpg,https://myebrochure.co.uk/images/products/prod_15801_61033_166540.jpg,https://myebrochure.co.uk/images/products.small/prod_15801_61033_166540.jpg,https://myebrochure.co.uk/images/products.hires/prod_15801_61033_166540.jpg,https://myebrochure.co.uk/images/brands/fotl_23.png,https://myebrochure.co.uk/images/products.hires/prod_61033_124875.jpg,https://myebrochure.co.uk/images/products.hires/prod_61033_124876.jpg,https://myebrochure.co.uk/images/products.hires/prod_15801_61033_166536.jpg,,,,,,,,"<li>Crew neck with Cotton/ LYCRA&reg; rib</li> <li>Self fabric back neck tape</li> <li>Fine knit gauge for enhanced printability</li> <li>Age 14-15 is subject to VAT</li> <li><b>Also available in men&#39;s sizes code 61036, ladies&#39; sizes code 61372 and girl&#39;s sizes code 61005</b></li>",1.4
17234,0000000172349,61033,TSHIRT,T-SHIRTS,CHITSH,Childrens T-Shirt,FOTL,Fruit Of The Loom,CH0010,41,Burgundy,0025  ,5-6 Years,Kid's Valueweight T,1.78,2,12,108,02-01-2026 8:40,C,https://myebrochure.co.uk/images/colours/fotl/fotl-41.jpg,https://myebrochure.co.uk/images/products/prod_15801_61033_166540.jpg,https://myebrochure.co.uk/images/products.small/prod_15801_61033_166540.jpg,https://myebrochure.co.uk/images/products.hires/prod_15801_61033_166540.jpg,https://myebrochure.co.uk/images/brands/fotl_23.png,https://myebrochure.co.uk/images/products.hires/prod_61033_124875.jpg,https://myebrochure.co.uk/images/products.hires/prod_61033_124876.jpg,https://myebrochure.co.uk/images/products.hires/prod_15801_61033_166536.jpg,,,,,,,,"<li>Crew neck with Cotton/ LYCRA&reg; rib</li> <li>Self fabric back neck tape</li> <li>Fine knit gauge for enhanced printability</li> <li>Age 14-15 is subject to VAT</li> <li><b>Also available in men&#39;s sizes code 61036, ladies&#39; sizes code 61372 and girl&#39;s sizes code 61005</b></li>",1.4
17235,0000000172356,61033,TSHIRT,T-SHIRTS,CHITSH,Childrens T-Shirt,FOTL,Fruit Of The Loom,CH0010,41,Burgundy,0025  ,7-8 Years,Kid's Valueweight T,1.78,2,12,108,02-01-2026 8:40,C,https://myebrochure.co.uk/images/colours/fotl/fotl-41.jpg,https://myebrochure.co.uk/images/products/prod_15801_61033_166540.jpg,https://myebrochure.co.uk/images/products.small/prod_15801_61033_166540.jpg,https://myebrochure.co.uk/images/products.hires/prod_15801_61033_166540.jpg,https://myebrochure.co.uk/images/brands/fotl_23.png,https://myebrochure.co.uk/images/products.hires/prod_61033_124875.jpg,https://myebrochure.co.uk/images/products.hires/prod_61033_124876.jpg,https://myebrochure.co.uk/images/products.hires/prod_15801_61033_166536.jpg,,,,,,,,"<li>Crew neck with Cotton/ LYCRA&reg; rib</li> <li>Self fabric back neck tape</li> <li>Fine knit gauge for enhanced printability</li> <li>Age 14-15 is subject to VAT</li> <li><b>Also available in men&#39;s sizes code 61036, ladies&#39; sizes code 61372 and girl&#39;s sizes code 61005</b></li>",1.4
17236,0000000172363,61033,TSHIRT,T-SHIRTS,CHITSH,Childrens T-Shirt,FOTL,Fruit Of The Loom,CH0010,41,Burgundy,0025  ,9-11 Years,Kid's Valueweight T,1.78,2,12,108,02-01-2026 8:40,C,https://myebrochure.co.uk/images/colours/fotl/fotl-41.jpg,https://myebrochure.co.uk/images/products/prod_15801_61033_166540.jpg,https://myebrochure.co.uk/images/products.small/prod_15801_61033_166540.jpg,https://myebrochure.co.uk/images/products.hires/prod_15801_61033_166540.jpg,https://myebrochure.co.uk/images/brands/fotl_23.png,https://myebrochure.co.uk/images/products.hires/prod_61033_124875.jpg,https://myebrochure.co.uk/images/products.hires/prod_61033_124876.jpg,https://myebrochure.co.uk/images/products.hires/prod_15801_61033_166536.jpg,,,,,,,,"<li>Crew neck with Cotton/ LYCRA&reg; rib</li> <li>Self fabric back neck tape</li> <li>Fine knit gauge for enhanced printability</li> <li>Age 14-15 is subject to VAT</li> <li><b>Also available in men&#39;s sizes code 61036, ladies&#39; sizes code 61372 and girl&#39;s sizes code 61005</b></li>",1.4
17237,0000000172370,61033,TSHIRT,T-SHIRTS,CHITSH,Childrens T-Shirt,FOTL,Fruit Of The Loom,CH0010,41,Burgundy,0025  ,12-13 Years,Kid's Valueweight T,1.78,2,12,108,02-01-2026 8:40,C,https://myebrochure.co.uk/images/colours/fotl/fotl-41.jpg,https://myebrochure.co.uk/images/products/prod_15801_61033_166540.jpg,https://myebrochure.co.uk/images/products.small/prod_15801_61033_166540.jpg,https://myebrochure.co.uk/images/products.hires/prod_15801_61033_166540.jpg,https://myebrochure.co.uk/images/brands/fotl_23.png,https://myebrochure.co.uk/images/products.hires/prod_61033_124875.jpg,https://myebrochure.co.uk/images/products.hires/prod_61033_124876.jpg,https://myebrochure.co.uk/images/products.hires/prod_15801_61033_166536.jpg,,,,,,,,"<li>Crew neck with Cotton/ LYCRA&reg; rib</li> <li>Self fabric back neck tape</li> <li>Fine knit gauge for enhanced printability</li> <li>Age 14-15 is subject to VAT</li> <li><b>Also available in men&#39;s sizes code 61036, ladies&#39; sizes code 61372 and girl&#39;s sizes code 61005</b></li>",1.4
17238,0000000172387,61033,TSHIRT,T-SHIRTS,CHITSH,Childrens T-Shirt,FOTL,Fruit Of The Loom,CH0010,41,Burgundy,0025  ,14-15 Years,Kid's Valueweight T,1.78,1,12,72,02-01-2026 8:40,C,https://myebrochure.co.uk/images/colours/fotl/fotl-41.jpg,https://myebrochure.co.uk/images/products/prod_15801_61033_166540.jpg,https://myebrochure.co.uk/images/products.small/prod_15801_61033_166540.jpg,https://myebrochure.co.uk/images/products.hires/prod_15801_61033_166540.jpg,https://myebrochure.co.uk/images/brands/fotl_23.png,https://myebrochure.co.uk/images/products.hires/prod_61033_124875.jpg,https://myebrochure.co.uk/images/products.hires/prod_61033_124876.jpg,https://myebrochure.co.uk/images/products.hires/prod_15801_61033_166536.jpg,,,,,,,,"<li>Crew neck with Cotton/ LYCRA&reg; rib</li> <li>Self fabric back neck tape</li> <li>Fine knit gauge for enhanced printability</li> <li>Age 14-15 is subject to VAT</li> <li><b>Also available in men&#39;s sizes code 61036, ladies&#39; sizes code 61372 and girl&#39;s sizes code 61005</b></li>",1.4
17255,0000000172554,61033,TSHIRT,T-SHIRTS,CHITSH,Childrens T-Shirt,FOTL,Fruit Of The Loom,CH0010,LPI,Light Pink,0025  ,1-2 Years,Kid's Valueweight T,1.78,2,12,108,02-01-2026 8:40,C,https://myebrochure.co.uk/images/colours/fotl/fotl-lpi.jpg,https://myebrochure.co.uk/images/products/prod_15801_61033_166540.jpg,https://myebrochure.co.uk/images/products.small/prod_15801_61033_166540.jpg,https://myebrochure.co.uk/images/products.hires/prod_15801_61033_166540.jpg,https://myebrochure.co.uk/images/brands/fotl_23.png,https://myebrochure.co.uk/images/products.hires/prod_61033_124867.jpg,https://myebrochure.co.uk/images/products.hires/prod_61033_124868.jpg,,,,,,,,,"<li>Crew neck with Cotton/ LYCRA&reg; rib</li> <li>Self fabric back neck tape</li> <li>Fine knit gauge for enhanced printability</li> <li>Age 14-15 is subject to VAT</li> <li><b>Also available in men&#39;s sizes code 61036, ladies&#39; sizes code 61372 and girl&#39;s sizes code 61005</b></li>",1.4
17256,0000000172561,61033,TSHIRT,T-SHIRTS,CHITSH,Childrens T-Shirt,FOTL,Fruit Of The Loom,CH0010,LPI,Light Pink,0025  ,2-3 Years,Kid's Valueweight T,1.78,2,12,108,02-01-2026 8:40,C,https://myebrochure.co.uk/images/colours/fotl/fotl-lpi.jpg,https://myebrochure.co.uk/images/products/prod_15801_61033_166540.jpg,https://myebrochure.co.uk/images/products.small/prod_15801_61033_166540.jpg,https://myebrochure.co.uk/images/products.hires/prod_15801_61033_166540.jpg,https://myebrochure.co.uk/images/brands/fotl_23.png,https://myebrochure.co.uk/images/products.hires/prod_61033_124867.jpg,https://myebrochure.co.uk/images/products.hires/prod_61033_124868.jpg,,,,,,,,,"<li>Crew neck with Cotton/ LYCRA&reg; rib</li> <li>Self fabric back neck tape</li> <li>Fine knit gauge for enhanced printability</li> <li>Age 14-15 is subject to VAT</li> <li><b>Also available in men&#39;s sizes code 61036, ladies&#39; sizes code 61372 and girl&#39;s sizes code 61005</b></li>",1.4
17257,0000000172578,61033,TSHIRT,T-SHIRTS,CHITSH,Childrens T-Shirt,FOTL,Fruit Of The Loom,CH0010,LPI,Light Pink,0025  ,3-4 Years,Kid's Valueweight T,1.78,2,12,108,02-01-2026 8:40,C,https://myebrochure.co.uk/images/colours/fotl/fotl-lpi.jpg,https://myebrochure.co.uk/images/products/prod_15801_61033_166540.jpg,https://myebrochure.co.uk/images/products.small/prod_15801_61033_166540.jpg,https://myebrochure.co.uk/images/products.hires/prod_15801_61033_166540.jpg,https://myebrochure.co.uk/images/brands/fotl_23.png,https://myebrochure.co.uk/images/products.hires/prod_61033_124867.jpg,https://myebrochure.co.uk/images/products.hires/prod_61033_124868.jpg,,,,,,,,,"<li>Crew neck with Cotton/ LYCRA&reg; rib</li> <li>Self fabric back neck tape</li> <li>Fine knit gauge for enhanced printability</li> <li>Age 14-15 is subject to VAT</li> <li><b>Also available in men&#39;s sizes code 61036, ladies&#39; sizes code 61372 and girl&#39;s sizes code 61005</b></li>",1.4
17258,0000000172585,61033,TSHIRT,T-SHIRTS,CHITSH,Childrens T-Shirt,FOTL,Fruit Of The Loom,CH0010,LPI,Light Pink,0025  ,5-6 Years,Kid's Valueweight T,1.78,2,12,108,02-01-2026 8:40,C,https://myebrochure.co.uk/images/colours/fotl/fotl-lpi.jpg,https://myebrochure.co.uk/images/products/prod_15801_61033_166540.jpg,https://myebrochure.co.uk/images/products.small/prod_15801_61033_166540.jpg,https://myebrochure.co.uk/images/products.hires/prod_15801_61033_166540.jpg,https://myebrochure.co.uk/images/brands/fotl_23.png,https://myebrochure.co.uk/images/products.hires/prod_61033_124867.jpg,https://myebrochure.co.uk/images/products.hires/prod_61033_124868.jpg,,,,,,,,,"<li>Crew neck with Cotton/ LYCRA&reg; rib</li> <li>Self fabric back neck tape</li> <li>Fine knit gauge for enhanced printability</li> <li>Age 14-15 is subject to VAT</li> <li><b>Also available in men&#39;s sizes code 61036, ladies&#39; sizes code 61372 and girl&#39;s sizes code 61005</b></li>",1.4
17259,0000000172592,61033,TSHIRT,T-SHIRTS,CHITSH,Childrens T-Shirt,FOTL,Fruit Of The Loom,CH0010,LPI,Light Pink,0025  ,7-8 Years,Kid's Valueweight T,1.78,2,12,108,02-01-2026 8:40,C,https://myebrochure.co.uk/images/colours/fotl/fotl-lpi.jpg,https://myebrochure.co.uk/images/products/prod_15801_61033_166540.jpg,https://myebrochure.co.uk/images/products.small/prod_15801_61033_166540.jpg,https://myebrochure.co.uk/images/products.hires/prod_15801_61033_166540.jpg,https://myebrochure.co.uk/images/brands/fotl_23.png,https://myebrochure.co.uk/images/products.hires/prod_61033_124867.jpg,https://myebrochure.co.uk/images/products.hires/prod_61033_124868.jpg,,,,,,,,,"<li>Crew neck with Cotton/ LYCRA&reg; rib</li> <li>Self fabric back neck tape</li> <li>Fine knit gauge for enhanced printability</li> <li>Age 14-15 is subject to VAT</li> <li><b>Also available in men&#39;s sizes code 61036, ladies&#39; sizes code 61372 and girl&#39;s sizes code 61005</b></li>",1.4
17260,0000000172608,61033,TSHIRT,T-SHIRTS,CHITSH,Childrens T-Shirt,FOTL,Fruit Of The Loom,CH0010,LPI,Light Pink,0025  ,9-11 Years,Kid's Valueweight T,1.78,2,12,108,02-01-2026 8:40,C,https://myebrochure.co.uk/images/colours/fotl/fotl-lpi.jpg,https://myebrochure.co.uk/images/products/prod_15801_61033_166540.jpg,https://myebrochure.co.uk/images/products.small/prod_15801_61033_166540.jpg,https://myebrochure.co.uk/images/products.hires/prod_15801_61033_166540.jpg,https://myebrochure.co.uk/images/brands/fotl_23.png,https://myebrochure.co.uk/images/products.hires/prod_61033_124867.jpg,https://myebrochure.co.uk/images/products.hires/prod_61033_124868.jpg,,,,,,,,,"<li>Crew neck with Cotton/ LYCRA&reg; rib</li> <li>Self fabric back neck tape</li> <li>Fine knit gauge for enhanced printability</li> <li>Age 14-15 is subject to VAT</li> <li><b>Also available in men&#39;s sizes code 61036, ladies&#39; sizes code 61372 and girl&#39;s sizes code 61005</b></li>",1.4
17261,0000000172615,61033,TSHIRT,T-SHIRTS,CHITSH,Childrens T-Shirt,FOTL,Fruit Of The Loom,CH0010,LPI,Light Pink,0025  ,12-13 Years,Kid's Valueweight T,1.78,2,12,108,02-01-2026 8:40,C,https://myebrochure.co.uk/images/colours/fotl/fotl-lpi.jpg,https://myebrochure.co.uk/images/products/prod_15801_61033_166540.jpg,https://myebrochure.co.uk/images/products.small/prod_15801_61033_166540.jpg,https://myebrochure.co.uk/images/products.hires/prod_15801_61033_166540.jpg,https://myebrochure.co.uk/images/brands/fotl_23.png,https://myebrochure.co.uk/images/products.hires/prod_61033_124867.jpg,https://myebrochure.co.uk/images/products.hires/prod_61033_124868.jpg,,,,,,,,,"<li>Crew neck with Cotton/ LYCRA&reg; rib</li> <li>Self fabric back neck tape</li> <li>Fine knit gauge for enhanced printability</li> <li>Age 14-15 is subject to VAT</li> <li><b>Also available in men&#39;s sizes code 61036, ladies&#39; sizes code 61372 and girl&#39;s sizes code 61005</b></li>",1.4
17262,0000000172622,61033,TSHIRT,T-SHIRTS,CHITSH,Childrens T-Shirt,FOTL,Fruit Of The Loom,CH0010,LPI,Light Pink,0025  ,14-15 Years,Kid's Valueweight T,1.78,1,12,72,02-01-2026 8:40,C,https://myebrochure.co.uk/images/colours/fotl/fotl-lpi.jpg,https://myebrochure.co.uk/images/products/prod_15801_61033_166540.jpg,https://myebrochure.co.uk/images/products.small/prod_15801_61033_166540.jpg,https://myebrochure.co.uk/images/products.hires/prod_15801_61033_166540.jpg,https://myebrochure.co.uk/images/brands/fotl_23.png,https://myebrochure.co.uk/images/products.hires/prod_61033_124867.jpg,https://myebrochure.co.uk/images/products.hires/prod_61033_124868.jpg,,,,,,,,,"<li>Crew neck with Cotton/ LYCRA&reg; rib</li> <li>Self fabric back neck tape</li> <li>Fine knit gauge for enhanced printability</li> <li>Age 14-15 is subject to VAT</li> <li><b>Also available in men&#39;s sizes code 61036, ladies&#39; sizes code 61372 and girl&#39;s sizes code 61005</b></li>",1.4
56260,0000000562485,61033,TSHIRT,T-SHIRTS,CHITSH,Childrens T-Shirt,FOTL,Fruit Of The Loom,CH0010,K2,Yellow,0025  ,3-4 Years,Kid's Valueweight T,1.78,2,12,108,02-01-2026 8:40,C,https://myebrochure.co.uk/images/colours/fotl/fotl-k2.jpg,https://myebrochure.co.uk/images/products/prod_15801_61033_166540.jpg,https://myebrochure.co.uk/images/products.small/prod_15801_61033_166540.jpg,https://myebrochure.co.uk/images/products.hires/prod_15801_61033_166540.jpg,https://myebrochure.co.uk/images/brands/fotl_23.png,https://myebrochure.co.uk/images/products.hires/prod_61033_124885.jpg,https://myebrochure.co.uk/images/products.hires/prod_61033_124886.jpg,,,,,,,,,"<li>Crew neck with Cotton/ LYCRA&reg; rib</li> <li>Self fabric back neck tape</li> <li>Fine knit gauge for enhanced printability</li> <li>Age 14-15 is subject to VAT</li> <li><b>Also available in men&#39;s sizes code 61036, ladies&#39; sizes code 61372 and girl&#39;s sizes code 61005</b></li>",1.4
56261,0000000562492,61033,TSHIRT,T-SHIRTS,CHITSH,Childrens T-Shirt,FOTL,Fruit Of The Loom,CH0010,K2,Yellow,0025  ,5-6 Years,Kid's Valueweight T,1.78,2,12,108,02-01-2026 8:40,C,https://myebrochure.co.uk/images/colours/fotl/fotl-k2.jpg,https://myebrochure.co.uk/images/products/prod_15801_61033_166540.jpg,https://myebrochure.co.uk/images/products.small/prod_15801_61033_166540.jpg,https://myebrochure.co.uk/images/products.hires/prod_15801_61033_166540.jpg,https://myebrochure.co.uk/images/brands/fotl_23.png,https://myebrochure.co.uk/images/products.hires/prod_61033_124885.jpg,https://myebrochure.co.uk/images/products.hires/prod_61033_124886.jpg,,,,,,,,,"<li>Crew neck with Cotton/ LYCRA&reg; rib</li> <li>Self fabric back neck tape</li> <li>Fine knit gauge for enhanced printability</li> <li>Age 14-15 is subject to VAT</li> <li><b>Also available in men&#39;s sizes code 61036, ladies&#39; sizes code 61372 and girl&#39;s sizes code 61005</b></li>",1.4
56262,0000000562508,61033,TSHIRT,T-SHIRTS,CHITSH,Childrens T-Shirt,FOTL,Fruit Of The Loom,CH0010,K2,Yellow,0025  ,7-8 Years,Kid's Valueweight T,1.78,2,12,108,02-01-2026 8:40,C,https://myebrochure.co.uk/images/colours/fotl/fotl-k2.jpg,https://myebrochure.co.uk/images/products/prod_15801_61033_166540.jpg,https://myebrochure.co.uk/images/products.small/prod_15801_61033_166540.jpg,https://myebrochure.co.uk/images/products.hires/prod_15801_61033_166540.jpg,https://myebrochure.co.uk/images/brands/fotl_23.png,https://myebrochure.co.uk/images/products.hires/prod_61033_124885.jpg,https://myebrochure.co.uk/images/products.hires/prod_61033_124886.jpg,,,,,,,,,"<li>Crew neck with Cotton/ LYCRA&reg; rib</li> <li>Self fabric back neck tape</li> <li>Fine knit gauge for enhanced printability</li> <li>Age 14-15 is subject to VAT</li> <li><b>Also available in men&#39;s sizes code 61036, ladies&#39; sizes code 61372 and girl&#39;s sizes code 61005</b></li>",1.4
56263,0000000562515,61033,TSHIRT,T-SHIRTS,CHITSH,Childrens T-Shirt,FOTL,Fruit Of The Loom,CH0010,K2,Yellow,0025  ,9-11 Years,Kid's Valueweight T,1.78,2,12,108,02-01-2026 8:40,C,https://myebrochure.co.uk/images/colours/fotl/fotl-k2.jpg,https://myebrochure.co.uk/images/products/prod_15801_61033_166540.jpg,https://myebrochure.co.uk/images/products.small/prod_15801_61033_166540.jpg,https://myebrochure.co.uk/images/products.hires/prod_15801_61033_166540.jpg,https://myebrochure.co.uk/images/brands/fotl_23.png,https://myebrochure.co.uk/images/products.hires/prod_61033_124885.jpg,https://myebrochure.co.uk/images/products.hires/prod_61033_124886.jpg,,,,,,,,,"<li>Crew neck with Cotton/ LYCRA&reg; rib</li> <li>Self fabric back neck tape</li> <li>Fine knit gauge for enhanced printability</li> <li>Age 14-15 is subject to VAT</li> <li><b>Also available in men&#39;s sizes code 61036, ladies&#39; sizes code 61372 and girl&#39;s sizes code 61005</b></li>",1.4
56264,0000000562522,61033,TSHIRT,T-SHIRTS,CHITSH,Childrens T-Shirt,FOTL,Fruit Of The Loom,CH0010,K2,Yellow,0025  ,12-13 Years,Kid's Valueweight T,1.78,2,12,108,02-01-2026 8:40,C,https://myebrochure.co.uk/images/colours/fotl/fotl-k2.jpg,https://myebrochure.co.uk/images/products/prod_15801_61033_166540.jpg,https://myebrochure.co.uk/images/products.small/prod_15801_61033_166540.jpg,https://myebrochure.co.uk/images/products.hires/prod_15801_61033_166540.jpg,https://myebrochure.co.uk/images/brands/fotl_23.png,https://myebrochure.co.uk/images/products.hires/prod_61033_124885.jpg,https://myebrochure.co.uk/images/products.hires/prod_61033_124886.jpg,,,,,,,,,"<li>Crew neck with Cotton/ LYCRA&reg; rib</li> <li>Self fabric back neck tape</li> <li>Fine knit gauge for enhanced printability</li> <li>Age 14-15 is subject to VAT</li> <li><b>Also available in men&#39;s sizes code 61036, ladies&#39; sizes code 61372 and girl&#39;s sizes code 61005</b></li>",1.4
56265,0000000562539,61033,TSHIRT,T-SHIRTS,CHITSH,Childrens T-Shirt,FOTL,Fruit Of The Loom,CH0010,K2,Yellow,0025  ,14-15 Years,Kid's Valueweight T,1.78,1,12,72,02-01-2026 8:40,C,https://myebrochure.co.uk/images/colours/fotl/fotl-k2.jpg,https://myebrochure.co.uk/images/products/prod_15801_61033_166540.jpg,https://myebrochure.co.uk/images/products.small/prod_15801_61033_166540.jpg,https://myebrochure.co.uk/images/products.hires/prod_15801_61033_166540.jpg,https://myebrochure.co.uk/images/brands/fotl_23.png,https://myebrochure.co.uk/images/products.hires/prod_61033_124885.jpg,https://myebrochure.co.uk/images/products.hires/prod_61033_124886.jpg,,,,,,,,,"<li>Crew neck with Cotton/ LYCRA&reg; rib</li> <li>Self fabric back neck tape</li> <li>Fine knit gauge for enhanced printability</li> <li>Age 14-15 is subject to VAT</li> <li><b>Also available in men&#39;s sizes code 61036, ladies&#39; sizes code 61372 and girl&#39;s sizes code 61005</b></li>",1.4
66788,0000000667180,61033,TSHIRT,T-SHIRTS,CHITSH,Childrens T-Shirt,FOTL,Fruit Of The Loom,CH0010,ZU,Azure Blue,0025  ,3-4 Years,Kid's Valueweight T,1.78,2,12,108,02-01-2026 8:40,C,https://myebrochure.co.uk/images/colours/fotl/fotl-zu.jpg,https://myebrochure.co.uk/images/products/prod_15801_61033_166540.jpg,https://myebrochure.co.uk/images/products.small/prod_15801_61033_166540.jpg,https://myebrochure.co.uk/images/products.hires/prod_15801_61033_166540.jpg,https://myebrochure.co.uk/images/brands/fotl_23.png,https://myebrochure.co.uk/images/products.hires/prod_61033_124840.jpg,https://myebrochure.co.uk/images/products.hires/prod_61033_124841.jpg,,,,,,,,,"<li>Crew neck with Cotton/ LYCRA&reg; rib</li> <li>Self fabric back neck tape</li> <li>Fine knit gauge for enhanced printability</li> <li>Age 14-15 is subject to VAT</li> <li><b>Also available in men&#39;s sizes code 61036, ladies&#39; sizes code 61372 and girl&#39;s sizes code 61005</b></li>",1.4
66789,0000000667197,61033,TSHIRT,T-SHIRTS,CHITSH,Childrens T-Shirt,FOTL,Fruit Of The Loom,CH0010,ZU,Azure Blue,0025  ,5-6 Years,Kid's Valueweight T,1.78,2,12,108,02-01-2026 8:40,C,https://myebrochure.co.uk/images/colours/fotl/fotl-zu.jpg,https://myebrochure.co.uk/images/products/prod_15801_61033_166540.jpg,https://myebrochure.co.uk/images/products.small/prod_15801_61033_166540.jpg,https://myebrochure.co.uk/images/products.hires/prod_15801_61033_166540.jpg,https://myebrochure.co.uk/images/brands/fotl_23.png,https://myebrochure.co.uk/images/products.hires/prod_61033_124840.jpg,https://myebrochure.co.uk/images/products.hires/prod_61033_124841.jpg,,,,,,,,,"<li>Crew neck with Cotton/ LYCRA&reg; rib</li> <li>Self fabric back neck tape</li> <li>Fine knit gauge for enhanced printability</li> <li>Age 14-15 is subject to VAT</li> <li><b>Also available in men&#39;s sizes code 61036, ladies&#39; sizes code 61372 and girl&#39;s sizes code 61005</b></li>",1.4
66790,0000000667203,61033,TSHIRT,T-SHIRTS,CHITSH,Childrens T-Shirt,FOTL,Fruit Of The Loom,CH0010,ZU,Azure Blue,0025  ,7-8 Years,Kid's Valueweight T,1.78,2,12,108,02-01-2026 8:40,C,https://myebrochure.co.uk/images/colours/fotl/fotl-zu.jpg,https://myebrochure.co.uk/images/products/prod_15801_61033_166540.jpg,https://myebrochure.co.uk/images/products.small/prod_15801_61033_166540.jpg,https://myebrochure.co.uk/images/products.hires/prod_15801_61033_166540.jpg,https://myebrochure.co.uk/images/brands/fotl_23.png,https://myebrochure.co.uk/images/products.hires/prod_61033_124840.jpg,https://myebrochure.co.uk/images/products.hires/prod_61033_124841.jpg,,,,,,,,,"<li>Crew neck with Cotton/ LYCRA&reg; rib</li> <li>Self fabric back neck tape</li> <li>Fine knit gauge for enhanced printability</li> <li>Age 14-15 is subject to VAT</li> <li><b>Also available in men&#39;s sizes code 61036, ladies&#39; sizes code 61372 and girl&#39;s sizes code 61005</b></li>",1.4
66791,0000000667210,61033,TSHIRT,T-SHIRTS,CHITSH,Childrens T-Shirt,FOTL,Fruit Of The Loom,CH0010,ZU,Azure Blue,0025  ,9-11 Years,Kid's Valueweight T,1.78,2,12,108,02-01-2026 8:40,C,https://myebrochure.co.uk/images/colours/fotl/fotl-zu.jpg,https://myebrochure.co.uk/images/products/prod_15801_61033_166540.jpg,https://myebrochure.co.uk/images/products.small/prod_15801_61033_166540.jpg,https://myebrochure.co.uk/images/products.hires/prod_15801_61033_166540.jpg,https://myebrochure.co.uk/images/brands/fotl_23.png,https://myebrochure.co.uk/images/products.hires/prod_61033_124840.jpg,https://myebrochure.co.uk/images/products.hires/prod_61033_124841.jpg,,,,,,,,,"<li>Crew neck with Cotton/ LYCRA&reg; rib</li> <li>Self fabric back neck tape</li> <li>Fine knit gauge for enhanced printability</li> <li>Age 14-15 is subject to VAT</li> <li><b>Also available in men&#39;s sizes code 61036, ladies&#39; sizes code 61372 and girl&#39;s sizes code 61005</b></li>",1.4
66792,0000000667227,61033,TSHIRT,T-SHIRTS,CHITSH,Childrens T-Shirt,FOTL,Fruit Of The Loom,CH0010,ZU,Azure Blue,0025  ,12-13 Years,Kid's Valueweight T,1.78,2,12,108,02-01-2026 8:40,C,https://myebrochure.co.uk/images/colours/fotl/fotl-zu.jpg,https://myebrochure.co.uk/images/products/prod_15801_61033_166540.jpg,https://myebrochure.co.uk/images/products.small/prod_15801_61033_166540.jpg,https://myebrochure.co.uk/images/products.hires/prod_15801_61033_166540.jpg,https://myebrochure.co.uk/images/brands/fotl_23.png,https://myebrochure.co.uk/images/products.hires/prod_61033_124840.jpg,https://myebrochure.co.uk/images/products.hires/prod_61033_124841.jpg,,,,,,,,,"<li>Crew neck with Cotton/ LYCRA&reg; rib</li> <li>Self fabric back neck tape</li> <li>Fine knit gauge for enhanced printability</li> <li>Age 14-15 is subject to VAT</li> <li><b>Also available in men&#39;s sizes code 61036, ladies&#39; sizes code 61372 and girl&#39;s sizes code 61005</b></li>",1.4
66793,0000000667234,61033,TSHIRT,T-SHIRTS,CHITSH,Childrens T-Shirt,FOTL,Fruit Of The Loom,CH0010,ZU,Azure Blue,0025  ,14-15 Years,Kid's Valueweight T,1.78,1,12,72,02-01-2026 8:40,C,https://myebrochure.co.uk/images/colours/fotl/fotl-zu.jpg,https://myebrochure.co.uk/images/products/prod_15801_61033_166540.jpg,https://myebrochure.co.uk/images/products.small/prod_15801_61033_166540.jpg,https://myebrochure.co.uk/images/products.hires/prod_15801_61033_166540.jpg,https://myebrochure.co.uk/images/brands/fotl_23.png,https://myebrochure.co.uk/images/products.hires/prod_61033_124840.jpg,https://myebrochure.co.uk/images/products.hires/prod_61033_124841.jpg,,,,,,,,,"<li>Crew neck with Cotton/ LYCRA&reg; rib</li> <li>Self fabric back neck tape</li> <li>Fine knit gauge for enhanced printability</li> <li>Age 14-15 is subject to VAT</li> <li><b>Also available in men&#39;s sizes code 61036, ladies&#39; sizes code 61372 and girl&#39;s sizes code 61005</b></li>",1.4
138055,0000001379624,61033,TSHIRT,T-SHIRTS,CHITSH,Childrens T-Shirt,FOTL,Fruit Of The Loom,CH0010,57,Fuchsia,0025  ,3-4 Years,Kid's Valueweight T,1.78,2,12,108,02-01-2026 8:40,C,https://myebrochure.co.uk/images/colours/fotl/fotl-57.jpg,https://myebrochure.co.uk/images/products/prod_15801_61033_166540.jpg,https://myebrochure.co.uk/images/products.small/prod_15801_61033_166540.jpg,https://myebrochure.co.uk/images/products.hires/prod_15801_61033_166540.jpg,https://myebrochure.co.uk/images/brands/fotl_23.png,https://myebrochure.co.uk/images/products.hires/prod_61033_124865.jpg,https://myebrochure.co.uk/images/products.hires/prod_61033_124866.jpg,,,,,,,,,"<li>Crew neck with Cotton/ LYCRA&reg; rib</li> <li>Self fabric back neck tape</li> <li>Fine knit gauge for enhanced printability</li> <li>Age 14-15 is subject to VAT</li> <li><b>Also available in men&#39;s sizes code 61036, ladies&#39; sizes code 61372 and girl&#39;s sizes code 61005</b></li>",1.4
138056,0000001379631,61033,TSHIRT,T-SHIRTS,CHITSH,Childrens T-Shirt,FOTL,Fruit Of The Loom,CH0010,57,Fuchsia,0025  ,5-6 Years,Kid's Valueweight T,1.78,2,12,108,02-01-2026 8:40,C,https://myebrochure.co.uk/images/colours/fotl/fotl-57.jpg,https://myebrochure.co.uk/images/products/prod_15801_61033_166540.jpg,https://myebrochure.co.uk/images/products.small/prod_15801_61033_166540.jpg,https://myebrochure.co.uk/images/products.hires/prod_15801_61033_166540.jpg,https://myebrochure.co.uk/images/brands/fotl_23.png,https://myebrochure.co.uk/images/products.hires/prod_61033_124865.jpg,https://myebrochure.co.uk/images/products.hires/prod_61033_124866.jpg,,,,,,,,,"<li>Crew neck with Cotton/ LYCRA&reg; rib</li> <li>Self fabric back neck tape</li> <li>Fine knit gauge for enhanced printability</li> <li>Age 14-15 is subject to VAT</li> <li><b>Also available in men&#39;s sizes code 61036, ladies&#39; sizes code 61372 and girl&#39;s sizes code 61005</b></li>",1.4
138057,0000001379648,61033,TSHIRT,T-SHIRTS,CHITSH,Childrens T-Shirt,FOTL,Fruit Of The Loom,CH0010,57,Fuchsia,0025  ,7-8 Years,Kid's Valueweight T,1.78,2,12,108,02-01-2026 8:40,C,https://myebrochure.co.uk/images/colours/fotl/fotl-57.jpg,https://myebrochure.co.uk/images/products/prod_15801_61033_166540.jpg,https://myebrochure.co.uk/images/products.small/prod_15801_61033_166540.jpg,https://myebrochure.co.uk/images/products.hires/prod_15801_61033_166540.jpg,https://myebrochure.co.uk/images/brands/fotl_23.png,https://myebrochure.co.uk/images/products.hires/prod_61033_124865.jpg,https://myebrochure.co.uk/images/products.hires/prod_61033_124866.jpg,,,,,,,,,"<li>Crew neck with Cotton/ LYCRA&reg; rib</li> <li>Self fabric back neck tape</li> <li>Fine knit gauge for enhanced printability</li> <li>Age 14-15 is subject to VAT</li> <li><b>Also available in men&#39;s sizes code 61036, ladies&#39; sizes code 61372 and girl&#39;s sizes code 61005</b></li>",1.4
138058,0000001379655,61033,TSHIRT,T-SHIRTS,CHITSH,Childrens T-Shirt,FOTL,Fruit Of The Loom,CH0010,57,Fuchsia,0025  ,9-11 Years,Kid's Valueweight T,1.78,2,12,108,02-01-2026 8:40,C,https://myebrochure.co.uk/images/colours/fotl/fotl-57.jpg,https://myebrochure.co.uk/images/products/prod_15801_61033_166540.jpg,https://myebrochure.co.uk/images/products.small/prod_15801_61033_166540.jpg,https://myebrochure.co.uk/images/products.hires/prod_15801_61033_166540.jpg,https://myebrochure.co.uk/images/brands/fotl_23.png,https://myebrochure.co.uk/images/products.hires/prod_61033_124865.jpg,https://myebrochure.co.uk/images/products.hires/prod_61033_124866.jpg,,,,,,,,,"<li>Crew neck with Cotton/ LYCRA&reg; rib</li> <li>Self fabric back neck tape</li> <li>Fine knit gauge for enhanced printability</li> <li>Age 14-15 is subject to VAT</li> <li><b>Also available in men&#39;s sizes code 61036, ladies&#39; sizes code 61372 and girl&#39;s sizes code 61005</b></li>",1.4
138059,0000001379662,61033,TSHIRT,T-SHIRTS,CHITSH,Childrens T-Shirt,FOTL,Fruit Of The Loom,CH0010,57,Fuchsia,0025  ,12-13 Years,Kid's Valueweight T,1.78,2,12,108,02-01-2026 8:40,C,https://myebrochure.co.uk/images/colours/fotl/fotl-57.jpg,https://myebrochure.co.uk/images/products/prod_15801_61033_166540.jpg,https://myebrochure.co.uk/images/products.small/prod_15801_61033_166540.jpg,https://myebrochure.co.uk/images/products.hires/prod_15801_61033_166540.jpg,https://myebrochure.co.uk/images/brands/fotl_23.png,https://myebrochure.co.uk/images/products.hires/prod_61033_124865.jpg,https://myebrochure.co.uk/images/products.hires/prod_61033_124866.jpg,,,,,,,,,"<li>Crew neck with Cotton/ LYCRA&reg; rib</li> <li>Self fabric back neck tape</li> <li>Fine knit gauge for enhanced printability</li> <li>Age 14-15 is subject to VAT</li> <li><b>Also available in men&#39;s sizes code 61036, ladies&#39; sizes code 61372 and girl&#39;s sizes code 61005</b></li>",1.4
138060,0000001379679,61033,TSHIRT,T-SHIRTS,CHITSH,Childrens T-Shirt,FOTL,Fruit Of The Loom,CH0010,57,Fuchsia,0025  ,14-15 Years,Kid's Valueweight T,1.78,1,12,72,02-01-2026 8:40,C,https://myebrochure.co.uk/images/colours/fotl/fotl-57.jpg,https://myebrochure.co.uk/images/products/prod_15801_61033_166540.jpg,https://myebrochure.co.uk/images/products.small/prod_15801_61033_166540.jpg,https://myebrochure.co.uk/images/products.hires/prod_15801_61033_166540.jpg,https://myebrochure.co.uk/images/brands/fotl_23.png,https://myebrochure.co.uk/images/products.hires/prod_61033_124865.jpg,https://myebrochure.co.uk/images/products.hires/prod_61033_124866.jpg,,,,,,,,,"<li>Crew neck with Cotton/ LYCRA&reg; rib</li> <li>Self fabric back neck tape</li> <li>Fine knit gauge for enhanced printability</li> <li>Age 14-15 is subject to VAT</li> <li><b>Also available in men&#39;s sizes code 61036, ladies&#39; sizes code 61372 and girl&#39;s sizes code 61005</b></li>",1.4
158655,0000001585605,61033,TSHIRT,T-SHIRTS,CHITSH,Childrens T-Shirt,FOTL,Fruit Of The Loom,CH0010,HD,Dark Heather,0025  ,3-4 Years,Kid's Valueweight T,1.78,2,12,108,02-01-2026 8:40,C,https://myebrochure.co.uk/images/colours/fotl/fotl-hd.jpg,https://myebrochure.co.uk/images/products/prod_15801_61033_166540.jpg,https://myebrochure.co.uk/images/products.small/prod_15801_61033_166540.jpg,https://myebrochure.co.uk/images/products.hires/prod_15801_61033_166540.jpg,https://myebrochure.co.uk/images/brands/fotl_23.png,https://myebrochure.co.uk/images/products.hires/prod_61033_124858.jpg,https://myebrochure.co.uk/images/products.hires/prod_61033_124859.jpg,,,,,,,,,"<li>Crew neck with Cotton/ LYCRA&reg; rib</li> <li>Self fabric back neck tape</li> <li>Fine knit gauge for enhanced printability</li> <li>Age 14-15 is subject to VAT</li> <li><b>Also available in men&#39;s sizes code 61036, ladies&#39; sizes code 61372 and girl&#39;s sizes code 61005</b></li>",1.4
158656,0000001585612,61033,TSHIRT,T-SHIRTS,CHITSH,Childrens T-Shirt,FOTL,Fruit Of The Loom,CH0010,HD,Dark Heather,0025  ,5-6 Years,Kid's Valueweight T,1.78,2,12,108,02-01-2026 8:40,C,https://myebrochure.co.uk/images/colours/fotl/fotl-hd.jpg,https://myebrochure.co.uk/images/products/prod_15801_61033_166540.jpg,https://myebrochure.co.uk/images/products.small/prod_15801_61033_166540.jpg,https://myebrochure.co.uk/images/products.hires/prod_15801_61033_166540.jpg,https://myebrochure.co.uk/images/brands/fotl_23.png,https://myebrochure.co.uk/images/products.hires/prod_61033_124858.jpg,https://myebrochure.co.uk/images/products.hires/prod_61033_124859.jpg,,,,,,,,,"<li>Crew neck with Cotton/ LYCRA&reg; rib</li> <li>Self fabric back neck tape</li> <li>Fine knit gauge for enhanced printability</li> <li>Age 14-15 is subject to VAT</li> <li><b>Also available in men&#39;s sizes code 61036, ladies&#39; sizes code 61372 and girl&#39;s sizes code 61005</b></li>",1.4
158657,0000001585629,61033,TSHIRT,T-SHIRTS,CHITSH,Childrens T-Shirt,FOTL,Fruit Of The Loom,CH0010,HD,Dark Heather,0025  ,7-8 Years,Kid's Valueweight T,1.78,2,12,108,02-01-2026 8:40,C,https://myebrochure.co.uk/images/colours/fotl/fotl-hd.jpg,https://myebrochure.co.uk/images/products/prod_15801_61033_166540.jpg,https://myebrochure.co.uk/images/products.small/prod_15801_61033_166540.jpg,https://myebrochure.co.uk/images/products.hires/prod_15801_61033_166540.jpg,https://myebrochure.co.uk/images/brands/fotl_23.png,https://myebrochure.co.uk/images/products.hires/prod_61033_124858.jpg,https://myebrochure.co.uk/images/products.hires/prod_61033_124859.jpg,,,,,,,,,"<li>Crew neck with Cotton/ LYCRA&reg; rib</li> <li>Self fabric back neck tape</li> <li>Fine knit gauge for enhanced printability</li> <li>Age 14-15 is subject to VAT</li> <li><b>Also available in men&#39;s sizes code 61036, ladies&#39; sizes code 61372 and girl&#39;s sizes code 61005</b></li>",1.4
158658,0000001585636,61033,TSHIRT,T-SHIRTS,CHITSH,Childrens T-Shirt,FOTL,Fruit Of The Loom,CH0010,HD,Dark Heather,0025  ,9-11 Years,Kid's Valueweight T,1.78,2,12,108,02-01-2026 8:40,C,https://myebrochure.co.uk/images/colours/fotl/fotl-hd.jpg,https://myebrochure.co.uk/images/products/prod_15801_61033_166540.jpg,https://myebrochure.co.uk/images/products.small/prod_15801_61033_166540.jpg,https://myebrochure.co.uk/images/products.hires/prod_15801_61033_166540.jpg,https://myebrochure.co.uk/images/brands/fotl_23.png,https://myebrochure.co.uk/images/products.hires/prod_61033_124858.jpg,https://myebrochure.co.uk/images/products.hires/prod_61033_124859.jpg,,,,,,,,,"<li>Crew neck with Cotton/ LYCRA&reg; rib</li> <li>Self fabric back neck tape</li> <li>Fine knit gauge for enhanced printability</li> <li>Age 14-15 is subject to VAT</li> <li><b>Also available in men&#39;s sizes code 61036, ladies&#39; sizes code 61372 and girl&#39;s sizes code 61005</b></li>",1.4
158659,0000001585643,61033,TSHIRT,T-SHIRTS,CHITSH,Childrens T-Shirt,FOTL,Fruit Of The Loom,CH0010,HD,Dark Heather,0025  ,12-13 Years,Kid's Valueweight T,1.78,2,12,108,02-01-2026 8:40,C,https://myebrochure.co.uk/images/colours/fotl/fotl-hd.jpg,https://myebrochure.co.uk/images/products/prod_15801_61033_166540.jpg,https://myebrochure.co.uk/images/products.small/prod_15801_61033_166540.jpg,https://myebrochure.co.uk/images/products.hires/prod_15801_61033_166540.jpg,https://myebrochure.co.uk/images/brands/fotl_23.png,https://myebrochure.co.uk/images/products.hires/prod_61033_124858.jpg,https://myebrochure.co.uk/images/products.hires/prod_61033_124859.jpg,,,,,,,,,"<li>Crew neck with Cotton/ LYCRA&reg; rib</li> <li>Self fabric back neck tape</li> <li>Fine knit gauge for enhanced printability</li> <li>Age 14-15 is subject to VAT</li> <li><b>Also available in men&#39;s sizes code 61036, ladies&#39; sizes code 61372 and girl&#39;s sizes code 61005</b></li>",1.4
158660,0000001585650,61033,TSHIRT,T-SHIRTS,CHITSH,Childrens T-Shirt,FOTL,Fruit Of The Loom,CH0010,HD,Dark Heather,0025  ,14-15 Years,Kid's Valueweight T,1.78,1,12,72,02-01-2026 8:40,C,https://myebrochure.co.uk/images/colours/fotl/fotl-hd.jpg,https://myebrochure.co.uk/images/products/prod_15801_61033_166540.jpg,https://myebrochure.co.uk/images/products.small/prod_15801_61033_166540.jpg,https://myebrochure.co.uk/images/products.hires/prod_15801_61033_166540.jpg,https://myebrochure.co.uk/images/brands/fotl_23.png,https://myebrochure.co.uk/images/products.hires/prod_61033_124858.jpg,https://myebrochure.co.uk/images/products.hires/prod_61033_124859.jpg,,,,,,,,,"<li>Crew neck with Cotton/ LYCRA&reg; rib</li> <li>Self fabric back neck tape</li> <li>Fine knit gauge for enhanced printability</li> <li>Age 14-15 is subject to VAT</li> <li><b>Also available in men&#39;s sizes code 61036, ladies&#39; sizes code 61372 and girl&#39;s sizes code 61005</b></li>",1.4
158663,0000001585681,61033,TSHIRT,T-SHIRTS,CHITSH,Childrens T-Shirt,FOTL,Fruit Of The Loom,CH0010,VF,Vintage Heather Navy,0025  ,3-4 Years,Kid's Valueweight T,1.78,2,12,108,02-01-2026 8:40,C,https://myebrochure.co.uk/images/colours/fotl/fotl-vf.jpg,https://myebrochure.co.uk/images/products/prod_15801_61033_166540.jpg,https://myebrochure.co.uk/images/products.small/prod_15801_61033_166540.jpg,https://myebrochure.co.uk/images/products.hires/prod_15801_61033_166540.jpg,https://myebrochure.co.uk/images/brands/fotl_23.png,https://myebrochure.co.uk/images/products.hires/prod_61033_124846.jpg,https://myebrochure.co.uk/images/products.hires/prod_61033_124847.jpg,,,,,,,,,"<li>Crew neck with Cotton/ LYCRA&reg; rib</li> <li>Self fabric back neck tape</li> <li>Fine knit gauge for enhanced printability</li> <li>Age 14-15 is subject to VAT</li> <li><b>Also available in men&#39;s sizes code 61036, ladies&#39; sizes code 61372 and girl&#39;s sizes code 61005</b></li>",1.4
158664,0000001585698,61033,TSHIRT,T-SHIRTS,CHITSH,Childrens T-Shirt,FOTL,Fruit Of The Loom,CH0010,VF,Vintage Heather Navy,0025  ,5-6 Years,Kid's Valueweight T,1.78,2,12,108,02-01-2026 8:40,C,https://myebrochure.co.uk/images/colours/fotl/fotl-vf.jpg,https://myebrochure.co.uk/images/products/prod_15801_61033_166540.jpg,https://myebrochure.co.uk/images/products.small/prod_15801_61033_166540.jpg,https://myebrochure.co.uk/images/products.hires/prod_15801_61033_166540.jpg,https://myebrochure.co.uk/images/brands/fotl_23.png,https://myebrochure.co.uk/images/products.hires/prod_61033_124846.jpg,https://myebrochure.co.uk/images/products.hires/prod_61033_124847.jpg,,,,,,,,,"<li>Crew neck with Cotton/ LYCRA&reg; rib</li> <li>Self fabric back neck tape</li> <li>Fine knit gauge for enhanced printability</li> <li>Age 14-15 is subject to VAT</li> <li><b>Also available in men&#39;s sizes code 61036, ladies&#39; sizes code 61372 and girl&#39;s sizes code 61005</b></li>",1.4
158665,0000001585704,61033,TSHIRT,T-SHIRTS,CHITSH,Childrens T-Shirt,FOTL,Fruit Of The Loom,CH0010,VF,Vintage Heather Navy,0025  ,7-8 Years,Kid's Valueweight T,1.78,2,12,108,02-01-2026 8:40,C,https://myebrochure.co.uk/images/colours/fotl/fotl-vf.jpg,https://myebrochure.co.uk/images/products/prod_15801_61033_166540.jpg,https://myebrochure.co.uk/images/products.small/prod_15801_61033_166540.jpg,https://myebrochure.co.uk/images/products.hires/prod_15801_61033_166540.jpg,https://myebrochure.co.uk/images/brands/fotl_23.png,https://myebrochure.co.uk/images/products.hires/prod_61033_124846.jpg,https://myebrochure.co.uk/images/products.hires/prod_61033_124847.jpg,,,,,,,,,"<li>Crew neck with Cotton/ LYCRA&reg; rib</li> <li>Self fabric back neck tape</li> <li>Fine knit gauge for enhanced printability</li> <li>Age 14-15 is subject to VAT</li> <li><b>Also available in men&#39;s sizes code 61036, ladies&#39; sizes code 61372 and girl&#39;s sizes code 61005</b></li>",1.4
158666,0000001585711,61033,TSHIRT,T-SHIRTS,CHITSH,Childrens T-Shirt,FOTL,Fruit Of The Loom,CH0010,VF,Vintage Heather Navy,0025  ,9-11 Years,Kid's Valueweight T,1.78,2,12,108,02-01-2026 8:40,C,https://myebrochure.co.uk/images/colours/fotl/fotl-vf.jpg,https://myebrochure.co.uk/images/products/prod_15801_61033_166540.jpg,https://myebrochure.co.uk/images/products.small/prod_15801_61033_166540.jpg,https://myebrochure.co.uk/images/products.hires/prod_15801_61033_166540.jpg,https://myebrochure.co.uk/images/brands/fotl_23.png,https://myebrochure.co.uk/images/products.hires/prod_61033_124846.jpg,https://myebrochure.co.uk/images/products.hires/prod_61033_124847.jpg,,,,,,,,,"<li>Crew neck with Cotton/ LYCRA&reg; rib</li> <li>Self fabric back neck tape</li> <li>Fine knit gauge for enhanced printability</li> <li>Age 14-15 is subject to VAT</li> <li><b>Also available in men&#39;s sizes code 61036, ladies&#39; sizes code 61372 and girl&#39;s sizes code 61005</b></li>",1.4
158667,0000001585728,61033,TSHIRT,T-SHIRTS,CHITSH,Childrens T-Shirt,FOTL,Fruit Of The Loom,CH0010,VF,Vintage Heather Navy,0025  ,12-13 Years,Kid's Valueweight T,1.78,2,12,108,02-01-2026 8:40,C,https://myebrochure.co.uk/images/colours/fotl/fotl-vf.jpg,https://myebrochure.co.uk/images/products/prod_15801_61033_166540.jpg,https://myebrochure.co.uk/images/products.small/prod_15801_61033_166540.jpg,https://myebrochure.co.uk/images/products.hires/prod_15801_61033_166540.jpg,https://myebrochure.co.uk/images/brands/fotl_23.png,https://myebrochure.co.uk/images/products.hires/prod_61033_124846.jpg,https://myebrochure.co.uk/images/products.hires/prod_61033_124847.jpg,,,,,,,,,"<li>Crew neck with Cotton/ LYCRA&reg; rib</li> <li>Self fabric back neck tape</li> <li>Fine knit gauge for enhanced printability</li> <li>Age 14-15 is subject to VAT</li> <li><b>Also available in men&#39;s sizes code 61036, ladies&#39; sizes code 61372 and girl&#39;s sizes code 61005</b></li>",1.4
158668,0000001585735,61033,TSHIRT,T-SHIRTS,CHITSH,Childrens T-Shirt,FOTL,Fruit Of The Loom,CH0010,VF,Vintage Heather Navy,0025  ,14-15 Years,Kid's Valueweight T,1.78,1,12,72,02-01-2026 8:40,C,https://myebrochure.co.uk/images/colours/fotl/fotl-vf.jpg,https://myebrochure.co.uk/images/products/prod_15801_61033_166540.jpg,https://myebrochure.co.uk/images/products.small/prod_15801_61033_166540.jpg,https://myebrochure.co.uk/images/products.hires/prod_15801_61033_166540.jpg,https://myebrochure.co.uk/images/brands/fotl_23.png,https://myebrochure.co.uk/images/products.hires/prod_61033_124846.jpg,https://myebrochure.co.uk/images/products.hires/prod_61033_124847.jpg,,,,,,,,,"<li>Crew neck with Cotton/ LYCRA&reg; rib</li> <li>Self fabric back neck tape</li> <li>Fine knit gauge for enhanced printability</li> <li>Age 14-15 is subject to VAT</li> <li><b>Also available in men&#39;s sizes code 61036, ladies&#39; sizes code 61372 and girl&#39;s sizes code 61005</b></li>",1.4
158671,0000001585766,61033,TSHIRT,T-SHIRTS,CHITSH,Childrens T-Shirt,FOTL,Fruit Of The Loom,CH0010,R6,Retro Heather Royal,0025  ,3-4 Years,Kid's Valueweight T,1.78,2,12,108,02-01-2026 8:40,C,https://myebrochure.co.uk/images/colours/fotl/fotl-r6.jpg,https://myebrochure.co.uk/images/products/prod_15801_61033_166540.jpg,https://myebrochure.co.uk/images/products.small/prod_15801_61033_166540.jpg,https://myebrochure.co.uk/images/products.hires/prod_15801_61033_166540.jpg,https://myebrochure.co.uk/images/brands/fotl_23.png,https://myebrochure.co.uk/images/products.hires/prod_61033_124850.jpg,https://myebrochure.co.uk/images/products.hires/prod_61033_124851.jpg,,,,,,,,,"<li>Crew neck with Cotton/ LYCRA&reg; rib</li> <li>Self fabric back neck tape</li> <li>Fine knit gauge for enhanced printability</li> <li>Age 14-15 is subject to VAT</li> <li><b>Also available in men&#39;s sizes code 61036, ladies&#39; sizes code 61372 and girl&#39;s sizes code 61005</b></li>",1.4
158672,0000001585773,61033,TSHIRT,T-SHIRTS,CHITSH,Childrens T-Shirt,FOTL,Fruit Of The Loom,CH0010,R6,Retro Heather Royal,0025  ,5-6 Years,Kid's Valueweight T,1.78,2,12,108,02-01-2026 8:40,C,https://myebrochure.co.uk/images/colours/fotl/fotl-r6.jpg,https://myebrochure.co.uk/images/products/prod_15801_61033_166540.jpg,https://myebrochure.co.uk/images/products.small/prod_15801_61033_166540.jpg,https://myebrochure.co.uk/images/products.hires/prod_15801_61033_166540.jpg,https://myebrochure.co.uk/images/brands/fotl_23.png,https://myebrochure.co.uk/images/products.hires/prod_61033_124850.jpg,https://myebrochure.co.uk/images/products.hires/prod_61033_124851.jpg,,,,,,,,,"<li>Crew neck with Cotton/ LYCRA&reg; rib</li> <li>Self fabric back neck tape</li> <li>Fine knit gauge for enhanced printability</li> <li>Age 14-15 is subject to VAT</li> <li><b>Also available in men&#39;s sizes code 61036, ladies&#39; sizes code 61372 and girl&#39;s sizes code 61005</b></li>",1.4
158673,0000001585780,61033,TSHIRT,T-SHIRTS,CHITSH,Childrens T-Shirt,FOTL,Fruit Of The Loom,CH0010,R6,Retro Heather Royal,0025  ,7-8 Years,Kid's Valueweight T,1.78,2,12,108,02-01-2026 8:40,C,https://myebrochure.co.uk/images/colours/fotl/fotl-r6.jpg,https://myebrochure.co.uk/images/products/prod_15801_61033_166540.jpg,https://myebrochure.co.uk/images/products.small/prod_15801_61033_166540.jpg,https://myebrochure.co.uk/images/products.hires/prod_15801_61033_166540.jpg,https://myebrochure.co.uk/images/brands/fotl_23.png,https://myebrochure.co.uk/images/products.hires/prod_61033_124850.jpg,https://myebrochure.co.uk/images/products.hires/prod_61033_124851.jpg,,,,,,,,,"<li>Crew neck with Cotton/ LYCRA&reg; rib</li> <li>Self fabric back neck tape</li> <li>Fine knit gauge for enhanced printability</li> <li>Age 14-15 is subject to VAT</li> <li><b>Also available in men&#39;s sizes code 61036, ladies&#39; sizes code 61372 and girl&#39;s sizes code 61005</b></li>",1.4
158674,0000001585797,61033,TSHIRT,T-SHIRTS,CHITSH,Childrens T-Shirt,FOTL,Fruit Of The Loom,CH0010,R6,Retro Heather Royal,0025  ,9-11 Years,Kid's Valueweight T,1.78,2,12,108,02-01-2026 8:40,C,https://myebrochure.co.uk/images/colours/fotl/fotl-r6.jpg,https://myebrochure.co.uk/images/products/prod_15801_61033_166540.jpg,https://myebrochure.co.uk/images/products.small/prod_15801_61033_166540.jpg,https://myebrochure.co.uk/images/products.hires/prod_15801_61033_166540.jpg,https://myebrochure.co.uk/images/brands/fotl_23.png,https://myebrochure.co.uk/images/products.hires/prod_61033_124850.jpg,https://myebrochure.co.uk/images/products.hires/prod_61033_124851.jpg,,,,,,,,,"<li>Crew neck with Cotton/ LYCRA&reg; rib</li> <li>Self fabric back neck tape</li> <li>Fine knit gauge for enhanced printability</li> <li>Age 14-15 is subject to VAT</li> <li><b>Also available in men&#39;s sizes code 61036, ladies&#39; sizes code 61372 and girl&#39;s sizes code 61005</b></li>",1.4
158675,0000001585803,61033,TSHIRT,T-SHIRTS,CHITSH,Childrens T-Shirt,FOTL,Fruit Of The Loom,CH0010,R6,Retro Heather Royal,0025  ,12-13 Years,Kid's Valueweight T,1.78,2,12,108,02-01-2026 8:40,C,https://myebrochure.co.uk/images/colours/fotl/fotl-r6.jpg,https://myebrochure.co.uk/images/products/prod_15801_61033_166540.jpg,https://myebrochure.co.uk/images/products.small/prod_15801_61033_166540.jpg,https://myebrochure.co.uk/images/products.hires/prod_15801_61033_166540.jpg,https://myebrochure.co.uk/images/brands/fotl_23.png,https://myebrochure.co.uk/images/products.hires/prod_61033_124850.jpg,https://myebrochure.co.uk/images/products.hires/prod_61033_124851.jpg,,,,,,,,,"<li>Crew neck with Cotton/ LYCRA&reg; rib</li> <li>Self fabric back neck tape</li> <li>Fine knit gauge for enhanced printability</li> <li>Age 14-15 is subject to VAT</li> <li><b>Also available in men&#39;s sizes code 61036, ladies&#39; sizes code 61372 and girl&#39;s sizes code 61005</b></li>",1.4
158676,0000001585810,61033,TSHIRT,T-SHIRTS,CHITSH,Childrens T-Shirt,FOTL,Fruit Of The Loom,CH0010,R6,Retro Heather Royal,0025  ,14-15 Years,Kid's Valueweight T,1.78,1,12,72,02-01-2026 8:40,C,https://myebrochure.co.uk/images/colours/fotl/fotl-r6.jpg,https://myebrochure.co.uk/images/products/prod_15801_61033_166540.jpg,https://myebrochure.co.uk/images/products.small/prod_15801_61033_166540.jpg,https://myebrochure.co.uk/images/products.hires/prod_15801_61033_166540.jpg,https://myebrochure.co.uk/images/brands/fotl_23.png,https://myebrochure.co.uk/images/products.hires/prod_61033_124850.jpg,https://myebrochure.co.uk/images/products.hires/prod_61033_124851.jpg,,,,,,,,,"<li>Crew neck with Cotton/ LYCRA&reg; rib</li> <li>Self fabric back neck tape</li> <li>Fine knit gauge for enhanced printability</li> <li>Age 14-15 is subject to VAT</li> <li><b>Also available in men&#39;s sizes code 61036, ladies&#39; sizes code 61372 and girl&#39;s sizes code 61005</b></li>",1.4
158679,0000001585841,61033,TSHIRT,T-SHIRTS,CHITSH,Childrens T-Shirt,FOTL,Fruit Of The Loom,CH0010,RX,Retro Heather Green,0025  ,3-4 Years,Kid's Valueweight T,1.78,2,12,108,02-01-2026 8:40,C,https://myebrochure.co.uk/images/colours/fotl/fotl-rx.jpg,https://myebrochure.co.uk/images/products/prod_15801_61033_166540.jpg,https://myebrochure.co.uk/images/products.small/prod_15801_61033_166540.jpg,https://myebrochure.co.uk/images/products.hires/prod_15801_61033_166540.jpg,https://myebrochure.co.uk/images/brands/fotl_23.png,https://myebrochure.co.uk/images/products.hires/prod_61033_124848.jpg,https://myebrochure.co.uk/images/products.hires/prod_61033_124849.jpg,,,,,,,,,"<li>Crew neck with Cotton/ LYCRA&reg; rib</li> <li>Self fabric back neck tape</li> <li>Fine knit gauge for enhanced printability</li> <li>Age 14-15 is subject to VAT</li> <li><b>Also available in men&#39;s sizes code 61036, ladies&#39; sizes code 61372 and girl&#39;s sizes code 61005</b></li>",1.4
158680,0000001585858,61033,TSHIRT,T-SHIRTS,CHITSH,Childrens T-Shirt,FOTL,Fruit Of The Loom,CH0010,RX,Retro Heather Green,0025  ,5-6 Years,Kid's Valueweight T,1.78,2,12,108,02-01-2026 8:40,C,https://myebrochure.co.uk/images/colours/fotl/fotl-rx.jpg,https://myebrochure.co.uk/images/products/prod_15801_61033_166540.jpg,https://myebrochure.co.uk/images/products.small/prod_15801_61033_166540.jpg,https://myebrochure.co.uk/images/products.hires/prod_15801_61033_166540.jpg,https://myebrochure.co.uk/images/brands/fotl_23.png,https://myebrochure.co.uk/images/products.hires/prod_61033_124848.jpg,https://myebrochure.co.uk/images/products.hires/prod_61033_124849.jpg,,,,,,,,,"<li>Crew neck with Cotton/ LYCRA&reg; rib</li> <li>Self fabric back neck tape</li> <li>Fine knit gauge for enhanced printability</li> <li>Age 14-15 is subject to VAT</li> <li><b>Also available in men&#39;s sizes code 61036, ladies&#39; sizes code 61372 and girl&#39;s sizes code 61005</b></li>",1.4
158681,0000001585865,61033,TSHIRT,T-SHIRTS,CHITSH,Childrens T-Shirt,FOTL,Fruit Of The Loom,CH0010,RX,Retro Heather Green,0025  ,7-8 Years,Kid's Valueweight T,1.78,2,12,108,02-01-2026 8:40,C,https://myebrochure.co.uk/images/colours/fotl/fotl-rx.jpg,https://myebrochure.co.uk/images/products/prod_15801_61033_166540.jpg,https://myebrochure.co.uk/images/products.small/prod_15801_61033_166540.jpg,https://myebrochure.co.uk/images/products.hires/prod_15801_61033_166540.jpg,https://myebrochure.co.uk/images/brands/fotl_23.png,https://myebrochure.co.uk/images/products.hires/prod_61033_124848.jpg,https://myebrochure.co.uk/images/products.hires/prod_61033_124849.jpg,,,,,,,,,"<li>Crew neck with Cotton/ LYCRA&reg; rib</li> <li>Self fabric back neck tape</li> <li>Fine knit gauge for enhanced printability</li> <li>Age 14-15 is subject to VAT</li> <li><b>Also available in men&#39;s sizes code 61036, ladies&#39; sizes code 61372 and girl&#39;s sizes code 61005</b></li>",1.4
158682,0000001585872,61033,TSHIRT,T-SHIRTS,CHITSH,Childrens T-Shirt,FOTL,Fruit Of The Loom,CH0010,RX,Retro Heather Green,0025  ,9-11 Years,Kid's Valueweight T,1.78,2,12,108,02-01-2026 8:40,C,https://myebrochure.co.uk/images/colours/fotl/fotl-rx.jpg,https://myebrochure.co.uk/images/products/prod_15801_61033_166540.jpg,https://myebrochure.co.uk/images/products.small/prod_15801_61033_166540.jpg,https://myebrochure.co.uk/images/products.hires/prod_15801_61033_166540.jpg,https://myebrochure.co.uk/images/brands/fotl_23.png,https://myebrochure.co.uk/images/products.hires/prod_61033_124848.jpg,https://myebrochure.co.uk/images/products.hires/prod_61033_124849.jpg,,,,,,,,,"<li>Crew neck with Cotton/ LYCRA&reg; rib</li> <li>Self fabric back neck tape</li> <li>Fine knit gauge for enhanced printability</li> <li>Age 14-15 is subject to VAT</li> <li><b>Also available in men&#39;s sizes code 61036, ladies&#39; sizes code 61372 and girl&#39;s sizes code 61005</b></li>",1.4
158683,0000001585889,61033,TSHIRT,T-SHIRTS,CHITSH,Childrens T-Shirt,FOTL,Fruit Of The Loom,CH0010,RX,Retro Heather Green,0025  ,12-13 Years,Kid's Valueweight T,1.78,2,12,108,02-01-2026 8:40,C,https://myebrochure.co.uk/images/colours/fotl/fotl-rx.jpg,https://myebrochure.co.uk/images/products/prod_15801_61033_166540.jpg,https://myebrochure.co.uk/images/products.small/prod_15801_61033_166540.jpg,https://myebrochure.co.uk/images/products.hires/prod_15801_61033_166540.jpg,https://myebrochure.co.uk/images/brands/fotl_23.png,https://myebrochure.co.uk/images/products.hires/prod_61033_124848.jpg,https://myebrochure.co.uk/images/products.hires/prod_61033_124849.jpg,,,,,,,,,"<li>Crew neck with Cotton/ LYCRA&reg; rib</li> <li>Self fabric back neck tape</li> <li>Fine knit gauge for enhanced printability</li> <li>Age 14-15 is subject to VAT</li> <li><b>Also available in men&#39;s sizes code 61036, ladies&#39; sizes code 61372 and girl&#39;s sizes code 61005</b></li>",1.4
158684,0000001585896,61033,TSHIRT,T-SHIRTS,CHITSH,Childrens T-Shirt,FOTL,Fruit Of The Loom,CH0010,RX,Retro Heather Green,0025  ,14-15 Years,Kid's Valueweight T,1.78,1,12,72,02-01-2026 8:40,C,https://myebrochure.co.uk/images/colours/fotl/fotl-rx.jpg,https://myebrochure.co.uk/images/products/prod_15801_61033_166540.jpg,https://myebrochure.co.uk/images/products.small/prod_15801_61033_166540.jpg,https://myebrochure.co.uk/images/products.hires/prod_15801_61033_166540.jpg,https://myebrochure.co.uk/images/brands/fotl_23.png,https://myebrochure.co.uk/images/products.hires/prod_61033_124848.jpg,https://myebrochure.co.uk/images/products.hires/prod_61033_124849.jpg,,,,,,,,,"<li>Crew neck with Cotton/ LYCRA&reg; rib</li> <li>Self fabric back neck tape</li> <li>Fine knit gauge for enhanced printability</li> <li>Age 14-15 is subject to VAT</li> <li><b>Also available in men&#39;s sizes code 61036, ladies&#39; sizes code 61372 and girl&#39;s sizes code 61005</b></li>",1.4
158687,0000001585926,61033,TSHIRT,T-SHIRTS,CHITSH,Childrens T-Shirt,FOTL,Fruit Of The Loom,CH0010,VH,Vintage Heather Red,0025  ,3-4 Years,Kid's Valueweight T,1.78,2,12,108,02-01-2026 8:40,C,https://myebrochure.co.uk/images/colours/fotl/fotl-vh.jpg,https://myebrochure.co.uk/images/products/prod_15801_61033_166540.jpg,https://myebrochure.co.uk/images/products.small/prod_15801_61033_166540.jpg,https://myebrochure.co.uk/images/products.hires/prod_15801_61033_166540.jpg,https://myebrochure.co.uk/images/brands/fotl_23.png,https://myebrochure.co.uk/images/products.hires/prod_61033_124844.jpg,https://myebrochure.co.uk/images/products.hires/prod_61033_124845.jpg,,,,,,,,,"<li>Crew neck with Cotton/ LYCRA&reg; rib</li> <li>Self fabric back neck tape</li> <li>Fine knit gauge for enhanced printability</li> <li>Age 14-15 is subject to VAT</li> <li><b>Also available in men&#39;s sizes code 61036, ladies&#39; sizes code 61372 and girl&#39;s sizes code 61005</b></li>",1.4
158688,0000001585933,61033,TSHIRT,T-SHIRTS,CHITSH,Childrens T-Shirt,FOTL,Fruit Of The Loom,CH0010,VH,Vintage Heather Red,0025  ,5-6 Years,Kid's Valueweight T,1.78,2,12,108,02-01-2026 8:40,C,https://myebrochure.co.uk/images/colours/fotl/fotl-vh.jpg,https://myebrochure.co.uk/images/products/prod_15801_61033_166540.jpg,https://myebrochure.co.uk/images/products.small/prod_15801_61033_166540.jpg,https://myebrochure.co.uk/images/products.hires/prod_15801_61033_166540.jpg,https://myebrochure.co.uk/images/brands/fotl_23.png,https://myebrochure.co.uk/images/products.hires/prod_61033_124844.jpg,https://myebrochure.co.uk/images/products.hires/prod_61033_124845.jpg,,,,,,,,,"<li>Crew neck with Cotton/ LYCRA&reg; rib</li> <li>Self fabric back neck tape</li> <li>Fine knit gauge for enhanced printability</li> <li>Age 14-15 is subject to VAT</li> <li><b>Also available in men&#39;s sizes code 61036, ladies&#39; sizes code 61372 and girl&#39;s sizes code 61005</b></li>",1.4
158689,0000001585940,61033,TSHIRT,T-SHIRTS,CHITSH,Childrens T-Shirt,FOTL,Fruit Of The Loom,CH0010,VH,Vintage Heather Red,0025  ,7-8 Years,Kid's Valueweight T,1.78,2,12,108,02-01-2026 8:40,C,https://myebrochure.co.uk/images/colours/fotl/fotl-vh.jpg,https://myebrochure.co.uk/images/products/prod_15801_61033_166540.jpg,https://myebrochure.co.uk/images/products.small/prod_15801_61033_166540.jpg,https://myebrochure.co.uk/images/products.hires/prod_15801_61033_166540.jpg,https://myebrochure.co.uk/images/brands/fotl_23.png,https://myebrochure.co.uk/images/products.hires/prod_61033_124844.jpg,https://myebrochure.co.uk/images/products.hires/prod_61033_124845.jpg,,,,,,,,,"<li>Crew neck with Cotton/ LYCRA&reg; rib</li> <li>Self fabric back neck tape</li> <li>Fine knit gauge for enhanced printability</li> <li>Age 14-15 is subject to VAT</li> <li><b>Also available in men&#39;s sizes code 61036, ladies&#39; sizes code 61372 and girl&#39;s sizes code 61005</b></li>",1.4
158690,0000001585957,61033,TSHIRT,T-SHIRTS,CHITSH,Childrens T-Shirt,FOTL,Fruit Of The Loom,CH0010,VH,Vintage Heather Red,0025  ,9-11 Years,Kid's Valueweight T,1.78,2,12,108,02-01-2026 8:40,C,https://myebrochure.co.uk/images/colours/fotl/fotl-vh.jpg,https://myebrochure.co.uk/images/products/prod_15801_61033_166540.jpg,https://myebrochure.co.uk/images/products.small/prod_15801_61033_166540.jpg,https://myebrochure.co.uk/images/products.hires/prod_15801_61033_166540.jpg,https://myebrochure.co.uk/images/brands/fotl_23.png,https://myebrochure.co.uk/images/products.hires/prod_61033_124844.jpg,https://myebrochure.co.uk/images/products.hires/prod_61033_124845.jpg,,,,,,,,,"<li>Crew neck with Cotton/ LYCRA&reg; rib</li> <li>Self fabric back neck tape</li> <li>Fine knit gauge for enhanced printability</li> <li>Age 14-15 is subject to VAT</li> <li><b>Also available in men&#39;s sizes code 61036, ladies&#39; sizes code 61372 and girl&#39;s sizes code 61005</b></li>",1.4
158691,0000001585964,61033,TSHIRT,T-SHIRTS,CHITSH,Childrens T-Shirt,FOTL,Fruit Of The Loom,CH0010,VH,Vintage Heather Red,0025  ,12-13 Years,Kid's Valueweight T,1.78,2,12,108,02-01-2026 8:40,C,https://myebrochure.co.uk/images/colours/fotl/fotl-vh.jpg,https://myebrochure.co.uk/images/products/prod_15801_61033_166540.jpg,https://myebrochure.co.uk/images/products.small/prod_15801_61033_166540.jpg,https://myebrochure.co.uk/images/products.hires/prod_15801_61033_166540.jpg,https://myebrochure.co.uk/images/brands/fotl_23.png,https://myebrochure.co.uk/images/products.hires/prod_61033_124844.jpg,https://myebrochure.co.uk/images/products.hires/prod_61033_124845.jpg,,,,,,,,,"<li>Crew neck with Cotton/ LYCRA&reg; rib</li> <li>Self fabric back neck tape</li> <li>Fine knit gauge for enhanced printability</li> <li>Age 14-15 is subject to VAT</li> <li><b>Also available in men&#39;s sizes code 61036, ladies&#39; sizes code 61372 and girl&#39;s sizes code 61005</b></li>",1.4
158692,0000001585971,61033,TSHIRT,T-SHIRTS,CHITSH,Childrens T-Shirt,FOTL,Fruit Of The Loom,CH0010,VH,Vintage Heather Red,0025  ,14-15 Years,Kid's Valueweight T,1.78,1,12,72,02-01-2026 8:40,C,https://myebrochure.co.uk/images/colours/fotl/fotl-vh.jpg,https://myebrochure.co.uk/images/products/prod_15801_61033_166540.jpg,https://myebrochure.co.uk/images/products.small/prod_15801_61033_166540.jpg,https://myebrochure.co.uk/images/products.hires/prod_15801_61033_166540.jpg,https://myebrochure.co.uk/images/brands/fotl_23.png,https://myebrochure.co.uk/images/products.hires/prod_61033_124844.jpg,https://myebrochure.co.uk/images/products.hires/prod_61033_124845.jpg,,,,,,,,,"<li>Crew neck with Cotton/ LYCRA&reg; rib</li> <li>Self fabric back neck tape</li> <li>Fine knit gauge for enhanced printability</li> <li>Age 14-15 is subject to VAT</li> <li><b>Also available in men&#39;s sizes code 61036, ladies&#39; sizes code 61372 and girl&#39;s sizes code 61005</b></li>",1.4
158695,0000001586008,61033,TSHIRT,T-SHIRTS,CHITSH,Childrens T-Shirt,FOTL,Fruit Of The Loom,CH0010,LM,Lime,0025  ,3-4 Years,Kid's Valueweight T,1.78,2,12,108,02-01-2026 8:40,C,https://myebrochure.co.uk/images/colours/fotl/fotl-lm.jpg,https://myebrochure.co.uk/images/products/prod_15801_61033_166540.jpg,https://myebrochure.co.uk/images/products.small/prod_15801_61033_166540.jpg,https://myebrochure.co.uk/images/products.hires/prod_15801_61033_166540.jpg,https://myebrochure.co.uk/images/brands/fotl_23.png,https://myebrochure.co.uk/images/products.hires/prod_61033_124854.jpg,https://myebrochure.co.uk/images/products.hires/prod_61033_124855.jpg,,,,,,,,,"<li>Crew neck with Cotton/ LYCRA&reg; rib</li> <li>Self fabric back neck tape</li> <li>Fine knit gauge for enhanced printability</li> <li>Age 14-15 is subject to VAT</li> <li><b>Also available in men&#39;s sizes code 61036, ladies&#39; sizes code 61372 and girl&#39;s sizes code 61005</b></li>",1.4
158696,0000001586015,61033,TSHIRT,T-SHIRTS,CHITSH,Childrens T-Shirt,FOTL,Fruit Of The Loom,CH0010,LM,Lime,0025  ,5-6 Years,Kid's Valueweight T,1.78,2,12,108,02-01-2026 8:40,C,https://myebrochure.co.uk/images/colours/fotl/fotl-lm.jpg,https://myebrochure.co.uk/images/products/prod_15801_61033_166540.jpg,https://myebrochure.co.uk/images/products.small/prod_15801_61033_166540.jpg,https://myebrochure.co.uk/images/products.hires/prod_15801_61033_166540.jpg,https://myebrochure.co.uk/images/brands/fotl_23.png,https://myebrochure.co.uk/images/products.hires/prod_61033_124854.jpg,https://myebrochure.co.uk/images/products.hires/prod_61033_124855.jpg,,,,,,,,,"<li>Crew neck with Cotton/ LYCRA&reg; rib</li> <li>Self fabric back neck tape</li> <li>Fine knit gauge for enhanced printability</li> <li>Age 14-15 is subject to VAT</li> <li><b>Also available in men&#39;s sizes code 61036, ladies&#39; sizes code 61372 and girl&#39;s sizes code 61005</b></li>",1.4
158697,0000001586022,61033,TSHIRT,T-SHIRTS,CHITSH,Childrens T-Shirt,FOTL,Fruit Of The Loom,CH0010,LM,Lime,0025  ,7-8 Years,Kid's Valueweight T,1.78,2,12,108,02-01-2026 8:40,C,https://myebrochure.co.uk/images/colours/fotl/fotl-lm.jpg,https://myebrochure.co.uk/images/products/prod_15801_61033_166540.jpg,https://myebrochure.co.uk/images/products.small/prod_15801_61033_166540.jpg,https://myebrochure.co.uk/images/products.hires/prod_15801_61033_166540.jpg,https://myebrochure.co.uk/images/brands/fotl_23.png,https://myebrochure.co.uk/images/products.hires/prod_61033_124854.jpg,https://myebrochure.co.uk/images/products.hires/prod_61033_124855.jpg,,,,,,,,,"<li>Crew neck with Cotton/ LYCRA&reg; rib</li> <li>Self fabric back neck tape</li> <li>Fine knit gauge for enhanced printability</li> <li>Age 14-15 is subject to VAT</li> <li><b>Also available in men&#39;s sizes code 61036, ladies&#39; sizes code 61372 and girl&#39;s sizes code 61005</b></li>",1.4
158698,0000001586039,61033,TSHIRT,T-SHIRTS,CHITSH,Childrens T-Shirt,FOTL,Fruit Of The Loom,CH0010,LM,Lime,0025  ,9-11 Years,Kid's Valueweight T,1.78,2,12,108,02-01-2026 8:40,C,https://myebrochure.co.uk/images/colours/fotl/fotl-lm.jpg,https://myebrochure.co.uk/images/products/prod_15801_61033_166540.jpg,https://myebrochure.co.uk/images/products.small/prod_15801_61033_166540.jpg,https://myebrochure.co.uk/images/products.hires/prod_15801_61033_166540.jpg,https://myebrochure.co.uk/images/brands/fotl_23.png,https://myebrochure.co.uk/images/products.hires/prod_61033_124854.jpg,https://myebrochure.co.uk/images/products.hires/prod_61033_124855.jpg,,,,,,,,,"<li>Crew neck with Cotton/ LYCRA&reg; rib</li> <li>Self fabric back neck tape</li> <li>Fine knit gauge for enhanced printability</li> <li>Age 14-15 is subject to VAT</li> <li><b>Also available in men&#39;s sizes code 61036, ladies&#39; sizes code 61372 and girl&#39;s sizes code 61005</b></li>",1.4
158699,0000001586046,61033,TSHIRT,T-SHIRTS,CHITSH,Childrens T-Shirt,FOTL,Fruit Of The Loom,CH0010,LM,Lime,0025  ,12-13 Years,Kid's Valueweight T,1.78,2,12,108,02-01-2026 8:40,C,https://myebrochure.co.uk/images/colours/fotl/fotl-lm.jpg,https://myebrochure.co.uk/images/products/prod_15801_61033_166540.jpg,https://myebrochure.co.uk/images/products.small/prod_15801_61033_166540.jpg,https://myebrochure.co.uk/images/products.hires/prod_15801_61033_166540.jpg,https://myebrochure.co.uk/images/brands/fotl_23.png,https://myebrochure.co.uk/images/products.hires/prod_61033_124854.jpg,https://myebrochure.co.uk/images/products.hires/prod_61033_124855.jpg,,,,,,,,,"<li>Crew neck with Cotton/ LYCRA&reg; rib</li> <li>Self fabric back neck tape</li> <li>Fine knit gauge for enhanced printability</li> <li>Age 14-15 is subject to VAT</li> <li><b>Also available in men&#39;s sizes code 61036, ladies&#39; sizes code 61372 and girl&#39;s sizes code 61005</b></li>",1.4
158700,0000001586053,61033,TSHIRT,T-SHIRTS,CHITSH,Childrens T-Shirt,FOTL,Fruit Of The Loom,CH0010,LM,Lime,0025  ,14-15 Years,Kid's Valueweight T,1.78,1,12,72,02-01-2026 8:40,C,https://myebrochure.co.uk/images/colours/fotl/fotl-lm.jpg,https://myebrochure.co.uk/images/products/prod_15801_61033_166540.jpg,https://myebrochure.co.uk/images/products.small/prod_15801_61033_166540.jpg,https://myebrochure.co.uk/images/products.hires/prod_15801_61033_166540.jpg,https://myebrochure.co.uk/images/brands/fotl_23.png,https://myebrochure.co.uk/images/products.hires/prod_61033_124854.jpg,https://myebrochure.co.uk/images/products.hires/prod_61033_124855.jpg,,,,,,,,,"<li>Crew neck with Cotton/ LYCRA&reg; rib</li> <li>Self fabric back neck tape</li> <li>Fine knit gauge for enhanced printability</li> <li>Age 14-15 is subject to VAT</li> <li><b>Also available in men&#39;s sizes code 61036, ladies&#39; sizes code 61372 and girl&#39;s sizes code 61005</b></li>",1.4
3056,0000000030564,61036,TSHIRT,T-SHIRTS,MSSTSH,MENS SHORT SLEEVE T-SHIRT,FOTL,Fruit Of The Loom,MS0020,YT,Sky Blue,0012  ,Small,Men's Valueweight T,2.23,1,12,72,02-01-2026 8:41,C,https://myebrochure.co.uk/images/colours/fotl/fotl-yt.jpg,https://myebrochure.co.uk/images/products/prod_15001_61036_166543.jpg,https://myebrochure.co.uk/images/products.small/prod_15001_61036_166543.jpg,https://myebrochure.co.uk/images/products.hires/prod_15001_61036_166543.jpg,https://myebrochure.co.uk/images/brands/fotl_23.png,https://myebrochure.co.uk/images/products.hires/prod_61036_141699.jpg,https://myebrochure.co.uk/images/products.hires/prod_61036_141698.jpg,https://myebrochure.co.uk/images/products.hires/prod_61036_141700.jpg,,,,,,,,"<li>Crew neck with Cotton/ LYCRA&reg; rib</li> <li>Self&#45;fabric neck tape</li> <li>Fine knit gauge for enhanced printability</li> <li><b>Also available in ladies&#39; sizes code 61372, children&#39;s sizes code 61033 and girl&#39;s sizes code 61005</b></li>",1.75
3057,0000000030571,61036,TSHIRT,T-SHIRTS,MSSTSH,MENS SHORT SLEEVE T-SHIRT,FOTL,Fruit Of The Loom,MS0020,YT,Sky Blue,0012  ,Medium,Men's Valueweight T,2.23,1,12,72,02-01-2026 8:41,C,https://myebrochure.co.uk/images/colours/fotl/fotl-yt.jpg,https://myebrochure.co.uk/images/products/prod_15001_61036_166543.jpg,https://myebrochure.co.uk/images/products.small/prod_15001_61036_166543.jpg,https://myebrochure.co.uk/images/products.hires/prod_15001_61036_166543.jpg,https://myebrochure.co.uk/images/brands/fotl_23.png,https://myebrochure.co.uk/images/products.hires/prod_61036_141699.jpg,https://myebrochure.co.uk/images/products.hires/prod_61036_141698.jpg,https://myebrochure.co.uk/images/products.hires/prod_61036_141700.jpg,,,,,,,,"<li>Crew neck with Cotton/ LYCRA&reg; rib</li> <li>Self&#45;fabric neck tape</li> <li>Fine knit gauge for enhanced printability</li> <li><b>Also available in ladies&#39; sizes code 61372, children&#39;s sizes code 61033 and girl&#39;s sizes code 61005</b></li>",1.75
3058,0000000030588,61036,TSHIRT,T-SHIRTS,MSSTSH,MENS SHORT SLEEVE T-SHIRT,FOTL,Fruit Of The Loom,MS0020,YT,Sky Blue,0012  ,Large,Men's Valueweight T,2.23,1,12,72,02-01-2026 8:41,C,https://myebrochure.co.uk/images/colours/fotl/fotl-yt.jpg,https://myebrochure.co.uk/images/products/prod_15001_61036_166543.jpg,https://myebrochure.co.uk/images/products.small/prod_15001_61036_166543.jpg,https://myebrochure.co.uk/images/products.hires/prod_15001_61036_166543.jpg,https://myebrochure.co.uk/images/brands/fotl_23.png,https://myebrochure.co.uk/images/products.hires/prod_61036_141699.jpg,https://myebrochure.co.uk/images/products.hires/prod_61036_141698.jpg,https://myebrochure.co.uk/images/products.hires/prod_61036_141700.jpg,,,,,,,,"<li>Crew neck with Cotton/ LYCRA&reg; rib</li> <li>Self&#45;fabric neck tape</li> <li>Fine knit gauge for enhanced printability</li> <li><b>Also available in ladies&#39; sizes code 61372, children&#39;s sizes code 61033 and girl&#39;s sizes code 61005</b></li>",1.75
3059,0000000030595,61036,TSHIRT,T-SHIRTS,MSSTSH,MENS SHORT SLEEVE T-SHIRT,FOTL,Fruit Of The Loom,MS0020,YT,Sky Blue,0012  ,XL,Men's Valueweight T,2.23,1,12,72,02-01-2026 8:41,C,https://myebrochure.co.uk/images/colours/fotl/fotl-yt.jpg,https://myebrochure.co.uk/images/products/prod_15001_61036_166543.jpg,https://myebrochure.co.uk/images/products.small/prod_15001_61036_166543.jpg,https://myebrochure.co.uk/images/products.hires/prod_15001_61036_166543.jpg,https://myebrochure.co.uk/images/brands/fotl_23.png,https://myebrochure.co.uk/images/products.hires/prod_61036_141699.jpg,https://myebrochure.co.uk/images/products.hires/prod_61036_141698.jpg,https://myebrochure.co.uk/images/products.hires/prod_61036_141700.jpg,,,,,,,,"<li>Crew neck with Cotton/ LYCRA&reg; rib</li> <li>Self&#45;fabric neck tape</li> <li>Fine knit gauge for enhanced printability</li> <li><b>Also available in ladies&#39; sizes code 61372, children&#39;s sizes code 61033 and girl&#39;s sizes code 61005</b></li>",1.75
3060,0000000030601,61036,TSHIRT,T-SHIRTS,MSSTSH,MENS SHORT SLEEVE T-SHIRT,FOTL,Fruit Of The Loom,MS0020,YT,Sky Blue,0012  ,2XL,Men's Valueweight T,2.23,1,12,72,02-01-2026 8:41,C,https://myebrochure.co.uk/images/colours/fotl/fotl-yt.jpg,https://myebrochure.co.uk/images/products/prod_15001_61036_166543.jpg,https://myebrochure.co.uk/images/products.small/prod_15001_61036_166543.jpg,https://myebrochure.co.uk/images/products.hires/prod_15001_61036_166543.jpg,https://myebrochure.co.uk/images/brands/fotl_23.png,https://myebrochure.co.uk/images/products.hires/prod_61036_141699.jpg,https://myebrochure.co.uk/images/products.hires/prod_61036_141698.jpg,https://myebrochure.co.uk/images/products.hires/prod_61036_141700.jpg,,,,,,,,"<li>Crew neck with Cotton/ LYCRA&reg; rib</li> <li>Self&#45;fabric neck tape</li> <li>Fine knit gauge for enhanced printability</li> <li><b>Also available in ladies&#39; sizes code 61372, children&#39;s sizes code 61033 and girl&#39;s sizes code 61005</b></li>",1.75
3062,0000000030625,61036,TSHIRT,T-SHIRTS,MSSTSH,MENS SHORT SLEEVE T-SHIRT,FOTL,Fruit Of The Loom,MS0020,3M,Khaki,0012  ,Small,Men's Valueweight T,2.23,1,12,72,02-01-2026 8:41,C,https://myebrochure.co.uk/images/colours/fotl/fotl-3m.jpg,https://myebrochure.co.uk/images/products/prod_15001_61036_166543.jpg,https://myebrochure.co.uk/images/products.small/prod_15001_61036_166543.jpg,https://myebrochure.co.uk/images/products.hires/prod_15001_61036_166543.jpg,https://myebrochure.co.uk/images/brands/fotl_23.png,https://myebrochure.co.uk/images/products.hires/prod_61036_141633.jpg,https://myebrochure.co.uk/images/products.hires/prod_61036_141632.jpg,https://myebrochure.co.uk/images/products.hires/prod_61036_141634.jpg,https://myebrochure.co.uk/images/products.hires/prod_15001_61036_166544.jpg,,,,,,,"<li>Crew neck with Cotton/ LYCRA&reg; rib</li> <li>Self&#45;fabric neck tape</li> <li>Fine knit gauge for enhanced printability</li> <li><b>Also available in ladies&#39; sizes code 61372, children&#39;s sizes code 61033 and girl&#39;s sizes code 61005</b></li>",1.75
3063,0000000030632,61036,TSHIRT,T-SHIRTS,MSSTSH,MENS SHORT SLEEVE T-SHIRT,FOTL,Fruit Of The Loom,MS0020,3M,Khaki,0012  ,Medium,Men's Valueweight T,2.23,1,12,72,02-01-2026 8:41,C,https://myebrochure.co.uk/images/colours/fotl/fotl-3m.jpg,https://myebrochure.co.uk/images/products/prod_15001_61036_166543.jpg,https://myebrochure.co.uk/images/products.small/prod_15001_61036_166543.jpg,https://myebrochure.co.uk/images/products.hires/prod_15001_61036_166543.jpg,https://myebrochure.co.uk/images/brands/fotl_23.png,https://myebrochure.co.uk/images/products.hires/prod_61036_141633.jpg,https://myebrochure.co.uk/images/products.hires/prod_61036_141632.jpg,https://myebrochure.co.uk/images/products.hires/prod_61036_141634.jpg,https://myebrochure.co.uk/images/products.hires/prod_15001_61036_166544.jpg,,,,,,,"<li>Crew neck with Cotton/ LYCRA&reg; rib</li> <li>Self&#45;fabric neck tape</li> <li>Fine knit gauge for enhanced printability</li> <li><b>Also available in ladies&#39; sizes code 61372, children&#39;s sizes code 61033 and girl&#39;s sizes code 61005</b></li>",1.75
3064,0000000030649,61036,TSHIRT,T-SHIRTS,MSSTSH,MENS SHORT SLEEVE T-SHIRT,FOTL,Fruit Of The Loom,MS0020,3M,Khaki,0012  ,Large,Men's Valueweight T,2.23,1,12,72,02-01-2026 8:41,C,https://myebrochure.co.uk/images/colours/fotl/fotl-3m.jpg,https://myebrochure.co.uk/images/products/prod_15001_61036_166543.jpg,https://myebrochure.co.uk/images/products.small/prod_15001_61036_166543.jpg,https://myebrochure.co.uk/images/products.hires/prod_15001_61036_166543.jpg,https://myebrochure.co.uk/images/brands/fotl_23.png,https://myebrochure.co.uk/images/products.hires/prod_61036_141633.jpg,https://myebrochure.co.uk/images/products.hires/prod_61036_141632.jpg,https://myebrochure.co.uk/images/products.hires/prod_61036_141634.jpg,https://myebrochure.co.uk/images/products.hires/prod_15001_61036_166544.jpg,,,,,,,"<li>Crew neck with Cotton/ LYCRA&reg; rib</li> <li>Self&#45;fabric neck tape</li> <li>Fine knit gauge for enhanced printability</li> <li><b>Also available in ladies&#39; sizes code 61372, children&#39;s sizes code 61033 and girl&#39;s sizes code 61005</b></li>",1.75
3065,0000000030656,61036,TSHIRT,T-SHIRTS,MSSTSH,MENS SHORT SLEEVE T-SHIRT,FOTL,Fruit Of The Loom,MS0020,3M,Khaki,0012  ,XL,Men's Valueweight T,2.23,1,12,72,02-01-2026 8:41,C,https://myebrochure.co.uk/images/colours/fotl/fotl-3m.jpg,https://myebrochure.co.uk/images/products/prod_15001_61036_166543.jpg,https://myebrochure.co.uk/images/products.small/prod_15001_61036_166543.jpg,https://myebrochure.co.uk/images/products.hires/prod_15001_61036_166543.jpg,https://myebrochure.co.uk/images/brands/fotl_23.png,https://myebrochure.co.uk/images/products.hires/prod_61036_141633.jpg,https://myebrochure.co.uk/images/products.hires/prod_61036_141632.jpg,https://myebrochure.co.uk/images/products.hires/prod_61036_141634.jpg,https://myebrochure.co.uk/images/products.hires/prod_15001_61036_166544.jpg,,,,,,,"<li>Crew neck with Cotton/ LYCRA&reg; rib</li> <li>Self&#45;fabric neck tape</li> <li>Fine knit gauge for enhanced printability</li> <li><b>Also available in ladies&#39; sizes code 61372, children&#39;s sizes code 61033 and girl&#39;s sizes code 61005</b></li>",1.75
3066,0000000030663,61036,TSHIRT,T-SHIRTS,MSSTSH,MENS SHORT SLEEVE T-SHIRT,FOTL,Fruit Of The Loom,MS0020,3M,Khaki,0012  ,2XL,Men's Valueweight T,2.23,1,12,72,02-01-2026 8:41,C,https://myebrochure.co.uk/images/colours/fotl/fotl-3m.jpg,https://myebrochure.co.uk/images/products/prod_15001_61036_166543.jpg,https://myebrochure.co.uk/images/products.small/prod_15001_61036_166543.jpg,https://myebrochure.co.uk/images/products.hires/prod_15001_61036_166543.jpg,https://myebrochure.co.uk/images/brands/fotl_23.png,https://myebrochure.co.uk/images/products.hires/prod_61036_141633.jpg,https://myebrochure.co.uk/images/products.hires/prod_61036_141632.jpg,https://myebrochure.co.uk/images/products.hires/prod_61036_141634.jpg,https://myebrochure.co.uk/images/products.hires/prod_15001_61036_166544.jpg,,,,,,,"<li>Crew neck with Cotton/ LYCRA&reg; rib</li> <li>Self&#45;fabric neck tape</li> <li>Fine knit gauge for enhanced printability</li> <li><b>Also available in ladies&#39; sizes code 61372, children&#39;s sizes code 61033 and girl&#39;s sizes code 61005</b></li>",1.75
3068,0000000030687,61036,TSHIRT,T-SHIRTS,MSSTSH,MENS SHORT SLEEVE T-SHIRT,FOTL,Fruit Of The Loom,MS0020,SUN,Sunflower,0012  ,Small,Men's Valueweight T,2.23,1,12,72,02-01-2026 8:41,C,https://myebrochure.co.uk/images/colours/fotl/fotl-sun.jpg,https://myebrochure.co.uk/images/products/prod_15001_61036_166543.jpg,https://myebrochure.co.uk/images/products.small/prod_15001_61036_166543.jpg,https://myebrochure.co.uk/images/products.hires/prod_15001_61036_166543.jpg,https://myebrochure.co.uk/images/brands/fotl_23.png,https://myebrochure.co.uk/images/products.hires/prod_61036_141624.jpg,https://myebrochure.co.uk/images/products.hires/prod_61036_141623.jpg,https://myebrochure.co.uk/images/products.hires/prod_61036_141625.jpg,,,,,,,,"<li>Crew neck with Cotton/ LYCRA&reg; rib</li> <li>Self&#45;fabric neck tape</li> <li>Fine knit gauge for enhanced printability</li> <li><b>Also available in ladies&#39; sizes code 61372, children&#39;s sizes code 61033 and girl&#39;s sizes code 61005</b></li>",1.75
3069,0000000030694,61036,TSHIRT,T-SHIRTS,MSSTSH,MENS SHORT SLEEVE T-SHIRT,FOTL,Fruit Of The Loom,MS0020,SUN,Sunflower,0012  ,Medium,Men's Valueweight T,2.23,1,12,72,02-01-2026 8:41,C,https://myebrochure.co.uk/images/colours/fotl/fotl-sun.jpg,https://myebrochure.co.uk/images/products/prod_15001_61036_166543.jpg,https://myebrochure.co.uk/images/products.small/prod_15001_61036_166543.jpg,https://myebrochure.co.uk/images/products.hires/prod_15001_61036_166543.jpg,https://myebrochure.co.uk/images/brands/fotl_23.png,https://myebrochure.co.uk/images/products.hires/prod_61036_141624.jpg,https://myebrochure.co.uk/images/products.hires/prod_61036_141623.jpg,https://myebrochure.co.uk/images/products.hires/prod_61036_141625.jpg,,,,,,,,"<li>Crew neck with Cotton/ LYCRA&reg; rib</li> <li>Self&#45;fabric neck tape</li> <li>Fine knit gauge for enhanced printability</li> <li><b>Also available in ladies&#39; sizes code 61372, children&#39;s sizes code 61033 and girl&#39;s sizes code 61005</b></li>",1.75
3070,0000000030700,61036,TSHIRT,T-SHIRTS,MSSTSH,MENS SHORT SLEEVE T-SHIRT,FOTL,Fruit Of The Loom,MS0020,SUN,Sunflower,0012  ,Large,Men's Valueweight T,2.23,1,12,72,02-01-2026 8:41,C,https://myebrochure.co.uk/images/colours/fotl/fotl-sun.jpg,https://myebrochure.co.uk/images/products/prod_15001_61036_166543.jpg,https://myebrochure.co.uk/images/products.small/prod_15001_61036_166543.jpg,https://myebrochure.co.uk/images/products.hires/prod_15001_61036_166543.jpg,https://myebrochure.co.uk/images/brands/fotl_23.png,https://myebrochure.co.uk/images/products.hires/prod_61036_141624.jpg,https://myebrochure.co.uk/images/products.hires/prod_61036_141623.jpg,https://myebrochure.co.uk/images/products.hires/prod_61036_141625.jpg,,,,,,,,"<li>Crew neck with Cotton/ LYCRA&reg; rib</li> <li>Self&#45;fabric neck tape</li> <li>Fine knit gauge for enhanced printability</li> <li><b>Also available in ladies&#39; sizes code 61372, children&#39;s sizes code 61033 and girl&#39;s sizes code 61005</b></li>",1.75
3071,0000000030717,61036,TSHIRT,T-SHIRTS,MSSTSH,MENS SHORT SLEEVE T-SHIRT,FOTL,Fruit Of The Loom,MS0020,SUN,Sunflower,0012  ,XL,Men's Valueweight T,2.23,1,12,72,02-01-2026 8:41,C,https://myebrochure.co.uk/images/colours/fotl/fotl-sun.jpg,https://myebrochure.co.uk/images/products/prod_15001_61036_166543.jpg,https://myebrochure.co.uk/images/products.small/prod_15001_61036_166543.jpg,https://myebrochure.co.uk/images/products.hires/prod_15001_61036_166543.jpg,https://myebrochure.co.uk/images/brands/fotl_23.png,https://myebrochure.co.uk/images/products.hires/prod_61036_141624.jpg,https://myebrochure.co.uk/images/products.hires/prod_61036_141623.jpg,https://myebrochure.co.uk/images/products.hires/prod_61036_141625.jpg,,,,,,,,"<li>Crew neck with Cotton/ LYCRA&reg; rib</li> <li>Self&#45;fabric neck tape</li> <li>Fine knit gauge for enhanced printability</li> <li><b>Also available in ladies&#39; sizes code 61372, children&#39;s sizes code 61033 and girl&#39;s sizes code 61005</b></li>",1.75
3072,0000000030724,61036,TSHIRT,T-SHIRTS,MSSTSH,MENS SHORT SLEEVE T-SHIRT,FOTL,Fruit Of The Loom,MS0020,SUN,Sunflower,0012  ,2XL,Men's Valueweight T,2.23,1,12,72,02-01-2026 8:41,C,https://myebrochure.co.uk/images/colours/fotl/fotl-sun.jpg,https://myebrochure.co.uk/images/products/prod_15001_61036_166543.jpg,https://myebrochure.co.uk/images/products.small/prod_15001_61036_166543.jpg,https://myebrochure.co.uk/images/products.hires/prod_15001_61036_166543.jpg,https://myebrochure.co.uk/images/brands/fotl_23.png,https://myebrochure.co.uk/images/products.hires/prod_61036_141624.jpg,https://myebrochure.co.uk/images/products.hires/prod_61036_141623.jpg,https://myebrochure.co.uk/images/products.hires/prod_61036_141625.jpg,,,,,,,,"<li>Crew neck with Cotton/ LYCRA&reg; rib</li> <li>Self&#45;fabric neck tape</li> <li>Fine knit gauge for enhanced printability</li> <li><b>Also available in ladies&#39; sizes code 61372, children&#39;s sizes code 61033 and girl&#39;s sizes code 61005</b></li>",1.75
3074,0000000030748,61036,TSHIRT,T-SHIRTS,MSSTSH,MENS SHORT SLEEVE T-SHIRT,FOTL,Fruit Of The Loom,MS0020,44,Orange,0012  ,Small,Men's Valueweight T,2.23,1,12,72,02-01-2026 8:41,C,https://myebrochure.co.uk/images/colours/fotl/fotl-44.jpg,https://myebrochure.co.uk/images/products/prod_15001_61036_166543.jpg,https://myebrochure.co.uk/images/products.small/prod_15001_61036_166543.jpg,https://myebrochure.co.uk/images/products.hires/prod_15001_61036_166543.jpg,https://myebrochure.co.uk/images/brands/fotl_23.png,https://myebrochure.co.uk/images/products.hires/prod_61036_141642.jpg,https://myebrochure.co.uk/images/products.hires/prod_61036_141641.jpg,https://myebrochure.co.uk/images/products.hires/prod_61036_141643.jpg,https://myebrochure.co.uk/images/products.hires/prod_15001_61036_166546.jpg,,,,,,,"<li>Crew neck with Cotton/ LYCRA&reg; rib</li> <li>Self&#45;fabric neck tape</li> <li>Fine knit gauge for enhanced printability</li> <li><b>Also available in ladies&#39; sizes code 61372, children&#39;s sizes code 61033 and girl&#39;s sizes code 61005</b></li>",1.75
3075,0000000030755,61036,TSHIRT,T-SHIRTS,MSSTSH,MENS SHORT SLEEVE T-SHIRT,FOTL,Fruit Of The Loom,MS0020,44,Orange,0012  ,Medium,Men's Valueweight T,2.23,1,12,72,02-01-2026 8:41,C,https://myebrochure.co.uk/images/colours/fotl/fotl-44.jpg,https://myebrochure.co.uk/images/products/prod_15001_61036_166543.jpg,https://myebrochure.co.uk/images/products.small/prod_15001_61036_166543.jpg,https://myebrochure.co.uk/images/products.hires/prod_15001_61036_166543.jpg,https://myebrochure.co.uk/images/brands/fotl_23.png,https://myebrochure.co.uk/images/products.hires/prod_61036_141642.jpg,https://myebrochure.co.uk/images/products.hires/prod_61036_141641.jpg,https://myebrochure.co.uk/images/products.hires/prod_61036_141643.jpg,https://myebrochure.co.uk/images/products.hires/prod_15001_61036_166546.jpg,,,,,,,"<li>Crew neck with Cotton/ LYCRA&reg; rib</li> <li>Self&#45;fabric neck tape</li> <li>Fine knit gauge for enhanced printability</li> <li><b>Also available in ladies&#39; sizes code 61372, children&#39;s sizes code 61033 and girl&#39;s sizes code 61005</b></li>",1.75
3076,0000000030762,61036,TSHIRT,T-SHIRTS,MSSTSH,MENS SHORT SLEEVE T-SHIRT,FOTL,Fruit Of The Loom,MS0020,44,Orange,0012  ,Large,Men's Valueweight T,2.23,1,12,72,02-01-2026 8:41,C,https://myebrochure.co.uk/images/colours/fotl/fotl-44.jpg,https://myebrochure.co.uk/images/products/prod_15001_61036_166543.jpg,https://myebrochure.co.uk/images/products.small/prod_15001_61036_166543.jpg,https://myebrochure.co.uk/images/products.hires/prod_15001_61036_166543.jpg,https://myebrochure.co.uk/images/brands/fotl_23.png,https://myebrochure.co.uk/images/products.hires/prod_61036_141642.jpg,https://myebrochure.co.uk/images/products.hires/prod_61036_141641.jpg,https://myebrochure.co.uk/images/products.hires/prod_61036_141643.jpg,https://myebrochure.co.uk/images/products.hires/prod_15001_61036_166546.jpg,,,,,,,"<li>Crew neck with Cotton/ LYCRA&reg; rib</li> <li>Self&#45;fabric neck tape</li> <li>Fine knit gauge for enhanced printability</li> <li><b>Also available in ladies&#39; sizes code 61372, children&#39;s sizes code 61033 and girl&#39;s sizes code 61005</b></li>",1.75
3077,0000000030779,61036,TSHIRT,T-SHIRTS,MSSTSH,MENS SHORT SLEEVE T-SHIRT,FOTL,Fruit Of The Loom,MS0020,44,Orange,0012  ,XL,Men's Valueweight T,2.23,1,12,72,02-01-2026 8:41,C,https://myebrochure.co.uk/images/colours/fotl/fotl-44.jpg,https://myebrochure.co.uk/images/products/prod_15001_61036_166543.jpg,https://myebrochure.co.uk/images/products.small/prod_15001_61036_166543.jpg,https://myebrochure.co.uk/images/products.hires/prod_15001_61036_166543.jpg,https://myebrochure.co.uk/images/brands/fotl_23.png,https://myebrochure.co.uk/images/products.hires/prod_61036_141642.jpg,https://myebrochure.co.uk/images/products.hires/prod_61036_141641.jpg,https://myebrochure.co.uk/images/products.hires/prod_61036_141643.jpg,https://myebrochure.co.uk/images/products.hires/prod_15001_61036_166546.jpg,,,,,,,"<li>Crew neck with Cotton/ LYCRA&reg; rib</li> <li>Self&#45;fabric neck tape</li> <li>Fine knit gauge for enhanced printability</li> <li><b>Also available in ladies&#39; sizes code 61372, children&#39;s sizes code 61033 and girl&#39;s sizes code 61005</b></li>",1.75
3078,0000000030786,61036,TSHIRT,T-SHIRTS,MSSTSH,MENS SHORT SLEEVE T-SHIRT,FOTL,Fruit Of The Loom,MS0020,44,Orange,0012  ,2XL,Men's Valueweight T,2.23,1,12,72,02-01-2026 8:41,C,https://myebrochure.co.uk/images/colours/fotl/fotl-44.jpg,https://myebrochure.co.uk/images/products/prod_15001_61036_166543.jpg,https://myebrochure.co.uk/images/products.small/prod_15001_61036_166543.jpg,https://myebrochure.co.uk/images/products.hires/prod_15001_61036_166543.jpg,https://myebrochure.co.uk/images/brands/fotl_23.png,https://myebrochure.co.uk/images/products.hires/prod_61036_141642.jpg,https://myebrochure.co.uk/images/products.hires/prod_61036_141641.jpg,https://myebrochure.co.uk/images/products.hires/prod_61036_141643.jpg,https://myebrochure.co.uk/images/products.hires/prod_15001_61036_166546.jpg,,,,,,,"<li>Crew neck with Cotton/ LYCRA&reg; rib</li> <li>Self&#45;fabric neck tape</li> <li>Fine knit gauge for enhanced printability</li> <li><b>Also available in ladies&#39; sizes code 61372, children&#39;s sizes code 61033 and girl&#39;s sizes code 61005</b></li>",1.75
3080,0000000030809,61036,TSHIRT,T-SHIRTS,MSSTSH,MENS SHORT SLEEVE T-SHIRT,FOTL,Fruit Of The Loom,MS0020,51,Royal,0012  ,Small,Men's Valueweight T,2.23,1,12,72,02-01-2026 8:41,C,https://myebrochure.co.uk/images/colours/fotl/fotl-51.jpg,https://myebrochure.co.uk/images/products/prod_15001_61036_166543.jpg,https://myebrochure.co.uk/images/products.small/prod_15001_61036_166543.jpg,https://myebrochure.co.uk/images/products.hires/prod_15001_61036_166543.jpg,https://myebrochure.co.uk/images/brands/fotl_23.png,https://myebrochure.co.uk/images/products.hires/prod_61036_141648.jpg,https://myebrochure.co.uk/images/products.hires/prod_61036_141647.jpg,https://myebrochure.co.uk/images/products.hires/prod_61036_141649.jpg,,,,,,,,"<li>Crew neck with Cotton/ LYCRA&reg; rib</li> <li>Self&#45;fabric neck tape</li> <li>Fine knit gauge for enhanced printability</li> <li><b>Also available in ladies&#39; sizes code 61372, children&#39;s sizes code 61033 and girl&#39;s sizes code 61005</b></li>",1.75
3081,0000000030816,61036,TSHIRT,T-SHIRTS,MSSTSH,MENS SHORT SLEEVE T-SHIRT,FOTL,Fruit Of The Loom,MS0020,51,Royal,0012  ,Medium,Men's Valueweight T,2.23,1,12,72,02-01-2026 8:41,C,https://myebrochure.co.uk/images/colours/fotl/fotl-51.jpg,https://myebrochure.co.uk/images/products/prod_15001_61036_166543.jpg,https://myebrochure.co.uk/images/products.small/prod_15001_61036_166543.jpg,https://myebrochure.co.uk/images/products.hires/prod_15001_61036_166543.jpg,https://myebrochure.co.uk/images/brands/fotl_23.png,https://myebrochure.co.uk/images/products.hires/prod_61036_141648.jpg,https://myebrochure.co.uk/images/products.hires/prod_61036_141647.jpg,https://myebrochure.co.uk/images/products.hires/prod_61036_141649.jpg,,,,,,,,"<li>Crew neck with Cotton/ LYCRA&reg; rib</li> <li>Self&#45;fabric neck tape</li> <li>Fine knit gauge for enhanced printability</li> <li><b>Also available in ladies&#39; sizes code 61372, children&#39;s sizes code 61033 and girl&#39;s sizes code 61005</b></li>",1.75
3082,0000000030823,61036,TSHIRT,T-SHIRTS,MSSTSH,MENS SHORT SLEEVE T-SHIRT,FOTL,Fruit Of The Loom,MS0020,51,Royal,0012  ,Large,Men's Valueweight T,2.23,1,12,72,02-01-2026 8:41,C,https://myebrochure.co.uk/images/colours/fotl/fotl-51.jpg,https://myebrochure.co.uk/images/products/prod_15001_61036_166543.jpg,https://myebrochure.co.uk/images/products.small/prod_15001_61036_166543.jpg,https://myebrochure.co.uk/images/products.hires/prod_15001_61036_166543.jpg,https://myebrochure.co.uk/images/brands/fotl_23.png,https://myebrochure.co.uk/images/products.hires/prod_61036_141648.jpg,https://myebrochure.co.uk/images/products.hires/prod_61036_141647.jpg,https://myebrochure.co.uk/images/products.hires/prod_61036_141649.jpg,,,,,,,,"<li>Crew neck with Cotton/ LYCRA&reg; rib</li> <li>Self&#45;fabric neck tape</li> <li>Fine knit gauge for enhanced printability</li> <li><b>Also available in ladies&#39; sizes code 61372, children&#39;s sizes code 61033 and girl&#39;s sizes code 61005</b></li>",1.75
3083,0000000030830,61036,TSHIRT,T-SHIRTS,MSSTSH,MENS SHORT SLEEVE T-SHIRT,FOTL,Fruit Of The Loom,MS0020,51,Royal,0012  ,XL,Men's Valueweight T,2.23,1,12,72,02-01-2026 8:41,C,https://myebrochure.co.uk/images/colours/fotl/fotl-51.jpg,https://myebrochure.co.uk/images/products/prod_15001_61036_166543.jpg,https://myebrochure.co.uk/images/products.small/prod_15001_61036_166543.jpg,https://myebrochure.co.uk/images/products.hires/prod_15001_61036_166543.jpg,https://myebrochure.co.uk/images/brands/fotl_23.png,https://myebrochure.co.uk/images/products.hires/prod_61036_141648.jpg,https://myebrochure.co.uk/images/products.hires/prod_61036_141647.jpg,https://myebrochure.co.uk/images/products.hires/prod_61036_141649.jpg,,,,,,,,"<li>Crew neck with Cotton/ LYCRA&reg; rib</li> <li>Self&#45;fabric neck tape</li> <li>Fine knit gauge for enhanced printability</li> <li><b>Also available in ladies&#39; sizes code 61372, children&#39;s sizes code 61033 and girl&#39;s sizes code 61005</b></li>",1.75
3084,0000000030847,61036,TSHIRT,T-SHIRTS,MSSTSH,MENS SHORT SLEEVE T-SHIRT,FOTL,Fruit Of The Loom,MS0020,51,Royal,0012  ,2XL,Men's Valueweight T,2.23,1,12,72,02-01-2026 8:41,C,https://myebrochure.co.uk/images/colours/fotl/fotl-51.jpg,https://myebrochure.co.uk/images/products/prod_15001_61036_166543.jpg,https://myebrochure.co.uk/images/products.small/prod_15001_61036_166543.jpg,https://myebrochure.co.uk/images/products.hires/prod_15001_61036_166543.jpg,https://myebrochure.co.uk/images/brands/fotl_23.png,https://myebrochure.co.uk/images/products.hires/prod_61036_141648.jpg,https://myebrochure.co.uk/images/products.hires/prod_61036_141647.jpg,https://myebrochure.co.uk/images/products.hires/prod_61036_141649.jpg,,,,,,,,"<li>Crew neck with Cotton/ LYCRA&reg; rib</li> <li>Self&#45;fabric neck tape</li> <li>Fine knit gauge for enhanced printability</li> <li><b>Also available in ladies&#39; sizes code 61372, children&#39;s sizes code 61033 and girl&#39;s sizes code 61005</b></li>",1.75
3086,0000000030861,61036,TSHIRT,T-SHIRTS,MSSTSH,MENS SHORT SLEEVE T-SHIRT,FOTL,Fruit Of The Loom,MS0020,AZ,Deep Navy,0012  ,Small,Men's Valueweight T,2.23,1,12,72,02-01-2026 8:41,C,https://myebrochure.co.uk/images/colours/fotl/fotl-az.jpg,https://myebrochure.co.uk/images/products/prod_15001_61036_166543.jpg,https://myebrochure.co.uk/images/products.small/prod_15001_61036_166543.jpg,https://myebrochure.co.uk/images/products.hires/prod_15001_61036_166543.jpg,https://myebrochure.co.uk/images/brands/fotl_23.png,https://myebrochure.co.uk/images/products.hires/prod_61036_141663.jpg,https://myebrochure.co.uk/images/products.hires/prod_61036_141662.jpg,https://myebrochure.co.uk/images/products.hires/prod_61036_141664.jpg,https://myebrochure.co.uk/images/products.hires/prod_15001_61036_166542.jpg,,,,,,,"<li>Crew neck with Cotton/ LYCRA&reg; rib</li> <li>Self&#45;fabric neck tape</li> <li>Fine knit gauge for enhanced printability</li> <li><b>Also available in ladies&#39; sizes code 61372, children&#39;s sizes code 61033 and girl&#39;s sizes code 61005</b></li>",1.75
3087,0000000030878,61036,TSHIRT,T-SHIRTS,MSSTSH,MENS SHORT SLEEVE T-SHIRT,FOTL,Fruit Of The Loom,MS0020,AZ,Deep Navy,0012  ,Medium,Men's Valueweight T,2.23,1,12,72,02-01-2026 8:41,C,https://myebrochure.co.uk/images/colours/fotl/fotl-az.jpg,https://myebrochure.co.uk/images/products/prod_15001_61036_166543.jpg,https://myebrochure.co.uk/images/products.small/prod_15001_61036_166543.jpg,https://myebrochure.co.uk/images/products.hires/prod_15001_61036_166543.jpg,https://myebrochure.co.uk/images/brands/fotl_23.png,https://myebrochure.co.uk/images/products.hires/prod_61036_141663.jpg,https://myebrochure.co.uk/images/products.hires/prod_61036_141662.jpg,https://myebrochure.co.uk/images/products.hires/prod_61036_141664.jpg,https://myebrochure.co.uk/images/products.hires/prod_15001_61036_166542.jpg,,,,,,,"<li>Crew neck with Cotton/ LYCRA&reg; rib</li> <li>Self&#45;fabric neck tape</li> <li>Fine knit gauge for enhanced printability</li> <li><b>Also available in ladies&#39; sizes code 61372, children&#39;s sizes code 61033 and girl&#39;s sizes code 61005</b></li>",1.75
3088,0000000030885,61036,TSHIRT,T-SHIRTS,MSSTSH,MENS SHORT SLEEVE T-SHIRT,FOTL,Fruit Of The Loom,MS0020,AZ,Deep Navy,0012  ,Large,Men's Valueweight T,2.23,1,12,72,02-01-2026 8:41,C,https://myebrochure.co.uk/images/colours/fotl/fotl-az.jpg,https://myebrochure.co.uk/images/products/prod_15001_61036_166543.jpg,https://myebrochure.co.uk/images/products.small/prod_15001_61036_166543.jpg,https://myebrochure.co.uk/images/products.hires/prod_15001_61036_166543.jpg,https://myebrochure.co.uk/images/brands/fotl_23.png,https://myebrochure.co.uk/images/products.hires/prod_61036_141663.jpg,https://myebrochure.co.uk/images/products.hires/prod_61036_141662.jpg,https://myebrochure.co.uk/images/products.hires/prod_61036_141664.jpg,https://myebrochure.co.uk/images/products.hires/prod_15001_61036_166542.jpg,,,,,,,"<li>Crew neck with Cotton/ LYCRA&reg; rib</li> <li>Self&#45;fabric neck tape</li> <li>Fine knit gauge for enhanced printability</li> <li><b>Also available in ladies&#39; sizes code 61372, children&#39;s sizes code 61033 and girl&#39;s sizes code 61005</b></li>",1.75
3089,0000000030892,61036,TSHIRT,T-SHIRTS,MSSTSH,MENS SHORT SLEEVE T-SHIRT,FOTL,Fruit Of The Loom,MS0020,AZ,Deep Navy,0012  ,XL,Men's Valueweight T,2.23,1,12,72,02-01-2026 8:41,C,https://myebrochure.co.uk/images/colours/fotl/fotl-az.jpg,https://myebrochure.co.uk/images/products/prod_15001_61036_166543.jpg,https://myebrochure.co.uk/images/products.small/prod_15001_61036_166543.jpg,https://myebrochure.co.uk/images/products.hires/prod_15001_61036_166543.jpg,https://myebrochure.co.uk/images/brands/fotl_23.png,https://myebrochure.co.uk/images/products.hires/prod_61036_141663.jpg,https://myebrochure.co.uk/images/products.hires/prod_61036_141662.jpg,https://myebrochure.co.uk/images/products.hires/prod_61036_141664.jpg,https://myebrochure.co.uk/images/products.hires/prod_15001_61036_166542.jpg,,,,,,,"<li>Crew neck with Cotton/ LYCRA&reg; rib</li> <li>Self&#45;fabric neck tape</li> <li>Fine knit gauge for enhanced printability</li> <li><b>Also available in ladies&#39; sizes code 61372, children&#39;s sizes code 61033 and girl&#39;s sizes code 61005</b></li>",1.75
3090,0000000030908,61036,TSHIRT,T-SHIRTS,MSSTSH,MENS SHORT SLEEVE T-SHIRT,FOTL,Fruit Of The Loom,MS0020,AZ,Deep Navy,0012  ,2XL,Men's Valueweight T,2.23,1,12,72,02-01-2026 8:41,C,https://myebrochure.co.uk/images/colours/fotl/fotl-az.jpg,https://myebrochure.co.uk/images/products/prod_15001_61036_166543.jpg,https://myebrochure.co.uk/images/products.small/prod_15001_61036_166543.jpg,https://myebrochure.co.uk/images/products.hires/prod_15001_61036_166543.jpg,https://myebrochure.co.uk/images/brands/fotl_23.png,https://myebrochure.co.uk/images/products.hires/prod_61036_141663.jpg,https://myebrochure.co.uk/images/products.hires/prod_61036_141662.jpg,https://myebrochure.co.uk/images/products.hires/prod_61036_141664.jpg,https://myebrochure.co.uk/images/products.hires/prod_15001_61036_166542.jpg,,,,,,,"<li>Crew neck with Cotton/ LYCRA&reg; rib</li> <li>Self&#45;fabric neck tape</li> <li>Fine knit gauge for enhanced printability</li> <li><b>Also available in ladies&#39; sizes code 61372, children&#39;s sizes code 61033 and girl&#39;s sizes code 61005</b></li>",1.75
3092,0000000030922,61036,TSHIRT,T-SHIRTS,MSSTSH,MENS SHORT SLEEVE T-SHIRT,FOTL,Fruit Of The Loom,MS0020,PE,Purple,0012  ,Small,Men's Valueweight T,2.23,1,12,72,02-01-2026 8:41,C,https://myebrochure.co.uk/images/colours/fotl/fotl-pe.jpg,https://myebrochure.co.uk/images/products/prod_15001_61036_166543.jpg,https://myebrochure.co.uk/images/products.small/prod_15001_61036_166543.jpg,https://myebrochure.co.uk/images/products.hires/prod_15001_61036_166543.jpg,https://myebrochure.co.uk/images/brands/fotl_23.png,https://myebrochure.co.uk/images/products.hires/prod_61036_141684.jpg,https://myebrochure.co.uk/images/products.hires/prod_61036_141683.jpg,https://myebrochure.co.uk/images/products.hires/prod_61036_141685.jpg,,,,,,,,"<li>Crew neck with Cotton/ LYCRA&reg; rib</li> <li>Self&#45;fabric neck tape</li> <li>Fine knit gauge for enhanced printability</li> <li><b>Also available in ladies&#39; sizes code 61372, children&#39;s sizes code 61033 and girl&#39;s sizes code 61005</b></li>",1.75
3093,0000000030939,61036,TSHIRT,T-SHIRTS,MSSTSH,MENS SHORT SLEEVE T-SHIRT,FOTL,Fruit Of The Loom,MS0020,PE,Purple,0012  ,Medium,Men's Valueweight T,2.23,1,12,72,02-01-2026 8:41,C,https://myebrochure.co.uk/images/colours/fotl/fotl-pe.jpg,https://myebrochure.co.uk/images/products/prod_15001_61036_166543.jpg,https://myebrochure.co.uk/images/products.small/prod_15001_61036_166543.jpg,https://myebrochure.co.uk/images/products.hires/prod_15001_61036_166543.jpg,https://myebrochure.co.uk/images/brands/fotl_23.png,https://myebrochure.co.uk/images/products.hires/prod_61036_141684.jpg,https://myebrochure.co.uk/images/products.hires/prod_61036_141683.jpg,https://myebrochure.co.uk/images/products.hires/prod_61036_141685.jpg,,,,,,,,"<li>Crew neck with Cotton/ LYCRA&reg; rib</li> <li>Self&#45;fabric neck tape</li> <li>Fine knit gauge for enhanced printability</li> <li><b>Also available in ladies&#39; sizes code 61372, children&#39;s sizes code 61033 and girl&#39;s sizes code 61005</b></li>",1.75
3094,0000000030946,61036,TSHIRT,T-SHIRTS,MSSTSH,MENS SHORT SLEEVE T-SHIRT,FOTL,Fruit Of The Loom,MS0020,PE,Purple,0012  ,Large,Men's Valueweight T,2.23,1,12,72,02-01-2026 8:41,C,https://myebrochure.co.uk/images/colours/fotl/fotl-pe.jpg,https://myebrochure.co.uk/images/products/prod_15001_61036_166543.jpg,https://myebrochure.co.uk/images/products.small/prod_15001_61036_166543.jpg,https://myebrochure.co.uk/images/products.hires/prod_15001_61036_166543.jpg,https://myebrochure.co.uk/images/brands/fotl_23.png,https://myebrochure.co.uk/images/products.hires/prod_61036_141684.jpg,https://myebrochure.co.uk/images/products.hires/prod_61036_141683.jpg,https://myebrochure.co.uk/images/products.hires/prod_61036_141685.jpg,,,,,,,,"<li>Crew neck with Cotton/ LYCRA&reg; rib</li> <li>Self&#45;fabric neck tape</li> <li>Fine knit gauge for enhanced printability</li> <li><b>Also available in ladies&#39; sizes code 61372, children&#39;s sizes code 61033 and girl&#39;s sizes code 61005</b></li>",1.75
3095,0000000030953,61036,TSHIRT,T-SHIRTS,MSSTSH,MENS SHORT SLEEVE T-SHIRT,FOTL,Fruit Of The Loom,MS0020,PE,Purple,0012  ,XL,Men's Valueweight T,2.23,1,12,72,02-01-2026 8:41,C,https://myebrochure.co.uk/images/colours/fotl/fotl-pe.jpg,https://myebrochure.co.uk/images/products/prod_15001_61036_166543.jpg,https://myebrochure.co.uk/images/products.small/prod_15001_61036_166543.jpg,https://myebrochure.co.uk/images/products.hires/prod_15001_61036_166543.jpg,https://myebrochure.co.uk/images/brands/fotl_23.png,https://myebrochure.co.uk/images/products.hires/prod_61036_141684.jpg,https://myebrochure.co.uk/images/products.hires/prod_61036_141683.jpg,https://myebrochure.co.uk/images/products.hires/prod_61036_141685.jpg,,,,,,,,"<li>Crew neck with Cotton/ LYCRA&reg; rib</li> <li>Self&#45;fabric neck tape</li> <li>Fine knit gauge for enhanced printability</li> <li><b>Also available in ladies&#39; sizes code 61372, children&#39;s sizes code 61033 and girl&#39;s sizes code 61005</b></li>",1.75
3096,0000000030960,61036,TSHIRT,T-SHIRTS,MSSTSH,MENS SHORT SLEEVE T-SHIRT,FOTL,Fruit Of The Loom,MS0020,PE,Purple,0012  ,2XL,Men's Valueweight T,2.23,1,12,72,02-01-2026 8:41,C,https://myebrochure.co.uk/images/colours/fotl/fotl-pe.jpg,https://myebrochure.co.uk/images/products/prod_15001_61036_166543.jpg,https://myebrochure.co.uk/images/products.small/prod_15001_61036_166543.jpg,https://myebrochure.co.uk/images/products.hires/prod_15001_61036_166543.jpg,https://myebrochure.co.uk/images/brands/fotl_23.png,https://myebrochure.co.uk/images/products.hires/prod_61036_141684.jpg,https://myebrochure.co.uk/images/products.hires/prod_61036_141683.jpg,https://myebrochure.co.uk/images/products.hires/prod_61036_141685.jpg,,,,,,,,"<li>Crew neck with Cotton/ LYCRA&reg; rib</li> <li>Self&#45;fabric neck tape</li> <li>Fine knit gauge for enhanced printability</li> <li><b>Also available in ladies&#39; sizes code 61372, children&#39;s sizes code 61033 and girl&#39;s sizes code 61005</b></li>",1.75
3103,0000000031035,61036,TSHIRT,T-SHIRTS,MSSTSH,MENS SHORT SLEEVE T-SHIRT,FOTL,Fruit Of The Loom,MS0020,47,Kelly Green,0012  ,Small,Men's Valueweight T,2.23,1,12,72,02-01-2026 8:41,C,https://myebrochure.co.uk/images/colours/fotl/fotl-47.jpg,https://myebrochure.co.uk/images/products/prod_15001_61036_166543.jpg,https://myebrochure.co.uk/images/products.small/prod_15001_61036_166543.jpg,https://myebrochure.co.uk/images/products.hires/prod_15001_61036_166543.jpg,https://myebrochure.co.uk/images/brands/fotl_23.png,https://myebrochure.co.uk/images/products.hires/prod_61036_141645.jpg,https://myebrochure.co.uk/images/products.hires/prod_61036_141644.jpg,https://myebrochure.co.uk/images/products.hires/prod_61036_141646.jpg,,,,,,,,"<li>Crew neck with Cotton/ LYCRA&reg; rib</li> <li>Self&#45;fabric neck tape</li> <li>Fine knit gauge for enhanced printability</li> <li><b>Also available in ladies&#39; sizes code 61372, children&#39;s sizes code 61033 and girl&#39;s sizes code 61005</b></li>",1.75
3104,0000000031042,61036,TSHIRT,T-SHIRTS,MSSTSH,MENS SHORT SLEEVE T-SHIRT,FOTL,Fruit Of The Loom,MS0020,47,Kelly Green,0012  ,Medium,Men's Valueweight T,2.23,1,12,72,02-01-2026 8:41,C,https://myebrochure.co.uk/images/colours/fotl/fotl-47.jpg,https://myebrochure.co.uk/images/products/prod_15001_61036_166543.jpg,https://myebrochure.co.uk/images/products.small/prod_15001_61036_166543.jpg,https://myebrochure.co.uk/images/products.hires/prod_15001_61036_166543.jpg,https://myebrochure.co.uk/images/brands/fotl_23.png,https://myebrochure.co.uk/images/products.hires/prod_61036_141645.jpg,https://myebrochure.co.uk/images/products.hires/prod_61036_141644.jpg,https://myebrochure.co.uk/images/products.hires/prod_61036_141646.jpg,,,,,,,,"<li>Crew neck with Cotton/ LYCRA&reg; rib</li> <li>Self&#45;fabric neck tape</li> <li>Fine knit gauge for enhanced printability</li> <li><b>Also available in ladies&#39; sizes code 61372, children&#39;s sizes code 61033 and girl&#39;s sizes code 61005</b></li>",1.75
3105,0000000031059,61036,TSHIRT,T-SHIRTS,MSSTSH,MENS SHORT SLEEVE T-SHIRT,FOTL,Fruit Of The Loom,MS0020,47,Kelly Green,0012  ,Large,Men's Valueweight T,2.23,1,12,72,02-01-2026 8:41,C,https://myebrochure.co.uk/images/colours/fotl/fotl-47.jpg,https://myebrochure.co.uk/images/products/prod_15001_61036_166543.jpg,https://myebrochure.co.uk/images/products.small/prod_15001_61036_166543.jpg,https://myebrochure.co.uk/images/products.hires/prod_15001_61036_166543.jpg,https://myebrochure.co.uk/images/brands/fotl_23.png,https://myebrochure.co.uk/images/products.hires/prod_61036_141645.jpg,https://myebrochure.co.uk/images/products.hires/prod_61036_141644.jpg,https://myebrochure.co.uk/images/products.hires/prod_61036_141646.jpg,,,,,,,,"<li>Crew neck with Cotton/ LYCRA&reg; rib</li> <li>Self&#45;fabric neck tape</li> <li>Fine knit gauge for enhanced printability</li> <li><b>Also available in ladies&#39; sizes code 61372, children&#39;s sizes code 61033 and girl&#39;s sizes code 61005</b></li>",1.75
3106,0000000031066,61036,TSHIRT,T-SHIRTS,MSSTSH,MENS SHORT SLEEVE T-SHIRT,FOTL,Fruit Of The Loom,MS0020,47,Kelly Green,0012  ,XL,Men's Valueweight T,2.23,1,12,72,02-01-2026 8:41,C,https://myebrochure.co.uk/images/colours/fotl/fotl-47.jpg,https://myebrochure.co.uk/images/products/prod_15001_61036_166543.jpg,https://myebrochure.co.uk/images/products.small/prod_15001_61036_166543.jpg,https://myebrochure.co.uk/images/products.hires/prod_15001_61036_166543.jpg,https://myebrochure.co.uk/images/brands/fotl_23.png,https://myebrochure.co.uk/images/products.hires/prod_61036_141645.jpg,https://myebrochure.co.uk/images/products.hires/prod_61036_141644.jpg,https://myebrochure.co.uk/images/products.hires/prod_61036_141646.jpg,,,,,,,,"<li>Crew neck with Cotton/ LYCRA&reg; rib</li> <li>Self&#45;fabric neck tape</li> <li>Fine knit gauge for enhanced printability</li> <li><b>Also available in ladies&#39; sizes code 61372, children&#39;s sizes code 61033 and girl&#39;s sizes code 61005</b></li>",1.75
3107,0000000031073,61036,TSHIRT,T-SHIRTS,MSSTSH,MENS SHORT SLEEVE T-SHIRT,FOTL,Fruit Of The Loom,MS0020,47,Kelly Green,0012  ,2XL,Men's Valueweight T,2.23,1,12,72,02-01-2026 8:41,C,https://myebrochure.co.uk/images/colours/fotl/fotl-47.jpg,https://myebrochure.co.uk/images/products/prod_15001_61036_166543.jpg,https://myebrochure.co.uk/images/products.small/prod_15001_61036_166543.jpg,https://myebrochure.co.uk/images/products.hires/prod_15001_61036_166543.jpg,https://myebrochure.co.uk/images/brands/fotl_23.png,https://myebrochure.co.uk/images/products.hires/prod_61036_141645.jpg,https://myebrochure.co.uk/images/products.hires/prod_61036_141644.jpg,https://myebrochure.co.uk/images/products.hires/prod_61036_141646.jpg,,,,,,,,"<li>Crew neck with Cotton/ LYCRA&reg; rib</li> <li>Self&#45;fabric neck tape</li> <li>Fine knit gauge for enhanced printability</li> <li><b>Also available in ladies&#39; sizes code 61372, children&#39;s sizes code 61033 and girl&#39;s sizes code 61005</b></li>",1.75
3114,0000000031141,61036,TSHIRT,T-SHIRTS,MSSTSH,MENS SHORT SLEEVE T-SHIRT,FOTL,Fruit Of The Loom,MS0020,BGR,Bottle Green,0012  ,Small,Men's Valueweight T,2.23,1,12,72,02-01-2026 8:41,C,https://myebrochure.co.uk/images/colours/fotl/fotl-bgr.jpg,https://myebrochure.co.uk/images/products/prod_15001_61036_166543.jpg,https://myebrochure.co.uk/images/products.small/prod_15001_61036_166543.jpg,https://myebrochure.co.uk/images/products.hires/prod_15001_61036_166543.jpg,https://myebrochure.co.uk/images/brands/fotl_23.png,https://myebrochure.co.uk/images/products.hires/prod_61036_141630.jpg,https://myebrochure.co.uk/images/products.hires/prod_61036_141629.jpg,https://myebrochure.co.uk/images/products.hires/prod_61036_141631.jpg,,,,,,,,"<li>Crew neck with Cotton/ LYCRA&reg; rib</li> <li>Self&#45;fabric neck tape</li> <li>Fine knit gauge for enhanced printability</li> <li><b>Also available in ladies&#39; sizes code 61372, children&#39;s sizes code 61033 and girl&#39;s sizes code 61005</b></li>",1.75
3115,0000000031158,61036,TSHIRT,T-SHIRTS,MSSTSH,MENS SHORT SLEEVE T-SHIRT,FOTL,Fruit Of The Loom,MS0020,BGR,Bottle Green,0012  ,Medium,Men's Valueweight T,2.23,1,12,72,02-01-2026 8:41,C,https://myebrochure.co.uk/images/colours/fotl/fotl-bgr.jpg,https://myebrochure.co.uk/images/products/prod_15001_61036_166543.jpg,https://myebrochure.co.uk/images/products.small/prod_15001_61036_166543.jpg,https://myebrochure.co.uk/images/products.hires/prod_15001_61036_166543.jpg,https://myebrochure.co.uk/images/brands/fotl_23.png,https://myebrochure.co.uk/images/products.hires/prod_61036_141630.jpg,https://myebrochure.co.uk/images/products.hires/prod_61036_141629.jpg,https://myebrochure.co.uk/images/products.hires/prod_61036_141631.jpg,,,,,,,,"<li>Crew neck with Cotton/ LYCRA&reg; rib</li> <li>Self&#45;fabric neck tape</li> <li>Fine knit gauge for enhanced printability</li> <li><b>Also available in ladies&#39; sizes code 61372, children&#39;s sizes code 61033 and girl&#39;s sizes code 61005</b></li>",1.75
3116,0000000031165,61036,TSHIRT,T-SHIRTS,MSSTSH,MENS SHORT SLEEVE T-SHIRT,FOTL,Fruit Of The Loom,MS0020,BGR,Bottle Green,0012  ,Large,Men's Valueweight T,2.23,1,12,72,02-01-2026 8:41,C,https://myebrochure.co.uk/images/colours/fotl/fotl-bgr.jpg,https://myebrochure.co.uk/images/products/prod_15001_61036_166543.jpg,https://myebrochure.co.uk/images/products.small/prod_15001_61036_166543.jpg,https://myebrochure.co.uk/images/products.hires/prod_15001_61036_166543.jpg,https://myebrochure.co.uk/images/brands/fotl_23.png,https://myebrochure.co.uk/images/products.hires/prod_61036_141630.jpg,https://myebrochure.co.uk/images/products.hires/prod_61036_141629.jpg,https://myebrochure.co.uk/images/products.hires/prod_61036_141631.jpg,,,,,,,,"<li>Crew neck with Cotton/ LYCRA&reg; rib</li> <li>Self&#45;fabric neck tape</li> <li>Fine knit gauge for enhanced printability</li> <li><b>Also available in ladies&#39; sizes code 61372, children&#39;s sizes code 61033 and girl&#39;s sizes code 61005</b></li>",1.75
3117,0000000031172,61036,TSHIRT,T-SHIRTS,MSSTSH,MENS SHORT SLEEVE T-SHIRT,FOTL,Fruit Of The Loom,MS0020,BGR,Bottle Green,0012  ,XL,Men's Valueweight T,2.23,1,12,72,02-01-2026 8:41,C,https://myebrochure.co.uk/images/colours/fotl/fotl-bgr.jpg,https://myebrochure.co.uk/images/products/prod_15001_61036_166543.jpg,https://myebrochure.co.uk/images/products.small/prod_15001_61036_166543.jpg,https://myebrochure.co.uk/images/products.hires/prod_15001_61036_166543.jpg,https://myebrochure.co.uk/images/brands/fotl_23.png,https://myebrochure.co.uk/images/products.hires/prod_61036_141630.jpg,https://myebrochure.co.uk/images/products.hires/prod_61036_141629.jpg,https://myebrochure.co.uk/images/products.hires/prod_61036_141631.jpg,,,,,,,,"<li>Crew neck with Cotton/ LYCRA&reg; rib</li> <li>Self&#45;fabric neck tape</li> <li>Fine knit gauge for enhanced printability</li> <li><b>Also available in ladies&#39; sizes code 61372, children&#39;s sizes code 61033 and girl&#39;s sizes code 61005</b></li>",1.75
3118,0000000031189,61036,TSHIRT,T-SHIRTS,MSSTSH,MENS SHORT SLEEVE T-SHIRT,FOTL,Fruit Of The Loom,MS0020,BGR,Bottle Green,0012  ,2XL,Men's Valueweight T,2.23,1,12,72,02-01-2026 8:41,C,https://myebrochure.co.uk/images/colours/fotl/fotl-bgr.jpg,https://myebrochure.co.uk/images/products/prod_15001_61036_166543.jpg,https://myebrochure.co.uk/images/products.small/prod_15001_61036_166543.jpg,https://myebrochure.co.uk/images/products.hires/prod_15001_61036_166543.jpg,https://myebrochure.co.uk/images/brands/fotl_23.png,https://myebrochure.co.uk/images/products.hires/prod_61036_141630.jpg,https://myebrochure.co.uk/images/products.hires/prod_61036_141629.jpg,https://myebrochure.co.uk/images/products.hires/prod_61036_141631.jpg,,,,,,,,"<li>Crew neck with Cotton/ LYCRA&reg; rib</li> <li>Self&#45;fabric neck tape</li> <li>Fine knit gauge for enhanced printability</li> <li><b>Also available in ladies&#39; sizes code 61372, children&#39;s sizes code 61033 and girl&#39;s sizes code 61005</b></li>",1.75
3120,0000000031202,61036,TSHIRT,T-SHIRTS,MSSTSH,MENS SHORT SLEEVE T-SHIRT,FOTL,Fruit Of The Loom,MS0020,40,Red,0012  ,Small,Men's Valueweight T,2.23,1,12,72,02-01-2026 8:41,C,https://myebrochure.co.uk/images/colours/fotl/fotl-40.jpg,https://myebrochure.co.uk/images/products/prod_15001_61036_166543.jpg,https://myebrochure.co.uk/images/products.small/prod_15001_61036_166543.jpg,https://myebrochure.co.uk/images/products.hires/prod_15001_61036_166543.jpg,https://myebrochure.co.uk/images/brands/fotl_23.png,https://myebrochure.co.uk/images/products.hires/prod_61036_141636.jpg,https://myebrochure.co.uk/images/products.hires/prod_61036_141635.jpg,https://myebrochure.co.uk/images/products.hires/prod_61036_141637.jpg,https://myebrochure.co.uk/images/products.hires/prod_15001_61036_166545.jpg,,,,,,,"<li>Crew neck with Cotton/ LYCRA&reg; rib</li> <li>Self&#45;fabric neck tape</li> <li>Fine knit gauge for enhanced printability</li> <li><b>Also available in ladies&#39; sizes code 61372, children&#39;s sizes code 61033 and girl&#39;s sizes code 61005</b></li>",1.75
3121,0000000031219,61036,TSHIRT,T-SHIRTS,MSSTSH,MENS SHORT SLEEVE T-SHIRT,FOTL,Fruit Of The Loom,MS0020,40,Red,0012  ,Medium,Men's Valueweight T,2.23,1,12,72,02-01-2026 8:41,C,https://myebrochure.co.uk/images/colours/fotl/fotl-40.jpg,https://myebrochure.co.uk/images/products/prod_15001_61036_166543.jpg,https://myebrochure.co.uk/images/products.small/prod_15001_61036_166543.jpg,https://myebrochure.co.uk/images/products.hires/prod_15001_61036_166543.jpg,https://myebrochure.co.uk/images/brands/fotl_23.png,https://myebrochure.co.uk/images/products.hires/prod_61036_141636.jpg,https://myebrochure.co.uk/images/products.hires/prod_61036_141635.jpg,https://myebrochure.co.uk/images/products.hires/prod_61036_141637.jpg,https://myebrochure.co.uk/images/products.hires/prod_15001_61036_166545.jpg,,,,,,,"<li>Crew neck with Cotton/ LYCRA&reg; rib</li> <li>Self&#45;fabric neck tape</li> <li>Fine knit gauge for enhanced printability</li> <li><b>Also available in ladies&#39; sizes code 61372, children&#39;s sizes code 61033 and girl&#39;s sizes code 61005</b></li>",1.75
3122,0000000031226,61036,TSHIRT,T-SHIRTS,MSSTSH,MENS SHORT SLEEVE T-SHIRT,FOTL,Fruit Of The Loom,MS0020,40,Red,0012  ,Large,Men's Valueweight T,2.23,1,12,72,02-01-2026 8:41,C,https://myebrochure.co.uk/images/colours/fotl/fotl-40.jpg,https://myebrochure.co.uk/images/products/prod_15001_61036_166543.jpg,https://myebrochure.co.uk/images/products.small/prod_15001_61036_166543.jpg,https://myebrochure.co.uk/images/products.hires/prod_15001_61036_166543.jpg,https://myebrochure.co.uk/images/brands/fotl_23.png,https://myebrochure.co.uk/images/products.hires/prod_61036_141636.jpg,https://myebrochure.co.uk/images/products.hires/prod_61036_141635.jpg,https://myebrochure.co.uk/images/products.hires/prod_61036_141637.jpg,https://myebrochure.co.uk/images/products.hires/prod_15001_61036_166545.jpg,,,,,,,"<li>Crew neck with Cotton/ LYCRA&reg; rib</li> <li>Self&#45;fabric neck tape</li> <li>Fine knit gauge for enhanced printability</li> <li><b>Also available in ladies&#39; sizes code 61372, children&#39;s sizes code 61033 and girl&#39;s sizes code 61005</b></li>",1.75
3123,0000000031233,61036,TSHIRT,T-SHIRTS,MSSTSH,MENS SHORT SLEEVE T-SHIRT,FOTL,Fruit Of The Loom,MS0020,40,Red,0012  ,XL,Men's Valueweight T,2.23,1,12,72,02-01-2026 8:41,C,https://myebrochure.co.uk/images/colours/fotl/fotl-40.jpg,https://myebrochure.co.uk/images/products/prod_15001_61036_166543.jpg,https://myebrochure.co.uk/images/products.small/prod_15001_61036_166543.jpg,https://myebrochure.co.uk/images/products.hires/prod_15001_61036_166543.jpg,https://myebrochure.co.uk/images/brands/fotl_23.png,https://myebrochure.co.uk/images/products.hires/prod_61036_141636.jpg,https://myebrochure.co.uk/images/products.hires/prod_61036_141635.jpg,https://myebrochure.co.uk/images/products.hires/prod_61036_141637.jpg,https://myebrochure.co.uk/images/products.hires/prod_15001_61036_166545.jpg,,,,,,,"<li>Crew neck with Cotton/ LYCRA&reg; rib</li> <li>Self&#45;fabric neck tape</li> <li>Fine knit gauge for enhanced printability</li> <li><b>Also available in ladies&#39; sizes code 61372, children&#39;s sizes code 61033 and girl&#39;s sizes code 61005</b></li>",1.75
3124,0000000031240,61036,TSHIRT,T-SHIRTS,MSSTSH,MENS SHORT SLEEVE T-SHIRT,FOTL,Fruit Of The Loom,MS0020,40,Red,0012  ,2XL,Men's Valueweight T,2.23,1,12,72,02-01-2026 8:41,C,https://myebrochure.co.uk/images/colours/fotl/fotl-40.jpg,https://myebrochure.co.uk/images/products/prod_15001_61036_166543.jpg,https://myebrochure.co.uk/images/products.small/prod_15001_61036_166543.jpg,https://myebrochure.co.uk/images/products.hires/prod_15001_61036_166543.jpg,https://myebrochure.co.uk/images/brands/fotl_23.png,https://myebrochure.co.uk/images/products.hires/prod_61036_141636.jpg,https://myebrochure.co.uk/images/products.hires/prod_61036_141635.jpg,https://myebrochure.co.uk/images/products.hires/prod_61036_141637.jpg,https://myebrochure.co.uk/images/products.hires/prod_15001_61036_166545.jpg,,,,,,,"<li>Crew neck with Cotton/ LYCRA&reg; rib</li> <li>Self&#45;fabric neck tape</li> <li>Fine knit gauge for enhanced printability</li> <li><b>Also available in ladies&#39; sizes code 61372, children&#39;s sizes code 61033 and girl&#39;s sizes code 61005</b></li>",1.75
3126,0000000031264,61036,TSHIRT,T-SHIRTS,MSSTSH,MENS SHORT SLEEVE T-SHIRT,FOTL,Fruit Of The Loom,MS0020,41,Burgundy,0012  ,Small,Men's Valueweight T,2.23,1,12,72,02-01-2026 8:41,C,https://myebrochure.co.uk/images/colours/fotl/fotl-41.jpg,https://myebrochure.co.uk/images/products/prod_15001_61036_166543.jpg,https://myebrochure.co.uk/images/products.small/prod_15001_61036_166543.jpg,https://myebrochure.co.uk/images/products.hires/prod_15001_61036_166543.jpg,https://myebrochure.co.uk/images/brands/fotl_23.png,https://myebrochure.co.uk/images/products.hires/prod_61036_141639.jpg,https://myebrochure.co.uk/images/products.hires/prod_61036_141638.jpg,https://myebrochure.co.uk/images/products.hires/prod_61036_141640.jpg,,,,,,,,"<li>Crew neck with Cotton/ LYCRA&reg; rib</li> <li>Self&#45;fabric neck tape</li> <li>Fine knit gauge for enhanced printability</li> <li><b>Also available in ladies&#39; sizes code 61372, children&#39;s sizes code 61033 and girl&#39;s sizes code 61005</b></li>",1.75
3127,0000000031271,61036,TSHIRT,T-SHIRTS,MSSTSH,MENS SHORT SLEEVE T-SHIRT,FOTL,Fruit Of The Loom,MS0020,41,Burgundy,0012  ,Medium,Men's Valueweight T,2.23,1,12,72,02-01-2026 8:41,C,https://myebrochure.co.uk/images/colours/fotl/fotl-41.jpg,https://myebrochure.co.uk/images/products/prod_15001_61036_166543.jpg,https://myebrochure.co.uk/images/products.small/prod_15001_61036_166543.jpg,https://myebrochure.co.uk/images/products.hires/prod_15001_61036_166543.jpg,https://myebrochure.co.uk/images/brands/fotl_23.png,https://myebrochure.co.uk/images/products.hires/prod_61036_141639.jpg,https://myebrochure.co.uk/images/products.hires/prod_61036_141638.jpg,https://myebrochure.co.uk/images/products.hires/prod_61036_141640.jpg,,,,,,,,"<li>Crew neck with Cotton/ LYCRA&reg; rib</li> <li>Self&#45;fabric neck tape</li> <li>Fine knit gauge for enhanced printability</li> <li><b>Also available in ladies&#39; sizes code 61372, children&#39;s sizes code 61033 and girl&#39;s sizes code 61005</b></li>",1.75
3128,0000000031288,61036,TSHIRT,T-SHIRTS,MSSTSH,MENS SHORT SLEEVE T-SHIRT,FOTL,Fruit Of The Loom,MS0020,41,Burgundy,0012  ,Large,Men's Valueweight T,2.23,1,12,72,02-01-2026 8:41,C,https://myebrochure.co.uk/images/colours/fotl/fotl-41.jpg,https://myebrochure.co.uk/images/products/prod_15001_61036_166543.jpg,https://myebrochure.co.uk/images/products.small/prod_15001_61036_166543.jpg,https://myebrochure.co.uk/images/products.hires/prod_15001_61036_166543.jpg,https://myebrochure.co.uk/images/brands/fotl_23.png,https://myebrochure.co.uk/images/products.hires/prod_61036_141639.jpg,https://myebrochure.co.uk/images/products.hires/prod_61036_141638.jpg,https://myebrochure.co.uk/images/products.hires/prod_61036_141640.jpg,,,,,,,,"<li>Crew neck with Cotton/ LYCRA&reg; rib</li> <li>Self&#45;fabric neck tape</li> <li>Fine knit gauge for enhanced printability</li> <li><b>Also available in ladies&#39; sizes code 61372, children&#39;s sizes code 61033 and girl&#39;s sizes code 61005</b></li>",1.75
3129,0000000031295,61036,TSHIRT,T-SHIRTS,MSSTSH,MENS SHORT SLEEVE T-SHIRT,FOTL,Fruit Of The Loom,MS0020,41,Burgundy,0012  ,XL,Men's Valueweight T,2.23,1,12,72,02-01-2026 8:41,C,https://myebrochure.co.uk/images/colours/fotl/fotl-41.jpg,https://myebrochure.co.uk/images/products/prod_15001_61036_166543.jpg,https://myebrochure.co.uk/images/products.small/prod_15001_61036_166543.jpg,https://myebrochure.co.uk/images/products.hires/prod_15001_61036_166543.jpg,https://myebrochure.co.uk/images/brands/fotl_23.png,https://myebrochure.co.uk/images/products.hires/prod_61036_141639.jpg,https://myebrochure.co.uk/images/products.hires/prod_61036_141638.jpg,https://myebrochure.co.uk/images/products.hires/prod_61036_141640.jpg,,,,,,,,"<li>Crew neck with Cotton/ LYCRA&reg; rib</li> <li>Self&#45;fabric neck tape</li> <li>Fine knit gauge for enhanced printability</li> <li><b>Also available in ladies&#39; sizes code 61372, children&#39;s sizes code 61033 and girl&#39;s sizes code 61005</b></li>",1.75
3130,0000000031301,61036,TSHIRT,T-SHIRTS,MSSTSH,MENS SHORT SLEEVE T-SHIRT,FOTL,Fruit Of The Loom,MS0020,41,Burgundy,0012  ,2XL,Men's Valueweight T,2.23,1,12,72,02-01-2026 8:41,C,https://myebrochure.co.uk/images/colours/fotl/fotl-41.jpg,https://myebrochure.co.uk/images/products/prod_15001_61036_166543.jpg,https://myebrochure.co.uk/images/products.small/prod_15001_61036_166543.jpg,https://myebrochure.co.uk/images/products.hires/prod_15001_61036_166543.jpg,https://myebrochure.co.uk/images/brands/fotl_23.png,https://myebrochure.co.uk/images/products.hires/prod_61036_141639.jpg,https://myebrochure.co.uk/images/products.hires/prod_61036_141638.jpg,https://myebrochure.co.uk/images/products.hires/prod_61036_141640.jpg,,,,,,,,"<li>Crew neck with Cotton/ LYCRA&reg; rib</li> <li>Self&#45;fabric neck tape</li> <li>Fine knit gauge for enhanced printability</li> <li><b>Also available in ladies&#39; sizes code 61372, children&#39;s sizes code 61033 and girl&#39;s sizes code 61005</b></li>",1.75
3132,0000000031325,61036,TSHIRT,T-SHIRTS,MSSTSH,MENS SHORT SLEEVE T-SHIRT,FOTL,Fruit Of The Loom,MS0020,GL,Light Graphite,0012  ,Small,Men's Valueweight T,2.23,1,12,72,02-01-2026 8:41,C,https://myebrochure.co.uk/images/colours/fotl/fotl-gl.jpg,https://myebrochure.co.uk/images/products/prod_15001_61036_166543.jpg,https://myebrochure.co.uk/images/products.small/prod_15001_61036_166543.jpg,https://myebrochure.co.uk/images/products.hires/prod_15001_61036_166543.jpg,https://myebrochure.co.uk/images/brands/fotl_23.png,https://myebrochure.co.uk/images/products.hires/prod_61036_141717.jpg,https://myebrochure.co.uk/images/products.hires/prod_61036_141716.jpg,https://myebrochure.co.uk/images/products.hires/prod_61036_141718.jpg,,,,,,,,"<li>Crew neck with Cotton/ LYCRA&reg; rib</li> <li>Self&#45;fabric neck tape</li> <li>Fine knit gauge for enhanced printability</li> <li><b>Also available in ladies&#39; sizes code 61372, children&#39;s sizes code 61033 and girl&#39;s sizes code 61005</b></li>",1.75
3133,0000000031332,61036,TSHIRT,T-SHIRTS,MSSTSH,MENS SHORT SLEEVE T-SHIRT,FOTL,Fruit Of The Loom,MS0020,GL,Light Graphite,0012  ,Medium,Men's Valueweight T,2.23,1,12,72,02-01-2026 8:41,C,https://myebrochure.co.uk/images/colours/fotl/fotl-gl.jpg,https://myebrochure.co.uk/images/products/prod_15001_61036_166543.jpg,https://myebrochure.co.uk/images/products.small/prod_15001_61036_166543.jpg,https://myebrochure.co.uk/images/products.hires/prod_15001_61036_166543.jpg,https://myebrochure.co.uk/images/brands/fotl_23.png,https://myebrochure.co.uk/images/products.hires/prod_61036_141717.jpg,https://myebrochure.co.uk/images/products.hires/prod_61036_141716.jpg,https://myebrochure.co.uk/images/products.hires/prod_61036_141718.jpg,,,,,,,,"<li>Crew neck with Cotton/ LYCRA&reg; rib</li> <li>Self&#45;fabric neck tape</li> <li>Fine knit gauge for enhanced printability</li> <li><b>Also available in ladies&#39; sizes code 61372, children&#39;s sizes code 61033 and girl&#39;s sizes code 61005</b></li>",1.75
3134,0000000031349,61036,TSHIRT,T-SHIRTS,MSSTSH,MENS SHORT SLEEVE T-SHIRT,FOTL,Fruit Of The Loom,MS0020,GL,Light Graphite,0012  ,Large,Men's Valueweight T,2.23,1,12,72,02-01-2026 8:41,C,https://myebrochure.co.uk/images/colours/fotl/fotl-gl.jpg,https://myebrochure.co.uk/images/products/prod_15001_61036_166543.jpg,https://myebrochure.co.uk/images/products.small/prod_15001_61036_166543.jpg,https://myebrochure.co.uk/images/products.hires/prod_15001_61036_166543.jpg,https://myebrochure.co.uk/images/brands/fotl_23.png,https://myebrochure.co.uk/images/products.hires/prod_61036_141717.jpg,https://myebrochure.co.uk/images/products.hires/prod_61036_141716.jpg,https://myebrochure.co.uk/images/products.hires/prod_61036_141718.jpg,,,,,,,,"<li>Crew neck with Cotton/ LYCRA&reg; rib</li> <li>Self&#45;fabric neck tape</li> <li>Fine knit gauge for enhanced printability</li> <li><b>Also available in ladies&#39; sizes code 61372, children&#39;s sizes code 61033 and girl&#39;s sizes code 61005</b></li>",1.75
3135,0000000031356,61036,TSHIRT,T-SHIRTS,MSSTSH,MENS SHORT SLEEVE T-SHIRT,FOTL,Fruit Of The Loom,MS0020,GL,Light Graphite,0012  ,XL,Men's Valueweight T,2.23,1,12,72,02-01-2026 8:41,C,https://myebrochure.co.uk/images/colours/fotl/fotl-gl.jpg,https://myebrochure.co.uk/images/products/prod_15001_61036_166543.jpg,https://myebrochure.co.uk/images/products.small/prod_15001_61036_166543.jpg,https://myebrochure.co.uk/images/products.hires/prod_15001_61036_166543.jpg,https://myebrochure.co.uk/images/brands/fotl_23.png,https://myebrochure.co.uk/images/products.hires/prod_61036_141717.jpg,https://myebrochure.co.uk/images/products.hires/prod_61036_141716.jpg,https://myebrochure.co.uk/images/products.hires/prod_61036_141718.jpg,,,,,,,,"<li>Crew neck with Cotton/ LYCRA&reg; rib</li> <li>Self&#45;fabric neck tape</li> <li>Fine knit gauge for enhanced printability</li> <li><b>Also available in ladies&#39; sizes code 61372, children&#39;s sizes code 61033 and girl&#39;s sizes code 61005</b></li>",1.75
3136,0000000031363,61036,TSHIRT,T-SHIRTS,MSSTSH,MENS SHORT SLEEVE T-SHIRT,FOTL,Fruit Of The Loom,MS0020,GL,Light Graphite,0012  ,2XL,Men's Valueweight T,2.23,1,12,72,02-01-2026 8:41,C,https://myebrochure.co.uk/images/colours/fotl/fotl-gl.jpg,https://myebrochure.co.uk/images/products/prod_15001_61036_166543.jpg,https://myebrochure.co.uk/images/products.small/prod_15001_61036_166543.jpg,https://myebrochure.co.uk/images/products.hires/prod_15001_61036_166543.jpg,https://myebrochure.co.uk/images/brands/fotl_23.png,https://myebrochure.co.uk/images/products.hires/prod_61036_141717.jpg,https://myebrochure.co.uk/images/products.hires/prod_61036_141716.jpg,https://myebrochure.co.uk/images/products.hires/prod_61036_141718.jpg,,,,,,,,"<li>Crew neck with Cotton/ LYCRA&reg; rib</li> <li>Self&#45;fabric neck tape</li> <li>Fine knit gauge for enhanced printability</li> <li><b>Also available in ladies&#39; sizes code 61372, children&#39;s sizes code 61033 and girl&#39;s sizes code 61005</b></li>",1.75
3144,0000000031448,61036,TSHIRT,T-SHIRTS,MSSTSH,MENS SHORT SLEEVE T-SHIRT,FOTL,Fruit Of The Loom,MS0020,BX,Brick Red,0012  ,Small,Men's Valueweight T,2.23,1,12,72,02-01-2026 8:41,C,https://myebrochure.co.uk/images/colours/fotl/fotl-bx.jpg,https://myebrochure.co.uk/images/products/prod_15001_61036_166543.jpg,https://myebrochure.co.uk/images/products.small/prod_15001_61036_166543.jpg,https://myebrochure.co.uk/images/products.hires/prod_15001_61036_166543.jpg,https://myebrochure.co.uk/images/brands/fotl_23.png,https://myebrochure.co.uk/images/products.hires/prod_61036_141666.jpg,https://myebrochure.co.uk/images/products.hires/prod_61036_141665.jpg,https://myebrochure.co.uk/images/products.hires/prod_61036_141667.jpg,,,,,,,,"<li>Crew neck with Cotton/ LYCRA&reg; rib</li> <li>Self&#45;fabric neck tape</li> <li>Fine knit gauge for enhanced printability</li> <li><b>Also available in ladies&#39; sizes code 61372, children&#39;s sizes code 61033 and girl&#39;s sizes code 61005</b></li>",1.75
3145,0000000031455,61036,TSHIRT,T-SHIRTS,MSSTSH,MENS SHORT SLEEVE T-SHIRT,FOTL,Fruit Of The Loom,MS0020,BX,Brick Red,0012  ,Medium,Men's Valueweight T,2.23,1,12,72,02-01-2026 8:41,C,https://myebrochure.co.uk/images/colours/fotl/fotl-bx.jpg,https://myebrochure.co.uk/images/products/prod_15001_61036_166543.jpg,https://myebrochure.co.uk/images/products.small/prod_15001_61036_166543.jpg,https://myebrochure.co.uk/images/products.hires/prod_15001_61036_166543.jpg,https://myebrochure.co.uk/images/brands/fotl_23.png,https://myebrochure.co.uk/images/products.hires/prod_61036_141666.jpg,https://myebrochure.co.uk/images/products.hires/prod_61036_141665.jpg,https://myebrochure.co.uk/images/products.hires/prod_61036_141667.jpg,,,,,,,,"<li>Crew neck with Cotton/ LYCRA&reg; rib</li> <li>Self&#45;fabric neck tape</li> <li>Fine knit gauge for enhanced printability</li> <li><b>Also available in ladies&#39; sizes code 61372, children&#39;s sizes code 61033 and girl&#39;s sizes code 61005</b></li>",1.75
3146,0000000031462,61036,TSHIRT,T-SHIRTS,MSSTSH,MENS SHORT SLEEVE T-SHIRT,FOTL,Fruit Of The Loom,MS0020,BX,Brick Red,0012  ,Large,Men's Valueweight T,2.23,1,12,72,02-01-2026 8:41,C,https://myebrochure.co.uk/images/colours/fotl/fotl-bx.jpg,https://myebrochure.co.uk/images/products/prod_15001_61036_166543.jpg,https://myebrochure.co.uk/images/products.small/prod_15001_61036_166543.jpg,https://myebrochure.co.uk/images/products.hires/prod_15001_61036_166543.jpg,https://myebrochure.co.uk/images/brands/fotl_23.png,https://myebrochure.co.uk/images/products.hires/prod_61036_141666.jpg,https://myebrochure.co.uk/images/products.hires/prod_61036_141665.jpg,https://myebrochure.co.uk/images/products.hires/prod_61036_141667.jpg,,,,,,,,"<li>Crew neck with Cotton/ LYCRA&reg; rib</li> <li>Self&#45;fabric neck tape</li> <li>Fine knit gauge for enhanced printability</li> <li><b>Also available in ladies&#39; sizes code 61372, children&#39;s sizes code 61033 and girl&#39;s sizes code 61005</b></li>",1.75
3147,0000000031479,61036,TSHIRT,T-SHIRTS,MSSTSH,MENS SHORT SLEEVE T-SHIRT,FOTL,Fruit Of The Loom,MS0020,BX,Brick Red,0012  ,XL,Men's Valueweight T,2.23,1,12,72,02-01-2026 8:41,C,https://myebrochure.co.uk/images/colours/fotl/fotl-bx.jpg,https://myebrochure.co.uk/images/products/prod_15001_61036_166543.jpg,https://myebrochure.co.uk/images/products.small/prod_15001_61036_166543.jpg,https://myebrochure.co.uk/images/products.hires/prod_15001_61036_166543.jpg,https://myebrochure.co.uk/images/brands/fotl_23.png,https://myebrochure.co.uk/images/products.hires/prod_61036_141666.jpg,https://myebrochure.co.uk/images/products.hires/prod_61036_141665.jpg,https://myebrochure.co.uk/images/products.hires/prod_61036_141667.jpg,,,,,,,,"<li>Crew neck with Cotton/ LYCRA&reg; rib</li> <li>Self&#45;fabric neck tape</li> <li>Fine knit gauge for enhanced printability</li> <li><b>Also available in ladies&#39; sizes code 61372, children&#39;s sizes code 61033 and girl&#39;s sizes code 61005</b></li>",1.75
3148,0000000031486,61036,TSHIRT,T-SHIRTS,MSSTSH,MENS SHORT SLEEVE T-SHIRT,FOTL,Fruit Of The Loom,MS0020,BX,Brick Red,0012  ,2XL,Men's Valueweight T,2.23,1,12,72,02-01-2026 8:41,C,https://myebrochure.co.uk/images/colours/fotl/fotl-bx.jpg,https://myebrochure.co.uk/images/products/prod_15001_61036_166543.jpg,https://myebrochure.co.uk/images/products.small/prod_15001_61036_166543.jpg,https://myebrochure.co.uk/images/products.hires/prod_15001_61036_166543.jpg,https://myebrochure.co.uk/images/brands/fotl_23.png,https://myebrochure.co.uk/images/products.hires/prod_61036_141666.jpg,https://myebrochure.co.uk/images/products.hires/prod_61036_141665.jpg,https://myebrochure.co.uk/images/products.hires/prod_61036_141667.jpg,,,,,,,,"<li>Crew neck with Cotton/ LYCRA&reg; rib</li> <li>Self&#45;fabric neck tape</li> <li>Fine knit gauge for enhanced printability</li> <li><b>Also available in ladies&#39; sizes code 61372, children&#39;s sizes code 61033 and girl&#39;s sizes code 61005</b></li>",1.75
3150,0000000031509,61036,TSHIRT,T-SHIRTS,MSSTSH,MENS SHORT SLEEVE T-SHIRT,FOTL,Fruit Of The Loom,MS0020,59,Classic Olive,0012  ,Small,Men's Valueweight T,2.23,1,12,72,02-01-2026 8:41,C,https://myebrochure.co.uk/images/colours/fotl/fotl-59.jpg,https://myebrochure.co.uk/images/products/prod_15001_61036_166543.jpg,https://myebrochure.co.uk/images/products.small/prod_15001_61036_166543.jpg,https://myebrochure.co.uk/images/products.hires/prod_15001_61036_166543.jpg,https://myebrochure.co.uk/images/brands/fotl_23.png,https://myebrochure.co.uk/images/products.hires/prod_61036_141657.jpg,https://myebrochure.co.uk/images/products.hires/prod_61036_141656.jpg,https://myebrochure.co.uk/images/products.hires/prod_61036_141658.jpg,,,,,,,,"<li>Crew neck with Cotton/ LYCRA&reg; rib</li> <li>Self&#45;fabric neck tape</li> <li>Fine knit gauge for enhanced printability</li> <li><b>Also available in ladies&#39; sizes code 61372, children&#39;s sizes code 61033 and girl&#39;s sizes code 61005</b></li>",1.75
3151,0000000031516,61036,TSHIRT,T-SHIRTS,MSSTSH,MENS SHORT SLEEVE T-SHIRT,FOTL,Fruit Of The Loom,MS0020,59,Classic Olive,0012  ,Medium,Men's Valueweight T,2.23,1,12,72,02-01-2026 8:41,C,https://myebrochure.co.uk/images/colours/fotl/fotl-59.jpg,https://myebrochure.co.uk/images/products/prod_15001_61036_166543.jpg,https://myebrochure.co.uk/images/products.small/prod_15001_61036_166543.jpg,https://myebrochure.co.uk/images/products.hires/prod_15001_61036_166543.jpg,https://myebrochure.co.uk/images/brands/fotl_23.png,https://myebrochure.co.uk/images/products.hires/prod_61036_141657.jpg,https://myebrochure.co.uk/images/products.hires/prod_61036_141656.jpg,https://myebrochure.co.uk/images/products.hires/prod_61036_141658.jpg,,,,,,,,"<li>Crew neck with Cotton/ LYCRA&reg; rib</li> <li>Self&#45;fabric neck tape</li> <li>Fine knit gauge for enhanced printability</li> <li><b>Also available in ladies&#39; sizes code 61372, children&#39;s sizes code 61033 and girl&#39;s sizes code 61005</b></li>",1.75
3152,0000000031523,61036,TSHIRT,T-SHIRTS,MSSTSH,MENS SHORT SLEEVE T-SHIRT,FOTL,Fruit Of The Loom,MS0020,59,Classic Olive,0012  ,Large,Men's Valueweight T,2.23,1,12,72,02-01-2026 8:41,C,https://myebrochure.co.uk/images/colours/fotl/fotl-59.jpg,https://myebrochure.co.uk/images/products/prod_15001_61036_166543.jpg,https://myebrochure.co.uk/images/products.small/prod_15001_61036_166543.jpg,https://myebrochure.co.uk/images/products.hires/prod_15001_61036_166543.jpg,https://myebrochure.co.uk/images/brands/fotl_23.png,https://myebrochure.co.uk/images/products.hires/prod_61036_141657.jpg,https://myebrochure.co.uk/images/products.hires/prod_61036_141656.jpg,https://myebrochure.co.uk/images/products.hires/prod_61036_141658.jpg,,,,,,,,"<li>Crew neck with Cotton/ LYCRA&reg; rib</li> <li>Self&#45;fabric neck tape</li> <li>Fine knit gauge for enhanced printability</li> <li><b>Also available in ladies&#39; sizes code 61372, children&#39;s sizes code 61033 and girl&#39;s sizes code 61005</b></li>",1.75
3153,0000000031530,61036,TSHIRT,T-SHIRTS,MSSTSH,MENS SHORT SLEEVE T-SHIRT,FOTL,Fruit Of The Loom,MS0020,59,Classic Olive,0012  ,XL,Men's Valueweight T,2.23,1,12,72,02-01-2026 8:41,C,https://myebrochure.co.uk/images/colours/fotl/fotl-59.jpg,https://myebrochure.co.uk/images/products/prod_15001_61036_166543.jpg,https://myebrochure.co.uk/images/products.small/prod_15001_61036_166543.jpg,https://myebrochure.co.uk/images/products.hires/prod_15001_61036_166543.jpg,https://myebrochure.co.uk/images/brands/fotl_23.png,https://myebrochure.co.uk/images/products.hires/prod_61036_141657.jpg,https://myebrochure.co.uk/images/products.hires/prod_61036_141656.jpg,https://myebrochure.co.uk/images/products.hires/prod_61036_141658.jpg,,,,,,,,"<li>Crew neck with Cotton/ LYCRA&reg; rib</li> <li>Self&#45;fabric neck tape</li> <li>Fine knit gauge for enhanced printability</li> <li><b>Also available in ladies&#39; sizes code 61372, children&#39;s sizes code 61033 and girl&#39;s sizes code 61005</b></li>",1.75
3154,0000000031547,61036,TSHIRT,T-SHIRTS,MSSTSH,MENS SHORT SLEEVE T-SHIRT,FOTL,Fruit Of The Loom,MS0020,59,Classic Olive,0012  ,2XL,Men's Valueweight T,2.23,1,12,72,02-01-2026 8:41,C,https://myebrochure.co.uk/images/colours/fotl/fotl-59.jpg,https://myebrochure.co.uk/images/products/prod_15001_61036_166543.jpg,https://myebrochure.co.uk/images/products.small/prod_15001_61036_166543.jpg,https://myebrochure.co.uk/images/products.hires/prod_15001_61036_166543.jpg,https://myebrochure.co.uk/images/brands/fotl_23.png,https://myebrochure.co.uk/images/products.hires/prod_61036_141657.jpg,https://myebrochure.co.uk/images/products.hires/prod_61036_141656.jpg,https://myebrochure.co.uk/images/products.hires/prod_61036_141658.jpg,,,,,,,,"<li>Crew neck with Cotton/ LYCRA&reg; rib</li> <li>Self&#45;fabric neck tape</li> <li>Fine knit gauge for enhanced printability</li> <li><b>Also available in ladies&#39; sizes code 61372, children&#39;s sizes code 61033 and girl&#39;s sizes code 61005</b></li>",1.75
3156,0000000031561,61036,TSHIRT,T-SHIRTS,MSSTSH,MENS SHORT SLEEVE T-SHIRT,FOTL,Fruit Of The Loom,MS0020,CQ,Chocolate,0012  ,Small,Men's Valueweight T,2.23,1,12,72,02-01-2026 8:41,C,https://myebrochure.co.uk/images/colours/fotl/fotl-cq.jpg,https://myebrochure.co.uk/images/products/prod_15001_61036_166543.jpg,https://myebrochure.co.uk/images/products.small/prod_15001_61036_166543.jpg,https://myebrochure.co.uk/images/products.hires/prod_15001_61036_166543.jpg,https://myebrochure.co.uk/images/brands/fotl_23.png,https://myebrochure.co.uk/images/products.hires/prod_61036_141669.jpg,https://myebrochure.co.uk/images/products.hires/prod_61036_141668.jpg,https://myebrochure.co.uk/images/products.hires/prod_61036_141670.jpg,https://myebrochure.co.uk/images/products.hires/prod_15001_61036_166547.jpg,,,,,,,"<li>Crew neck with Cotton/ LYCRA&reg; rib</li> <li>Self&#45;fabric neck tape</li> <li>Fine knit gauge for enhanced printability</li> <li><b>Also available in ladies&#39; sizes code 61372, children&#39;s sizes code 61033 and girl&#39;s sizes code 61005</b></li>",1.75
3157,0000000031578,61036,TSHIRT,T-SHIRTS,MSSTSH,MENS SHORT SLEEVE T-SHIRT,FOTL,Fruit Of The Loom,MS0020,CQ,Chocolate,0012  ,Medium,Men's Valueweight T,2.23,1,12,72,02-01-2026 8:41,C,https://myebrochure.co.uk/images/colours/fotl/fotl-cq.jpg,https://myebrochure.co.uk/images/products/prod_15001_61036_166543.jpg,https://myebrochure.co.uk/images/products.small/prod_15001_61036_166543.jpg,https://myebrochure.co.uk/images/products.hires/prod_15001_61036_166543.jpg,https://myebrochure.co.uk/images/brands/fotl_23.png,https://myebrochure.co.uk/images/products.hires/prod_61036_141669.jpg,https://myebrochure.co.uk/images/products.hires/prod_61036_141668.jpg,https://myebrochure.co.uk/images/products.hires/prod_61036_141670.jpg,https://myebrochure.co.uk/images/products.hires/prod_15001_61036_166547.jpg,,,,,,,"<li>Crew neck with Cotton/ LYCRA&reg; rib</li> <li>Self&#45;fabric neck tape</li> <li>Fine knit gauge for enhanced printability</li> <li><b>Also available in ladies&#39; sizes code 61372, children&#39;s sizes code 61033 and girl&#39;s sizes code 61005</b></li>",1.75
3158,0000000031585,61036,TSHIRT,T-SHIRTS,MSSTSH,MENS SHORT SLEEVE T-SHIRT,FOTL,Fruit Of The Loom,MS0020,CQ,Chocolate,0012  ,Large,Men's Valueweight T,2.23,1,12,72,02-01-2026 8:41,C,https://myebrochure.co.uk/images/colours/fotl/fotl-cq.jpg,https://myebrochure.co.uk/images/products/prod_15001_61036_166543.jpg,https://myebrochure.co.uk/images/products.small/prod_15001_61036_166543.jpg,https://myebrochure.co.uk/images/products.hires/prod_15001_61036_166543.jpg,https://myebrochure.co.uk/images/brands/fotl_23.png,https://myebrochure.co.uk/images/products.hires/prod_61036_141669.jpg,https://myebrochure.co.uk/images/products.hires/prod_61036_141668.jpg,https://myebrochure.co.uk/images/products.hires/prod_61036_141670.jpg,https://myebrochure.co.uk/images/products.hires/prod_15001_61036_166547.jpg,,,,,,,"<li>Crew neck with Cotton/ LYCRA&reg; rib</li> <li>Self&#45;fabric neck tape</li> <li>Fine knit gauge for enhanced printability</li> <li><b>Also available in ladies&#39; sizes code 61372, children&#39;s sizes code 61033 and girl&#39;s sizes code 61005</b></li>",1.75
3159,0000000031592,61036,TSHIRT,T-SHIRTS,MSSTSH,MENS SHORT SLEEVE T-SHIRT,FOTL,Fruit Of The Loom,MS0020,CQ,Chocolate,0012  ,XL,Men's Valueweight T,2.23,1,12,72,02-01-2026 8:41,C,https://myebrochure.co.uk/images/colours/fotl/fotl-cq.jpg,https://myebrochure.co.uk/images/products/prod_15001_61036_166543.jpg,https://myebrochure.co.uk/images/products.small/prod_15001_61036_166543.jpg,https://myebrochure.co.uk/images/products.hires/prod_15001_61036_166543.jpg,https://myebrochure.co.uk/images/brands/fotl_23.png,https://myebrochure.co.uk/images/products.hires/prod_61036_141669.jpg,https://myebrochure.co.uk/images/products.hires/prod_61036_141668.jpg,https://myebrochure.co.uk/images/products.hires/prod_61036_141670.jpg,https://myebrochure.co.uk/images/products.hires/prod_15001_61036_166547.jpg,,,,,,,"<li>Crew neck with Cotton/ LYCRA&reg; rib</li> <li>Self&#45;fabric neck tape</li> <li>Fine knit gauge for enhanced printability</li> <li><b>Also available in ladies&#39; sizes code 61372, children&#39;s sizes code 61033 and girl&#39;s sizes code 61005</b></li>",1.75
3160,0000000031608,61036,TSHIRT,T-SHIRTS,MSSTSH,MENS SHORT SLEEVE T-SHIRT,FOTL,Fruit Of The Loom,MS0020,CQ,Chocolate,0012  ,2XL,Men's Valueweight T,2.23,1,12,72,02-01-2026 8:41,C,https://myebrochure.co.uk/images/colours/fotl/fotl-cq.jpg,https://myebrochure.co.uk/images/products/prod_15001_61036_166543.jpg,https://myebrochure.co.uk/images/products.small/prod_15001_61036_166543.jpg,https://myebrochure.co.uk/images/products.hires/prod_15001_61036_166543.jpg,https://myebrochure.co.uk/images/brands/fotl_23.png,https://myebrochure.co.uk/images/products.hires/prod_61036_141669.jpg,https://myebrochure.co.uk/images/products.hires/prod_61036_141668.jpg,https://myebrochure.co.uk/images/products.hires/prod_61036_141670.jpg,https://myebrochure.co.uk/images/products.hires/prod_15001_61036_166547.jpg,,,,,,,"<li>Crew neck with Cotton/ LYCRA&reg; rib</li> <li>Self&#45;fabric neck tape</li> <li>Fine knit gauge for enhanced printability</li> <li><b>Also available in ladies&#39; sizes code 61372, children&#39;s sizes code 61033 and girl&#39;s sizes code 61005</b></li>",1.75
3162,0000000031622,61036,TSHIRT,T-SHIRTS,MSSTSH,MENS SHORT SLEEVE T-SHIRT,FOTL,Fruit Of The Loom,MS0020,30,White,0012  ,Small,Men's Valueweight T,1.78,1,12,72,02-01-2026 8:41,C,https://myebrochure.co.uk/images/colours/fotl/fotl-30.jpg,https://myebrochure.co.uk/images/products/prod_15001_61036_166543.jpg,https://myebrochure.co.uk/images/products.small/prod_15001_61036_166543.jpg,https://myebrochure.co.uk/images/products.hires/prod_15001_61036_166543.jpg,https://myebrochure.co.uk/images/brands/fotl_23.png,https://myebrochure.co.uk/images/products.hires/prod_61036_141618.jpg,https://myebrochure.co.uk/images/products.hires/prod_61036_141617.jpg,https://myebrochure.co.uk/images/products.hires/prod_61036_141619.jpg,https://myebrochure.co.uk/images/products.hires/prod_15001_61036_166541.jpg,,,,,,,"<li>Crew neck with Cotton/ LYCRA&reg; rib</li> <li>Self&#45;fabric neck tape</li> <li>Fine knit gauge for enhanced printability</li> <li><b>Also available in ladies&#39; sizes code 61372, children&#39;s sizes code 61033 and girl&#39;s sizes code 61005</b></li>",1.4
3163,0000000031639,61036,TSHIRT,T-SHIRTS,MSSTSH,MENS SHORT SLEEVE T-SHIRT,FOTL,Fruit Of The Loom,MS0020,30,White,0012  ,Medium,Men's Valueweight T,1.78,1,12,72,02-01-2026 8:41,C,https://myebrochure.co.uk/images/colours/fotl/fotl-30.jpg,https://myebrochure.co.uk/images/products/prod_15001_61036_166543.jpg,https://myebrochure.co.uk/images/products.small/prod_15001_61036_166543.jpg,https://myebrochure.co.uk/images/products.hires/prod_15001_61036_166543.jpg,https://myebrochure.co.uk/images/brands/fotl_23.png,https://myebrochure.co.uk/images/products.hires/prod_61036_141618.jpg,https://myebrochure.co.uk/images/products.hires/prod_61036_141617.jpg,https://myebrochure.co.uk/images/products.hires/prod_61036_141619.jpg,https://myebrochure.co.uk/images/products.hires/prod_15001_61036_166541.jpg,,,,,,,"<li>Crew neck with Cotton/ LYCRA&reg; rib</li> <li>Self&#45;fabric neck tape</li> <li>Fine knit gauge for enhanced printability</li> <li><b>Also available in ladies&#39; sizes code 61372, children&#39;s sizes code 61033 and girl&#39;s sizes code 61005</b></li>",1.4
3164,0000000031646,61036,TSHIRT,T-SHIRTS,MSSTSH,MENS SHORT SLEEVE T-SHIRT,FOTL,Fruit Of The Loom,MS0020,30,White,0012  ,Large,Men's Valueweight T,1.78,1,12,72,02-01-2026 8:41,C,https://myebrochure.co.uk/images/colours/fotl/fotl-30.jpg,https://myebrochure.co.uk/images/products/prod_15001_61036_166543.jpg,https://myebrochure.co.uk/images/products.small/prod_15001_61036_166543.jpg,https://myebrochure.co.uk/images/products.hires/prod_15001_61036_166543.jpg,https://myebrochure.co.uk/images/brands/fotl_23.png,https://myebrochure.co.uk/images/products.hires/prod_61036_141618.jpg,https://myebrochure.co.uk/images/products.hires/prod_61036_141617.jpg,https://myebrochure.co.uk/images/products.hires/prod_61036_141619.jpg,https://myebrochure.co.uk/images/products.hires/prod_15001_61036_166541.jpg,,,,,,,"<li>Crew neck with Cotton/ LYCRA&reg; rib</li> <li>Self&#45;fabric neck tape</li> <li>Fine knit gauge for enhanced printability</li> <li><b>Also available in ladies&#39; sizes code 61372, children&#39;s sizes code 61033 and girl&#39;s sizes code 61005</b></li>",1.4
3165,0000000031653,61036,TSHIRT,T-SHIRTS,MSSTSH,MENS SHORT SLEEVE T-SHIRT,FOTL,Fruit Of The Loom,MS0020,30,White,0012  ,XL,Men's Valueweight T,1.78,1,12,72,02-01-2026 8:41,C,https://myebrochure.co.uk/images/colours/fotl/fotl-30.jpg,https://myebrochure.co.uk/images/products/prod_15001_61036_166543.jpg,https://myebrochure.co.uk/images/products.small/prod_15001_61036_166543.jpg,https://myebrochure.co.uk/images/products.hires/prod_15001_61036_166543.jpg,https://myebrochure.co.uk/images/brands/fotl_23.png,https://myebrochure.co.uk/images/products.hires/prod_61036_141618.jpg,https://myebrochure.co.uk/images/products.hires/prod_61036_141617.jpg,https://myebrochure.co.uk/images/products.hires/prod_61036_141619.jpg,https://myebrochure.co.uk/images/products.hires/prod_15001_61036_166541.jpg,,,,,,,"<li>Crew neck with Cotton/ LYCRA&reg; rib</li> <li>Self&#45;fabric neck tape</li> <li>Fine knit gauge for enhanced printability</li> <li><b>Also available in ladies&#39; sizes code 61372, children&#39;s sizes code 61033 and girl&#39;s sizes code 61005</b></li>",1.4
3166,0000000031660,61036,TSHIRT,T-SHIRTS,MSSTSH,MENS SHORT SLEEVE T-SHIRT,FOTL,Fruit Of The Loom,MS0020,30,White,0012  ,2XL,Men's Valueweight T,1.78,1,12,72,02-01-2026 8:41,C,https://myebrochure.co.uk/images/colours/fotl/fotl-30.jpg,https://myebrochure.co.uk/images/products/prod_15001_61036_166543.jpg,https://myebrochure.co.uk/images/products.small/prod_15001_61036_166543.jpg,https://myebrochure.co.uk/images/products.hires/prod_15001_61036_166543.jpg,https://myebrochure.co.uk/images/brands/fotl_23.png,https://myebrochure.co.uk/images/products.hires/prod_61036_141618.jpg,https://myebrochure.co.uk/images/products.hires/prod_61036_141617.jpg,https://myebrochure.co.uk/images/products.hires/prod_61036_141619.jpg,https://myebrochure.co.uk/images/products.hires/prod_15001_61036_166541.jpg,,,,,,,"<li>Crew neck with Cotton/ LYCRA&reg; rib</li> <li>Self&#45;fabric neck tape</li> <li>Fine knit gauge for enhanced printability</li> <li><b>Also available in ladies&#39; sizes code 61372, children&#39;s sizes code 61033 and girl&#39;s sizes code 61005</b></li>",1.4
3167,0000000031677,61036,TSHIRT,T-SHIRTS,MSSTSH,MENS SHORT SLEEVE T-SHIRT,FOTL,Fruit Of The Loom,MS0020,30,White,0012  ,3XL,Men's Valueweight T,2.29,1,12,36,02-01-2026 8:41,C,https://myebrochure.co.uk/images/colours/fotl/fotl-30.jpg,https://myebrochure.co.uk/images/products/prod_15001_61036_166543.jpg,https://myebrochure.co.uk/images/products.small/prod_15001_61036_166543.jpg,https://myebrochure.co.uk/images/products.hires/prod_15001_61036_166543.jpg,https://myebrochure.co.uk/images/brands/fotl_23.png,https://myebrochure.co.uk/images/products.hires/prod_61036_141618.jpg,https://myebrochure.co.uk/images/products.hires/prod_61036_141617.jpg,https://myebrochure.co.uk/images/products.hires/prod_61036_141619.jpg,https://myebrochure.co.uk/images/products.hires/prod_15001_61036_166541.jpg,,,,,,,"<li>Crew neck with Cotton/ LYCRA&reg; rib</li> <li>Self&#45;fabric neck tape</li> <li>Fine knit gauge for enhanced printability</li> <li><b>Also available in ladies&#39; sizes code 61372, children&#39;s sizes code 61033 and girl&#39;s sizes code 61005</b></li>",1.8
3168,0000000031684,61036,TSHIRT,T-SHIRTS,MSSTSH,MENS SHORT SLEEVE T-SHIRT,FOTL,Fruit Of The Loom,MS0020,60,Natural,0012  ,Small,Men's Valueweight T,1.78,1,12,72,02-01-2026 8:41,C,https://myebrochure.co.uk/images/colours/fotl/fotl-60.jpg,https://myebrochure.co.uk/images/products/prod_15001_61036_166543.jpg,https://myebrochure.co.uk/images/products.small/prod_15001_61036_166543.jpg,https://myebrochure.co.uk/images/products.hires/prod_15001_61036_166543.jpg,https://myebrochure.co.uk/images/brands/fotl_23.png,https://myebrochure.co.uk/images/products.hires/prod_61036_141660.jpg,https://myebrochure.co.uk/images/products.hires/prod_61036_141659.jpg,https://myebrochure.co.uk/images/products.hires/prod_61036_141661.jpg,,,,,,,,"<li>Crew neck with Cotton/ LYCRA&reg; rib</li> <li>Self&#45;fabric neck tape</li> <li>Fine knit gauge for enhanced printability</li> <li><b>Also available in ladies&#39; sizes code 61372, children&#39;s sizes code 61033 and girl&#39;s sizes code 61005</b></li>",1.4
3169,0000000031691,61036,TSHIRT,T-SHIRTS,MSSTSH,MENS SHORT SLEEVE T-SHIRT,FOTL,Fruit Of The Loom,MS0020,60,Natural,0012  ,Medium,Men's Valueweight T,1.78,1,12,72,02-01-2026 8:41,C,https://myebrochure.co.uk/images/colours/fotl/fotl-60.jpg,https://myebrochure.co.uk/images/products/prod_15001_61036_166543.jpg,https://myebrochure.co.uk/images/products.small/prod_15001_61036_166543.jpg,https://myebrochure.co.uk/images/products.hires/prod_15001_61036_166543.jpg,https://myebrochure.co.uk/images/brands/fotl_23.png,https://myebrochure.co.uk/images/products.hires/prod_61036_141660.jpg,https://myebrochure.co.uk/images/products.hires/prod_61036_141659.jpg,https://myebrochure.co.uk/images/products.hires/prod_61036_141661.jpg,,,,,,,,"<li>Crew neck with Cotton/ LYCRA&reg; rib</li> <li>Self&#45;fabric neck tape</li> <li>Fine knit gauge for enhanced printability</li> <li><b>Also available in ladies&#39; sizes code 61372, children&#39;s sizes code 61033 and girl&#39;s sizes code 61005</b></li>",1.4
3170,0000000031707,61036,TSHIRT,T-SHIRTS,MSSTSH,MENS SHORT SLEEVE T-SHIRT,FOTL,Fruit Of The Loom,MS0020,60,Natural,0012  ,Large,Men's Valueweight T,1.78,1,12,72,02-01-2026 8:41,C,https://myebrochure.co.uk/images/colours/fotl/fotl-60.jpg,https://myebrochure.co.uk/images/products/prod_15001_61036_166543.jpg,https://myebrochure.co.uk/images/products.small/prod_15001_61036_166543.jpg,https://myebrochure.co.uk/images/products.hires/prod_15001_61036_166543.jpg,https://myebrochure.co.uk/images/brands/fotl_23.png,https://myebrochure.co.uk/images/products.hires/prod_61036_141660.jpg,https://myebrochure.co.uk/images/products.hires/prod_61036_141659.jpg,https://myebrochure.co.uk/images/products.hires/prod_61036_141661.jpg,,,,,,,,"<li>Crew neck with Cotton/ LYCRA&reg; rib</li> <li>Self&#45;fabric neck tape</li> <li>Fine knit gauge for enhanced printability</li> <li><b>Also available in ladies&#39; sizes code 61372, children&#39;s sizes code 61033 and girl&#39;s sizes code 61005</b></li>",1.4
3171,0000000031714,61036,TSHIRT,T-SHIRTS,MSSTSH,MENS SHORT SLEEVE T-SHIRT,FOTL,Fruit Of The Loom,MS0020,60,Natural,0012  ,XL,Men's Valueweight T,1.78,1,12,72,02-01-2026 8:41,C,https://myebrochure.co.uk/images/colours/fotl/fotl-60.jpg,https://myebrochure.co.uk/images/products/prod_15001_61036_166543.jpg,https://myebrochure.co.uk/images/products.small/prod_15001_61036_166543.jpg,https://myebrochure.co.uk/images/products.hires/prod_15001_61036_166543.jpg,https://myebrochure.co.uk/images/brands/fotl_23.png,https://myebrochure.co.uk/images/products.hires/prod_61036_141660.jpg,https://myebrochure.co.uk/images/products.hires/prod_61036_141659.jpg,https://myebrochure.co.uk/images/products.hires/prod_61036_141661.jpg,,,,,,,,"<li>Crew neck with Cotton/ LYCRA&reg; rib</li> <li>Self&#45;fabric neck tape</li> <li>Fine knit gauge for enhanced printability</li> <li><b>Also available in ladies&#39; sizes code 61372, children&#39;s sizes code 61033 and girl&#39;s sizes code 61005</b></li>",1.4
3172,0000000031721,61036,TSHIRT,T-SHIRTS,MSSTSH,MENS SHORT SLEEVE T-SHIRT,FOTL,Fruit Of The Loom,MS0020,60,Natural,0012  ,2XL,Men's Valueweight T,1.78,1,12,72,02-01-2026 8:41,C,https://myebrochure.co.uk/images/colours/fotl/fotl-60.jpg,https://myebrochure.co.uk/images/products/prod_15001_61036_166543.jpg,https://myebrochure.co.uk/images/products.small/prod_15001_61036_166543.jpg,https://myebrochure.co.uk/images/products.hires/prod_15001_61036_166543.jpg,https://myebrochure.co.uk/images/brands/fotl_23.png,https://myebrochure.co.uk/images/products.hires/prod_61036_141660.jpg,https://myebrochure.co.uk/images/products.hires/prod_61036_141659.jpg,https://myebrochure.co.uk/images/products.hires/prod_61036_141661.jpg,,,,,,,,"<li>Crew neck with Cotton/ LYCRA&reg; rib</li> <li>Self&#45;fabric neck tape</li> <li>Fine knit gauge for enhanced printability</li> <li><b>Also available in ladies&#39; sizes code 61372, children&#39;s sizes code 61033 and girl&#39;s sizes code 61005</b></li>",1.4
3180,0000000031806,61036,TSHIRT,T-SHIRTS,MSSTSH,MENS SHORT SLEEVE T-SHIRT,FOTL,Fruit Of The Loom,MS0020,94,Heather Grey,0012  ,Small,Men's Valueweight T,2.23,1,12,72,02-01-2026 8:41,C,https://myebrochure.co.uk/images/colours/fotl/fotl-94.jpg,https://myebrochure.co.uk/images/products/prod_15001_61036_166543.jpg,https://myebrochure.co.uk/images/products.small/prod_15001_61036_166543.jpg,https://myebrochure.co.uk/images/products.hires/prod_15001_61036_166543.jpg,https://myebrochure.co.uk/images/brands/fotl_23.png,https://myebrochure.co.uk/images/products.hires/prod_61036_141714.jpg,https://myebrochure.co.uk/images/products.hires/prod_61036_141713.jpg,https://myebrochure.co.uk/images/products.hires/prod_61036_141715.jpg,,,,,,,,"<li>Crew neck with Cotton/ LYCRA&reg; rib</li> <li>Self&#45;fabric neck tape</li> <li>Fine knit gauge for enhanced printability</li> <li><b>Also available in ladies&#39; sizes code 61372, children&#39;s sizes code 61033 and girl&#39;s sizes code 61005</b></li>",1.75
3181,0000000031813,61036,TSHIRT,T-SHIRTS,MSSTSH,MENS SHORT SLEEVE T-SHIRT,FOTL,Fruit Of The Loom,MS0020,94,Heather Grey,0012  ,Medium,Men's Valueweight T,2.23,1,12,72,02-01-2026 8:41,C,https://myebrochure.co.uk/images/colours/fotl/fotl-94.jpg,https://myebrochure.co.uk/images/products/prod_15001_61036_166543.jpg,https://myebrochure.co.uk/images/products.small/prod_15001_61036_166543.jpg,https://myebrochure.co.uk/images/products.hires/prod_15001_61036_166543.jpg,https://myebrochure.co.uk/images/brands/fotl_23.png,https://myebrochure.co.uk/images/products.hires/prod_61036_141714.jpg,https://myebrochure.co.uk/images/products.hires/prod_61036_141713.jpg,https://myebrochure.co.uk/images/products.hires/prod_61036_141715.jpg,,,,,,,,"<li>Crew neck with Cotton/ LYCRA&reg; rib</li> <li>Self&#45;fabric neck tape</li> <li>Fine knit gauge for enhanced printability</li> <li><b>Also available in ladies&#39; sizes code 61372, children&#39;s sizes code 61033 and girl&#39;s sizes code 61005</b></li>",1.75
3182,0000000031820,61036,TSHIRT,T-SHIRTS,MSSTSH,MENS SHORT SLEEVE T-SHIRT,FOTL,Fruit Of The Loom,MS0020,94,Heather Grey,0012  ,Large,Men's Valueweight T,2.23,1,12,72,02-01-2026 8:41,C,https://myebrochure.co.uk/images/colours/fotl/fotl-94.jpg,https://myebrochure.co.uk/images/products/prod_15001_61036_166543.jpg,https://myebrochure.co.uk/images/products.small/prod_15001_61036_166543.jpg,https://myebrochure.co.uk/images/products.hires/prod_15001_61036_166543.jpg,https://myebrochure.co.uk/images/brands/fotl_23.png,https://myebrochure.co.uk/images/products.hires/prod_61036_141714.jpg,https://myebrochure.co.uk/images/products.hires/prod_61036_141713.jpg,https://myebrochure.co.uk/images/products.hires/prod_61036_141715.jpg,,,,,,,,"<li>Crew neck with Cotton/ LYCRA&reg; rib</li> <li>Self&#45;fabric neck tape</li> <li>Fine knit gauge for enhanced printability</li> <li><b>Also available in ladies&#39; sizes code 61372, children&#39;s sizes code 61033 and girl&#39;s sizes code 61005</b></li>",1.75
3183,0000000031837,61036,TSHIRT,T-SHIRTS,MSSTSH,MENS SHORT SLEEVE T-SHIRT,FOTL,Fruit Of The Loom,MS0020,94,Heather Grey,0012  ,XL,Men's Valueweight T,2.23,1,12,72,02-01-2026 8:41,C,https://myebrochure.co.uk/images/colours/fotl/fotl-94.jpg,https://myebrochure.co.uk/images/products/prod_15001_61036_166543.jpg,https://myebrochure.co.uk/images/products.small/prod_15001_61036_166543.jpg,https://myebrochure.co.uk/images/products.hires/prod_15001_61036_166543.jpg,https://myebrochure.co.uk/images/brands/fotl_23.png,https://myebrochure.co.uk/images/products.hires/prod_61036_141714.jpg,https://myebrochure.co.uk/images/products.hires/prod_61036_141713.jpg,https://myebrochure.co.uk/images/products.hires/prod_61036_141715.jpg,,,,,,,,"<li>Crew neck with Cotton/ LYCRA&reg; rib</li> <li>Self&#45;fabric neck tape</li> <li>Fine knit gauge for enhanced printability</li> <li><b>Also available in ladies&#39; sizes code 61372, children&#39;s sizes code 61033 and girl&#39;s sizes code 61005</b></li>",1.75
3184,0000000031844,61036,TSHIRT,T-SHIRTS,MSSTSH,MENS SHORT SLEEVE T-SHIRT,FOTL,Fruit Of The Loom,MS0020,94,Heather Grey,0012  ,2XL,Men's Valueweight T,2.23,1,12,72,02-01-2026 8:41,C,https://myebrochure.co.uk/images/colours/fotl/fotl-94.jpg,https://myebrochure.co.uk/images/products/prod_15001_61036_166543.jpg,https://myebrochure.co.uk/images/products.small/prod_15001_61036_166543.jpg,https://myebrochure.co.uk/images/products.hires/prod_15001_61036_166543.jpg,https://myebrochure.co.uk/images/brands/fotl_23.png,https://myebrochure.co.uk/images/products.hires/prod_61036_141714.jpg,https://myebrochure.co.uk/images/products.hires/prod_61036_141713.jpg,https://myebrochure.co.uk/images/products.hires/prod_61036_141715.jpg,,,,,,,,"<li>Crew neck with Cotton/ LYCRA&reg; rib</li> <li>Self&#45;fabric neck tape</li> <li>Fine knit gauge for enhanced printability</li> <li><b>Also available in ladies&#39; sizes code 61372, children&#39;s sizes code 61033 and girl&#39;s sizes code 61005</b></li>",1.75
3185,0000000031851,61036,TSHIRT,T-SHIRTS,MSSTSH,MENS SHORT SLEEVE T-SHIRT,FOTL,Fruit Of The Loom,MS0020,94,Heather Grey,0012  ,3XL,Men's Valueweight T,3.02,1,12,36,02-01-2026 8:41,C,https://myebrochure.co.uk/images/colours/fotl/fotl-94.jpg,https://myebrochure.co.uk/images/products/prod_15001_61036_166543.jpg,https://myebrochure.co.uk/images/products.small/prod_15001_61036_166543.jpg,https://myebrochure.co.uk/images/products.hires/prod_15001_61036_166543.jpg,https://myebrochure.co.uk/images/brands/fotl_23.png,https://myebrochure.co.uk/images/products.hires/prod_61036_141714.jpg,https://myebrochure.co.uk/images/products.hires/prod_61036_141713.jpg,https://myebrochure.co.uk/images/products.hires/prod_61036_141715.jpg,,,,,,,,"<li>Crew neck with Cotton/ LYCRA&reg; rib</li> <li>Self&#45;fabric neck tape</li> <li>Fine knit gauge for enhanced printability</li> <li><b>Also available in ladies&#39; sizes code 61372, children&#39;s sizes code 61033 and girl&#39;s sizes code 61005</b></li>",2.37
3206,0000000032063,61036,TSHIRT,T-SHIRTS,MSSTSH,MENS SHORT SLEEVE T-SHIRT,FOTL,Fruit Of The Loom,MS0020,36,Black,0012  ,Small,Men's Valueweight T,2.23,1,12,72,02-01-2026 8:41,C,https://myebrochure.co.uk/images/colours/fotl/fotl-36.jpg,https://myebrochure.co.uk/images/products/prod_15001_61036_166543.jpg,https://myebrochure.co.uk/images/products.small/prod_15001_61036_166543.jpg,https://myebrochure.co.uk/images/products.hires/prod_15001_61036_166543.jpg,https://myebrochure.co.uk/images/brands/fotl_23.png,https://myebrochure.co.uk/images/products.hires/prod_61036_141627.jpg,https://myebrochure.co.uk/images/products.hires/prod_61036_141626.jpg,https://myebrochure.co.uk/images/products.hires/prod_61036_141628.jpg,,,,,,,,"<li>Crew neck with Cotton/ LYCRA&reg; rib</li> <li>Self&#45;fabric neck tape</li> <li>Fine knit gauge for enhanced printability</li> <li><b>Also available in ladies&#39; sizes code 61372, children&#39;s sizes code 61033 and girl&#39;s sizes code 61005</b></li>",1.75
3207,0000000032070,61036,TSHIRT,T-SHIRTS,MSSTSH,MENS SHORT SLEEVE T-SHIRT,FOTL,Fruit Of The Loom,MS0020,36,Black,0012  ,Medium,Men's Valueweight T,2.23,1,12,72,02-01-2026 8:41,C,https://myebrochure.co.uk/images/colours/fotl/fotl-36.jpg,https://myebrochure.co.uk/images/products/prod_15001_61036_166543.jpg,https://myebrochure.co.uk/images/products.small/prod_15001_61036_166543.jpg,https://myebrochure.co.uk/images/products.hires/prod_15001_61036_166543.jpg,https://myebrochure.co.uk/images/brands/fotl_23.png,https://myebrochure.co.uk/images/products.hires/prod_61036_141627.jpg,https://myebrochure.co.uk/images/products.hires/prod_61036_141626.jpg,https://myebrochure.co.uk/images/products.hires/prod_61036_141628.jpg,,,,,,,,"<li>Crew neck with Cotton/ LYCRA&reg; rib</li> <li>Self&#45;fabric neck tape</li> <li>Fine knit gauge for enhanced printability</li> <li><b>Also available in ladies&#39; sizes code 61372, children&#39;s sizes code 61033 and girl&#39;s sizes code 61005</b></li>",1.75
3208,0000000032087,61036,TSHIRT,T-SHIRTS,MSSTSH,MENS SHORT SLEEVE T-SHIRT,FOTL,Fruit Of The Loom,MS0020,36,Black,0012  ,Large,Men's Valueweight T,2.23,1,12,72,02-01-2026 8:41,C,https://myebrochure.co.uk/images/colours/fotl/fotl-36.jpg,https://myebrochure.co.uk/images/products/prod_15001_61036_166543.jpg,https://myebrochure.co.uk/images/products.small/prod_15001_61036_166543.jpg,https://myebrochure.co.uk/images/products.hires/prod_15001_61036_166543.jpg,https://myebrochure.co.uk/images/brands/fotl_23.png,https://myebrochure.co.uk/images/products.hires/prod_61036_141627.jpg,https://myebrochure.co.uk/images/products.hires/prod_61036_141626.jpg,https://myebrochure.co.uk/images/products.hires/prod_61036_141628.jpg,,,,,,,,"<li>Crew neck with Cotton/ LYCRA&reg; rib</li> <li>Self&#45;fabric neck tape</li> <li>Fine knit gauge for enhanced printability</li> <li><b>Also available in ladies&#39; sizes code 61372, children&#39;s sizes code 61033 and girl&#39;s sizes code 61005</b></li>",1.75
3209,0000000032094,61036,TSHIRT,T-SHIRTS,MSSTSH,MENS SHORT SLEEVE T-SHIRT,FOTL,Fruit Of The Loom,MS0020,36,Black,0012  ,XL,Men's Valueweight T,2.23,1,12,72,02-01-2026 8:41,C,https://myebrochure.co.uk/images/colours/fotl/fotl-36.jpg,https://myebrochure.co.uk/images/products/prod_15001_61036_166543.jpg,https://myebrochure.co.uk/images/products.small/prod_15001_61036_166543.jpg,https://myebrochure.co.uk/images/products.hires/prod_15001_61036_166543.jpg,https://myebrochure.co.uk/images/brands/fotl_23.png,https://myebrochure.co.uk/images/products.hires/prod_61036_141627.jpg,https://myebrochure.co.uk/images/products.hires/prod_61036_141626.jpg,https://myebrochure.co.uk/images/products.hires/prod_61036_141628.jpg,,,,,,,,"<li>Crew neck with Cotton/ LYCRA&reg; rib</li> <li>Self&#45;fabric neck tape</li> <li>Fine knit gauge for enhanced printability</li> <li><b>Also available in ladies&#39; sizes code 61372, children&#39;s sizes code 61033 and girl&#39;s sizes code 61005</b></li>",1.75
3210,0000000032100,61036,TSHIRT,T-SHIRTS,MSSTSH,MENS SHORT SLEEVE T-SHIRT,FOTL,Fruit Of The Loom,MS0020,36,Black,0012  ,2XL,Men's Valueweight T,2.23,1,12,72,02-01-2026 8:41,C,https://myebrochure.co.uk/images/colours/fotl/fotl-36.jpg,https://myebrochure.co.uk/images/products/prod_15001_61036_166543.jpg,https://myebrochure.co.uk/images/products.small/prod_15001_61036_166543.jpg,https://myebrochure.co.uk/images/products.hires/prod_15001_61036_166543.jpg,https://myebrochure.co.uk/images/brands/fotl_23.png,https://myebrochure.co.uk/images/products.hires/prod_61036_141627.jpg,https://myebrochure.co.uk/images/products.hires/prod_61036_141626.jpg,https://myebrochure.co.uk/images/products.hires/prod_61036_141628.jpg,,,,,,,,"<li>Crew neck with Cotton/ LYCRA&reg; rib</li> <li>Self&#45;fabric neck tape</li> <li>Fine knit gauge for enhanced printability</li> <li><b>Also available in ladies&#39; sizes code 61372, children&#39;s sizes code 61033 and girl&#39;s sizes code 61005</b></li>",1.75
3211,0000000032117,61036,TSHIRT,T-SHIRTS,MSSTSH,MENS SHORT SLEEVE T-SHIRT,FOTL,Fruit Of The Loom,MS0020,36,Black,0012  ,3XL,Men's Valueweight T,3.02,1,12,36,02-01-2026 8:41,C,https://myebrochure.co.uk/images/colours/fotl/fotl-36.jpg,https://myebrochure.co.uk/images/products/prod_15001_61036_166543.jpg,https://myebrochure.co.uk/images/products.small/prod_15001_61036_166543.jpg,https://myebrochure.co.uk/images/products.hires/prod_15001_61036_166543.jpg,https://myebrochure.co.uk/images/brands/fotl_23.png,https://myebrochure.co.uk/images/products.hires/prod_61036_141627.jpg,https://myebrochure.co.uk/images/products.hires/prod_61036_141626.jpg,https://myebrochure.co.uk/images/products.hires/prod_61036_141628.jpg,,,,,,,,"<li>Crew neck with Cotton/ LYCRA&reg; rib</li> <li>Self&#45;fabric neck tape</li> <li>Fine knit gauge for enhanced printability</li> <li><b>Also available in ladies&#39; sizes code 61372, children&#39;s sizes code 61033 and girl&#39;s sizes code 61005</b></li>",2.37
3212,0000000032124,61036,TSHIRT,T-SHIRTS,MSSTSH,MENS SHORT SLEEVE T-SHIRT,FOTL,Fruit Of The Loom,MS0020,32,Navy Blue,0012  ,Small,Men's Valueweight T,2.23,1,12,72,02-01-2026 8:41,C,https://myebrochure.co.uk/images/colours/fotl/fotl-32.jpg,https://myebrochure.co.uk/images/products/prod_15001_61036_166543.jpg,https://myebrochure.co.uk/images/products.small/prod_15001_61036_166543.jpg,https://myebrochure.co.uk/images/products.hires/prod_15001_61036_166543.jpg,https://myebrochure.co.uk/images/brands/fotl_23.png,https://myebrochure.co.uk/images/products.hires/prod_61036_141621.jpg,https://myebrochure.co.uk/images/products.hires/prod_61036_141620.jpg,https://myebrochure.co.uk/images/products.hires/prod_61036_141622.jpg,,,,,,,,"<li>Crew neck with Cotton/ LYCRA&reg; rib</li> <li>Self&#45;fabric neck tape</li> <li>Fine knit gauge for enhanced printability</li> <li><b>Also available in ladies&#39; sizes code 61372, children&#39;s sizes code 61033 and girl&#39;s sizes code 61005</b></li>",1.75
3213,0000000032131,61036,TSHIRT,T-SHIRTS,MSSTSH,MENS SHORT SLEEVE T-SHIRT,FOTL,Fruit Of The Loom,MS0020,32,Navy Blue,0012  ,Medium,Men's Valueweight T,2.23,1,12,72,02-01-2026 8:41,C,https://myebrochure.co.uk/images/colours/fotl/fotl-32.jpg,https://myebrochure.co.uk/images/products/prod_15001_61036_166543.jpg,https://myebrochure.co.uk/images/products.small/prod_15001_61036_166543.jpg,https://myebrochure.co.uk/images/products.hires/prod_15001_61036_166543.jpg,https://myebrochure.co.uk/images/brands/fotl_23.png,https://myebrochure.co.uk/images/products.hires/prod_61036_141621.jpg,https://myebrochure.co.uk/images/products.hires/prod_61036_141620.jpg,https://myebrochure.co.uk/images/products.hires/prod_61036_141622.jpg,,,,,,,,"<li>Crew neck with Cotton/ LYCRA&reg; rib</li> <li>Self&#45;fabric neck tape</li> <li>Fine knit gauge for enhanced printability</li> <li><b>Also available in ladies&#39; sizes code 61372, children&#39;s sizes code 61033 and girl&#39;s sizes code 61005</b></li>",1.75
3214,0000000032148,61036,TSHIRT,T-SHIRTS,MSSTSH,MENS SHORT SLEEVE T-SHIRT,FOTL,Fruit Of The Loom,MS0020,32,Navy Blue,0012  ,Large,Men's Valueweight T,2.23,1,12,72,02-01-2026 8:41,C,https://myebrochure.co.uk/images/colours/fotl/fotl-32.jpg,https://myebrochure.co.uk/images/products/prod_15001_61036_166543.jpg,https://myebrochure.co.uk/images/products.small/prod_15001_61036_166543.jpg,https://myebrochure.co.uk/images/products.hires/prod_15001_61036_166543.jpg,https://myebrochure.co.uk/images/brands/fotl_23.png,https://myebrochure.co.uk/images/products.hires/prod_61036_141621.jpg,https://myebrochure.co.uk/images/products.hires/prod_61036_141620.jpg,https://myebrochure.co.uk/images/products.hires/prod_61036_141622.jpg,,,,,,,,"<li>Crew neck with Cotton/ LYCRA&reg; rib</li> <li>Self&#45;fabric neck tape</li> <li>Fine knit gauge for enhanced printability</li> <li><b>Also available in ladies&#39; sizes code 61372, children&#39;s sizes code 61033 and girl&#39;s sizes code 61005</b></li>",1.75
3215,0000000032155,61036,TSHIRT,T-SHIRTS,MSSTSH,MENS SHORT SLEEVE T-SHIRT,FOTL,Fruit Of The Loom,MS0020,32,Navy Blue,0012  ,XL,Men's Valueweight T,2.23,1,12,72,02-01-2026 8:41,C,https://myebrochure.co.uk/images/colours/fotl/fotl-32.jpg,https://myebrochure.co.uk/images/products/prod_15001_61036_166543.jpg,https://myebrochure.co.uk/images/products.small/prod_15001_61036_166543.jpg,https://myebrochure.co.uk/images/products.hires/prod_15001_61036_166543.jpg,https://myebrochure.co.uk/images/brands/fotl_23.png,https://myebrochure.co.uk/images/products.hires/prod_61036_141621.jpg,https://myebrochure.co.uk/images/products.hires/prod_61036_141620.jpg,https://myebrochure.co.uk/images/products.hires/prod_61036_141622.jpg,,,,,,,,"<li>Crew neck with Cotton/ LYCRA&reg; rib</li> <li>Self&#45;fabric neck tape</li> <li>Fine knit gauge for enhanced printability</li> <li><b>Also available in ladies&#39; sizes code 61372, children&#39;s sizes code 61033 and girl&#39;s sizes code 61005</b></li>",1.75
3216,0000000032162,61036,TSHIRT,T-SHIRTS,MSSTSH,MENS SHORT SLEEVE T-SHIRT,FOTL,Fruit Of The Loom,MS0020,32,Navy Blue,0012  ,2XL,Men's Valueweight T,2.23,1,12,72,02-01-2026 8:41,C,https://myebrochure.co.uk/images/colours/fotl/fotl-32.jpg,https://myebrochure.co.uk/images/products/prod_15001_61036_166543.jpg,https://myebrochure.co.uk/images/products.small/prod_15001_61036_166543.jpg,https://myebrochure.co.uk/images/products.hires/prod_15001_61036_166543.jpg,https://myebrochure.co.uk/images/brands/fotl_23.png,https://myebrochure.co.uk/images/products.hires/prod_61036_141621.jpg,https://myebrochure.co.uk/images/products.hires/prod_61036_141620.jpg,https://myebrochure.co.uk/images/products.hires/prod_61036_141622.jpg,,,,,,,,"<li>Crew neck with Cotton/ LYCRA&reg; rib</li> <li>Self&#45;fabric neck tape</li> <li>Fine knit gauge for enhanced printability</li> <li><b>Also available in ladies&#39; sizes code 61372, children&#39;s sizes code 61033 and girl&#39;s sizes code 61005</b></li>",1.75
3217,0000000032179,61036,TSHIRT,T-SHIRTS,MSSTSH,MENS SHORT SLEEVE T-SHIRT,FOTL,Fruit Of The Loom,MS0020,32,Navy Blue,0012  ,3XL,Men's Valueweight T,3.02,1,12,36,02-01-2026 8:41,C,https://myebrochure.co.uk/images/colours/fotl/fotl-32.jpg,https://myebrochure.co.uk/images/products/prod_15001_61036_166543.jpg,https://myebrochure.co.uk/images/products.small/prod_15001_61036_166543.jpg,https://myebrochure.co.uk/images/products.hires/prod_15001_61036_166543.jpg,https://myebrochure.co.uk/images/brands/fotl_23.png,https://myebrochure.co.uk/images/products.hires/prod_61036_141621.jpg,https://myebrochure.co.uk/images/products.hires/prod_61036_141620.jpg,https://myebrochure.co.uk/images/products.hires/prod_61036_141622.jpg,,,,,,,,"<li>Crew neck with Cotton/ LYCRA&reg; rib</li> <li>Self&#45;fabric neck tape</li> <li>Fine knit gauge for enhanced printability</li> <li><b>Also available in ladies&#39; sizes code 61372, children&#39;s sizes code 61033 and girl&#39;s sizes code 61005</b></li>",2.37
36488,0000000364812,61036,TSHIRT,T-SHIRTS,MSSTSH,MENS SHORT SLEEVE T-SHIRT,FOTL,Fruit Of The Loom,MS0020,LPI,Light Pink,0012  ,Small,Men's Valueweight T,2.23,1,12,72,02-01-2026 8:41,C,https://myebrochure.co.uk/images/colours/fotl/fotl-lpi.jpg,https://myebrochure.co.uk/images/products/prod_15001_61036_166543.jpg,https://myebrochure.co.uk/images/products.small/prod_15001_61036_166543.jpg,https://myebrochure.co.uk/images/products.hires/prod_15001_61036_166543.jpg,https://myebrochure.co.uk/images/brands/fotl_23.png,https://myebrochure.co.uk/images/products.hires/prod_61036_141651.jpg,https://myebrochure.co.uk/images/products.hires/prod_61036_141650.jpg,https://myebrochure.co.uk/images/products.hires/prod_61036_141652.jpg,,,,,,,,"<li>Crew neck with Cotton/ LYCRA&reg; rib</li> <li>Self&#45;fabric neck tape</li> <li>Fine knit gauge for enhanced printability</li> <li><b>Also available in ladies&#39; sizes code 61372, children&#39;s sizes code 61033 and girl&#39;s sizes code 61005</b></li>",1.75
36489,0000000364829,61036,TSHIRT,T-SHIRTS,MSSTSH,MENS SHORT SLEEVE T-SHIRT,FOTL,Fruit Of The Loom,MS0020,LPI,Light Pink,0012  ,Medium,Men's Valueweight T,2.23,1,12,72,02-01-2026 8:41,C,https://myebrochure.co.uk/images/colours/fotl/fotl-lpi.jpg,https://myebrochure.co.uk/images/products/prod_15001_61036_166543.jpg,https://myebrochure.co.uk/images/products.small/prod_15001_61036_166543.jpg,https://myebrochure.co.uk/images/products.hires/prod_15001_61036_166543.jpg,https://myebrochure.co.uk/images/brands/fotl_23.png,https://myebrochure.co.uk/images/products.hires/prod_61036_141651.jpg,https://myebrochure.co.uk/images/products.hires/prod_61036_141650.jpg,https://myebrochure.co.uk/images/products.hires/prod_61036_141652.jpg,,,,,,,,"<li>Crew neck with Cotton/ LYCRA&reg; rib</li> <li>Self&#45;fabric neck tape</li> <li>Fine knit gauge for enhanced printability</li> <li><b>Also available in ladies&#39; sizes code 61372, children&#39;s sizes code 61033 and girl&#39;s sizes code 61005</b></li>",1.75
36490,0000000364836,61036,TSHIRT,T-SHIRTS,MSSTSH,MENS SHORT SLEEVE T-SHIRT,FOTL,Fruit Of The Loom,MS0020,LPI,Light Pink,0012  ,Large,Men's Valueweight T,2.23,1,12,72,02-01-2026 8:41,C,https://myebrochure.co.uk/images/colours/fotl/fotl-lpi.jpg,https://myebrochure.co.uk/images/products/prod_15001_61036_166543.jpg,https://myebrochure.co.uk/images/products.small/prod_15001_61036_166543.jpg,https://myebrochure.co.uk/images/products.hires/prod_15001_61036_166543.jpg,https://myebrochure.co.uk/images/brands/fotl_23.png,https://myebrochure.co.uk/images/products.hires/prod_61036_141651.jpg,https://myebrochure.co.uk/images/products.hires/prod_61036_141650.jpg,https://myebrochure.co.uk/images/products.hires/prod_61036_141652.jpg,,,,,,,,"<li>Crew neck with Cotton/ LYCRA&reg; rib</li> <li>Self&#45;fabric neck tape</li> <li>Fine knit gauge for enhanced printability</li> <li><b>Also available in ladies&#39; sizes code 61372, children&#39;s sizes code 61033 and girl&#39;s sizes code 61005</b></li>",1.75
36491,0000000364843,61036,TSHIRT,T-SHIRTS,MSSTSH,MENS SHORT SLEEVE T-SHIRT,FOTL,Fruit Of The Loom,MS0020,LPI,Light Pink,0012  ,XL,Men's Valueweight T,2.23,1,12,72,02-01-2026 8:41,C,https://myebrochure.co.uk/images/colours/fotl/fotl-lpi.jpg,https://myebrochure.co.uk/images/products/prod_15001_61036_166543.jpg,https://myebrochure.co.uk/images/products.small/prod_15001_61036_166543.jpg,https://myebrochure.co.uk/images/products.hires/prod_15001_61036_166543.jpg,https://myebrochure.co.uk/images/brands/fotl_23.png,https://myebrochure.co.uk/images/products.hires/prod_61036_141651.jpg,https://myebrochure.co.uk/images/products.hires/prod_61036_141650.jpg,https://myebrochure.co.uk/images/products.hires/prod_61036_141652.jpg,,,,,,,,"<li>Crew neck with Cotton/ LYCRA&reg; rib</li> <li>Self&#45;fabric neck tape</li> <li>Fine knit gauge for enhanced printability</li> <li><b>Also available in ladies&#39; sizes code 61372, children&#39;s sizes code 61033 and girl&#39;s sizes code 61005</b></li>",1.75
36492,0000000364850,61036,TSHIRT,T-SHIRTS,MSSTSH,MENS SHORT SLEEVE T-SHIRT,FOTL,Fruit Of The Loom,MS0020,LPI,Light Pink,0012  ,2XL,Men's Valueweight T,2.23,1,12,72,02-01-2026 8:41,C,https://myebrochure.co.uk/images/colours/fotl/fotl-lpi.jpg,https://myebrochure.co.uk/images/products/prod_15001_61036_166543.jpg,https://myebrochure.co.uk/images/products.small/prod_15001_61036_166543.jpg,https://myebrochure.co.uk/images/products.hires/prod_15001_61036_166543.jpg,https://myebrochure.co.uk/images/brands/fotl_23.png,https://myebrochure.co.uk/images/products.hires/prod_61036_141651.jpg,https://myebrochure.co.uk/images/products.hires/prod_61036_141650.jpg,https://myebrochure.co.uk/images/products.hires/prod_61036_141652.jpg,,,,,,,,"<li>Crew neck with Cotton/ LYCRA&reg; rib</li> <li>Self&#45;fabric neck tape</li> <li>Fine knit gauge for enhanced printability</li> <li><b>Also available in ladies&#39; sizes code 61372, children&#39;s sizes code 61033 and girl&#39;s sizes code 61005</b></li>",1.75
44912,0000000448833,61036,TSHIRT,T-SHIRTS,MSSTSH,MENS SHORT SLEEVE T-SHIRT,FOTL,Fruit Of The Loom,MS0020,YT,Sky Blue,0012  ,3XL,Men's Valueweight T,3.02,1,12,36,02-01-2026 8:41,C,https://myebrochure.co.uk/images/colours/fotl/fotl-yt.jpg,https://myebrochure.co.uk/images/products/prod_15001_61036_166543.jpg,https://myebrochure.co.uk/images/products.small/prod_15001_61036_166543.jpg,https://myebrochure.co.uk/images/products.hires/prod_15001_61036_166543.jpg,https://myebrochure.co.uk/images/brands/fotl_23.png,https://myebrochure.co.uk/images/products.hires/prod_61036_141699.jpg,https://myebrochure.co.uk/images/products.hires/prod_61036_141698.jpg,https://myebrochure.co.uk/images/products.hires/prod_61036_141700.jpg,,,,,,,,"<li>Crew neck with Cotton/ LYCRA&reg; rib</li> <li>Self&#45;fabric neck tape</li> <li>Fine knit gauge for enhanced printability</li> <li><b>Also available in ladies&#39; sizes code 61372, children&#39;s sizes code 61033 and girl&#39;s sizes code 61005</b></li>",2.37
56266,0000000562546,61036,TSHIRT,T-SHIRTS,MSSTSH,MENS SHORT SLEEVE T-SHIRT,FOTL,Fruit Of The Loom,MS0020,K2,Yellow,0012  ,Small,Men's Valueweight T,2.23,1,12,72,02-01-2026 8:41,C,https://myebrochure.co.uk/images/colours/fotl/fotl-k2.jpg,https://myebrochure.co.uk/images/products/prod_15001_61036_166543.jpg,https://myebrochure.co.uk/images/products.small/prod_15001_61036_166543.jpg,https://myebrochure.co.uk/images/products.hires/prod_15001_61036_166543.jpg,https://myebrochure.co.uk/images/brands/fotl_23.png,https://myebrochure.co.uk/images/products.hires/prod_61036_141681.jpg,https://myebrochure.co.uk/images/products.hires/prod_61036_141680.jpg,https://myebrochure.co.uk/images/products.hires/prod_61036_141682.jpg,,,,,,,,"<li>Crew neck with Cotton/ LYCRA&reg; rib</li> <li>Self&#45;fabric neck tape</li> <li>Fine knit gauge for enhanced printability</li> <li><b>Also available in ladies&#39; sizes code 61372, children&#39;s sizes code 61033 and girl&#39;s sizes code 61005</b></li>",1.75
56267,0000000562553,61036,TSHIRT,T-SHIRTS,MSSTSH,MENS SHORT SLEEVE T-SHIRT,FOTL,Fruit Of The Loom,MS0020,K2,Yellow,0012  ,Medium,Men's Valueweight T,2.23,1,12,72,02-01-2026 8:41,C,https://myebrochure.co.uk/images/colours/fotl/fotl-k2.jpg,https://myebrochure.co.uk/images/products/prod_15001_61036_166543.jpg,https://myebrochure.co.uk/images/products.small/prod_15001_61036_166543.jpg,https://myebrochure.co.uk/images/products.hires/prod_15001_61036_166543.jpg,https://myebrochure.co.uk/images/brands/fotl_23.png,https://myebrochure.co.uk/images/products.hires/prod_61036_141681.jpg,https://myebrochure.co.uk/images/products.hires/prod_61036_141680.jpg,https://myebrochure.co.uk/images/products.hires/prod_61036_141682.jpg,,,,,,,,"<li>Crew neck with Cotton/ LYCRA&reg; rib</li> <li>Self&#45;fabric neck tape</li> <li>Fine knit gauge for enhanced printability</li> <li><b>Also available in ladies&#39; sizes code 61372, children&#39;s sizes code 61033 and girl&#39;s sizes code 61005</b></li>",1.75
56268,0000000562560,61036,TSHIRT,T-SHIRTS,MSSTSH,MENS SHORT SLEEVE T-SHIRT,FOTL,Fruit Of The Loom,MS0020,K2,Yellow,0012  ,Large,Men's Valueweight T,2.23,1,12,72,02-01-2026 8:41,C,https://myebrochure.co.uk/images/colours/fotl/fotl-k2.jpg,https://myebrochure.co.uk/images/products/prod_15001_61036_166543.jpg,https://myebrochure.co.uk/images/products.small/prod_15001_61036_166543.jpg,https://myebrochure.co.uk/images/products.hires/prod_15001_61036_166543.jpg,https://myebrochure.co.uk/images/brands/fotl_23.png,https://myebrochure.co.uk/images/products.hires/prod_61036_141681.jpg,https://myebrochure.co.uk/images/products.hires/prod_61036_141680.jpg,https://myebrochure.co.uk/images/products.hires/prod_61036_141682.jpg,,,,,,,,"<li>Crew neck with Cotton/ LYCRA&reg; rib</li> <li>Self&#45;fabric neck tape</li> <li>Fine knit gauge for enhanced printability</li> <li><b>Also available in ladies&#39; sizes code 61372, children&#39;s sizes code 61033 and girl&#39;s sizes code 61005</b></li>",1.75
56269,0000000562577,61036,TSHIRT,T-SHIRTS,MSSTSH,MENS SHORT SLEEVE T-SHIRT,FOTL,Fruit Of The Loom,MS0020,K2,Yellow,0012  ,XL,Men's Valueweight T,2.23,1,12,72,02-01-2026 8:41,C,https://myebrochure.co.uk/images/colours/fotl/fotl-k2.jpg,https://myebrochure.co.uk/images/products/prod_15001_61036_166543.jpg,https://myebrochure.co.uk/images/products.small/prod_15001_61036_166543.jpg,https://myebrochure.co.uk/images/products.hires/prod_15001_61036_166543.jpg,https://myebrochure.co.uk/images/brands/fotl_23.png,https://myebrochure.co.uk/images/products.hires/prod_61036_141681.jpg,https://myebrochure.co.uk/images/products.hires/prod_61036_141680.jpg,https://myebrochure.co.uk/images/products.hires/prod_61036_141682.jpg,,,,,,,,"<li>Crew neck with Cotton/ LYCRA&reg; rib</li> <li>Self&#45;fabric neck tape</li> <li>Fine knit gauge for enhanced printability</li> <li><b>Also available in ladies&#39; sizes code 61372, children&#39;s sizes code 61033 and girl&#39;s sizes code 61005</b></li>",1.75
56270,0000000562584,61036,TSHIRT,T-SHIRTS,MSSTSH,MENS SHORT SLEEVE T-SHIRT,FOTL,Fruit Of The Loom,MS0020,K2,Yellow,0012  ,2XL,Men's Valueweight T,2.23,1,12,72,02-01-2026 8:41,C,https://myebrochure.co.uk/images/colours/fotl/fotl-k2.jpg,https://myebrochure.co.uk/images/products/prod_15001_61036_166543.jpg,https://myebrochure.co.uk/images/products.small/prod_15001_61036_166543.jpg,https://myebrochure.co.uk/images/products.hires/prod_15001_61036_166543.jpg,https://myebrochure.co.uk/images/brands/fotl_23.png,https://myebrochure.co.uk/images/products.hires/prod_61036_141681.jpg,https://myebrochure.co.uk/images/products.hires/prod_61036_141680.jpg,https://myebrochure.co.uk/images/products.hires/prod_61036_141682.jpg,,,,,,,,"<li>Crew neck with Cotton/ LYCRA&reg; rib</li> <li>Self&#45;fabric neck tape</li> <li>Fine knit gauge for enhanced printability</li> <li><b>Also available in ladies&#39; sizes code 61372, children&#39;s sizes code 61033 and girl&#39;s sizes code 61005</b></li>",1.75
66612,0000000665421,61036,TSHIRT,T-SHIRTS,MSSTSH,MENS SHORT SLEEVE T-SHIRT,FOTL,Fruit Of The Loom,MS0020,ZU,Azure Blue,0012  ,Small,Men's Valueweight T,2.23,1,12,72,02-01-2026 8:41,C,https://myebrochure.co.uk/images/colours/fotl/fotl-zu.jpg,https://myebrochure.co.uk/images/products/prod_15001_61036_166543.jpg,https://myebrochure.co.uk/images/products.small/prod_15001_61036_166543.jpg,https://myebrochure.co.uk/images/products.hires/prod_15001_61036_166543.jpg,https://myebrochure.co.uk/images/brands/fotl_23.png,https://myebrochure.co.uk/images/products.hires/prod_61036_141702.jpg,https://myebrochure.co.uk/images/products.hires/prod_61036_141701.jpg,https://myebrochure.co.uk/images/products.hires/prod_61036_141703.jpg,,,,,,,,"<li>Crew neck with Cotton/ LYCRA&reg; rib</li> <li>Self&#45;fabric neck tape</li> <li>Fine knit gauge for enhanced printability</li> <li><b>Also available in ladies&#39; sizes code 61372, children&#39;s sizes code 61033 and girl&#39;s sizes code 61005</b></li>",1.75
66613,0000000665438,61036,TSHIRT,T-SHIRTS,MSSTSH,MENS SHORT SLEEVE T-SHIRT,FOTL,Fruit Of The Loom,MS0020,ZU,Azure Blue,0012  ,Medium,Men's Valueweight T,2.23,1,12,72,02-01-2026 8:41,C,https://myebrochure.co.uk/images/colours/fotl/fotl-zu.jpg,https://myebrochure.co.uk/images/products/prod_15001_61036_166543.jpg,https://myebrochure.co.uk/images/products.small/prod_15001_61036_166543.jpg,https://myebrochure.co.uk/images/products.hires/prod_15001_61036_166543.jpg,https://myebrochure.co.uk/images/brands/fotl_23.png,https://myebrochure.co.uk/images/products.hires/prod_61036_141702.jpg,https://myebrochure.co.uk/images/products.hires/prod_61036_141701.jpg,https://myebrochure.co.uk/images/products.hires/prod_61036_141703.jpg,,,,,,,,"<li>Crew neck with Cotton/ LYCRA&reg; rib</li> <li>Self&#45;fabric neck tape</li> <li>Fine knit gauge for enhanced printability</li> <li><b>Also available in ladies&#39; sizes code 61372, children&#39;s sizes code 61033 and girl&#39;s sizes code 61005</b></li>",1.75
66614,0000000665445,61036,TSHIRT,T-SHIRTS,MSSTSH,MENS SHORT SLEEVE T-SHIRT,FOTL,Fruit Of The Loom,MS0020,ZU,Azure Blue,0012  ,Large,Men's Valueweight T,2.23,1,12,72,02-01-2026 8:41,C,https://myebrochure.co.uk/images/colours/fotl/fotl-zu.jpg,https://myebrochure.co.uk/images/products/prod_15001_61036_166543.jpg,https://myebrochure.co.uk/images/products.small/prod_15001_61036_166543.jpg,https://myebrochure.co.uk/images/products.hires/prod_15001_61036_166543.jpg,https://myebrochure.co.uk/images/brands/fotl_23.png,https://myebrochure.co.uk/images/products.hires/prod_61036_141702.jpg,https://myebrochure.co.uk/images/products.hires/prod_61036_141701.jpg,https://myebrochure.co.uk/images/products.hires/prod_61036_141703.jpg,,,,,,,,"<li>Crew neck with Cotton/ LYCRA&reg; rib</li> <li>Self&#45;fabric neck tape</li> <li>Fine knit gauge for enhanced printability</li> <li><b>Also available in ladies&#39; sizes code 61372, children&#39;s sizes code 61033 and girl&#39;s sizes code 61005</b></li>",1.75
66615,0000000665452,61036,TSHIRT,T-SHIRTS,MSSTSH,MENS SHORT SLEEVE T-SHIRT,FOTL,Fruit Of The Loom,MS0020,ZU,Azure Blue,0012  ,XL,Men's Valueweight T,2.23,1,12,72,02-01-2026 8:41,C,https://myebrochure.co.uk/images/colours/fotl/fotl-zu.jpg,https://myebrochure.co.uk/images/products/prod_15001_61036_166543.jpg,https://myebrochure.co.uk/images/products.small/prod_15001_61036_166543.jpg,https://myebrochure.co.uk/images/products.hires/prod_15001_61036_166543.jpg,https://myebrochure.co.uk/images/brands/fotl_23.png,https://myebrochure.co.uk/images/products.hires/prod_61036_141702.jpg,https://myebrochure.co.uk/images/products.hires/prod_61036_141701.jpg,https://myebrochure.co.uk/images/products.hires/prod_61036_141703.jpg,,,,,,,,"<li>Crew neck with Cotton/ LYCRA&reg; rib</li> <li>Self&#45;fabric neck tape</li> <li>Fine knit gauge for enhanced printability</li> <li><b>Also available in ladies&#39; sizes code 61372, children&#39;s sizes code 61033 and girl&#39;s sizes code 61005</b></li>",1.75
66616,0000000665469,61036,TSHIRT,T-SHIRTS,MSSTSH,MENS SHORT SLEEVE T-SHIRT,FOTL,Fruit Of The Loom,MS0020,ZU,Azure Blue,0012  ,2XL,Men's Valueweight T,2.23,1,12,72,02-01-2026 8:41,C,https://myebrochure.co.uk/images/colours/fotl/fotl-zu.jpg,https://myebrochure.co.uk/images/products/prod_15001_61036_166543.jpg,https://myebrochure.co.uk/images/products.small/prod_15001_61036_166543.jpg,https://myebrochure.co.uk/images/products.hires/prod_15001_61036_166543.jpg,https://myebrochure.co.uk/images/brands/fotl_23.png,https://myebrochure.co.uk/images/products.hires/prod_61036_141702.jpg,https://myebrochure.co.uk/images/products.hires/prod_61036_141701.jpg,https://myebrochure.co.uk/images/products.hires/prod_61036_141703.jpg,,,,,,,,"<li>Crew neck with Cotton/ LYCRA&reg; rib</li> <li>Self&#45;fabric neck tape</li> <li>Fine knit gauge for enhanced printability</li> <li><b>Also available in ladies&#39; sizes code 61372, children&#39;s sizes code 61033 and girl&#39;s sizes code 61005</b></li>",1.75
93069,0000000930284,61036,TSHIRT,T-SHIRTS,MSSTSH,MENS SHORT SLEEVE T-SHIRT,FOTL,Fruit Of The Loom,MS0020,57,Fuchsia,0012  ,Small,Men's Valueweight T,2.23,1,12,72,02-01-2026 8:41,C,https://myebrochure.co.uk/images/colours/fotl/fotl-57.jpg,https://myebrochure.co.uk/images/products/prod_15001_61036_166543.jpg,https://myebrochure.co.uk/images/products.small/prod_15001_61036_166543.jpg,https://myebrochure.co.uk/images/products.hires/prod_15001_61036_166543.jpg,https://myebrochure.co.uk/images/brands/fotl_23.png,https://myebrochure.co.uk/images/products.hires/prod_61036_141654.jpg,https://myebrochure.co.uk/images/products.hires/prod_61036_141653.jpg,https://myebrochure.co.uk/images/products.hires/prod_61036_141655.jpg,,,,,,,,"<li>Crew neck with Cotton/ LYCRA&reg; rib</li> <li>Self&#45;fabric neck tape</li> <li>Fine knit gauge for enhanced printability</li> <li><b>Also available in ladies&#39; sizes code 61372, children&#39;s sizes code 61033 and girl&#39;s sizes code 61005</b></li>",1.75
93070,0000000930291,61036,TSHIRT,T-SHIRTS,MSSTSH,MENS SHORT SLEEVE T-SHIRT,FOTL,Fruit Of The Loom,MS0020,57,Fuchsia,0012  ,Medium,Men's Valueweight T,2.23,1,12,72,02-01-2026 8:41,C,https://myebrochure.co.uk/images/colours/fotl/fotl-57.jpg,https://myebrochure.co.uk/images/products/prod_15001_61036_166543.jpg,https://myebrochure.co.uk/images/products.small/prod_15001_61036_166543.jpg,https://myebrochure.co.uk/images/products.hires/prod_15001_61036_166543.jpg,https://myebrochure.co.uk/images/brands/fotl_23.png,https://myebrochure.co.uk/images/products.hires/prod_61036_141654.jpg,https://myebrochure.co.uk/images/products.hires/prod_61036_141653.jpg,https://myebrochure.co.uk/images/products.hires/prod_61036_141655.jpg,,,,,,,,"<li>Crew neck with Cotton/ LYCRA&reg; rib</li> <li>Self&#45;fabric neck tape</li> <li>Fine knit gauge for enhanced printability</li> <li><b>Also available in ladies&#39; sizes code 61372, children&#39;s sizes code 61033 and girl&#39;s sizes code 61005</b></li>",1.75
93071,0000000930307,61036,TSHIRT,T-SHIRTS,MSSTSH,MENS SHORT SLEEVE T-SHIRT,FOTL,Fruit Of The Loom,MS0020,57,Fuchsia,0012  ,Large,Men's Valueweight T,2.23,1,12,72,02-01-2026 8:41,C,https://myebrochure.co.uk/images/colours/fotl/fotl-57.jpg,https://myebrochure.co.uk/images/products/prod_15001_61036_166543.jpg,https://myebrochure.co.uk/images/products.small/prod_15001_61036_166543.jpg,https://myebrochure.co.uk/images/products.hires/prod_15001_61036_166543.jpg,https://myebrochure.co.uk/images/brands/fotl_23.png,https://myebrochure.co.uk/images/products.hires/prod_61036_141654.jpg,https://myebrochure.co.uk/images/products.hires/prod_61036_141653.jpg,https://myebrochure.co.uk/images/products.hires/prod_61036_141655.jpg,,,,,,,,"<li>Crew neck with Cotton/ LYCRA&reg; rib</li> <li>Self&#45;fabric neck tape</li> <li>Fine knit gauge for enhanced printability</li> <li><b>Also available in ladies&#39; sizes code 61372, children&#39;s sizes code 61033 and girl&#39;s sizes code 61005</b></li>",1.75
93072,0000000930314,61036,TSHIRT,T-SHIRTS,MSSTSH,MENS SHORT SLEEVE T-SHIRT,FOTL,Fruit Of The Loom,MS0020,57,Fuchsia,0012  ,XL,Men's Valueweight T,2.23,1,12,72,02-01-2026 8:41,C,https://myebrochure.co.uk/images/colours/fotl/fotl-57.jpg,https://myebrochure.co.uk/images/products/prod_15001_61036_166543.jpg,https://myebrochure.co.uk/images/products.small/prod_15001_61036_166543.jpg,https://myebrochure.co.uk/images/products.hires/prod_15001_61036_166543.jpg,https://myebrochure.co.uk/images/brands/fotl_23.png,https://myebrochure.co.uk/images/products.hires/prod_61036_141654.jpg,https://myebrochure.co.uk/images/products.hires/prod_61036_141653.jpg,https://myebrochure.co.uk/images/products.hires/prod_61036_141655.jpg,,,,,,,,"<li>Crew neck with Cotton/ LYCRA&reg; rib</li> <li>Self&#45;fabric neck tape</li> <li>Fine knit gauge for enhanced printability</li> <li><b>Also available in ladies&#39; sizes code 61372, children&#39;s sizes code 61033 and girl&#39;s sizes code 61005</b></li>",1.75
93073,0000000930321,61036,TSHIRT,T-SHIRTS,MSSTSH,MENS SHORT SLEEVE T-SHIRT,FOTL,Fruit Of The Loom,MS0020,57,Fuchsia,0012  ,2XL,Men's Valueweight T,2.23,1,12,72,02-01-2026 8:41,C,https://myebrochure.co.uk/images/colours/fotl/fotl-57.jpg,https://myebrochure.co.uk/images/products/prod_15001_61036_166543.jpg,https://myebrochure.co.uk/images/products.small/prod_15001_61036_166543.jpg,https://myebrochure.co.uk/images/products.hires/prod_15001_61036_166543.jpg,https://myebrochure.co.uk/images/brands/fotl_23.png,https://myebrochure.co.uk/images/products.hires/prod_61036_141654.jpg,https://myebrochure.co.uk/images/products.hires/prod_61036_141653.jpg,https://myebrochure.co.uk/images/products.hires/prod_61036_141655.jpg,,,,,,,,"<li>Crew neck with Cotton/ LYCRA&reg; rib</li> <li>Self&#45;fabric neck tape</li> <li>Fine knit gauge for enhanced printability</li> <li><b>Also available in ladies&#39; sizes code 61372, children&#39;s sizes code 61033 and girl&#39;s sizes code 61005</b></li>",1.75
93074,0000000930338,61036,TSHIRT,T-SHIRTS,MSSTSH,MENS SHORT SLEEVE T-SHIRT,FOTL,Fruit Of The Loom,MS0020,57,Fuchsia,0012  ,3XL,Men's Valueweight T,3.02,1,12,36,02-01-2026 8:41,C,https://myebrochure.co.uk/images/colours/fotl/fotl-57.jpg,https://myebrochure.co.uk/images/products/prod_15001_61036_166543.jpg,https://myebrochure.co.uk/images/products.small/prod_15001_61036_166543.jpg,https://myebrochure.co.uk/images/products.hires/prod_15001_61036_166543.jpg,https://myebrochure.co.uk/images/brands/fotl_23.png,https://myebrochure.co.uk/images/products.hires/prod_61036_141654.jpg,https://myebrochure.co.uk/images/products.hires/prod_61036_141653.jpg,https://myebrochure.co.uk/images/products.hires/prod_61036_141655.jpg,,,,,,,,"<li>Crew neck with Cotton/ LYCRA&reg; rib</li> <li>Self&#45;fabric neck tape</li> <li>Fine knit gauge for enhanced printability</li> <li><b>Also available in ladies&#39; sizes code 61372, children&#39;s sizes code 61033 and girl&#39;s sizes code 61005</b></li>",2.37
102722,0000001026818,61036,TSHIRT,T-SHIRTS,MSSTSH,MENS SHORT SLEEVE T-SHIRT,FOTL,Fruit Of The Loom,MS0020,36,Black,0012  ,4XL,Men's Valueweight T,3.02,1,12,36,02-01-2026 8:41,C,https://myebrochure.co.uk/images/colours/fotl/fotl-36.jpg,https://myebrochure.co.uk/images/products/prod_15001_61036_166543.jpg,https://myebrochure.co.uk/images/products.small/prod_15001_61036_166543.jpg,https://myebrochure.co.uk/images/products.hires/prod_15001_61036_166543.jpg,https://myebrochure.co.uk/images/brands/fotl_23.png,https://myebrochure.co.uk/images/products.hires/prod_61036_141627.jpg,https://myebrochure.co.uk/images/products.hires/prod_61036_141626.jpg,https://myebrochure.co.uk/images/products.hires/prod_61036_141628.jpg,,,,,,,,"<li>Crew neck with Cotton/ LYCRA&reg; rib</li> <li>Self&#45;fabric neck tape</li> <li>Fine knit gauge for enhanced printability</li> <li><b>Also available in ladies&#39; sizes code 61372, children&#39;s sizes code 61033 and girl&#39;s sizes code 61005</b></li>",2.37
102723,0000001026825,61036,TSHIRT,T-SHIRTS,MSSTSH,MENS SHORT SLEEVE T-SHIRT,FOTL,Fruit Of The Loom,MS0020,36,Black,0012  ,5XL,Men's Valueweight T,3.02,1,12,36,02-01-2026 8:41,C,https://myebrochure.co.uk/images/colours/fotl/fotl-36.jpg,https://myebrochure.co.uk/images/products/prod_15001_61036_166543.jpg,https://myebrochure.co.uk/images/products.small/prod_15001_61036_166543.jpg,https://myebrochure.co.uk/images/products.hires/prod_15001_61036_166543.jpg,https://myebrochure.co.uk/images/brands/fotl_23.png,https://myebrochure.co.uk/images/products.hires/prod_61036_141627.jpg,https://myebrochure.co.uk/images/products.hires/prod_61036_141626.jpg,https://myebrochure.co.uk/images/products.hires/prod_61036_141628.jpg,,,,,,,,"<li>Crew neck with Cotton/ LYCRA&reg; rib</li> <li>Self&#45;fabric neck tape</li> <li>Fine knit gauge for enhanced printability</li> <li><b>Also available in ladies&#39; sizes code 61372, children&#39;s sizes code 61033 and girl&#39;s sizes code 61005</b></li>",2.37
102724,0000001026832,61036,TSHIRT,T-SHIRTS,MSSTSH,MENS SHORT SLEEVE T-SHIRT,FOTL,Fruit Of The Loom,MS0020,94,Heather Grey,0012  ,4XL,Men's Valueweight T,3.02,1,12,36,02-01-2026 8:41,C,https://myebrochure.co.uk/images/colours/fotl/fotl-94.jpg,https://myebrochure.co.uk/images/products/prod_15001_61036_166543.jpg,https://myebrochure.co.uk/images/products.small/prod_15001_61036_166543.jpg,https://myebrochure.co.uk/images/products.hires/prod_15001_61036_166543.jpg,https://myebrochure.co.uk/images/brands/fotl_23.png,https://myebrochure.co.uk/images/products.hires/prod_61036_141714.jpg,https://myebrochure.co.uk/images/products.hires/prod_61036_141713.jpg,https://myebrochure.co.uk/images/products.hires/prod_61036_141715.jpg,,,,,,,,"<li>Crew neck with Cotton/ LYCRA&reg; rib</li> <li>Self&#45;fabric neck tape</li> <li>Fine knit gauge for enhanced printability</li> <li><b>Also available in ladies&#39; sizes code 61372, children&#39;s sizes code 61033 and girl&#39;s sizes code 61005</b></li>",2.37
102725,0000001026849,61036,TSHIRT,T-SHIRTS,MSSTSH,MENS SHORT SLEEVE T-SHIRT,FOTL,Fruit Of The Loom,MS0020,94,Heather Grey,0012  ,5XL,Men's Valueweight T,3.02,1,12,36,02-01-2026 8:41,C,https://myebrochure.co.uk/images/colours/fotl/fotl-94.jpg,https://myebrochure.co.uk/images/products/prod_15001_61036_166543.jpg,https://myebrochure.co.uk/images/products.small/prod_15001_61036_166543.jpg,https://myebrochure.co.uk/images/products.hires/prod_15001_61036_166543.jpg,https://myebrochure.co.uk/images/brands/fotl_23.png,https://myebrochure.co.uk/images/products.hires/prod_61036_141714.jpg,https://myebrochure.co.uk/images/products.hires/prod_61036_141713.jpg,https://myebrochure.co.uk/images/products.hires/prod_61036_141715.jpg,,,,,,,,"<li>Crew neck with Cotton/ LYCRA&reg; rib</li> <li>Self&#45;fabric neck tape</li> <li>Fine knit gauge for enhanced printability</li> <li><b>Also available in ladies&#39; sizes code 61372, children&#39;s sizes code 61033 and girl&#39;s sizes code 61005</b></li>",2.37
102726,0000001026856,61036,TSHIRT,T-SHIRTS,MSSTSH,MENS SHORT SLEEVE T-SHIRT,FOTL,Fruit Of The Loom,MS0020,32,Navy Blue,0012  ,4XL,Men's Valueweight T,3.02,1,12,36,02-01-2026 8:41,C,https://myebrochure.co.uk/images/colours/fotl/fotl-32.jpg,https://myebrochure.co.uk/images/products/prod_15001_61036_166543.jpg,https://myebrochure.co.uk/images/products.small/prod_15001_61036_166543.jpg,https://myebrochure.co.uk/images/products.hires/prod_15001_61036_166543.jpg,https://myebrochure.co.uk/images/brands/fotl_23.png,https://myebrochure.co.uk/images/products.hires/prod_61036_141621.jpg,https://myebrochure.co.uk/images/products.hires/prod_61036_141620.jpg,https://myebrochure.co.uk/images/products.hires/prod_61036_141622.jpg,,,,,,,,"<li>Crew neck with Cotton/ LYCRA&reg; rib</li> <li>Self&#45;fabric neck tape</li> <li>Fine knit gauge for enhanced printability</li> <li><b>Also available in ladies&#39; sizes code 61372, children&#39;s sizes code 61033 and girl&#39;s sizes code 61005</b></li>",2.37
102727,0000001026863,61036,TSHIRT,T-SHIRTS,MSSTSH,MENS SHORT SLEEVE T-SHIRT,FOTL,Fruit Of The Loom,MS0020,32,Navy Blue,0012  ,5XL,Men's Valueweight T,3.02,1,12,36,02-01-2026 8:41,C,https://myebrochure.co.uk/images/colours/fotl/fotl-32.jpg,https://myebrochure.co.uk/images/products/prod_15001_61036_166543.jpg,https://myebrochure.co.uk/images/products.small/prod_15001_61036_166543.jpg,https://myebrochure.co.uk/images/products.hires/prod_15001_61036_166543.jpg,https://myebrochure.co.uk/images/brands/fotl_23.png,https://myebrochure.co.uk/images/products.hires/prod_61036_141621.jpg,https://myebrochure.co.uk/images/products.hires/prod_61036_141620.jpg,https://myebrochure.co.uk/images/products.hires/prod_61036_141622.jpg,,,,,,,,"<li>Crew neck with Cotton/ LYCRA&reg; rib</li> <li>Self&#45;fabric neck tape</li> <li>Fine knit gauge for enhanced printability</li> <li><b>Also available in ladies&#39; sizes code 61372, children&#39;s sizes code 61033 and girl&#39;s sizes code 61005</b></li>",2.37
102728,0000001026870,61036,TSHIRT,T-SHIRTS,MSSTSH,MENS SHORT SLEEVE T-SHIRT,FOTL,Fruit Of The Loom,MS0020,30,White,0012  ,4XL,Men's Valueweight T,2.29,1,12,36,02-01-2026 8:41,C,https://myebrochure.co.uk/images/colours/fotl/fotl-30.jpg,https://myebrochure.co.uk/images/products/prod_15001_61036_166543.jpg,https://myebrochure.co.uk/images/products.small/prod_15001_61036_166543.jpg,https://myebrochure.co.uk/images/products.hires/prod_15001_61036_166543.jpg,https://myebrochure.co.uk/images/brands/fotl_23.png,https://myebrochure.co.uk/images/products.hires/prod_61036_141618.jpg,https://myebrochure.co.uk/images/products.hires/prod_61036_141617.jpg,https://myebrochure.co.uk/images/products.hires/prod_61036_141619.jpg,https://myebrochure.co.uk/images/products.hires/prod_15001_61036_166541.jpg,,,,,,,"<li>Crew neck with Cotton/ LYCRA&reg; rib</li> <li>Self&#45;fabric neck tape</li> <li>Fine knit gauge for enhanced printability</li> <li><b>Also available in ladies&#39; sizes code 61372, children&#39;s sizes code 61033 and girl&#39;s sizes code 61005</b></li>",1.8
102729,0000001026887,61036,TSHIRT,T-SHIRTS,MSSTSH,MENS SHORT SLEEVE T-SHIRT,FOTL,Fruit Of The Loom,MS0020,30,White,0012  ,5XL,Men's Valueweight T,2.29,1,12,36,02-01-2026 8:41,C,https://myebrochure.co.uk/images/colours/fotl/fotl-30.jpg,https://myebrochure.co.uk/images/products/prod_15001_61036_166543.jpg,https://myebrochure.co.uk/images/products.small/prod_15001_61036_166543.jpg,https://myebrochure.co.uk/images/products.hires/prod_15001_61036_166543.jpg,https://myebrochure.co.uk/images/brands/fotl_23.png,https://myebrochure.co.uk/images/products.hires/prod_61036_141618.jpg,https://myebrochure.co.uk/images/products.hires/prod_61036_141617.jpg,https://myebrochure.co.uk/images/products.hires/prod_61036_141619.jpg,https://myebrochure.co.uk/images/products.hires/prod_15001_61036_166541.jpg,,,,,,,"<li>Crew neck with Cotton/ LYCRA&reg; rib</li> <li>Self&#45;fabric neck tape</li> <li>Fine knit gauge for enhanced printability</li> <li><b>Also available in ladies&#39; sizes code 61372, children&#39;s sizes code 61033 and girl&#39;s sizes code 61005</b></li>",1.8
158106,0000001580112,61036,TSHIRT,T-SHIRTS,MSSTSH,MENS SHORT SLEEVE T-SHIRT,FOTL,Fruit Of The Loom,MS0020,HD,Dark Heather,0012  ,Small,Men's Valueweight T,2.23,1,12,72,02-01-2026 8:41,C,https://myebrochure.co.uk/images/colours/fotl/fotl-hd.jpg,https://myebrochure.co.uk/images/products/prod_15001_61036_166543.jpg,https://myebrochure.co.uk/images/products.small/prod_15001_61036_166543.jpg,https://myebrochure.co.uk/images/products.hires/prod_15001_61036_166543.jpg,https://myebrochure.co.uk/images/brands/fotl_23.png,https://myebrochure.co.uk/images/products.hires/prod_61036_141675.jpg,https://myebrochure.co.uk/images/products.hires/prod_61036_141674.jpg,https://myebrochure.co.uk/images/products.hires/prod_61036_141676.jpg,,,,,,,,"<li>Crew neck with Cotton/ LYCRA&reg; rib</li> <li>Self&#45;fabric neck tape</li> <li>Fine knit gauge for enhanced printability</li> <li><b>Also available in ladies&#39; sizes code 61372, children&#39;s sizes code 61033 and girl&#39;s sizes code 61005</b></li>",1.75
158107,0000001580129,61036,TSHIRT,T-SHIRTS,MSSTSH,MENS SHORT SLEEVE T-SHIRT,FOTL,Fruit Of The Loom,MS0020,HD,Dark Heather,0012  ,Medium,Men's Valueweight T,2.23,1,12,72,02-01-2026 8:41,C,https://myebrochure.co.uk/images/colours/fotl/fotl-hd.jpg,https://myebrochure.co.uk/images/products/prod_15001_61036_166543.jpg,https://myebrochure.co.uk/images/products.small/prod_15001_61036_166543.jpg,https://myebrochure.co.uk/images/products.hires/prod_15001_61036_166543.jpg,https://myebrochure.co.uk/images/brands/fotl_23.png,https://myebrochure.co.uk/images/products.hires/prod_61036_141675.jpg,https://myebrochure.co.uk/images/products.hires/prod_61036_141674.jpg,https://myebrochure.co.uk/images/products.hires/prod_61036_141676.jpg,,,,,,,,"<li>Crew neck with Cotton/ LYCRA&reg; rib</li> <li>Self&#45;fabric neck tape</li> <li>Fine knit gauge for enhanced printability</li> <li><b>Also available in ladies&#39; sizes code 61372, children&#39;s sizes code 61033 and girl&#39;s sizes code 61005</b></li>",1.75
158108,0000001580136,61036,TSHIRT,T-SHIRTS,MSSTSH,MENS SHORT SLEEVE T-SHIRT,FOTL,Fruit Of The Loom,MS0020,HD,Dark Heather,0012  ,Large,Men's Valueweight T,2.23,1,12,72,02-01-2026 8:41,C,https://myebrochure.co.uk/images/colours/fotl/fotl-hd.jpg,https://myebrochure.co.uk/images/products/prod_15001_61036_166543.jpg,https://myebrochure.co.uk/images/products.small/prod_15001_61036_166543.jpg,https://myebrochure.co.uk/images/products.hires/prod_15001_61036_166543.jpg,https://myebrochure.co.uk/images/brands/fotl_23.png,https://myebrochure.co.uk/images/products.hires/prod_61036_141675.jpg,https://myebrochure.co.uk/images/products.hires/prod_61036_141674.jpg,https://myebrochure.co.uk/images/products.hires/prod_61036_141676.jpg,,,,,,,,"<li>Crew neck with Cotton/ LYCRA&reg; rib</li> <li>Self&#45;fabric neck tape</li> <li>Fine knit gauge for enhanced printability</li> <li><b>Also available in ladies&#39; sizes code 61372, children&#39;s sizes code 61033 and girl&#39;s sizes code 61005</b></li>",1.75
158109,0000001580143,61036,TSHIRT,T-SHIRTS,MSSTSH,MENS SHORT SLEEVE T-SHIRT,FOTL,Fruit Of The Loom,MS0020,HD,Dark Heather,0012  ,XL,Men's Valueweight T,2.23,1,12,72,02-01-2026 8:41,C,https://myebrochure.co.uk/images/colours/fotl/fotl-hd.jpg,https://myebrochure.co.uk/images/products/prod_15001_61036_166543.jpg,https://myebrochure.co.uk/images/products.small/prod_15001_61036_166543.jpg,https://myebrochure.co.uk/images/products.hires/prod_15001_61036_166543.jpg,https://myebrochure.co.uk/images/brands/fotl_23.png,https://myebrochure.co.uk/images/products.hires/prod_61036_141675.jpg,https://myebrochure.co.uk/images/products.hires/prod_61036_141674.jpg,https://myebrochure.co.uk/images/products.hires/prod_61036_141676.jpg,,,,,,,,"<li>Crew neck with Cotton/ LYCRA&reg; rib</li> <li>Self&#45;fabric neck tape</li> <li>Fine knit gauge for enhanced printability</li> <li><b>Also available in ladies&#39; sizes code 61372, children&#39;s sizes code 61033 and girl&#39;s sizes code 61005</b></li>",1.75
158110,0000001580150,61036,TSHIRT,T-SHIRTS,MSSTSH,MENS SHORT SLEEVE T-SHIRT,FOTL,Fruit Of The Loom,MS0020,HD,Dark Heather,0012  ,2XL,Men's Valueweight T,2.23,1,12,72,02-01-2026 8:41,C,https://myebrochure.co.uk/images/colours/fotl/fotl-hd.jpg,https://myebrochure.co.uk/images/products/prod_15001_61036_166543.jpg,https://myebrochure.co.uk/images/products.small/prod_15001_61036_166543.jpg,https://myebrochure.co.uk/images/products.hires/prod_15001_61036_166543.jpg,https://myebrochure.co.uk/images/brands/fotl_23.png,https://myebrochure.co.uk/images/products.hires/prod_61036_141675.jpg,https://myebrochure.co.uk/images/products.hires/prod_61036_141674.jpg,https://myebrochure.co.uk/images/products.hires/prod_61036_141676.jpg,,,,,,,,"<li>Crew neck with Cotton/ LYCRA&reg; rib</li> <li>Self&#45;fabric neck tape</li> <li>Fine knit gauge for enhanced printability</li> <li><b>Also available in ladies&#39; sizes code 61372, children&#39;s sizes code 61033 and girl&#39;s sizes code 61005</b></li>",1.75
158111,0000001580167,61036,TSHIRT,T-SHIRTS,MSSTSH,MENS SHORT SLEEVE T-SHIRT,FOTL,Fruit Of The Loom,MS0020,HD,Dark Heather,0012  ,3XL,Men's Valueweight T,3.02,1,12,36,02-01-2026 8:41,C,https://myebrochure.co.uk/images/colours/fotl/fotl-hd.jpg,https://myebrochure.co.uk/images/products/prod_15001_61036_166543.jpg,https://myebrochure.co.uk/images/products.small/prod_15001_61036_166543.jpg,https://myebrochure.co.uk/images/products.hires/prod_15001_61036_166543.jpg,https://myebrochure.co.uk/images/brands/fotl_23.png,https://myebrochure.co.uk/images/products.hires/prod_61036_141675.jpg,https://myebrochure.co.uk/images/products.hires/prod_61036_141674.jpg,https://myebrochure.co.uk/images/products.hires/prod_61036_141676.jpg,,,,,,,,"<li>Crew neck with Cotton/ LYCRA&reg; rib</li> <li>Self&#45;fabric neck tape</li> <li>Fine knit gauge for enhanced printability</li> <li><b>Also available in ladies&#39; sizes code 61372, children&#39;s sizes code 61033 and girl&#39;s sizes code 61005</b></li>",2.37
158114,0000001580198,61036,TSHIRT,T-SHIRTS,MSSTSH,MENS SHORT SLEEVE T-SHIRT,FOTL,Fruit Of The Loom,MS0020,VF,Vintage Heather Navy,0012  ,Small,Men's Valueweight T,2.23,1,12,72,02-01-2026 8:41,C,https://myebrochure.co.uk/images/colours/fotl/fotl-vf.jpg,https://myebrochure.co.uk/images/products/prod_15001_61036_166543.jpg,https://myebrochure.co.uk/images/products.small/prod_15001_61036_166543.jpg,https://myebrochure.co.uk/images/products.hires/prod_15001_61036_166543.jpg,https://myebrochure.co.uk/images/brands/fotl_23.png,https://myebrochure.co.uk/images/products.hires/prod_61036_141693.jpg,https://myebrochure.co.uk/images/products.hires/prod_61036_141692.jpg,https://myebrochure.co.uk/images/products.hires/prod_61036_141694.jpg,,,,,,,,"<li>Crew neck with Cotton/ LYCRA&reg; rib</li> <li>Self&#45;fabric neck tape</li> <li>Fine knit gauge for enhanced printability</li> <li><b>Also available in ladies&#39; sizes code 61372, children&#39;s sizes code 61033 and girl&#39;s sizes code 61005</b></li>",1.75
158115,0000001580204,61036,TSHIRT,T-SHIRTS,MSSTSH,MENS SHORT SLEEVE T-SHIRT,FOTL,Fruit Of The Loom,MS0020,VF,Vintage Heather Navy,0012  ,Medium,Men's Valueweight T,2.23,1,12,72,02-01-2026 8:41,C,https://myebrochure.co.uk/images/colours/fotl/fotl-vf.jpg,https://myebrochure.co.uk/images/products/prod_15001_61036_166543.jpg,https://myebrochure.co.uk/images/products.small/prod_15001_61036_166543.jpg,https://myebrochure.co.uk/images/products.hires/prod_15001_61036_166543.jpg,https://myebrochure.co.uk/images/brands/fotl_23.png,https://myebrochure.co.uk/images/products.hires/prod_61036_141693.jpg,https://myebrochure.co.uk/images/products.hires/prod_61036_141692.jpg,https://myebrochure.co.uk/images/products.hires/prod_61036_141694.jpg,,,,,,,,"<li>Crew neck with Cotton/ LYCRA&reg; rib</li> <li>Self&#45;fabric neck tape</li> <li>Fine knit gauge for enhanced printability</li> <li><b>Also available in ladies&#39; sizes code 61372, children&#39;s sizes code 61033 and girl&#39;s sizes code 61005</b></li>",1.75
158116,0000001580211,61036,TSHIRT,T-SHIRTS,MSSTSH,MENS SHORT SLEEVE T-SHIRT,FOTL,Fruit Of The Loom,MS0020,VF,Vintage Heather Navy,0012  ,Large,Men's Valueweight T,2.23,1,12,72,02-01-2026 8:41,C,https://myebrochure.co.uk/images/colours/fotl/fotl-vf.jpg,https://myebrochure.co.uk/images/products/prod_15001_61036_166543.jpg,https://myebrochure.co.uk/images/products.small/prod_15001_61036_166543.jpg,https://myebrochure.co.uk/images/products.hires/prod_15001_61036_166543.jpg,https://myebrochure.co.uk/images/brands/fotl_23.png,https://myebrochure.co.uk/images/products.hires/prod_61036_141693.jpg,https://myebrochure.co.uk/images/products.hires/prod_61036_141692.jpg,https://myebrochure.co.uk/images/products.hires/prod_61036_141694.jpg,,,,,,,,"<li>Crew neck with Cotton/ LYCRA&reg; rib</li> <li>Self&#45;fabric neck tape</li> <li>Fine knit gauge for enhanced printability</li> <li><b>Also available in ladies&#39; sizes code 61372, children&#39;s sizes code 61033 and girl&#39;s sizes code 61005</b></li>",1.75
158117,0000001580228,61036,TSHIRT,T-SHIRTS,MSSTSH,MENS SHORT SLEEVE T-SHIRT,FOTL,Fruit Of The Loom,MS0020,VF,Vintage Heather Navy,0012  ,XL,Men's Valueweight T,2.23,1,12,72,02-01-2026 8:41,C,https://myebrochure.co.uk/images/colours/fotl/fotl-vf.jpg,https://myebrochure.co.uk/images/products/prod_15001_61036_166543.jpg,https://myebrochure.co.uk/images/products.small/prod_15001_61036_166543.jpg,https://myebrochure.co.uk/images/products.hires/prod_15001_61036_166543.jpg,https://myebrochure.co.uk/images/brands/fotl_23.png,https://myebrochure.co.uk/images/products.hires/prod_61036_141693.jpg,https://myebrochure.co.uk/images/products.hires/prod_61036_141692.jpg,https://myebrochure.co.uk/images/products.hires/prod_61036_141694.jpg,,,,,,,,"<li>Crew neck with Cotton/ LYCRA&reg; rib</li> <li>Self&#45;fabric neck tape</li> <li>Fine knit gauge for enhanced printability</li> <li><b>Also available in ladies&#39; sizes code 61372, children&#39;s sizes code 61033 and girl&#39;s sizes code 61005</b></li>",1.75
158118,0000001580235,61036,TSHIRT,T-SHIRTS,MSSTSH,MENS SHORT SLEEVE T-SHIRT,FOTL,Fruit Of The Loom,MS0020,VF,Vintage Heather Navy,0012  ,2XL,Men's Valueweight T,2.23,1,12,72,02-01-2026 8:41,C,https://myebrochure.co.uk/images/colours/fotl/fotl-vf.jpg,https://myebrochure.co.uk/images/products/prod_15001_61036_166543.jpg,https://myebrochure.co.uk/images/products.small/prod_15001_61036_166543.jpg,https://myebrochure.co.uk/images/products.hires/prod_15001_61036_166543.jpg,https://myebrochure.co.uk/images/brands/fotl_23.png,https://myebrochure.co.uk/images/products.hires/prod_61036_141693.jpg,https://myebrochure.co.uk/images/products.hires/prod_61036_141692.jpg,https://myebrochure.co.uk/images/products.hires/prod_61036_141694.jpg,,,,,,,,"<li>Crew neck with Cotton/ LYCRA&reg; rib</li> <li>Self&#45;fabric neck tape</li> <li>Fine knit gauge for enhanced printability</li> <li><b>Also available in ladies&#39; sizes code 61372, children&#39;s sizes code 61033 and girl&#39;s sizes code 61005</b></li>",1.75
158119,0000001580242,61036,TSHIRT,T-SHIRTS,MSSTSH,MENS SHORT SLEEVE T-SHIRT,FOTL,Fruit Of The Loom,MS0020,VF,Vintage Heather Navy,0012  ,3XL,Men's Valueweight T,3.02,1,12,36,02-01-2026 8:41,C,https://myebrochure.co.uk/images/colours/fotl/fotl-vf.jpg,https://myebrochure.co.uk/images/products/prod_15001_61036_166543.jpg,https://myebrochure.co.uk/images/products.small/prod_15001_61036_166543.jpg,https://myebrochure.co.uk/images/products.hires/prod_15001_61036_166543.jpg,https://myebrochure.co.uk/images/brands/fotl_23.png,https://myebrochure.co.uk/images/products.hires/prod_61036_141693.jpg,https://myebrochure.co.uk/images/products.hires/prod_61036_141692.jpg,https://myebrochure.co.uk/images/products.hires/prod_61036_141694.jpg,,,,,,,,"<li>Crew neck with Cotton/ LYCRA&reg; rib</li> <li>Self&#45;fabric neck tape</li> <li>Fine knit gauge for enhanced printability</li> <li><b>Also available in ladies&#39; sizes code 61372, children&#39;s sizes code 61033 and girl&#39;s sizes code 61005</b></li>",2.37
158122,0000001580273,61036,TSHIRT,T-SHIRTS,MSSTSH,MENS SHORT SLEEVE T-SHIRT,FOTL,Fruit Of The Loom,MS0020,R6,Retro Heather Royal,0012  ,Small,Men's Valueweight T,2.23,1,12,72,02-01-2026 8:41,C,https://myebrochure.co.uk/images/colours/fotl/fotl-r6.jpg,https://myebrochure.co.uk/images/products/prod_15001_61036_166543.jpg,https://myebrochure.co.uk/images/products.small/prod_15001_61036_166543.jpg,https://myebrochure.co.uk/images/products.hires/prod_15001_61036_166543.jpg,https://myebrochure.co.uk/images/brands/fotl_23.png,https://myebrochure.co.uk/images/products.hires/prod_61036_141687.jpg,https://myebrochure.co.uk/images/products.hires/prod_61036_141686.jpg,https://myebrochure.co.uk/images/products.hires/prod_61036_141688.jpg,,,,,,,,"<li>Crew neck with Cotton/ LYCRA&reg; rib</li> <li>Self&#45;fabric neck tape</li> <li>Fine knit gauge for enhanced printability</li> <li><b>Also available in ladies&#39; sizes code 61372, children&#39;s sizes code 61033 and girl&#39;s sizes code 61005</b></li>",1.75
158123,0000001580280,61036,TSHIRT,T-SHIRTS,MSSTSH,MENS SHORT SLEEVE T-SHIRT,FOTL,Fruit Of The Loom,MS0020,R6,Retro Heather Royal,0012  ,Medium,Men's Valueweight T,2.23,1,12,72,02-01-2026 8:41,C,https://myebrochure.co.uk/images/colours/fotl/fotl-r6.jpg,https://myebrochure.co.uk/images/products/prod_15001_61036_166543.jpg,https://myebrochure.co.uk/images/products.small/prod_15001_61036_166543.jpg,https://myebrochure.co.uk/images/products.hires/prod_15001_61036_166543.jpg,https://myebrochure.co.uk/images/brands/fotl_23.png,https://myebrochure.co.uk/images/products.hires/prod_61036_141687.jpg,https://myebrochure.co.uk/images/products.hires/prod_61036_141686.jpg,https://myebrochure.co.uk/images/products.hires/prod_61036_141688.jpg,,,,,,,,"<li>Crew neck with Cotton/ LYCRA&reg; rib</li> <li>Self&#45;fabric neck tape</li> <li>Fine knit gauge for enhanced printability</li> <li><b>Also available in ladies&#39; sizes code 61372, children&#39;s sizes code 61033 and girl&#39;s sizes code 61005</b></li>",1.75
158124,0000001580297,61036,TSHIRT,T-SHIRTS,MSSTSH,MENS SHORT SLEEVE T-SHIRT,FOTL,Fruit Of The Loom,MS0020,R6,Retro Heather Royal,0012  ,Large,Men's Valueweight T,2.23,1,12,72,02-01-2026 8:41,C,https://myebrochure.co.uk/images/colours/fotl/fotl-r6.jpg,https://myebrochure.co.uk/images/products/prod_15001_61036_166543.jpg,https://myebrochure.co.uk/images/products.small/prod_15001_61036_166543.jpg,https://myebrochure.co.uk/images/products.hires/prod_15001_61036_166543.jpg,https://myebrochure.co.uk/images/brands/fotl_23.png,https://myebrochure.co.uk/images/products.hires/prod_61036_141687.jpg,https://myebrochure.co.uk/images/products.hires/prod_61036_141686.jpg,https://myebrochure.co.uk/images/products.hires/prod_61036_141688.jpg,,,,,,,,"<li>Crew neck with Cotton/ LYCRA&reg; rib</li> <li>Self&#45;fabric neck tape</li> <li>Fine knit gauge for enhanced printability</li> <li><b>Also available in ladies&#39; sizes code 61372, children&#39;s sizes code 61033 and girl&#39;s sizes code 61005</b></li>",1.75
158125,0000001580303,61036,TSHIRT,T-SHIRTS,MSSTSH,MENS SHORT SLEEVE T-SHIRT,FOTL,Fruit Of The Loom,MS0020,R6,Retro Heather Royal,0012  ,XL,Men's Valueweight T,2.23,1,12,72,02-01-2026 8:41,C,https://myebrochure.co.uk/images/colours/fotl/fotl-r6.jpg,https://myebrochure.co.uk/images/products/prod_15001_61036_166543.jpg,https://myebrochure.co.uk/images/products.small/prod_15001_61036_166543.jpg,https://myebrochure.co.uk/images/products.hires/prod_15001_61036_166543.jpg,https://myebrochure.co.uk/images/brands/fotl_23.png,https://myebrochure.co.uk/images/products.hires/prod_61036_141687.jpg,https://myebrochure.co.uk/images/products.hires/prod_61036_141686.jpg,https://myebrochure.co.uk/images/products.hires/prod_61036_141688.jpg,,,,,,,,"<li>Crew neck with Cotton/ LYCRA&reg; rib</li> <li>Self&#45;fabric neck tape</li> <li>Fine knit gauge for enhanced printability</li> <li><b>Also available in ladies&#39; sizes code 61372, children&#39;s sizes code 61033 and girl&#39;s sizes code 61005</b></li>",1.75
158126,0000001580310,61036,TSHIRT,T-SHIRTS,MSSTSH,MENS SHORT SLEEVE T-SHIRT,FOTL,Fruit Of The Loom,MS0020,R6,Retro Heather Royal,0012  ,2XL,Men's Valueweight T,2.23,1,12,72,02-01-2026 8:41,C,https://myebrochure.co.uk/images/colours/fotl/fotl-r6.jpg,https://myebrochure.co.uk/images/products/prod_15001_61036_166543.jpg,https://myebrochure.co.uk/images/products.small/prod_15001_61036_166543.jpg,https://myebrochure.co.uk/images/products.hires/prod_15001_61036_166543.jpg,https://myebrochure.co.uk/images/brands/fotl_23.png,https://myebrochure.co.uk/images/products.hires/prod_61036_141687.jpg,https://myebrochure.co.uk/images/products.hires/prod_61036_141686.jpg,https://myebrochure.co.uk/images/products.hires/prod_61036_141688.jpg,,,,,,,,"<li>Crew neck with Cotton/ LYCRA&reg; rib</li> <li>Self&#45;fabric neck tape</li> <li>Fine knit gauge for enhanced printability</li> <li><b>Also available in ladies&#39; sizes code 61372, children&#39;s sizes code 61033 and girl&#39;s sizes code 61005</b></li>",1.75
158127,0000001580327,61036,TSHIRT,T-SHIRTS,MSSTSH,MENS SHORT SLEEVE T-SHIRT,FOTL,Fruit Of The Loom,MS0020,R6,Retro Heather Royal,0012  ,3XL,Men's Valueweight T,3.02,1,12,36,02-01-2026 8:41,C,https://myebrochure.co.uk/images/colours/fotl/fotl-r6.jpg,https://myebrochure.co.uk/images/products/prod_15001_61036_166543.jpg,https://myebrochure.co.uk/images/products.small/prod_15001_61036_166543.jpg,https://myebrochure.co.uk/images/products.hires/prod_15001_61036_166543.jpg,https://myebrochure.co.uk/images/brands/fotl_23.png,https://myebrochure.co.uk/images/products.hires/prod_61036_141687.jpg,https://myebrochure.co.uk/images/products.hires/prod_61036_141686.jpg,https://myebrochure.co.uk/images/products.hires/prod_61036_141688.jpg,,,,,,,,"<li>Crew neck with Cotton/ LYCRA&reg; rib</li> <li>Self&#45;fabric neck tape</li> <li>Fine knit gauge for enhanced printability</li> <li><b>Also available in ladies&#39; sizes code 61372, children&#39;s sizes code 61033 and girl&#39;s sizes code 61005</b></li>",2.37
158130,0000001580358,61036,TSHIRT,T-SHIRTS,MSSTSH,MENS SHORT SLEEVE T-SHIRT,FOTL,Fruit Of The Loom,MS0020,RX,Retro Heather Green,0012  ,Small,Men's Valueweight T,2.23,1,12,72,02-01-2026 8:41,C,https://myebrochure.co.uk/images/colours/fotl/fotl-rx.jpg,https://myebrochure.co.uk/images/products/prod_15001_61036_166543.jpg,https://myebrochure.co.uk/images/products.small/prod_15001_61036_166543.jpg,https://myebrochure.co.uk/images/products.hires/prod_15001_61036_166543.jpg,https://myebrochure.co.uk/images/brands/fotl_23.png,https://myebrochure.co.uk/images/products.hires/prod_61036_141690.jpg,https://myebrochure.co.uk/images/products.hires/prod_61036_141689.jpg,https://myebrochure.co.uk/images/products.hires/prod_61036_141691.jpg,,,,,,,,"<li>Crew neck with Cotton/ LYCRA&reg; rib</li> <li>Self&#45;fabric neck tape</li> <li>Fine knit gauge for enhanced printability</li> <li><b>Also available in ladies&#39; sizes code 61372, children&#39;s sizes code 61033 and girl&#39;s sizes code 61005</b></li>",1.75
158131,0000001580365,61036,TSHIRT,T-SHIRTS,MSSTSH,MENS SHORT SLEEVE T-SHIRT,FOTL,Fruit Of The Loom,MS0020,RX,Retro Heather Green,0012  ,Medium,Men's Valueweight T,2.23,1,12,72,02-01-2026 8:41,C,https://myebrochure.co.uk/images/colours/fotl/fotl-rx.jpg,https://myebrochure.co.uk/images/products/prod_15001_61036_166543.jpg,https://myebrochure.co.uk/images/products.small/prod_15001_61036_166543.jpg,https://myebrochure.co.uk/images/products.hires/prod_15001_61036_166543.jpg,https://myebrochure.co.uk/images/brands/fotl_23.png,https://myebrochure.co.uk/images/products.hires/prod_61036_141690.jpg,https://myebrochure.co.uk/images/products.hires/prod_61036_141689.jpg,https://myebrochure.co.uk/images/products.hires/prod_61036_141691.jpg,,,,,,,,"<li>Crew neck with Cotton/ LYCRA&reg; rib</li> <li>Self&#45;fabric neck tape</li> <li>Fine knit gauge for enhanced printability</li> <li><b>Also available in ladies&#39; sizes code 61372, children&#39;s sizes code 61033 and girl&#39;s sizes code 61005</b></li>",1.75
158132,0000001580372,61036,TSHIRT,T-SHIRTS,MSSTSH,MENS SHORT SLEEVE T-SHIRT,FOTL,Fruit Of The Loom,MS0020,RX,Retro Heather Green,0012  ,Large,Men's Valueweight T,2.23,1,12,72,02-01-2026 8:41,C,https://myebrochure.co.uk/images/colours/fotl/fotl-rx.jpg,https://myebrochure.co.uk/images/products/prod_15001_61036_166543.jpg,https://myebrochure.co.uk/images/products.small/prod_15001_61036_166543.jpg,https://myebrochure.co.uk/images/products.hires/prod_15001_61036_166543.jpg,https://myebrochure.co.uk/images/brands/fotl_23.png,https://myebrochure.co.uk/images/products.hires/prod_61036_141690.jpg,https://myebrochure.co.uk/images/products.hires/prod_61036_141689.jpg,https://myebrochure.co.uk/images/products.hires/prod_61036_141691.jpg,,,,,,,,"<li>Crew neck with Cotton/ LYCRA&reg; rib</li> <li>Self&#45;fabric neck tape</li> <li>Fine knit gauge for enhanced printability</li> <li><b>Also available in ladies&#39; sizes code 61372, children&#39;s sizes code 61033 and girl&#39;s sizes code 61005</b></li>",1.75
158133,0000001580389,61036,TSHIRT,T-SHIRTS,MSSTSH,MENS SHORT SLEEVE T-SHIRT,FOTL,Fruit Of The Loom,MS0020,RX,Retro Heather Green,0012  ,XL,Men's Valueweight T,2.23,1,12,72,02-01-2026 8:41,C,https://myebrochure.co.uk/images/colours/fotl/fotl-rx.jpg,https://myebrochure.co.uk/images/products/prod_15001_61036_166543.jpg,https://myebrochure.co.uk/images/products.small/prod_15001_61036_166543.jpg,https://myebrochure.co.uk/images/products.hires/prod_15001_61036_166543.jpg,https://myebrochure.co.uk/images/brands/fotl_23.png,https://myebrochure.co.uk/images/products.hires/prod_61036_141690.jpg,https://myebrochure.co.uk/images/products.hires/prod_61036_141689.jpg,https://myebrochure.co.uk/images/products.hires/prod_61036_141691.jpg,,,,,,,,"<li>Crew neck with Cotton/ LYCRA&reg; rib</li> <li>Self&#45;fabric neck tape</li> <li>Fine knit gauge for enhanced printability</li> <li><b>Also available in ladies&#39; sizes code 61372, children&#39;s sizes code 61033 and girl&#39;s sizes code 61005</b></li>",1.75
158134,0000001580396,61036,TSHIRT,T-SHIRTS,MSSTSH,MENS SHORT SLEEVE T-SHIRT,FOTL,Fruit Of The Loom,MS0020,RX,Retro Heather Green,0012  ,2XL,Men's Valueweight T,2.23,1,12,72,02-01-2026 8:41,C,https://myebrochure.co.uk/images/colours/fotl/fotl-rx.jpg,https://myebrochure.co.uk/images/products/prod_15001_61036_166543.jpg,https://myebrochure.co.uk/images/products.small/prod_15001_61036_166543.jpg,https://myebrochure.co.uk/images/products.hires/prod_15001_61036_166543.jpg,https://myebrochure.co.uk/images/brands/fotl_23.png,https://myebrochure.co.uk/images/products.hires/prod_61036_141690.jpg,https://myebrochure.co.uk/images/products.hires/prod_61036_141689.jpg,https://myebrochure.co.uk/images/products.hires/prod_61036_141691.jpg,,,,,,,,"<li>Crew neck with Cotton/ LYCRA&reg; rib</li> <li>Self&#45;fabric neck tape</li> <li>Fine knit gauge for enhanced printability</li> <li><b>Also available in ladies&#39; sizes code 61372, children&#39;s sizes code 61033 and girl&#39;s sizes code 61005</b></li>",1.75
158135,0000001580402,61036,TSHIRT,T-SHIRTS,MSSTSH,MENS SHORT SLEEVE T-SHIRT,FOTL,Fruit Of The Loom,MS0020,RX,Retro Heather Green,0012  ,3XL,Men's Valueweight T,3.02,1,12,36,02-01-2026 8:41,C,https://myebrochure.co.uk/images/colours/fotl/fotl-rx.jpg,https://myebrochure.co.uk/images/products/prod_15001_61036_166543.jpg,https://myebrochure.co.uk/images/products.small/prod_15001_61036_166543.jpg,https://myebrochure.co.uk/images/products.hires/prod_15001_61036_166543.jpg,https://myebrochure.co.uk/images/brands/fotl_23.png,https://myebrochure.co.uk/images/products.hires/prod_61036_141690.jpg,https://myebrochure.co.uk/images/products.hires/prod_61036_141689.jpg,https://myebrochure.co.uk/images/products.hires/prod_61036_141691.jpg,,,,,,,,"<li>Crew neck with Cotton/ LYCRA&reg; rib</li> <li>Self&#45;fabric neck tape</li> <li>Fine knit gauge for enhanced printability</li> <li><b>Also available in ladies&#39; sizes code 61372, children&#39;s sizes code 61033 and girl&#39;s sizes code 61005</b></li>",2.37
158138,0000001580433,61036,TSHIRT,T-SHIRTS,MSSTSH,MENS SHORT SLEEVE T-SHIRT,FOTL,Fruit Of The Loom,MS0020,VH,Vintage Heather Red,0012  ,Small,Men's Valueweight T,2.23,1,12,72,02-01-2026 8:41,C,https://myebrochure.co.uk/images/colours/fotl/fotl-vh.jpg,https://myebrochure.co.uk/images/products/prod_15001_61036_166543.jpg,https://myebrochure.co.uk/images/products.small/prod_15001_61036_166543.jpg,https://myebrochure.co.uk/images/products.hires/prod_15001_61036_166543.jpg,https://myebrochure.co.uk/images/brands/fotl_23.png,https://myebrochure.co.uk/images/products.hires/prod_61036_141696.jpg,https://myebrochure.co.uk/images/products.hires/prod_61036_141695.jpg,https://myebrochure.co.uk/images/products.hires/prod_61036_141697.jpg,,,,,,,,"<li>Crew neck with Cotton/ LYCRA&reg; rib</li> <li>Self&#45;fabric neck tape</li> <li>Fine knit gauge for enhanced printability</li> <li><b>Also available in ladies&#39; sizes code 61372, children&#39;s sizes code 61033 and girl&#39;s sizes code 61005</b></li>",1.75
158139,0000001580440,61036,TSHIRT,T-SHIRTS,MSSTSH,MENS SHORT SLEEVE T-SHIRT,FOTL,Fruit Of The Loom,MS0020,VH,Vintage Heather Red,0012  ,Medium,Men's Valueweight T,2.23,1,12,72,02-01-2026 8:41,C,https://myebrochure.co.uk/images/colours/fotl/fotl-vh.jpg,https://myebrochure.co.uk/images/products/prod_15001_61036_166543.jpg,https://myebrochure.co.uk/images/products.small/prod_15001_61036_166543.jpg,https://myebrochure.co.uk/images/products.hires/prod_15001_61036_166543.jpg,https://myebrochure.co.uk/images/brands/fotl_23.png,https://myebrochure.co.uk/images/products.hires/prod_61036_141696.jpg,https://myebrochure.co.uk/images/products.hires/prod_61036_141695.jpg,https://myebrochure.co.uk/images/products.hires/prod_61036_141697.jpg,,,,,,,,"<li>Crew neck with Cotton/ LYCRA&reg; rib</li> <li>Self&#45;fabric neck tape</li> <li>Fine knit gauge for enhanced printability</li> <li><b>Also available in ladies&#39; sizes code 61372, children&#39;s sizes code 61033 and girl&#39;s sizes code 61005</b></li>",1.75
158140,0000001580457,61036,TSHIRT,T-SHIRTS,MSSTSH,MENS SHORT SLEEVE T-SHIRT,FOTL,Fruit Of The Loom,MS0020,VH,Vintage Heather Red,0012  ,Large,Men's Valueweight T,2.23,1,12,72,02-01-2026 8:41,C,https://myebrochure.co.uk/images/colours/fotl/fotl-vh.jpg,https://myebrochure.co.uk/images/products/prod_15001_61036_166543.jpg,https://myebrochure.co.uk/images/products.small/prod_15001_61036_166543.jpg,https://myebrochure.co.uk/images/products.hires/prod_15001_61036_166543.jpg,https://myebrochure.co.uk/images/brands/fotl_23.png,https://myebrochure.co.uk/images/products.hires/prod_61036_141696.jpg,https://myebrochure.co.uk/images/products.hires/prod_61036_141695.jpg,https://myebrochure.co.uk/images/products.hires/prod_61036_141697.jpg,,,,,,,,"<li>Crew neck with Cotton/ LYCRA&reg; rib</li> <li>Self&#45;fabric neck tape</li> <li>Fine knit gauge for enhanced printability</li> <li><b>Also available in ladies&#39; sizes code 61372, children&#39;s sizes code 61033 and girl&#39;s sizes code 61005</b></li>",1.75
158141,0000001580464,61036,TSHIRT,T-SHIRTS,MSSTSH,MENS SHORT SLEEVE T-SHIRT,FOTL,Fruit Of The Loom,MS0020,VH,Vintage Heather Red,0012  ,XL,Men's Valueweight T,2.23,1,12,72,02-01-2026 8:41,C,https://myebrochure.co.uk/images/colours/fotl/fotl-vh.jpg,https://myebrochure.co.uk/images/products/prod_15001_61036_166543.jpg,https://myebrochure.co.uk/images/products.small/prod_15001_61036_166543.jpg,https://myebrochure.co.uk/images/products.hires/prod_15001_61036_166543.jpg,https://myebrochure.co.uk/images/brands/fotl_23.png,https://myebrochure.co.uk/images/products.hires/prod_61036_141696.jpg,https://myebrochure.co.uk/images/products.hires/prod_61036_141695.jpg,https://myebrochure.co.uk/images/products.hires/prod_61036_141697.jpg,,,,,,,,"<li>Crew neck with Cotton/ LYCRA&reg; rib</li> <li>Self&#45;fabric neck tape</li> <li>Fine knit gauge for enhanced printability</li> <li><b>Also available in ladies&#39; sizes code 61372, children&#39;s sizes code 61033 and girl&#39;s sizes code 61005</b></li>",1.75
158142,0000001580471,61036,TSHIRT,T-SHIRTS,MSSTSH,MENS SHORT SLEEVE T-SHIRT,FOTL,Fruit Of The Loom,MS0020,VH,Vintage Heather Red,0012  ,2XL,Men's Valueweight T,2.23,1,12,72,02-01-2026 8:41,C,https://myebrochure.co.uk/images/colours/fotl/fotl-vh.jpg,https://myebrochure.co.uk/images/products/prod_15001_61036_166543.jpg,https://myebrochure.co.uk/images/products.small/prod_15001_61036_166543.jpg,https://myebrochure.co.uk/images/products.hires/prod_15001_61036_166543.jpg,https://myebrochure.co.uk/images/brands/fotl_23.png,https://myebrochure.co.uk/images/products.hires/prod_61036_141696.jpg,https://myebrochure.co.uk/images/products.hires/prod_61036_141695.jpg,https://myebrochure.co.uk/images/products.hires/prod_61036_141697.jpg,,,,,,,,"<li>Crew neck with Cotton/ LYCRA&reg; rib</li> <li>Self&#45;fabric neck tape</li> <li>Fine knit gauge for enhanced printability</li> <li><b>Also available in ladies&#39; sizes code 61372, children&#39;s sizes code 61033 and girl&#39;s sizes code 61005</b></li>",1.75
158143,0000001580488,61036,TSHIRT,T-SHIRTS,MSSTSH,MENS SHORT SLEEVE T-SHIRT,FOTL,Fruit Of The Loom,MS0020,VH,Vintage Heather Red,0012  ,3XL,Men's Valueweight T,3.02,1,12,36,02-01-2026 8:41,C,https://myebrochure.co.uk/images/colours/fotl/fotl-vh.jpg,https://myebrochure.co.uk/images/products/prod_15001_61036_166543.jpg,https://myebrochure.co.uk/images/products.small/prod_15001_61036_166543.jpg,https://myebrochure.co.uk/images/products.hires/prod_15001_61036_166543.jpg,https://myebrochure.co.uk/images/brands/fotl_23.png,https://myebrochure.co.uk/images/products.hires/prod_61036_141696.jpg,https://myebrochure.co.uk/images/products.hires/prod_61036_141695.jpg,https://myebrochure.co.uk/images/products.hires/prod_61036_141697.jpg,,,,,,,,"<li>Crew neck with Cotton/ LYCRA&reg; rib</li> <li>Self&#45;fabric neck tape</li> <li>Fine knit gauge for enhanced printability</li> <li><b>Also available in ladies&#39; sizes code 61372, children&#39;s sizes code 61033 and girl&#39;s sizes code 61005</b></li>",2.37
158146,0000001580518,61036,TSHIRT,T-SHIRTS,MSSTSH,MENS SHORT SLEEVE T-SHIRT,FOTL,Fruit Of The Loom,MS0020,LM,Lime,0012  ,Small,Men's Valueweight T,2.23,1,12,72,02-01-2026 8:41,C,https://myebrochure.co.uk/images/colours/fotl/fotl-lm.jpg,https://myebrochure.co.uk/images/products/prod_15001_61036_166543.jpg,https://myebrochure.co.uk/images/products.small/prod_15001_61036_166543.jpg,https://myebrochure.co.uk/images/products.hires/prod_15001_61036_166543.jpg,https://myebrochure.co.uk/images/brands/fotl_23.png,https://myebrochure.co.uk/images/products.hires/prod_61036_141708.jpg,https://myebrochure.co.uk/images/products.hires/prod_61036_141707.jpg,https://myebrochure.co.uk/images/products.hires/prod_61036_141709.jpg,,,,,,,,"<li>Crew neck with Cotton/ LYCRA&reg; rib</li> <li>Self&#45;fabric neck tape</li> <li>Fine knit gauge for enhanced printability</li> <li><b>Also available in ladies&#39; sizes code 61372, children&#39;s sizes code 61033 and girl&#39;s sizes code 61005</b></li>",1.75
158147,0000001580525,61036,TSHIRT,T-SHIRTS,MSSTSH,MENS SHORT SLEEVE T-SHIRT,FOTL,Fruit Of The Loom,MS0020,LM,Lime,0012  ,Medium,Men's Valueweight T,2.23,1,12,72,02-01-2026 8:41,C,https://myebrochure.co.uk/images/colours/fotl/fotl-lm.jpg,https://myebrochure.co.uk/images/products/prod_15001_61036_166543.jpg,https://myebrochure.co.uk/images/products.small/prod_15001_61036_166543.jpg,https://myebrochure.co.uk/images/products.hires/prod_15001_61036_166543.jpg,https://myebrochure.co.uk/images/brands/fotl_23.png,https://myebrochure.co.uk/images/products.hires/prod_61036_141708.jpg,https://myebrochure.co.uk/images/products.hires/prod_61036_141707.jpg,https://myebrochure.co.uk/images/products.hires/prod_61036_141709.jpg,,,,,,,,"<li>Crew neck with Cotton/ LYCRA&reg; rib</li> <li>Self&#45;fabric neck tape</li> <li>Fine knit gauge for enhanced printability</li> <li><b>Also available in ladies&#39; sizes code 61372, children&#39;s sizes code 61033 and girl&#39;s sizes code 61005</b></li>",1.75
158148,0000001580532,61036,TSHIRT,T-SHIRTS,MSSTSH,MENS SHORT SLEEVE T-SHIRT,FOTL,Fruit Of The Loom,MS0020,LM,Lime,0012  ,Large,Men's Valueweight T,2.23,1,12,72,02-01-2026 8:41,C,https://myebrochure.co.uk/images/colours/fotl/fotl-lm.jpg,https://myebrochure.co.uk/images/products/prod_15001_61036_166543.jpg,https://myebrochure.co.uk/images/products.small/prod_15001_61036_166543.jpg,https://myebrochure.co.uk/images/products.hires/prod_15001_61036_166543.jpg,https://myebrochure.co.uk/images/brands/fotl_23.png,https://myebrochure.co.uk/images/products.hires/prod_61036_141708.jpg,https://myebrochure.co.uk/images/products.hires/prod_61036_141707.jpg,https://myebrochure.co.uk/images/products.hires/prod_61036_141709.jpg,,,,,,,,"<li>Crew neck with Cotton/ LYCRA&reg; rib</li> <li>Self&#45;fabric neck tape</li> <li>Fine knit gauge for enhanced printability</li> <li><b>Also available in ladies&#39; sizes code 61372, children&#39;s sizes code 61033 and girl&#39;s sizes code 61005</b></li>",1.75
158149,0000001580549,61036,TSHIRT,T-SHIRTS,MSSTSH,MENS SHORT SLEEVE T-SHIRT,FOTL,Fruit Of The Loom,MS0020,LM,Lime,0012  ,XL,Men's Valueweight T,2.23,1,12,72,02-01-2026 8:41,C,https://myebrochure.co.uk/images/colours/fotl/fotl-lm.jpg,https://myebrochure.co.uk/images/products/prod_15001_61036_166543.jpg,https://myebrochure.co.uk/images/products.small/prod_15001_61036_166543.jpg,https://myebrochure.co.uk/images/products.hires/prod_15001_61036_166543.jpg,https://myebrochure.co.uk/images/brands/fotl_23.png,https://myebrochure.co.uk/images/products.hires/prod_61036_141708.jpg,https://myebrochure.co.uk/images/products.hires/prod_61036_141707.jpg,https://myebrochure.co.uk/images/products.hires/prod_61036_141709.jpg,,,,,,,,"<li>Crew neck with Cotton/ LYCRA&reg; rib</li> <li>Self&#45;fabric neck tape</li> <li>Fine knit gauge for enhanced printability</li> <li><b>Also available in ladies&#39; sizes code 61372, children&#39;s sizes code 61033 and girl&#39;s sizes code 61005</b></li>",1.75
158150,0000001580556,61036,TSHIRT,T-SHIRTS,MSSTSH,MENS SHORT SLEEVE T-SHIRT,FOTL,Fruit Of The Loom,MS0020,LM,Lime,0012  ,2XL,Men's Valueweight T,2.23,1,12,72,02-01-2026 8:41,C,https://myebrochure.co.uk/images/colours/fotl/fotl-lm.jpg,https://myebrochure.co.uk/images/products/prod_15001_61036_166543.jpg,https://myebrochure.co.uk/images/products.small/prod_15001_61036_166543.jpg,https://myebrochure.co.uk/images/products.hires/prod_15001_61036_166543.jpg,https://myebrochure.co.uk/images/brands/fotl_23.png,https://myebrochure.co.uk/images/products.hires/prod_61036_141708.jpg,https://myebrochure.co.uk/images/products.hires/prod_61036_141707.jpg,https://myebrochure.co.uk/images/products.hires/prod_61036_141709.jpg,,,,,,,,"<li>Crew neck with Cotton/ LYCRA&reg; rib</li> <li>Self&#45;fabric neck tape</li> <li>Fine knit gauge for enhanced printability</li> <li><b>Also available in ladies&#39; sizes code 61372, children&#39;s sizes code 61033 and girl&#39;s sizes code 61005</b></li>",1.75
158151,0000001580563,61036,TSHIRT,T-SHIRTS,MSSTSH,MENS SHORT SLEEVE T-SHIRT,FOTL,Fruit Of The Loom,MS0020,LM,Lime,0012  ,3XL,Men's Valueweight T,3.02,1,12,36,02-01-2026 8:41,C,https://myebrochure.co.uk/images/colours/fotl/fotl-lm.jpg,https://myebrochure.co.uk/images/products/prod_15001_61036_166543.jpg,https://myebrochure.co.uk/images/products.small/prod_15001_61036_166543.jpg,https://myebrochure.co.uk/images/products.hires/prod_15001_61036_166543.jpg,https://myebrochure.co.uk/images/brands/fotl_23.png,https://myebrochure.co.uk/images/products.hires/prod_61036_141708.jpg,https://myebrochure.co.uk/images/products.hires/prod_61036_141707.jpg,https://myebrochure.co.uk/images/products.hires/prod_61036_141709.jpg,,,,,,,,"<li>Crew neck with Cotton/ LYCRA&reg; rib</li> <li>Self&#45;fabric neck tape</li> <li>Fine knit gauge for enhanced printability</li> <li><b>Also available in ladies&#39; sizes code 61372, children&#39;s sizes code 61033 and girl&#39;s sizes code 61005</b></li>",2.37
171822,0000001717303,61036,TSHIRT,T-SHIRTS,MSSTSH,MENS SHORT SLEEVE T-SHIRT,FOTL,Fruit Of The Loom,MS0020,HP,Heather Purple,0012  ,Small,Men's Valueweight T,2.23,1,12,72,02-01-2026 8:41,C,https://myebrochure.co.uk/images/colours/fotl/fotl-hp.jpg,https://myebrochure.co.uk/images/products/prod_15001_61036_166543.jpg,https://myebrochure.co.uk/images/products.small/prod_15001_61036_166543.jpg,https://myebrochure.co.uk/images/products.hires/prod_15001_61036_166543.jpg,https://myebrochure.co.uk/images/brands/fotl_23.png,https://myebrochure.co.uk/images/products.hires/prod_61036_141678.jpg,https://myebrochure.co.uk/images/products.hires/prod_61036_141677.jpg,https://myebrochure.co.uk/images/products.hires/prod_61036_141679.jpg,,,,,,,,"<li>Crew neck with Cotton/ LYCRA&reg; rib</li> <li>Self&#45;fabric neck tape</li> <li>Fine knit gauge for enhanced printability</li> <li><b>Also available in ladies&#39; sizes code 61372, children&#39;s sizes code 61033 and girl&#39;s sizes code 61005</b></li>",1.75
171823,0000001717310,61036,TSHIRT,T-SHIRTS,MSSTSH,MENS SHORT SLEEVE T-SHIRT,FOTL,Fruit Of The Loom,MS0020,HP,Heather Purple,0012  ,Medium,Men's Valueweight T,2.23,1,12,72,02-01-2026 8:41,C,https://myebrochure.co.uk/images/colours/fotl/fotl-hp.jpg,https://myebrochure.co.uk/images/products/prod_15001_61036_166543.jpg,https://myebrochure.co.uk/images/products.small/prod_15001_61036_166543.jpg,https://myebrochure.co.uk/images/products.hires/prod_15001_61036_166543.jpg,https://myebrochure.co.uk/images/brands/fotl_23.png,https://myebrochure.co.uk/images/products.hires/prod_61036_141678.jpg,https://myebrochure.co.uk/images/products.hires/prod_61036_141677.jpg,https://myebrochure.co.uk/images/products.hires/prod_61036_141679.jpg,,,,,,,,"<li>Crew neck with Cotton/ LYCRA&reg; rib</li> <li>Self&#45;fabric neck tape</li> <li>Fine knit gauge for enhanced printability</li> <li><b>Also available in ladies&#39; sizes code 61372, children&#39;s sizes code 61033 and girl&#39;s sizes code 61005</b></li>",1.75
171824,0000001717327,61036,TSHIRT,T-SHIRTS,MSSTSH,MENS SHORT SLEEVE T-SHIRT,FOTL,Fruit Of The Loom,MS0020,HP,Heather Purple,0012  ,Large,Men's Valueweight T,2.23,1,12,72,02-01-2026 8:41,C,https://myebrochure.co.uk/images/colours/fotl/fotl-hp.jpg,https://myebrochure.co.uk/images/products/prod_15001_61036_166543.jpg,https://myebrochure.co.uk/images/products.small/prod_15001_61036_166543.jpg,https://myebrochure.co.uk/images/products.hires/prod_15001_61036_166543.jpg,https://myebrochure.co.uk/images/brands/fotl_23.png,https://myebrochure.co.uk/images/products.hires/prod_61036_141678.jpg,https://myebrochure.co.uk/images/products.hires/prod_61036_141677.jpg,https://myebrochure.co.uk/images/products.hires/prod_61036_141679.jpg,,,,,,,,"<li>Crew neck with Cotton/ LYCRA&reg; rib</li> <li>Self&#45;fabric neck tape</li> <li>Fine knit gauge for enhanced printability</li> <li><b>Also available in ladies&#39; sizes code 61372, children&#39;s sizes code 61033 and girl&#39;s sizes code 61005</b></li>",1.75
171825,0000001717334,61036,TSHIRT,T-SHIRTS,MSSTSH,MENS SHORT SLEEVE T-SHIRT,FOTL,Fruit Of The Loom,MS0020,HP,Heather Purple,0012  ,XL,Men's Valueweight T,2.23,1,12,72,02-01-2026 8:41,C,https://myebrochure.co.uk/images/colours/fotl/fotl-hp.jpg,https://myebrochure.co.uk/images/products/prod_15001_61036_166543.jpg,https://myebrochure.co.uk/images/products.small/prod_15001_61036_166543.jpg,https://myebrochure.co.uk/images/products.hires/prod_15001_61036_166543.jpg,https://myebrochure.co.uk/images/brands/fotl_23.png,https://myebrochure.co.uk/images/products.hires/prod_61036_141678.jpg,https://myebrochure.co.uk/images/products.hires/prod_61036_141677.jpg,https://myebrochure.co.uk/images/products.hires/prod_61036_141679.jpg,,,,,,,,"<li>Crew neck with Cotton/ LYCRA&reg; rib</li> <li>Self&#45;fabric neck tape</li> <li>Fine knit gauge for enhanced printability</li> <li><b>Also available in ladies&#39; sizes code 61372, children&#39;s sizes code 61033 and girl&#39;s sizes code 61005</b></li>",1.75
171826,0000001717341,61036,TSHIRT,T-SHIRTS,MSSTSH,MENS SHORT SLEEVE T-SHIRT,FOTL,Fruit Of The Loom,MS0020,HP,Heather Purple,0012  ,2XL,Men's Valueweight T,2.23,1,12,72,02-01-2026 8:41,C,https://myebrochure.co.uk/images/colours/fotl/fotl-hp.jpg,https://myebrochure.co.uk/images/products/prod_15001_61036_166543.jpg,https://myebrochure.co.uk/images/products.small/prod_15001_61036_166543.jpg,https://myebrochure.co.uk/images/products.hires/prod_15001_61036_166543.jpg,https://myebrochure.co.uk/images/brands/fotl_23.png,https://myebrochure.co.uk/images/products.hires/prod_61036_141678.jpg,https://myebrochure.co.uk/images/products.hires/prod_61036_141677.jpg,https://myebrochure.co.uk/images/products.hires/prod_61036_141679.jpg,,,,,,,,"<li>Crew neck with Cotton/ LYCRA&reg; rib</li> <li>Self&#45;fabric neck tape</li> <li>Fine knit gauge for enhanced printability</li> <li><b>Also available in ladies&#39; sizes code 61372, children&#39;s sizes code 61033 and girl&#39;s sizes code 61005</b></li>",1.75
171827,0000001717358,61036,TSHIRT,T-SHIRTS,MSSTSH,MENS SHORT SLEEVE T-SHIRT,FOTL,Fruit Of The Loom,MS0020,HP,Heather Purple,0012  ,3XL,Men's Valueweight T,3.02,1,12,36,02-01-2026 8:41,C,https://myebrochure.co.uk/images/colours/fotl/fotl-hp.jpg,https://myebrochure.co.uk/images/products/prod_15001_61036_166543.jpg,https://myebrochure.co.uk/images/products.small/prod_15001_61036_166543.jpg,https://myebrochure.co.uk/images/products.hires/prod_15001_61036_166543.jpg,https://myebrochure.co.uk/images/brands/fotl_23.png,https://myebrochure.co.uk/images/products.hires/prod_61036_141678.jpg,https://myebrochure.co.uk/images/products.hires/prod_61036_141677.jpg,https://myebrochure.co.uk/images/products.hires/prod_61036_141679.jpg,,,,,,,,"<li>Crew neck with Cotton/ LYCRA&reg; rib</li> <li>Self&#45;fabric neck tape</li> <li>Fine knit gauge for enhanced printability</li> <li><b>Also available in ladies&#39; sizes code 61372, children&#39;s sizes code 61033 and girl&#39;s sizes code 61005</b></li>",2.37
171830,0000001717389,61036,TSHIRT,T-SHIRTS,MSSTSH,MENS SHORT SLEEVE T-SHIRT,FOTL,Fruit Of The Loom,MS0020,H1,Heather Burgundy,0012  ,Small,Men's Valueweight T,2.23,1,12,72,02-01-2026 8:41,C,https://myebrochure.co.uk/images/colours/fotl/fotl-h1.jpg,https://myebrochure.co.uk/images/products/prod_15001_61036_166543.jpg,https://myebrochure.co.uk/images/products.small/prod_15001_61036_166543.jpg,https://myebrochure.co.uk/images/products.hires/prod_15001_61036_166543.jpg,https://myebrochure.co.uk/images/brands/fotl_23.png,https://myebrochure.co.uk/images/products.hires/prod_61036_141672.jpg,https://myebrochure.co.uk/images/products.hires/prod_61036_141671.jpg,https://myebrochure.co.uk/images/products.hires/prod_61036_141673.jpg,https://myebrochure.co.uk/images/products.hires/prod_15001_61036_166548.jpg,,,,,,,"<li>Crew neck with Cotton/ LYCRA&reg; rib</li> <li>Self&#45;fabric neck tape</li> <li>Fine knit gauge for enhanced printability</li> <li><b>Also available in ladies&#39; sizes code 61372, children&#39;s sizes code 61033 and girl&#39;s sizes code 61005</b></li>",1.75
171831,0000001717396,61036,TSHIRT,T-SHIRTS,MSSTSH,MENS SHORT SLEEVE T-SHIRT,FOTL,Fruit Of The Loom,MS0020,H1,Heather Burgundy,0012  ,Medium,Men's Valueweight T,2.23,1,12,72,02-01-2026 8:41,C,https://myebrochure.co.uk/images/colours/fotl/fotl-h1.jpg,https://myebrochure.co.uk/images/products/prod_15001_61036_166543.jpg,https://myebrochure.co.uk/images/products.small/prod_15001_61036_166543.jpg,https://myebrochure.co.uk/images/products.hires/prod_15001_61036_166543.jpg,https://myebrochure.co.uk/images/brands/fotl_23.png,https://myebrochure.co.uk/images/products.hires/prod_61036_141672.jpg,https://myebrochure.co.uk/images/products.hires/prod_61036_141671.jpg,https://myebrochure.co.uk/images/products.hires/prod_61036_141673.jpg,https://myebrochure.co.uk/images/products.hires/prod_15001_61036_166548.jpg,,,,,,,"<li>Crew neck with Cotton/ LYCRA&reg; rib</li> <li>Self&#45;fabric neck tape</li> <li>Fine knit gauge for enhanced printability</li> <li><b>Also available in ladies&#39; sizes code 61372, children&#39;s sizes code 61033 and girl&#39;s sizes code 61005</b></li>",1.75
171832,0000001717402,61036,TSHIRT,T-SHIRTS,MSSTSH,MENS SHORT SLEEVE T-SHIRT,FOTL,Fruit Of The Loom,MS0020,H1,Heather Burgundy,0012  ,Large,Men's Valueweight T,2.23,1,12,72,02-01-2026 8:41,C,https://myebrochure.co.uk/images/colours/fotl/fotl-h1.jpg,https://myebrochure.co.uk/images/products/prod_15001_61036_166543.jpg,https://myebrochure.co.uk/images/products.small/prod_15001_61036_166543.jpg,https://myebrochure.co.uk/images/products.hires/prod_15001_61036_166543.jpg,https://myebrochure.co.uk/images/brands/fotl_23.png,https://myebrochure.co.uk/images/products.hires/prod_61036_141672.jpg,https://myebrochure.co.uk/images/products.hires/prod_61036_141671.jpg,https://myebrochure.co.uk/images/products.hires/prod_61036_141673.jpg,https://myebrochure.co.uk/images/products.hires/prod_15001_61036_166548.jpg,,,,,,,"<li>Crew neck with Cotton/ LYCRA&reg; rib</li> <li>Self&#45;fabric neck tape</li> <li>Fine knit gauge for enhanced printability</li> <li><b>Also available in ladies&#39; sizes code 61372, children&#39;s sizes code 61033 and girl&#39;s sizes code 61005</b></li>",1.75
171833,0000001717419,61036,TSHIRT,T-SHIRTS,MSSTSH,MENS SHORT SLEEVE T-SHIRT,FOTL,Fruit Of The Loom,MS0020,H1,Heather Burgundy,0012  ,XL,Men's Valueweight T,2.23,1,12,72,02-01-2026 8:41,C,https://myebrochure.co.uk/images/colours/fotl/fotl-h1.jpg,https://myebrochure.co.uk/images/products/prod_15001_61036_166543.jpg,https://myebrochure.co.uk/images/products.small/prod_15001_61036_166543.jpg,https://myebrochure.co.uk/images/products.hires/prod_15001_61036_166543.jpg,https://myebrochure.co.uk/images/brands/fotl_23.png,https://myebrochure.co.uk/images/products.hires/prod_61036_141672.jpg,https://myebrochure.co.uk/images/products.hires/prod_61036_141671.jpg,https://myebrochure.co.uk/images/products.hires/prod_61036_141673.jpg,https://myebrochure.co.uk/images/products.hires/prod_15001_61036_166548.jpg,,,,,,,"<li>Crew neck with Cotton/ LYCRA&reg; rib</li> <li>Self&#45;fabric neck tape</li> <li>Fine knit gauge for enhanced printability</li> <li><b>Also available in ladies&#39; sizes code 61372, children&#39;s sizes code 61033 and girl&#39;s sizes code 61005</b></li>",1.75
171834,0000001717426,61036,TSHIRT,T-SHIRTS,MSSTSH,MENS SHORT SLEEVE T-SHIRT,FOTL,Fruit Of The Loom,MS0020,H1,Heather Burgundy,0012  ,2XL,Men's Valueweight T,2.23,1,12,72,02-01-2026 8:41,C,https://myebrochure.co.uk/images/colours/fotl/fotl-h1.jpg,https://myebrochure.co.uk/images/products/prod_15001_61036_166543.jpg,https://myebrochure.co.uk/images/products.small/prod_15001_61036_166543.jpg,https://myebrochure.co.uk/images/products.hires/prod_15001_61036_166543.jpg,https://myebrochure.co.uk/images/brands/fotl_23.png,https://myebrochure.co.uk/images/products.hires/prod_61036_141672.jpg,https://myebrochure.co.uk/images/products.hires/prod_61036_141671.jpg,https://myebrochure.co.uk/images/products.hires/prod_61036_141673.jpg,https://myebrochure.co.uk/images/products.hires/prod_15001_61036_166548.jpg,,,,,,,"<li>Crew neck with Cotton/ LYCRA&reg; rib</li> <li>Self&#45;fabric neck tape</li> <li>Fine knit gauge for enhanced printability</li> <li><b>Also available in ladies&#39; sizes code 61372, children&#39;s sizes code 61033 and girl&#39;s sizes code 61005</b></li>",1.75
171835,0000001717433,61036,TSHIRT,T-SHIRTS,MSSTSH,MENS SHORT SLEEVE T-SHIRT,FOTL,Fruit Of The Loom,MS0020,H1,Heather Burgundy,0012  ,3XL,Men's Valueweight T,3.02,1,12,36,02-01-2026 8:41,C,https://myebrochure.co.uk/images/colours/fotl/fotl-h1.jpg,https://myebrochure.co.uk/images/products/prod_15001_61036_166543.jpg,https://myebrochure.co.uk/images/products.small/prod_15001_61036_166543.jpg,https://myebrochure.co.uk/images/products.hires/prod_15001_61036_166543.jpg,https://myebrochure.co.uk/images/brands/fotl_23.png,https://myebrochure.co.uk/images/products.hires/prod_61036_141672.jpg,https://myebrochure.co.uk/images/products.hires/prod_61036_141671.jpg,https://myebrochure.co.uk/images/products.hires/prod_61036_141673.jpg,https://myebrochure.co.uk/images/products.hires/prod_15001_61036_166548.jpg,,,,,,,"<li>Crew neck with Cotton/ LYCRA&reg; rib</li> <li>Self&#45;fabric neck tape</li> <li>Fine knit gauge for enhanced printability</li> <li><b>Also available in ladies&#39; sizes code 61372, children&#39;s sizes code 61033 and girl&#39;s sizes code 61005</b></li>",2.37
179706,0000001796155,61036,TSHIRT,T-SHIRTS,MSSTSH,MENS SHORT SLEEVE T-SHIRT,FOTL,Fruit Of The Loom,MS0020,ZU,Azure Blue,0012  ,3XL,Men's Valueweight T,3.02,1,12,36,02-01-2026 8:41,C,https://myebrochure.co.uk/images/colours/fotl/fotl-zu.jpg,https://myebrochure.co.uk/images/products/prod_15001_61036_166543.jpg,https://myebrochure.co.uk/images/products.small/prod_15001_61036_166543.jpg,https://myebrochure.co.uk/images/products.hires/prod_15001_61036_166543.jpg,https://myebrochure.co.uk/images/brands/fotl_23.png,https://myebrochure.co.uk/images/products.hires/prod_61036_141702.jpg,https://myebrochure.co.uk/images/products.hires/prod_61036_141701.jpg,https://myebrochure.co.uk/images/products.hires/prod_61036_141703.jpg,,,,,,,,"<li>Crew neck with Cotton/ LYCRA&reg; rib</li> <li>Self&#45;fabric neck tape</li> <li>Fine knit gauge for enhanced printability</li> <li><b>Also available in ladies&#39; sizes code 61372, children&#39;s sizes code 61033 and girl&#39;s sizes code 61005</b></li>",2.37
179709,0000001796186,61036,TSHIRT,T-SHIRTS,MSSTSH,MENS SHORT SLEEVE T-SHIRT,FOTL,Fruit Of The Loom,MS0020,BGR,Bottle Green,0012  ,3XL,Men's Valueweight T,3.02,1,12,36,02-01-2026 8:41,C,https://myebrochure.co.uk/images/colours/fotl/fotl-bgr.jpg,https://myebrochure.co.uk/images/products/prod_15001_61036_166543.jpg,https://myebrochure.co.uk/images/products.small/prod_15001_61036_166543.jpg,https://myebrochure.co.uk/images/products.hires/prod_15001_61036_166543.jpg,https://myebrochure.co.uk/images/brands/fotl_23.png,https://myebrochure.co.uk/images/products.hires/prod_61036_141630.jpg,https://myebrochure.co.uk/images/products.hires/prod_61036_141629.jpg,https://myebrochure.co.uk/images/products.hires/prod_61036_141631.jpg,,,,,,,,"<li>Crew neck with Cotton/ LYCRA&reg; rib</li> <li>Self&#45;fabric neck tape</li> <li>Fine knit gauge for enhanced printability</li> <li><b>Also available in ladies&#39; sizes code 61372, children&#39;s sizes code 61033 and girl&#39;s sizes code 61005</b></li>",2.37
179712,0000001796216,61036,TSHIRT,T-SHIRTS,MSSTSH,MENS SHORT SLEEVE T-SHIRT,FOTL,Fruit Of The Loom,MS0020,BX,Brick Red,0012  ,3XL,Men's Valueweight T,3.02,1,12,36,02-01-2026 8:41,C,https://myebrochure.co.uk/images/colours/fotl/fotl-bx.jpg,https://myebrochure.co.uk/images/products/prod_15001_61036_166543.jpg,https://myebrochure.co.uk/images/products.small/prod_15001_61036_166543.jpg,https://myebrochure.co.uk/images/products.hires/prod_15001_61036_166543.jpg,https://myebrochure.co.uk/images/brands/fotl_23.png,https://myebrochure.co.uk/images/products.hires/prod_61036_141666.jpg,https://myebrochure.co.uk/images/products.hires/prod_61036_141665.jpg,https://myebrochure.co.uk/images/products.hires/prod_61036_141667.jpg,,,,,,,,"<li>Crew neck with Cotton/ LYCRA&reg; rib</li> <li>Self&#45;fabric neck tape</li> <li>Fine knit gauge for enhanced printability</li> <li><b>Also available in ladies&#39; sizes code 61372, children&#39;s sizes code 61033 and girl&#39;s sizes code 61005</b></li>",2.37
179715,0000001796247,61036,TSHIRT,T-SHIRTS,MSSTSH,MENS SHORT SLEEVE T-SHIRT,FOTL,Fruit Of The Loom,MS0020,41,Burgundy,0012  ,3XL,Men's Valueweight T,3.02,1,12,36,02-01-2026 8:41,C,https://myebrochure.co.uk/images/colours/fotl/fotl-41.jpg,https://myebrochure.co.uk/images/products/prod_15001_61036_166543.jpg,https://myebrochure.co.uk/images/products.small/prod_15001_61036_166543.jpg,https://myebrochure.co.uk/images/products.hires/prod_15001_61036_166543.jpg,https://myebrochure.co.uk/images/brands/fotl_23.png,https://myebrochure.co.uk/images/products.hires/prod_61036_141639.jpg,https://myebrochure.co.uk/images/products.hires/prod_61036_141638.jpg,https://myebrochure.co.uk/images/products.hires/prod_61036_141640.jpg,,,,,,,,"<li>Crew neck with Cotton/ LYCRA&reg; rib</li> <li>Self&#45;fabric neck tape</li> <li>Fine knit gauge for enhanced printability</li> <li><b>Also available in ladies&#39; sizes code 61372, children&#39;s sizes code 61033 and girl&#39;s sizes code 61005</b></li>",2.37
179718,0000001796278,61036,TSHIRT,T-SHIRTS,MSSTSH,MENS SHORT SLEEVE T-SHIRT,FOTL,Fruit Of The Loom,MS0020,CQ,Chocolate,0012  ,3XL,Men's Valueweight T,3.02,1,12,36,02-01-2026 8:41,C,https://myebrochure.co.uk/images/colours/fotl/fotl-cq.jpg,https://myebrochure.co.uk/images/products/prod_15001_61036_166543.jpg,https://myebrochure.co.uk/images/products.small/prod_15001_61036_166543.jpg,https://myebrochure.co.uk/images/products.hires/prod_15001_61036_166543.jpg,https://myebrochure.co.uk/images/brands/fotl_23.png,https://myebrochure.co.uk/images/products.hires/prod_61036_141669.jpg,https://myebrochure.co.uk/images/products.hires/prod_61036_141668.jpg,https://myebrochure.co.uk/images/products.hires/prod_61036_141670.jpg,https://myebrochure.co.uk/images/products.hires/prod_15001_61036_166547.jpg,,,,,,,"<li>Crew neck with Cotton/ LYCRA&reg; rib</li> <li>Self&#45;fabric neck tape</li> <li>Fine knit gauge for enhanced printability</li> <li><b>Also available in ladies&#39; sizes code 61372, children&#39;s sizes code 61033 and girl&#39;s sizes code 61005</b></li>",2.37
179721,0000001796308,61036,TSHIRT,T-SHIRTS,MSSTSH,MENS SHORT SLEEVE T-SHIRT,FOTL,Fruit Of The Loom,MS0020,59,Classic Olive,0012  ,3XL,Men's Valueweight T,3.02,1,12,36,02-01-2026 8:41,C,https://myebrochure.co.uk/images/colours/fotl/fotl-59.jpg,https://myebrochure.co.uk/images/products/prod_15001_61036_166543.jpg,https://myebrochure.co.uk/images/products.small/prod_15001_61036_166543.jpg,https://myebrochure.co.uk/images/products.hires/prod_15001_61036_166543.jpg,https://myebrochure.co.uk/images/brands/fotl_23.png,https://myebrochure.co.uk/images/products.hires/prod_61036_141657.jpg,https://myebrochure.co.uk/images/products.hires/prod_61036_141656.jpg,https://myebrochure.co.uk/images/products.hires/prod_61036_141658.jpg,,,,,,,,"<li>Crew neck with Cotton/ LYCRA&reg; rib</li> <li>Self&#45;fabric neck tape</li> <li>Fine knit gauge for enhanced printability</li> <li><b>Also available in ladies&#39; sizes code 61372, children&#39;s sizes code 61033 and girl&#39;s sizes code 61005</b></li>",2.37
179724,0000001796339,61036,TSHIRT,T-SHIRTS,MSSTSH,MENS SHORT SLEEVE T-SHIRT,FOTL,Fruit Of The Loom,MS0020,AZ,Deep Navy,0012  ,3XL,Men's Valueweight T,3.02,1,12,36,02-01-2026 8:41,C,https://myebrochure.co.uk/images/colours/fotl/fotl-az.jpg,https://myebrochure.co.uk/images/products/prod_15001_61036_166543.jpg,https://myebrochure.co.uk/images/products.small/prod_15001_61036_166543.jpg,https://myebrochure.co.uk/images/products.hires/prod_15001_61036_166543.jpg,https://myebrochure.co.uk/images/brands/fotl_23.png,https://myebrochure.co.uk/images/products.hires/prod_61036_141663.jpg,https://myebrochure.co.uk/images/products.hires/prod_61036_141662.jpg,https://myebrochure.co.uk/images/products.hires/prod_61036_141664.jpg,https://myebrochure.co.uk/images/products.hires/prod_15001_61036_166542.jpg,,,,,,,"<li>Crew neck with Cotton/ LYCRA&reg; rib</li> <li>Self&#45;fabric neck tape</li> <li>Fine knit gauge for enhanced printability</li> <li><b>Also available in ladies&#39; sizes code 61372, children&#39;s sizes code 61033 and girl&#39;s sizes code 61005</b></li>",2.37
179729,0000001796384,61036,TSHIRT,T-SHIRTS,MSSTSH,MENS SHORT SLEEVE T-SHIRT,FOTL,Fruit Of The Loom,MS0020,47,Kelly Green,0012  ,3XL,Men's Valueweight T,3.02,1,12,36,02-01-2026 8:41,C,https://myebrochure.co.uk/images/colours/fotl/fotl-47.jpg,https://myebrochure.co.uk/images/products/prod_15001_61036_166543.jpg,https://myebrochure.co.uk/images/products.small/prod_15001_61036_166543.jpg,https://myebrochure.co.uk/images/products.hires/prod_15001_61036_166543.jpg,https://myebrochure.co.uk/images/brands/fotl_23.png,https://myebrochure.co.uk/images/products.hires/prod_61036_141645.jpg,https://myebrochure.co.uk/images/products.hires/prod_61036_141644.jpg,https://myebrochure.co.uk/images/products.hires/prod_61036_141646.jpg,,,,,,,,"<li>Crew neck with Cotton/ LYCRA&reg; rib</li> <li>Self&#45;fabric neck tape</li> <li>Fine knit gauge for enhanced printability</li> <li><b>Also available in ladies&#39; sizes code 61372, children&#39;s sizes code 61033 and girl&#39;s sizes code 61005</b></li>",2.37
179732,0000001796414,61036,TSHIRT,T-SHIRTS,MSSTSH,MENS SHORT SLEEVE T-SHIRT,FOTL,Fruit Of The Loom,MS0020,3M,Khaki,0012  ,3XL,Men's Valueweight T,3.02,1,12,36,02-01-2026 8:41,C,https://myebrochure.co.uk/images/colours/fotl/fotl-3m.jpg,https://myebrochure.co.uk/images/products/prod_15001_61036_166543.jpg,https://myebrochure.co.uk/images/products.small/prod_15001_61036_166543.jpg,https://myebrochure.co.uk/images/products.hires/prod_15001_61036_166543.jpg,https://myebrochure.co.uk/images/brands/fotl_23.png,https://myebrochure.co.uk/images/products.hires/prod_61036_141633.jpg,https://myebrochure.co.uk/images/products.hires/prod_61036_141632.jpg,https://myebrochure.co.uk/images/products.hires/prod_61036_141634.jpg,https://myebrochure.co.uk/images/products.hires/prod_15001_61036_166544.jpg,,,,,,,"<li>Crew neck with Cotton/ LYCRA&reg; rib</li> <li>Self&#45;fabric neck tape</li> <li>Fine knit gauge for enhanced printability</li> <li><b>Also available in ladies&#39; sizes code 61372, children&#39;s sizes code 61033 and girl&#39;s sizes code 61005</b></li>",2.37
179735,0000001796445,61036,TSHIRT,T-SHIRTS,MSSTSH,MENS SHORT SLEEVE T-SHIRT,FOTL,Fruit Of The Loom,MS0020,GL,Light Graphite,0012  ,3XL,Men's Valueweight T,3.02,1,12,36,02-01-2026 8:41,C,https://myebrochure.co.uk/images/colours/fotl/fotl-gl.jpg,https://myebrochure.co.uk/images/products/prod_15001_61036_166543.jpg,https://myebrochure.co.uk/images/products.small/prod_15001_61036_166543.jpg,https://myebrochure.co.uk/images/products.hires/prod_15001_61036_166543.jpg,https://myebrochure.co.uk/images/brands/fotl_23.png,https://myebrochure.co.uk/images/products.hires/prod_61036_141717.jpg,https://myebrochure.co.uk/images/products.hires/prod_61036_141716.jpg,https://myebrochure.co.uk/images/products.hires/prod_61036_141718.jpg,,,,,,,,"<li>Crew neck with Cotton/ LYCRA&reg; rib</li> <li>Self&#45;fabric neck tape</li> <li>Fine knit gauge for enhanced printability</li> <li><b>Also available in ladies&#39; sizes code 61372, children&#39;s sizes code 61033 and girl&#39;s sizes code 61005</b></li>",2.37
179738,0000001796476,61036,TSHIRT,T-SHIRTS,MSSTSH,MENS SHORT SLEEVE T-SHIRT,FOTL,Fruit Of The Loom,MS0020,LPI,Light Pink,0012  ,3XL,Men's Valueweight T,3.02,1,12,36,02-01-2026 8:41,C,https://myebrochure.co.uk/images/colours/fotl/fotl-lpi.jpg,https://myebrochure.co.uk/images/products/prod_15001_61036_166543.jpg,https://myebrochure.co.uk/images/products.small/prod_15001_61036_166543.jpg,https://myebrochure.co.uk/images/products.hires/prod_15001_61036_166543.jpg,https://myebrochure.co.uk/images/brands/fotl_23.png,https://myebrochure.co.uk/images/products.hires/prod_61036_141651.jpg,https://myebrochure.co.uk/images/products.hires/prod_61036_141650.jpg,https://myebrochure.co.uk/images/products.hires/prod_61036_141652.jpg,,,,,,,,"<li>Crew neck with Cotton/ LYCRA&reg; rib</li> <li>Self&#45;fabric neck tape</li> <li>Fine knit gauge for enhanced printability</li> <li><b>Also available in ladies&#39; sizes code 61372, children&#39;s sizes code 61033 and girl&#39;s sizes code 61005</b></li>",2.37
179740,0000001796490,61036,TSHIRT,T-SHIRTS,MSSTSH,MENS SHORT SLEEVE T-SHIRT,FOTL,Fruit Of The Loom,MS0020,60,Natural,0012  ,3XL,Men's Valueweight T,2.29,1,12,36,02-01-2026 8:41,C,https://myebrochure.co.uk/images/colours/fotl/fotl-60.jpg,https://myebrochure.co.uk/images/products/prod_15001_61036_166543.jpg,https://myebrochure.co.uk/images/products.small/prod_15001_61036_166543.jpg,https://myebrochure.co.uk/images/products.hires/prod_15001_61036_166543.jpg,https://myebrochure.co.uk/images/brands/fotl_23.png,https://myebrochure.co.uk/images/products.hires/prod_61036_141660.jpg,https://myebrochure.co.uk/images/products.hires/prod_61036_141659.jpg,https://myebrochure.co.uk/images/products.hires/prod_61036_141661.jpg,,,,,,,,"<li>Crew neck with Cotton/ LYCRA&reg; rib</li> <li>Self&#45;fabric neck tape</li> <li>Fine knit gauge for enhanced printability</li> <li><b>Also available in ladies&#39; sizes code 61372, children&#39;s sizes code 61033 and girl&#39;s sizes code 61005</b></li>",1.8
179743,0000001796520,61036,TSHIRT,T-SHIRTS,MSSTSH,MENS SHORT SLEEVE T-SHIRT,FOTL,Fruit Of The Loom,MS0020,44,Orange,0012  ,3XL,Men's Valueweight T,3.02,1,12,36,02-01-2026 8:41,C,https://myebrochure.co.uk/images/colours/fotl/fotl-44.jpg,https://myebrochure.co.uk/images/products/prod_15001_61036_166543.jpg,https://myebrochure.co.uk/images/products.small/prod_15001_61036_166543.jpg,https://myebrochure.co.uk/images/products.hires/prod_15001_61036_166543.jpg,https://myebrochure.co.uk/images/brands/fotl_23.png,https://myebrochure.co.uk/images/products.hires/prod_61036_141642.jpg,https://myebrochure.co.uk/images/products.hires/prod_61036_141641.jpg,https://myebrochure.co.uk/images/products.hires/prod_61036_141643.jpg,https://myebrochure.co.uk/images/products.hires/prod_15001_61036_166546.jpg,,,,,,,"<li>Crew neck with Cotton/ LYCRA&reg; rib</li> <li>Self&#45;fabric neck tape</li> <li>Fine knit gauge for enhanced printability</li> <li><b>Also available in ladies&#39; sizes code 61372, children&#39;s sizes code 61033 and girl&#39;s sizes code 61005</b></li>",2.37
179746,0000001796551,61036,TSHIRT,T-SHIRTS,MSSTSH,MENS SHORT SLEEVE T-SHIRT,FOTL,Fruit Of The Loom,MS0020,PE,Purple,0012  ,3XL,Men's Valueweight T,3.02,1,12,36,02-01-2026 8:41,C,https://myebrochure.co.uk/images/colours/fotl/fotl-pe.jpg,https://myebrochure.co.uk/images/products/prod_15001_61036_166543.jpg,https://myebrochure.co.uk/images/products.small/prod_15001_61036_166543.jpg,https://myebrochure.co.uk/images/products.hires/prod_15001_61036_166543.jpg,https://myebrochure.co.uk/images/brands/fotl_23.png,https://myebrochure.co.uk/images/products.hires/prod_61036_141684.jpg,https://myebrochure.co.uk/images/products.hires/prod_61036_141683.jpg,https://myebrochure.co.uk/images/products.hires/prod_61036_141685.jpg,,,,,,,,"<li>Crew neck with Cotton/ LYCRA&reg; rib</li> <li>Self&#45;fabric neck tape</li> <li>Fine knit gauge for enhanced printability</li> <li><b>Also available in ladies&#39; sizes code 61372, children&#39;s sizes code 61033 and girl&#39;s sizes code 61005</b></li>",2.37
179749,0000001796582,61036,TSHIRT,T-SHIRTS,MSSTSH,MENS SHORT SLEEVE T-SHIRT,FOTL,Fruit Of The Loom,MS0020,40,Red,0012  ,3XL,Men's Valueweight T,3.02,1,12,36,02-01-2026 8:41,C,https://myebrochure.co.uk/images/colours/fotl/fotl-40.jpg,https://myebrochure.co.uk/images/products/prod_15001_61036_166543.jpg,https://myebrochure.co.uk/images/products.small/prod_15001_61036_166543.jpg,https://myebrochure.co.uk/images/products.hires/prod_15001_61036_166543.jpg,https://myebrochure.co.uk/images/brands/fotl_23.png,https://myebrochure.co.uk/images/products.hires/prod_61036_141636.jpg,https://myebrochure.co.uk/images/products.hires/prod_61036_141635.jpg,https://myebrochure.co.uk/images/products.hires/prod_61036_141637.jpg,https://myebrochure.co.uk/images/products.hires/prod_15001_61036_166545.jpg,,,,,,,"<li>Crew neck with Cotton/ LYCRA&reg; rib</li> <li>Self&#45;fabric neck tape</li> <li>Fine knit gauge for enhanced printability</li> <li><b>Also available in ladies&#39; sizes code 61372, children&#39;s sizes code 61033 and girl&#39;s sizes code 61005</b></li>",2.37
179752,0000001796612,61036,TSHIRT,T-SHIRTS,MSSTSH,MENS SHORT SLEEVE T-SHIRT,FOTL,Fruit Of The Loom,MS0020,51,Royal,0012  ,3XL,Men's Valueweight T,3.02,1,12,36,02-01-2026 8:41,C,https://myebrochure.co.uk/images/colours/fotl/fotl-51.jpg,https://myebrochure.co.uk/images/products/prod_15001_61036_166543.jpg,https://myebrochure.co.uk/images/products.small/prod_15001_61036_166543.jpg,https://myebrochure.co.uk/images/products.hires/prod_15001_61036_166543.jpg,https://myebrochure.co.uk/images/brands/fotl_23.png,https://myebrochure.co.uk/images/products.hires/prod_61036_141648.jpg,https://myebrochure.co.uk/images/products.hires/prod_61036_141647.jpg,https://myebrochure.co.uk/images/products.hires/prod_61036_141649.jpg,,,,,,,,"<li>Crew neck with Cotton/ LYCRA&reg; rib</li> <li>Self&#45;fabric neck tape</li> <li>Fine knit gauge for enhanced printability</li> <li><b>Also available in ladies&#39; sizes code 61372, children&#39;s sizes code 61033 and girl&#39;s sizes code 61005</b></li>",2.37
179757,0000001796667,61036,TSHIRT,T-SHIRTS,MSSTSH,MENS SHORT SLEEVE T-SHIRT,FOTL,Fruit Of The Loom,MS0020,SUN,Sunflower,0012  ,3XL,Men's Valueweight T,3.02,1,12,36,02-01-2026 8:41,C,https://myebrochure.co.uk/images/colours/fotl/fotl-sun.jpg,https://myebrochure.co.uk/images/products/prod_15001_61036_166543.jpg,https://myebrochure.co.uk/images/products.small/prod_15001_61036_166543.jpg,https://myebrochure.co.uk/images/products.hires/prod_15001_61036_166543.jpg,https://myebrochure.co.uk/images/brands/fotl_23.png,https://myebrochure.co.uk/images/products.hires/prod_61036_141624.jpg,https://myebrochure.co.uk/images/products.hires/prod_61036_141623.jpg,https://myebrochure.co.uk/images/products.hires/prod_61036_141625.jpg,,,,,,,,"<li>Crew neck with Cotton/ LYCRA&reg; rib</li> <li>Self&#45;fabric neck tape</li> <li>Fine knit gauge for enhanced printability</li> <li><b>Also available in ladies&#39; sizes code 61372, children&#39;s sizes code 61033 and girl&#39;s sizes code 61005</b></li>",2.37
179760,0000001796698,61036,TSHIRT,T-SHIRTS,MSSTSH,MENS SHORT SLEEVE T-SHIRT,FOTL,Fruit Of The Loom,MS0020,K2,Yellow,0012  ,3XL,Men's Valueweight T,3.02,1,12,36,02-01-2026 8:41,C,https://myebrochure.co.uk/images/colours/fotl/fotl-k2.jpg,https://myebrochure.co.uk/images/products/prod_15001_61036_166543.jpg,https://myebrochure.co.uk/images/products.small/prod_15001_61036_166543.jpg,https://myebrochure.co.uk/images/products.hires/prod_15001_61036_166543.jpg,https://myebrochure.co.uk/images/brands/fotl_23.png,https://myebrochure.co.uk/images/products.hires/prod_61036_141681.jpg,https://myebrochure.co.uk/images/products.hires/prod_61036_141680.jpg,https://myebrochure.co.uk/images/products.hires/prod_61036_141682.jpg,,,,,,,,"<li>Crew neck with Cotton/ LYCRA&reg; rib</li> <li>Self&#45;fabric neck tape</li> <li>Fine knit gauge for enhanced printability</li> <li><b>Also available in ladies&#39; sizes code 61372, children&#39;s sizes code 61033 and girl&#39;s sizes code 61005</b></li>",2.37
3253,0000000032537,61082,TSHIRT,T-SHIRTS,MSSTSH,MENS SHORT SLEEVE T-SHIRT,FOTL,Fruit Of The Loom,MS0021,32,Navy Blue,0012  ,Small,Men's Original T,2,1,12,120,02-01-2026 8:43,C,https://myebrochure.co.uk/images/colours/fotl/fotl-32.jpg,https://myebrochure.co.uk/images/products/prod_13001_61082_165093.jpg,https://myebrochure.co.uk/images/products.small/prod_13001_61082_165093.jpg,https://myebrochure.co.uk/images/products.hires/prod_13001_61082_165093.jpg,https://myebrochure.co.uk/images/brands/fotl_23.png,https://myebrochure.co.uk/images/products.hires/prod_61082_141831.jpg,https://myebrochure.co.uk/images/products.hires/prod_61082_141830.jpg,https://myebrochure.co.uk/images/products.hires/prod_61082_141832.jpg,,,,,,,,<li>Rib crew neck with self&#45;fabric back neck tape</li> <li>Fine knit gauge for enhanced printability</li> <li><b>Also available in ladies&#39; sizes code 61420 and children&#39;s size code 61019</b></li>,1.57
3254,0000000032544,61082,TSHIRT,T-SHIRTS,MSSTSH,MENS SHORT SLEEVE T-SHIRT,FOTL,Fruit Of The Loom,MS0021,32,Navy Blue,0012  ,Medium,Men's Original T,2,1,12,120,02-01-2026 8:43,C,https://myebrochure.co.uk/images/colours/fotl/fotl-32.jpg,https://myebrochure.co.uk/images/products/prod_13001_61082_165093.jpg,https://myebrochure.co.uk/images/products.small/prod_13001_61082_165093.jpg,https://myebrochure.co.uk/images/products.hires/prod_13001_61082_165093.jpg,https://myebrochure.co.uk/images/brands/fotl_23.png,https://myebrochure.co.uk/images/products.hires/prod_61082_141831.jpg,https://myebrochure.co.uk/images/products.hires/prod_61082_141830.jpg,https://myebrochure.co.uk/images/products.hires/prod_61082_141832.jpg,,,,,,,,<li>Rib crew neck with self&#45;fabric back neck tape</li> <li>Fine knit gauge for enhanced printability</li> <li><b>Also available in ladies&#39; sizes code 61420 and children&#39;s size code 61019</b></li>,1.57
3255,0000000032551,61082,TSHIRT,T-SHIRTS,MSSTSH,MENS SHORT SLEEVE T-SHIRT,FOTL,Fruit Of The Loom,MS0021,32,Navy Blue,0012  ,Large,Men's Original T,2,1,12,120,02-01-2026 8:43,C,https://myebrochure.co.uk/images/colours/fotl/fotl-32.jpg,https://myebrochure.co.uk/images/products/prod_13001_61082_165093.jpg,https://myebrochure.co.uk/images/products.small/prod_13001_61082_165093.jpg,https://myebrochure.co.uk/images/products.hires/prod_13001_61082_165093.jpg,https://myebrochure.co.uk/images/brands/fotl_23.png,https://myebrochure.co.uk/images/products.hires/prod_61082_141831.jpg,https://myebrochure.co.uk/images/products.hires/prod_61082_141830.jpg,https://myebrochure.co.uk/images/products.hires/prod_61082_141832.jpg,,,,,,,,<li>Rib crew neck with self&#45;fabric back neck tape</li> <li>Fine knit gauge for enhanced printability</li> <li><b>Also available in ladies&#39; sizes code 61420 and children&#39;s size code 61019</b></li>,1.57
3256,0000000032568,61082,TSHIRT,T-SHIRTS,MSSTSH,MENS SHORT SLEEVE T-SHIRT,FOTL,Fruit Of The Loom,MS0021,32,Navy Blue,0012  ,XL,Men's Original T,2,1,12,120,02-01-2026 8:43,C,https://myebrochure.co.uk/images/colours/fotl/fotl-32.jpg,https://myebrochure.co.uk/images/products/prod_13001_61082_165093.jpg,https://myebrochure.co.uk/images/products.small/prod_13001_61082_165093.jpg,https://myebrochure.co.uk/images/products.hires/prod_13001_61082_165093.jpg,https://myebrochure.co.uk/images/brands/fotl_23.png,https://myebrochure.co.uk/images/products.hires/prod_61082_141831.jpg,https://myebrochure.co.uk/images/products.hires/prod_61082_141830.jpg,https://myebrochure.co.uk/images/products.hires/prod_61082_141832.jpg,,,,,,,,<li>Rib crew neck with self&#45;fabric back neck tape</li> <li>Fine knit gauge for enhanced printability</li> <li><b>Also available in ladies&#39; sizes code 61420 and children&#39;s size code 61019</b></li>,1.57
3257,0000000032575,61082,TSHIRT,T-SHIRTS,MSSTSH,MENS SHORT SLEEVE T-SHIRT,FOTL,Fruit Of The Loom,MS0021,32,Navy Blue,0012  ,2XL,Men's Original T,2,1,12,108,02-01-2026 8:43,C,https://myebrochure.co.uk/images/colours/fotl/fotl-32.jpg,https://myebrochure.co.uk/images/products/prod_13001_61082_165093.jpg,https://myebrochure.co.uk/images/products.small/prod_13001_61082_165093.jpg,https://myebrochure.co.uk/images/products.hires/prod_13001_61082_165093.jpg,https://myebrochure.co.uk/images/brands/fotl_23.png,https://myebrochure.co.uk/images/products.hires/prod_61082_141831.jpg,https://myebrochure.co.uk/images/products.hires/prod_61082_141830.jpg,https://myebrochure.co.uk/images/products.hires/prod_61082_141832.jpg,,,,,,,,<li>Rib crew neck with self&#45;fabric back neck tape</li> <li>Fine knit gauge for enhanced printability</li> <li><b>Also available in ladies&#39; sizes code 61420 and children&#39;s size code 61019</b></li>,1.57
3258,0000000032582,61082,TSHIRT,T-SHIRTS,MSSTSH,MENS SHORT SLEEVE T-SHIRT,FOTL,Fruit Of The Loom,MS0021,51,Royal,0012  ,Small,Men's Original T,2,1,12,120,02-01-2026 8:43,C,https://myebrochure.co.uk/images/colours/fotl/fotl-51.jpg,https://myebrochure.co.uk/images/products/prod_13001_61082_165093.jpg,https://myebrochure.co.uk/images/products.small/prod_13001_61082_165093.jpg,https://myebrochure.co.uk/images/products.hires/prod_13001_61082_165093.jpg,https://myebrochure.co.uk/images/brands/fotl_23.png,https://myebrochure.co.uk/images/products.hires/prod_61082_141855.jpg,https://myebrochure.co.uk/images/products.hires/prod_61082_141854.jpg,https://myebrochure.co.uk/images/products.hires/prod_61082_141856.jpg,,,,,,,,<li>Rib crew neck with self&#45;fabric back neck tape</li> <li>Fine knit gauge for enhanced printability</li> <li><b>Also available in ladies&#39; sizes code 61420 and children&#39;s size code 61019</b></li>,1.57
3259,0000000032599,61082,TSHIRT,T-SHIRTS,MSSTSH,MENS SHORT SLEEVE T-SHIRT,FOTL,Fruit Of The Loom,MS0021,51,Royal,0012  ,Medium,Men's Original T,2,1,12,120,02-01-2026 8:43,C,https://myebrochure.co.uk/images/colours/fotl/fotl-51.jpg,https://myebrochure.co.uk/images/products/prod_13001_61082_165093.jpg,https://myebrochure.co.uk/images/products.small/prod_13001_61082_165093.jpg,https://myebrochure.co.uk/images/products.hires/prod_13001_61082_165093.jpg,https://myebrochure.co.uk/images/brands/fotl_23.png,https://myebrochure.co.uk/images/products.hires/prod_61082_141855.jpg,https://myebrochure.co.uk/images/products.hires/prod_61082_141854.jpg,https://myebrochure.co.uk/images/products.hires/prod_61082_141856.jpg,,,,,,,,<li>Rib crew neck with self&#45;fabric back neck tape</li> <li>Fine knit gauge for enhanced printability</li> <li><b>Also available in ladies&#39; sizes code 61420 and children&#39;s size code 61019</b></li>,1.57
3260,0000000032605,61082,TSHIRT,T-SHIRTS,MSSTSH,MENS SHORT SLEEVE T-SHIRT,FOTL,Fruit Of The Loom,MS0021,51,Royal,0012  ,Large,Men's Original T,2,1,12,120,02-01-2026 8:43,C,https://myebrochure.co.uk/images/colours/fotl/fotl-51.jpg,https://myebrochure.co.uk/images/products/prod_13001_61082_165093.jpg,https://myebrochure.co.uk/images/products.small/prod_13001_61082_165093.jpg,https://myebrochure.co.uk/images/products.hires/prod_13001_61082_165093.jpg,https://myebrochure.co.uk/images/brands/fotl_23.png,https://myebrochure.co.uk/images/products.hires/prod_61082_141855.jpg,https://myebrochure.co.uk/images/products.hires/prod_61082_141854.jpg,https://myebrochure.co.uk/images/products.hires/prod_61082_141856.jpg,,,,,,,,<li>Rib crew neck with self&#45;fabric back neck tape</li> <li>Fine knit gauge for enhanced printability</li> <li><b>Also available in ladies&#39; sizes code 61420 and children&#39;s size code 61019</b></li>,1.57
3261,0000000032612,61082,TSHIRT,T-SHIRTS,MSSTSH,MENS SHORT SLEEVE T-SHIRT,FOTL,Fruit Of The Loom,MS0021,51,Royal,0012  ,XL,Men's Original T,2,1,12,120,02-01-2026 8:43,C,https://myebrochure.co.uk/images/colours/fotl/fotl-51.jpg,https://myebrochure.co.uk/images/products/prod_13001_61082_165093.jpg,https://myebrochure.co.uk/images/products.small/prod_13001_61082_165093.jpg,https://myebrochure.co.uk/images/products.hires/prod_13001_61082_165093.jpg,https://myebrochure.co.uk/images/brands/fotl_23.png,https://myebrochure.co.uk/images/products.hires/prod_61082_141855.jpg,https://myebrochure.co.uk/images/products.hires/prod_61082_141854.jpg,https://myebrochure.co.uk/images/products.hires/prod_61082_141856.jpg,,,,,,,,<li>Rib crew neck with self&#45;fabric back neck tape</li> <li>Fine knit gauge for enhanced printability</li> <li><b>Also available in ladies&#39; sizes code 61420 and children&#39;s size code 61019</b></li>,1.57
3262,0000000032629,61082,TSHIRT,T-SHIRTS,MSSTSH,MENS SHORT SLEEVE T-SHIRT,FOTL,Fruit Of The Loom,MS0021,51,Royal,0012  ,2XL,Men's Original T,2,1,12,108,02-01-2026 8:43,C,https://myebrochure.co.uk/images/colours/fotl/fotl-51.jpg,https://myebrochure.co.uk/images/products/prod_13001_61082_165093.jpg,https://myebrochure.co.uk/images/products.small/prod_13001_61082_165093.jpg,https://myebrochure.co.uk/images/products.hires/prod_13001_61082_165093.jpg,https://myebrochure.co.uk/images/brands/fotl_23.png,https://myebrochure.co.uk/images/products.hires/prod_61082_141855.jpg,https://myebrochure.co.uk/images/products.hires/prod_61082_141854.jpg,https://myebrochure.co.uk/images/products.hires/prod_61082_141856.jpg,,,,,,,,<li>Rib crew neck with self&#45;fabric back neck tape</li> <li>Fine knit gauge for enhanced printability</li> <li><b>Also available in ladies&#39; sizes code 61420 and children&#39;s size code 61019</b></li>,1.57
3263,0000000032636,61082,TSHIRT,T-SHIRTS,MSSTSH,MENS SHORT SLEEVE T-SHIRT,FOTL,Fruit Of The Loom,MS0021,36,Black,0012  ,Small,Men's Original T,2,1,12,120,02-01-2026 8:43,C,https://myebrochure.co.uk/images/colours/fotl/fotl-36.jpg,https://myebrochure.co.uk/images/products/prod_13001_61082_165093.jpg,https://myebrochure.co.uk/images/products.small/prod_13001_61082_165093.jpg,https://myebrochure.co.uk/images/products.hires/prod_13001_61082_165093.jpg,https://myebrochure.co.uk/images/brands/fotl_23.png,https://myebrochure.co.uk/images/products.hires/prod_61082_141837.jpg,https://myebrochure.co.uk/images/products.hires/prod_61082_141836.jpg,https://myebrochure.co.uk/images/products.hires/prod_61082_141838.jpg,,,,,,,,<li>Rib crew neck with self&#45;fabric back neck tape</li> <li>Fine knit gauge for enhanced printability</li> <li><b>Also available in ladies&#39; sizes code 61420 and children&#39;s size code 61019</b></li>,1.57
3264,0000000032643,61082,TSHIRT,T-SHIRTS,MSSTSH,MENS SHORT SLEEVE T-SHIRT,FOTL,Fruit Of The Loom,MS0021,36,Black,0012  ,Medium,Men's Original T,2,1,12,120,02-01-2026 8:43,C,https://myebrochure.co.uk/images/colours/fotl/fotl-36.jpg,https://myebrochure.co.uk/images/products/prod_13001_61082_165093.jpg,https://myebrochure.co.uk/images/products.small/prod_13001_61082_165093.jpg,https://myebrochure.co.uk/images/products.hires/prod_13001_61082_165093.jpg,https://myebrochure.co.uk/images/brands/fotl_23.png,https://myebrochure.co.uk/images/products.hires/prod_61082_141837.jpg,https://myebrochure.co.uk/images/products.hires/prod_61082_141836.jpg,https://myebrochure.co.uk/images/products.hires/prod_61082_141838.jpg,,,,,,,,<li>Rib crew neck with self&#45;fabric back neck tape</li> <li>Fine knit gauge for enhanced printability</li> <li><b>Also available in ladies&#39; sizes code 61420 and children&#39;s size code 61019</b></li>,1.57
3265,0000000032650,61082,TSHIRT,T-SHIRTS,MSSTSH,MENS SHORT SLEEVE T-SHIRT,FOTL,Fruit Of The Loom,MS0021,36,Black,0012  ,Large,Men's Original T,2,1,12,120,02-01-2026 8:43,C,https://myebrochure.co.uk/images/colours/fotl/fotl-36.jpg,https://myebrochure.co.uk/images/products/prod_13001_61082_165093.jpg,https://myebrochure.co.uk/images/products.small/prod_13001_61082_165093.jpg,https://myebrochure.co.uk/images/products.hires/prod_13001_61082_165093.jpg,https://myebrochure.co.uk/images/brands/fotl_23.png,https://myebrochure.co.uk/images/products.hires/prod_61082_141837.jpg,https://myebrochure.co.uk/images/products.hires/prod_61082_141836.jpg,https://myebrochure.co.uk/images/products.hires/prod_61082_141838.jpg,,,,,,,,<li>Rib crew neck with self&#45;fabric back neck tape</li> <li>Fine knit gauge for enhanced printability</li> <li><b>Also available in ladies&#39; sizes code 61420 and children&#39;s size code 61019</b></li>,1.57
3266,0000000032667,61082,TSHIRT,T-SHIRTS,MSSTSH,MENS SHORT SLEEVE T-SHIRT,FOTL,Fruit Of The Loom,MS0021,36,Black,0012  ,XL,Men's Original T,2,1,12,120,02-01-2026 8:43,C,https://myebrochure.co.uk/images/colours/fotl/fotl-36.jpg,https://myebrochure.co.uk/images/products/prod_13001_61082_165093.jpg,https://myebrochure.co.uk/images/products.small/prod_13001_61082_165093.jpg,https://myebrochure.co.uk/images/products.hires/prod_13001_61082_165093.jpg,https://myebrochure.co.uk/images/brands/fotl_23.png,https://myebrochure.co.uk/images/products.hires/prod_61082_141837.jpg,https://myebrochure.co.uk/images/products.hires/prod_61082_141836.jpg,https://myebrochure.co.uk/images/products.hires/prod_61082_141838.jpg,,,,,,,,<li>Rib crew neck with self&#45;fabric back neck tape</li> <li>Fine knit gauge for enhanced printability</li> <li><b>Also available in ladies&#39; sizes code 61420 and children&#39;s size code 61019</b></li>,1.57
3267,0000000032674,61082,TSHIRT,T-SHIRTS,MSSTSH,MENS SHORT SLEEVE T-SHIRT,FOTL,Fruit Of The Loom,MS0021,36,Black,0012  ,2XL,Men's Original T,2,1,12,108,02-01-2026 8:43,C,https://myebrochure.co.uk/images/colours/fotl/fotl-36.jpg,https://myebrochure.co.uk/images/products/prod_13001_61082_165093.jpg,https://myebrochure.co.uk/images/products.small/prod_13001_61082_165093.jpg,https://myebrochure.co.uk/images/products.hires/prod_13001_61082_165093.jpg,https://myebrochure.co.uk/images/brands/fotl_23.png,https://myebrochure.co.uk/images/products.hires/prod_61082_141837.jpg,https://myebrochure.co.uk/images/products.hires/prod_61082_141836.jpg,https://myebrochure.co.uk/images/products.hires/prod_61082_141838.jpg,,,,,,,,<li>Rib crew neck with self&#45;fabric back neck tape</li> <li>Fine knit gauge for enhanced printability</li> <li><b>Also available in ladies&#39; sizes code 61420 and children&#39;s size code 61019</b></li>,1.57
3268,0000000032681,61082,TSHIRT,T-SHIRTS,MSSTSH,MENS SHORT SLEEVE T-SHIRT,FOTL,Fruit Of The Loom,MS0021,40,Red,0012  ,Small,Men's Original T,2,1,12,120,02-01-2026 8:43,C,https://myebrochure.co.uk/images/colours/fotl/fotl-40.jpg,https://myebrochure.co.uk/images/products/prod_13001_61082_165093.jpg,https://myebrochure.co.uk/images/products.small/prod_13001_61082_165093.jpg,https://myebrochure.co.uk/images/products.hires/prod_13001_61082_165093.jpg,https://myebrochure.co.uk/images/brands/fotl_23.png,https://myebrochure.co.uk/images/products.hires/prod_61082_141843.jpg,https://myebrochure.co.uk/images/products.hires/prod_61082_141842.jpg,https://myebrochure.co.uk/images/products.hires/prod_61082_141844.jpg,,,,,,,,<li>Rib crew neck with self&#45;fabric back neck tape</li> <li>Fine knit gauge for enhanced printability</li> <li><b>Also available in ladies&#39; sizes code 61420 and children&#39;s size code 61019</b></li>,1.57
3269,0000000032698,61082,TSHIRT,T-SHIRTS,MSSTSH,MENS SHORT SLEEVE T-SHIRT,FOTL,Fruit Of The Loom,MS0021,40,Red,0012  ,Medium,Men's Original T,2,1,12,120,02-01-2026 8:43,C,https://myebrochure.co.uk/images/colours/fotl/fotl-40.jpg,https://myebrochure.co.uk/images/products/prod_13001_61082_165093.jpg,https://myebrochure.co.uk/images/products.small/prod_13001_61082_165093.jpg,https://myebrochure.co.uk/images/products.hires/prod_13001_61082_165093.jpg,https://myebrochure.co.uk/images/brands/fotl_23.png,https://myebrochure.co.uk/images/products.hires/prod_61082_141843.jpg,https://myebrochure.co.uk/images/products.hires/prod_61082_141842.jpg,https://myebrochure.co.uk/images/products.hires/prod_61082_141844.jpg,,,,,,,,<li>Rib crew neck with self&#45;fabric back neck tape</li> <li>Fine knit gauge for enhanced printability</li> <li><b>Also available in ladies&#39; sizes code 61420 and children&#39;s size code 61019</b></li>,1.57
3270,0000000032704,61082,TSHIRT,T-SHIRTS,MSSTSH,MENS SHORT SLEEVE T-SHIRT,FOTL,Fruit Of The Loom,MS0021,40,Red,0012  ,Large,Men's Original T,2,1,12,120,02-01-2026 8:43,C,https://myebrochure.co.uk/images/colours/fotl/fotl-40.jpg,https://myebrochure.co.uk/images/products/prod_13001_61082_165093.jpg,https://myebrochure.co.uk/images/products.small/prod_13001_61082_165093.jpg,https://myebrochure.co.uk/images/products.hires/prod_13001_61082_165093.jpg,https://myebrochure.co.uk/images/brands/fotl_23.png,https://myebrochure.co.uk/images/products.hires/prod_61082_141843.jpg,https://myebrochure.co.uk/images/products.hires/prod_61082_141842.jpg,https://myebrochure.co.uk/images/products.hires/prod_61082_141844.jpg,,,,,,,,<li>Rib crew neck with self&#45;fabric back neck tape</li> <li>Fine knit gauge for enhanced printability</li> <li><b>Also available in ladies&#39; sizes code 61420 and children&#39;s size code 61019</b></li>,1.57
3271,0000000032711,61082,TSHIRT,T-SHIRTS,MSSTSH,MENS SHORT SLEEVE T-SHIRT,FOTL,Fruit Of The Loom,MS0021,40,Red,0012  ,XL,Men's Original T,2,1,12,120,02-01-2026 8:43,C,https://myebrochure.co.uk/images/colours/fotl/fotl-40.jpg,https://myebrochure.co.uk/images/products/prod_13001_61082_165093.jpg,https://myebrochure.co.uk/images/products.small/prod_13001_61082_165093.jpg,https://myebrochure.co.uk/images/products.hires/prod_13001_61082_165093.jpg,https://myebrochure.co.uk/images/brands/fotl_23.png,https://myebrochure.co.uk/images/products.hires/prod_61082_141843.jpg,https://myebrochure.co.uk/images/products.hires/prod_61082_141842.jpg,https://myebrochure.co.uk/images/products.hires/prod_61082_141844.jpg,,,,,,,,<li>Rib crew neck with self&#45;fabric back neck tape</li> <li>Fine knit gauge for enhanced printability</li> <li><b>Also available in ladies&#39; sizes code 61420 and children&#39;s size code 61019</b></li>,1.57
3272,0000000032728,61082,TSHIRT,T-SHIRTS,MSSTSH,MENS SHORT SLEEVE T-SHIRT,FOTL,Fruit Of The Loom,MS0021,40,Red,0012  ,2XL,Men's Original T,2,1,12,108,02-01-2026 8:43,C,https://myebrochure.co.uk/images/colours/fotl/fotl-40.jpg,https://myebrochure.co.uk/images/products/prod_13001_61082_165093.jpg,https://myebrochure.co.uk/images/products.small/prod_13001_61082_165093.jpg,https://myebrochure.co.uk/images/products.hires/prod_13001_61082_165093.jpg,https://myebrochure.co.uk/images/brands/fotl_23.png,https://myebrochure.co.uk/images/products.hires/prod_61082_141843.jpg,https://myebrochure.co.uk/images/products.hires/prod_61082_141842.jpg,https://myebrochure.co.uk/images/products.hires/prod_61082_141844.jpg,,,,,,,,<li>Rib crew neck with self&#45;fabric back neck tape</li> <li>Fine knit gauge for enhanced printability</li> <li><b>Also available in ladies&#39; sizes code 61420 and children&#39;s size code 61019</b></li>,1.57
3273,0000000032735,61082,TSHIRT,T-SHIRTS,MSSTSH,MENS SHORT SLEEVE T-SHIRT,FOTL,Fruit Of The Loom,MS0021,30,White,0012  ,Small,Men's Original T,1.58,1,12,120,02-01-2026 8:43,C,https://myebrochure.co.uk/images/colours/fotl/fotl-30.jpg,https://myebrochure.co.uk/images/products/prod_13001_61082_165093.jpg,https://myebrochure.co.uk/images/products.small/prod_13001_61082_165093.jpg,https://myebrochure.co.uk/images/products.hires/prod_13001_61082_165093.jpg,https://myebrochure.co.uk/images/brands/fotl_23.png,https://myebrochure.co.uk/images/products.hires/prod_61082_141828.jpg,https://myebrochure.co.uk/images/products.hires/prod_61082_141827.jpg,https://myebrochure.co.uk/images/products.hires/prod_61082_141829.jpg,,,,,,,,<li>Rib crew neck with self&#45;fabric back neck tape</li> <li>Fine knit gauge for enhanced printability</li> <li><b>Also available in ladies&#39; sizes code 61420 and children&#39;s size code 61019</b></li>,1.24
3274,0000000032742,61082,TSHIRT,T-SHIRTS,MSSTSH,MENS SHORT SLEEVE T-SHIRT,FOTL,Fruit Of The Loom,MS0021,30,White,0012  ,Medium,Men's Original T,1.58,1,12,120,02-01-2026 8:43,C,https://myebrochure.co.uk/images/colours/fotl/fotl-30.jpg,https://myebrochure.co.uk/images/products/prod_13001_61082_165093.jpg,https://myebrochure.co.uk/images/products.small/prod_13001_61082_165093.jpg,https://myebrochure.co.uk/images/products.hires/prod_13001_61082_165093.jpg,https://myebrochure.co.uk/images/brands/fotl_23.png,https://myebrochure.co.uk/images/products.hires/prod_61082_141828.jpg,https://myebrochure.co.uk/images/products.hires/prod_61082_141827.jpg,https://myebrochure.co.uk/images/products.hires/prod_61082_141829.jpg,,,,,,,,<li>Rib crew neck with self&#45;fabric back neck tape</li> <li>Fine knit gauge for enhanced printability</li> <li><b>Also available in ladies&#39; sizes code 61420 and children&#39;s size code 61019</b></li>,1.24
3275,0000000032759,61082,TSHIRT,T-SHIRTS,MSSTSH,MENS SHORT SLEEVE T-SHIRT,FOTL,Fruit Of The Loom,MS0021,30,White,0012  ,Large,Men's Original T,1.58,1,12,120,02-01-2026 8:43,C,https://myebrochure.co.uk/images/colours/fotl/fotl-30.jpg,https://myebrochure.co.uk/images/products/prod_13001_61082_165093.jpg,https://myebrochure.co.uk/images/products.small/prod_13001_61082_165093.jpg,https://myebrochure.co.uk/images/products.hires/prod_13001_61082_165093.jpg,https://myebrochure.co.uk/images/brands/fotl_23.png,https://myebrochure.co.uk/images/products.hires/prod_61082_141828.jpg,https://myebrochure.co.uk/images/products.hires/prod_61082_141827.jpg,https://myebrochure.co.uk/images/products.hires/prod_61082_141829.jpg,,,,,,,,<li>Rib crew neck with self&#45;fabric back neck tape</li> <li>Fine knit gauge for enhanced printability</li> <li><b>Also available in ladies&#39; sizes code 61420 and children&#39;s size code 61019</b></li>,1.24
3276,0000000032766,61082,TSHIRT,T-SHIRTS,MSSTSH,MENS SHORT SLEEVE T-SHIRT,FOTL,Fruit Of The Loom,MS0021,30,White,0012  ,XL,Men's Original T,1.58,1,12,120,02-01-2026 8:43,C,https://myebrochure.co.uk/images/colours/fotl/fotl-30.jpg,https://myebrochure.co.uk/images/products/prod_13001_61082_165093.jpg,https://myebrochure.co.uk/images/products.small/prod_13001_61082_165093.jpg,https://myebrochure.co.uk/images/products.hires/prod_13001_61082_165093.jpg,https://myebrochure.co.uk/images/brands/fotl_23.png,https://myebrochure.co.uk/images/products.hires/prod_61082_141828.jpg,https://myebrochure.co.uk/images/products.hires/prod_61082_141827.jpg,https://myebrochure.co.uk/images/products.hires/prod_61082_141829.jpg,,,,,,,,<li>Rib crew neck with self&#45;fabric back neck tape</li> <li>Fine knit gauge for enhanced printability</li> <li><b>Also available in ladies&#39; sizes code 61420 and children&#39;s size code 61019</b></li>,1.24
3277,0000000032773,61082,TSHIRT,T-SHIRTS,MSSTSH,MENS SHORT SLEEVE T-SHIRT,FOTL,Fruit Of The Loom,MS0021,30,White,0012  ,2XL,Men's Original T,1.58,1,12,108,02-01-2026 8:43,C,https://myebrochure.co.uk/images/colours/fotl/fotl-30.jpg,https://myebrochure.co.uk/images/products/prod_13001_61082_165093.jpg,https://myebrochure.co.uk/images/products.small/prod_13001_61082_165093.jpg,https://myebrochure.co.uk/images/products.hires/prod_13001_61082_165093.jpg,https://myebrochure.co.uk/images/brands/fotl_23.png,https://myebrochure.co.uk/images/products.hires/prod_61082_141828.jpg,https://myebrochure.co.uk/images/products.hires/prod_61082_141827.jpg,https://myebrochure.co.uk/images/products.hires/prod_61082_141829.jpg,,,,,,,,<li>Rib crew neck with self&#45;fabric back neck tape</li> <li>Fine knit gauge for enhanced printability</li> <li><b>Also available in ladies&#39; sizes code 61420 and children&#39;s size code 61019</b></li>,1.24
3278,0000000032780,61082,TSHIRT,T-SHIRTS,MSSTSH,MENS SHORT SLEEVE T-SHIRT,FOTL,Fruit Of The Loom,MS0021,94,Heather Grey,0012  ,Small,Men's Original T,2,1,12,120,02-01-2026 8:43,C,https://myebrochure.co.uk/images/colours/fotl/fotl-94.jpg,https://myebrochure.co.uk/images/products/prod_13001_61082_165093.jpg,https://myebrochure.co.uk/images/products.small/prod_13001_61082_165093.jpg,https://myebrochure.co.uk/images/products.hires/prod_13001_61082_165093.jpg,https://myebrochure.co.uk/images/brands/fotl_23.png,https://myebrochure.co.uk/images/products.hires/prod_61082_141864.jpg,https://myebrochure.co.uk/images/products.hires/prod_61082_141863.jpg,https://myebrochure.co.uk/images/products.hires/prod_61082_141865.jpg,,,,,,,,<li>Rib crew neck with self&#45;fabric back neck tape</li> <li>Fine knit gauge for enhanced printability</li> <li><b>Also available in ladies&#39; sizes code 61420 and children&#39;s size code 61019</b></li>,1.57
3279,0000000032797,61082,TSHIRT,T-SHIRTS,MSSTSH,MENS SHORT SLEEVE T-SHIRT,FOTL,Fruit Of The Loom,MS0021,94,Heather Grey,0012  ,Medium,Men's Original T,2,1,12,120,02-01-2026 8:43,C,https://myebrochure.co.uk/images/colours/fotl/fotl-94.jpg,https://myebrochure.co.uk/images/products/prod_13001_61082_165093.jpg,https://myebrochure.co.uk/images/products.small/prod_13001_61082_165093.jpg,https://myebrochure.co.uk/images/products.hires/prod_13001_61082_165093.jpg,https://myebrochure.co.uk/images/brands/fotl_23.png,https://myebrochure.co.uk/images/products.hires/prod_61082_141864.jpg,https://myebrochure.co.uk/images/products.hires/prod_61082_141863.jpg,https://myebrochure.co.uk/images/products.hires/prod_61082_141865.jpg,,,,,,,,<li>Rib crew neck with self&#45;fabric back neck tape</li> <li>Fine knit gauge for enhanced printability</li> <li><b>Also available in ladies&#39; sizes code 61420 and children&#39;s size code 61019</b></li>,1.57
3280,0000000032803,61082,TSHIRT,T-SHIRTS,MSSTSH,MENS SHORT SLEEVE T-SHIRT,FOTL,Fruit Of The Loom,MS0021,94,Heather Grey,0012  ,Large,Men's Original T,2,1,12,120,02-01-2026 8:43,C,https://myebrochure.co.uk/images/colours/fotl/fotl-94.jpg,https://myebrochure.co.uk/images/products/prod_13001_61082_165093.jpg,https://myebrochure.co.uk/images/products.small/prod_13001_61082_165093.jpg,https://myebrochure.co.uk/images/products.hires/prod_13001_61082_165093.jpg,https://myebrochure.co.uk/images/brands/fotl_23.png,https://myebrochure.co.uk/images/products.hires/prod_61082_141864.jpg,https://myebrochure.co.uk/images/products.hires/prod_61082_141863.jpg,https://myebrochure.co.uk/images/products.hires/prod_61082_141865.jpg,,,,,,,,<li>Rib crew neck with self&#45;fabric back neck tape</li> <li>Fine knit gauge for enhanced printability</li> <li><b>Also available in ladies&#39; sizes code 61420 and children&#39;s size code 61019</b></li>,1.57
3281,0000000032810,61082,TSHIRT,T-SHIRTS,MSSTSH,MENS SHORT SLEEVE T-SHIRT,FOTL,Fruit Of The Loom,MS0021,94,Heather Grey,0012  ,XL,Men's Original T,2,1,12,120,02-01-2026 8:43,C,https://myebrochure.co.uk/images/colours/fotl/fotl-94.jpg,https://myebrochure.co.uk/images/products/prod_13001_61082_165093.jpg,https://myebrochure.co.uk/images/products.small/prod_13001_61082_165093.jpg,https://myebrochure.co.uk/images/products.hires/prod_13001_61082_165093.jpg,https://myebrochure.co.uk/images/brands/fotl_23.png,https://myebrochure.co.uk/images/products.hires/prod_61082_141864.jpg,https://myebrochure.co.uk/images/products.hires/prod_61082_141863.jpg,https://myebrochure.co.uk/images/products.hires/prod_61082_141865.jpg,,,,,,,,<li>Rib crew neck with self&#45;fabric back neck tape</li> <li>Fine knit gauge for enhanced printability</li> <li><b>Also available in ladies&#39; sizes code 61420 and children&#39;s size code 61019</b></li>,1.57
3282,0000000032827,61082,TSHIRT,T-SHIRTS,MSSTSH,MENS SHORT SLEEVE T-SHIRT,FOTL,Fruit Of The Loom,MS0021,94,Heather Grey,0012  ,2XL,Men's Original T,2,1,12,108,02-01-2026 8:43,C,https://myebrochure.co.uk/images/colours/fotl/fotl-94.jpg,https://myebrochure.co.uk/images/products/prod_13001_61082_165093.jpg,https://myebrochure.co.uk/images/products.small/prod_13001_61082_165093.jpg,https://myebrochure.co.uk/images/products.hires/prod_13001_61082_165093.jpg,https://myebrochure.co.uk/images/brands/fotl_23.png,https://myebrochure.co.uk/images/products.hires/prod_61082_141864.jpg,https://myebrochure.co.uk/images/products.hires/prod_61082_141863.jpg,https://myebrochure.co.uk/images/products.hires/prod_61082_141865.jpg,,,,,,,,<li>Rib crew neck with self&#45;fabric back neck tape</li> <li>Fine knit gauge for enhanced printability</li> <li><b>Also available in ladies&#39; sizes code 61420 and children&#39;s size code 61019</b></li>,1.57
56303,0000000562911,61082,TSHIRT,T-SHIRTS,MSSTSH,MENS SHORT SLEEVE T-SHIRT,FOTL,Fruit Of The Loom,MS0021,44,Orange,0012  ,Small,Men's Original T,2,1,12,120,02-01-2026 8:43,C,https://myebrochure.co.uk/images/colours/fotl/fotl-44.jpg,https://myebrochure.co.uk/images/products/prod_13001_61082_165093.jpg,https://myebrochure.co.uk/images/products.small/prod_13001_61082_165093.jpg,https://myebrochure.co.uk/images/products.hires/prod_13001_61082_165093.jpg,https://myebrochure.co.uk/images/brands/fotl_23.png,https://myebrochure.co.uk/images/products.hires/prod_61082_141849.jpg,https://myebrochure.co.uk/images/products.hires/prod_61082_141848.jpg,https://myebrochure.co.uk/images/products.hires/prod_61082_141850.jpg,,,,,,,,<li>Rib crew neck with self&#45;fabric back neck tape</li> <li>Fine knit gauge for enhanced printability</li> <li><b>Also available in ladies&#39; sizes code 61420 and children&#39;s size code 61019</b></li>,1.57
56304,0000000562928,61082,TSHIRT,T-SHIRTS,MSSTSH,MENS SHORT SLEEVE T-SHIRT,FOTL,Fruit Of The Loom,MS0021,44,Orange,0012  ,Medium,Men's Original T,2,1,12,120,02-01-2026 8:43,C,https://myebrochure.co.uk/images/colours/fotl/fotl-44.jpg,https://myebrochure.co.uk/images/products/prod_13001_61082_165093.jpg,https://myebrochure.co.uk/images/products.small/prod_13001_61082_165093.jpg,https://myebrochure.co.uk/images/products.hires/prod_13001_61082_165093.jpg,https://myebrochure.co.uk/images/brands/fotl_23.png,https://myebrochure.co.uk/images/products.hires/prod_61082_141849.jpg,https://myebrochure.co.uk/images/products.hires/prod_61082_141848.jpg,https://myebrochure.co.uk/images/products.hires/prod_61082_141850.jpg,,,,,,,,<li>Rib crew neck with self&#45;fabric back neck tape</li> <li>Fine knit gauge for enhanced printability</li> <li><b>Also available in ladies&#39; sizes code 61420 and children&#39;s size code 61019</b></li>,1.57
56305,0000000562935,61082,TSHIRT,T-SHIRTS,MSSTSH,MENS SHORT SLEEVE T-SHIRT,FOTL,Fruit Of The Loom,MS0021,44,Orange,0012  ,Large,Men's Original T,2,1,12,120,02-01-2026 8:43,C,https://myebrochure.co.uk/images/colours/fotl/fotl-44.jpg,https://myebrochure.co.uk/images/products/prod_13001_61082_165093.jpg,https://myebrochure.co.uk/images/products.small/prod_13001_61082_165093.jpg,https://myebrochure.co.uk/images/products.hires/prod_13001_61082_165093.jpg,https://myebrochure.co.uk/images/brands/fotl_23.png,https://myebrochure.co.uk/images/products.hires/prod_61082_141849.jpg,https://myebrochure.co.uk/images/products.hires/prod_61082_141848.jpg,https://myebrochure.co.uk/images/products.hires/prod_61082_141850.jpg,,,,,,,,<li>Rib crew neck with self&#45;fabric back neck tape</li> <li>Fine knit gauge for enhanced printability</li> <li><b>Also available in ladies&#39; sizes code 61420 and children&#39;s size code 61019</b></li>,1.57
56306,0000000562942,61082,TSHIRT,T-SHIRTS,MSSTSH,MENS SHORT SLEEVE T-SHIRT,FOTL,Fruit Of The Loom,MS0021,44,Orange,0012  ,XL,Men's Original T,2,1,12,120,02-01-2026 8:43,C,https://myebrochure.co.uk/images/colours/fotl/fotl-44.jpg,https://myebrochure.co.uk/images/products/prod_13001_61082_165093.jpg,https://myebrochure.co.uk/images/products.small/prod_13001_61082_165093.jpg,https://myebrochure.co.uk/images/products.hires/prod_13001_61082_165093.jpg,https://myebrochure.co.uk/images/brands/fotl_23.png,https://myebrochure.co.uk/images/products.hires/prod_61082_141849.jpg,https://myebrochure.co.uk/images/products.hires/prod_61082_141848.jpg,https://myebrochure.co.uk/images/products.hires/prod_61082_141850.jpg,,,,,,,,<li>Rib crew neck with self&#45;fabric back neck tape</li> <li>Fine knit gauge for enhanced printability</li> <li><b>Also available in ladies&#39; sizes code 61420 and children&#39;s size code 61019</b></li>,1.57
56307,0000000562959,61082,TSHIRT,T-SHIRTS,MSSTSH,MENS SHORT SLEEVE T-SHIRT,FOTL,Fruit Of The Loom,MS0021,44,Orange,0012  ,2XL,Men's Original T,2,1,12,108,02-01-2026 8:43,C,https://myebrochure.co.uk/images/colours/fotl/fotl-44.jpg,https://myebrochure.co.uk/images/products/prod_13001_61082_165093.jpg,https://myebrochure.co.uk/images/products.small/prod_13001_61082_165093.jpg,https://myebrochure.co.uk/images/products.hires/prod_13001_61082_165093.jpg,https://myebrochure.co.uk/images/brands/fotl_23.png,https://myebrochure.co.uk/images/products.hires/prod_61082_141849.jpg,https://myebrochure.co.uk/images/products.hires/prod_61082_141848.jpg,https://myebrochure.co.uk/images/products.hires/prod_61082_141850.jpg,,,,,,,,<li>Rib crew neck with self&#45;fabric back neck tape</li> <li>Fine knit gauge for enhanced printability</li> <li><b>Also available in ladies&#39; sizes code 61420 and children&#39;s size code 61019</b></li>,1.57
66658,0000000665889,61082,TSHIRT,T-SHIRTS,MSSTSH,MENS SHORT SLEEVE T-SHIRT,FOTL,Fruit Of The Loom,MS0021,SUN,Sunflower,0012  ,Small,Men's Original T,2,1,12,120,02-01-2026 8:43,C,https://myebrochure.co.uk/images/colours/fotl/fotl-sun.jpg,https://myebrochure.co.uk/images/products/prod_13001_61082_165093.jpg,https://myebrochure.co.uk/images/products.small/prod_13001_61082_165093.jpg,https://myebrochure.co.uk/images/products.hires/prod_13001_61082_165093.jpg,https://myebrochure.co.uk/images/brands/fotl_23.png,https://myebrochure.co.uk/images/products.hires/prod_61082_141834.jpg,https://myebrochure.co.uk/images/products.hires/prod_61082_141833.jpg,https://myebrochure.co.uk/images/products.hires/prod_61082_141835.jpg,,,,,,,,<li>Rib crew neck with self&#45;fabric back neck tape</li> <li>Fine knit gauge for enhanced printability</li> <li><b>Also available in ladies&#39; sizes code 61420 and children&#39;s size code 61019</b></li>,1.57
66659,0000000665896,61082,TSHIRT,T-SHIRTS,MSSTSH,MENS SHORT SLEEVE T-SHIRT,FOTL,Fruit Of The Loom,MS0021,SUN,Sunflower,0012  ,Medium,Men's Original T,2,1,12,120,02-01-2026 8:43,C,https://myebrochure.co.uk/images/colours/fotl/fotl-sun.jpg,https://myebrochure.co.uk/images/products/prod_13001_61082_165093.jpg,https://myebrochure.co.uk/images/products.small/prod_13001_61082_165093.jpg,https://myebrochure.co.uk/images/products.hires/prod_13001_61082_165093.jpg,https://myebrochure.co.uk/images/brands/fotl_23.png,https://myebrochure.co.uk/images/products.hires/prod_61082_141834.jpg,https://myebrochure.co.uk/images/products.hires/prod_61082_141833.jpg,https://myebrochure.co.uk/images/products.hires/prod_61082_141835.jpg,,,,,,,,<li>Rib crew neck with self&#45;fabric back neck tape</li> <li>Fine knit gauge for enhanced printability</li> <li><b>Also available in ladies&#39; sizes code 61420 and children&#39;s size code 61019</b></li>,1.57
66660,0000000665902,61082,TSHIRT,T-SHIRTS,MSSTSH,MENS SHORT SLEEVE T-SHIRT,FOTL,Fruit Of The Loom,MS0021,SUN,Sunflower,0012  ,Large,Men's Original T,2,1,12,120,02-01-2026 8:43,C,https://myebrochure.co.uk/images/colours/fotl/fotl-sun.jpg,https://myebrochure.co.uk/images/products/prod_13001_61082_165093.jpg,https://myebrochure.co.uk/images/products.small/prod_13001_61082_165093.jpg,https://myebrochure.co.uk/images/products.hires/prod_13001_61082_165093.jpg,https://myebrochure.co.uk/images/brands/fotl_23.png,https://myebrochure.co.uk/images/products.hires/prod_61082_141834.jpg,https://myebrochure.co.uk/images/products.hires/prod_61082_141833.jpg,https://myebrochure.co.uk/images/products.hires/prod_61082_141835.jpg,,,,,,,,<li>Rib crew neck with self&#45;fabric back neck tape</li> <li>Fine knit gauge for enhanced printability</li> <li><b>Also available in ladies&#39; sizes code 61420 and children&#39;s size code 61019</b></li>,1.57
66661,0000000665919,61082,TSHIRT,T-SHIRTS,MSSTSH,MENS SHORT SLEEVE T-SHIRT,FOTL,Fruit Of The Loom,MS0021,SUN,Sunflower,0012  ,XL,Men's Original T,2,1,12,120,02-01-2026 8:43,C,https://myebrochure.co.uk/images/colours/fotl/fotl-sun.jpg,https://myebrochure.co.uk/images/products/prod_13001_61082_165093.jpg,https://myebrochure.co.uk/images/products.small/prod_13001_61082_165093.jpg,https://myebrochure.co.uk/images/products.hires/prod_13001_61082_165093.jpg,https://myebrochure.co.uk/images/brands/fotl_23.png,https://myebrochure.co.uk/images/products.hires/prod_61082_141834.jpg,https://myebrochure.co.uk/images/products.hires/prod_61082_141833.jpg,https://myebrochure.co.uk/images/products.hires/prod_61082_141835.jpg,,,,,,,,<li>Rib crew neck with self&#45;fabric back neck tape</li> <li>Fine knit gauge for enhanced printability</li> <li><b>Also available in ladies&#39; sizes code 61420 and children&#39;s size code 61019</b></li>,1.57
66662,0000000665926,61082,TSHIRT,T-SHIRTS,MSSTSH,MENS SHORT SLEEVE T-SHIRT,FOTL,Fruit Of The Loom,MS0021,SUN,Sunflower,0012  ,2XL,Men's Original T,2,1,12,108,02-01-2026 8:43,C,https://myebrochure.co.uk/images/colours/fotl/fotl-sun.jpg,https://myebrochure.co.uk/images/products/prod_13001_61082_165093.jpg,https://myebrochure.co.uk/images/products.small/prod_13001_61082_165093.jpg,https://myebrochure.co.uk/images/products.hires/prod_13001_61082_165093.jpg,https://myebrochure.co.uk/images/brands/fotl_23.png,https://myebrochure.co.uk/images/products.hires/prod_61082_141834.jpg,https://myebrochure.co.uk/images/products.hires/prod_61082_141833.jpg,https://myebrochure.co.uk/images/products.hires/prod_61082_141835.jpg,,,,,,,,<li>Rib crew neck with self&#45;fabric back neck tape</li> <li>Fine knit gauge for enhanced printability</li> <li><b>Also available in ladies&#39; sizes code 61420 and children&#39;s size code 61019</b></li>,1.57
93059,0000000930185,61082,TSHIRT,T-SHIRTS,MSSTSH,MENS SHORT SLEEVE T-SHIRT,FOTL,Fruit Of The Loom,MS0021,AZ,Deep Navy,0012  ,Small,Men's Original T,2,1,12,120,02-01-2026 8:43,C,https://myebrochure.co.uk/images/colours/fotl/fotl-az.jpg,https://myebrochure.co.uk/images/products/prod_13001_61082_165093.jpg,https://myebrochure.co.uk/images/products.small/prod_13001_61082_165093.jpg,https://myebrochure.co.uk/images/products.hires/prod_13001_61082_165093.jpg,https://myebrochure.co.uk/images/brands/fotl_23.png,https://myebrochure.co.uk/images/products.hires/prod_61082_141867.jpg,https://myebrochure.co.uk/images/products.hires/prod_61082_141866.jpg,https://myebrochure.co.uk/images/products.hires/prod_61082_141868.jpg,,,,,,,,<li>Rib crew neck with self&#45;fabric back neck tape</li> <li>Fine knit gauge for enhanced printability</li> <li><b>Also available in ladies&#39; sizes code 61420 and children&#39;s size code 61019</b></li>,1.57
93060,0000000930192,61082,TSHIRT,T-SHIRTS,MSSTSH,MENS SHORT SLEEVE T-SHIRT,FOTL,Fruit Of The Loom,MS0021,AZ,Deep Navy,0012  ,Medium,Men's Original T,2,1,12,120,02-01-2026 8:43,C,https://myebrochure.co.uk/images/colours/fotl/fotl-az.jpg,https://myebrochure.co.uk/images/products/prod_13001_61082_165093.jpg,https://myebrochure.co.uk/images/products.small/prod_13001_61082_165093.jpg,https://myebrochure.co.uk/images/products.hires/prod_13001_61082_165093.jpg,https://myebrochure.co.uk/images/brands/fotl_23.png,https://myebrochure.co.uk/images/products.hires/prod_61082_141867.jpg,https://myebrochure.co.uk/images/products.hires/prod_61082_141866.jpg,https://myebrochure.co.uk/images/products.hires/prod_61082_141868.jpg,,,,,,,,<li>Rib crew neck with self&#45;fabric back neck tape</li> <li>Fine knit gauge for enhanced printability</li> <li><b>Also available in ladies&#39; sizes code 61420 and children&#39;s size code 61019</b></li>,1.57
93061,0000000930208,61082,TSHIRT,T-SHIRTS,MSSTSH,MENS SHORT SLEEVE T-SHIRT,FOTL,Fruit Of The Loom,MS0021,AZ,Deep Navy,0012  ,Large,Men's Original T,2,1,12,120,02-01-2026 8:43,C,https://myebrochure.co.uk/images/colours/fotl/fotl-az.jpg,https://myebrochure.co.uk/images/products/prod_13001_61082_165093.jpg,https://myebrochure.co.uk/images/products.small/prod_13001_61082_165093.jpg,https://myebrochure.co.uk/images/products.hires/prod_13001_61082_165093.jpg,https://myebrochure.co.uk/images/brands/fotl_23.png,https://myebrochure.co.uk/images/products.hires/prod_61082_141867.jpg,https://myebrochure.co.uk/images/products.hires/prod_61082_141866.jpg,https://myebrochure.co.uk/images/products.hires/prod_61082_141868.jpg,,,,,,,,<li>Rib crew neck with self&#45;fabric back neck tape</li> <li>Fine knit gauge for enhanced printability</li> <li><b>Also available in ladies&#39; sizes code 61420 and children&#39;s size code 61019</b></li>,1.57
93062,0000000930215,61082,TSHIRT,T-SHIRTS,MSSTSH,MENS SHORT SLEEVE T-SHIRT,FOTL,Fruit Of The Loom,MS0021,AZ,Deep Navy,0012  ,XL,Men's Original T,2,1,12,120,02-01-2026 8:43,C,https://myebrochure.co.uk/images/colours/fotl/fotl-az.jpg,https://myebrochure.co.uk/images/products/prod_13001_61082_165093.jpg,https://myebrochure.co.uk/images/products.small/prod_13001_61082_165093.jpg,https://myebrochure.co.uk/images/products.hires/prod_13001_61082_165093.jpg,https://myebrochure.co.uk/images/brands/fotl_23.png,https://myebrochure.co.uk/images/products.hires/prod_61082_141867.jpg,https://myebrochure.co.uk/images/products.hires/prod_61082_141866.jpg,https://myebrochure.co.uk/images/products.hires/prod_61082_141868.jpg,,,,,,,,<li>Rib crew neck with self&#45;fabric back neck tape</li> <li>Fine knit gauge for enhanced printability</li> <li><b>Also available in ladies&#39; sizes code 61420 and children&#39;s size code 61019</b></li>,1.57
93063,0000000930222,61082,TSHIRT,T-SHIRTS,MSSTSH,MENS SHORT SLEEVE T-SHIRT,FOTL,Fruit Of The Loom,MS0021,AZ,Deep Navy,0012  ,2XL,Men's Original T,2,1,12,108,02-01-2026 8:43,C,https://myebrochure.co.uk/images/colours/fotl/fotl-az.jpg,https://myebrochure.co.uk/images/products/prod_13001_61082_165093.jpg,https://myebrochure.co.uk/images/products.small/prod_13001_61082_165093.jpg,https://myebrochure.co.uk/images/products.hires/prod_13001_61082_165093.jpg,https://myebrochure.co.uk/images/brands/fotl_23.png,https://myebrochure.co.uk/images/products.hires/prod_61082_141867.jpg,https://myebrochure.co.uk/images/products.hires/prod_61082_141866.jpg,https://myebrochure.co.uk/images/products.hires/prod_61082_141868.jpg,,,,,,,,<li>Rib crew neck with self&#45;fabric back neck tape</li> <li>Fine knit gauge for enhanced printability</li> <li><b>Also available in ladies&#39; sizes code 61420 and children&#39;s size code 61019</b></li>,1.57
93064,0000000930239,61082,TSHIRT,T-SHIRTS,MSSTSH,MENS SHORT SLEEVE T-SHIRT,FOTL,Fruit Of The Loom,MS0021,47,Kelly Green,0012  ,Small,Men's Original T,2,1,12,120,02-01-2026 8:43,C,https://myebrochure.co.uk/images/colours/fotl/fotl-47.jpg,https://myebrochure.co.uk/images/products/prod_13001_61082_165093.jpg,https://myebrochure.co.uk/images/products.small/prod_13001_61082_165093.jpg,https://myebrochure.co.uk/images/products.hires/prod_13001_61082_165093.jpg,https://myebrochure.co.uk/images/brands/fotl_23.png,https://myebrochure.co.uk/images/products.hires/prod_61082_141852.jpg,https://myebrochure.co.uk/images/products.hires/prod_61082_141851.jpg,https://myebrochure.co.uk/images/products.hires/prod_61082_141853.jpg,,,,,,,,<li>Rib crew neck with self&#45;fabric back neck tape</li> <li>Fine knit gauge for enhanced printability</li> <li><b>Also available in ladies&#39; sizes code 61420 and children&#39;s size code 61019</b></li>,1.57
93065,0000000930246,61082,TSHIRT,T-SHIRTS,MSSTSH,MENS SHORT SLEEVE T-SHIRT,FOTL,Fruit Of The Loom,MS0021,47,Kelly Green,0012  ,Medium,Men's Original T,2,1,12,120,02-01-2026 8:43,C,https://myebrochure.co.uk/images/colours/fotl/fotl-47.jpg,https://myebrochure.co.uk/images/products/prod_13001_61082_165093.jpg,https://myebrochure.co.uk/images/products.small/prod_13001_61082_165093.jpg,https://myebrochure.co.uk/images/products.hires/prod_13001_61082_165093.jpg,https://myebrochure.co.uk/images/brands/fotl_23.png,https://myebrochure.co.uk/images/products.hires/prod_61082_141852.jpg,https://myebrochure.co.uk/images/products.hires/prod_61082_141851.jpg,https://myebrochure.co.uk/images/products.hires/prod_61082_141853.jpg,,,,,,,,<li>Rib crew neck with self&#45;fabric back neck tape</li> <li>Fine knit gauge for enhanced printability</li> <li><b>Also available in ladies&#39; sizes code 61420 and children&#39;s size code 61019</b></li>,1.57
93066,0000000930253,61082,TSHIRT,T-SHIRTS,MSSTSH,MENS SHORT SLEEVE T-SHIRT,FOTL,Fruit Of The Loom,MS0021,47,Kelly Green,0012  ,Large,Men's Original T,2,1,12,120,02-01-2026 8:43,C,https://myebrochure.co.uk/images/colours/fotl/fotl-47.jpg,https://myebrochure.co.uk/images/products/prod_13001_61082_165093.jpg,https://myebrochure.co.uk/images/products.small/prod_13001_61082_165093.jpg,https://myebrochure.co.uk/images/products.hires/prod_13001_61082_165093.jpg,https://myebrochure.co.uk/images/brands/fotl_23.png,https://myebrochure.co.uk/images/products.hires/prod_61082_141852.jpg,https://myebrochure.co.uk/images/products.hires/prod_61082_141851.jpg,https://myebrochure.co.uk/images/products.hires/prod_61082_141853.jpg,,,,,,,,<li>Rib crew neck with self&#45;fabric back neck tape</li> <li>Fine knit gauge for enhanced printability</li> <li><b>Also available in ladies&#39; sizes code 61420 and children&#39;s size code 61019</b></li>,1.57
93067,0000000930260,61082,TSHIRT,T-SHIRTS,MSSTSH,MENS SHORT SLEEVE T-SHIRT,FOTL,Fruit Of The Loom,MS0021,47,Kelly Green,0012  ,XL,Men's Original T,2,1,12,120,02-01-2026 8:43,C,https://myebrochure.co.uk/images/colours/fotl/fotl-47.jpg,https://myebrochure.co.uk/images/products/prod_13001_61082_165093.jpg,https://myebrochure.co.uk/images/products.small/prod_13001_61082_165093.jpg,https://myebrochure.co.uk/images/products.hires/prod_13001_61082_165093.jpg,https://myebrochure.co.uk/images/brands/fotl_23.png,https://myebrochure.co.uk/images/products.hires/prod_61082_141852.jpg,https://myebrochure.co.uk/images/products.hires/prod_61082_141851.jpg,https://myebrochure.co.uk/images/products.hires/prod_61082_141853.jpg,,,,,,,,<li>Rib crew neck with self&#45;fabric back neck tape</li> <li>Fine knit gauge for enhanced printability</li> <li><b>Also available in ladies&#39; sizes code 61420 and children&#39;s size code 61019</b></li>,1.57
93068,0000000930277,61082,TSHIRT,T-SHIRTS,MSSTSH,MENS SHORT SLEEVE T-SHIRT,FOTL,Fruit Of The Loom,MS0021,47,Kelly Green,0012  ,2XL,Men's Original T,2,1,12,108,02-01-2026 8:43,C,https://myebrochure.co.uk/images/colours/fotl/fotl-47.jpg,https://myebrochure.co.uk/images/products/prod_13001_61082_165093.jpg,https://myebrochure.co.uk/images/products.small/prod_13001_61082_165093.jpg,https://myebrochure.co.uk/images/products.hires/prod_13001_61082_165093.jpg,https://myebrochure.co.uk/images/brands/fotl_23.png,https://myebrochure.co.uk/images/products.hires/prod_61082_141852.jpg,https://myebrochure.co.uk/images/products.hires/prod_61082_141851.jpg,https://myebrochure.co.uk/images/products.hires/prod_61082_141853.jpg,,,,,,,,<li>Rib crew neck with self&#45;fabric back neck tape</li> <li>Fine knit gauge for enhanced printability</li> <li><b>Also available in ladies&#39; sizes code 61420 and children&#39;s size code 61019</b></li>,1.57
120832,0000001208054,61082,TSHIRT,T-SHIRTS,MSSTSH,MENS SHORT SLEEVE T-SHIRT,FOTL,Fruit Of The Loom,MS0021,BOT,Bottle Green,0012  ,Small,Men's Original T,2,1,12,120,02-01-2026 8:43,C,https://myebrochure.co.uk/images/colours/fotl/fotl-bot.jpg,https://myebrochure.co.uk/images/products/prod_13001_61082_165093.jpg,https://myebrochure.co.uk/images/products.small/prod_13001_61082_165093.jpg,https://myebrochure.co.uk/images/products.hires/prod_13001_61082_165093.jpg,https://myebrochure.co.uk/images/brands/fotl_23.png,https://myebrochure.co.uk/images/products.hires/prod_61082_141840.jpg,https://myebrochure.co.uk/images/products.hires/prod_61082_141839.jpg,https://myebrochure.co.uk/images/products.hires/prod_61082_141841.jpg,,,,,,,,<li>Rib crew neck with self&#45;fabric back neck tape</li> <li>Fine knit gauge for enhanced printability</li> <li><b>Also available in ladies&#39; sizes code 61420 and children&#39;s size code 61019</b></li>,1.57
120833,0000001208061,61082,TSHIRT,T-SHIRTS,MSSTSH,MENS SHORT SLEEVE T-SHIRT,FOTL,Fruit Of The Loom,MS0021,BOT,Bottle Green,0012  ,Medium,Men's Original T,2,1,12,120,02-01-2026 8:43,C,https://myebrochure.co.uk/images/colours/fotl/fotl-bot.jpg,https://myebrochure.co.uk/images/products/prod_13001_61082_165093.jpg,https://myebrochure.co.uk/images/products.small/prod_13001_61082_165093.jpg,https://myebrochure.co.uk/images/products.hires/prod_13001_61082_165093.jpg,https://myebrochure.co.uk/images/brands/fotl_23.png,https://myebrochure.co.uk/images/products.hires/prod_61082_141840.jpg,https://myebrochure.co.uk/images/products.hires/prod_61082_141839.jpg,https://myebrochure.co.uk/images/products.hires/prod_61082_141841.jpg,,,,,,,,<li>Rib crew neck with self&#45;fabric back neck tape</li> <li>Fine knit gauge for enhanced printability</li> <li><b>Also available in ladies&#39; sizes code 61420 and children&#39;s size code 61019</b></li>,1.57
120834,0000001208078,61082,TSHIRT,T-SHIRTS,MSSTSH,MENS SHORT SLEEVE T-SHIRT,FOTL,Fruit Of The Loom,MS0021,BOT,Bottle Green,0012  ,Large,Men's Original T,2,1,12,120,02-01-2026 8:43,C,https://myebrochure.co.uk/images/colours/fotl/fotl-bot.jpg,https://myebrochure.co.uk/images/products/prod_13001_61082_165093.jpg,https://myebrochure.co.uk/images/products.small/prod_13001_61082_165093.jpg,https://myebrochure.co.uk/images/products.hires/prod_13001_61082_165093.jpg,https://myebrochure.co.uk/images/brands/fotl_23.png,https://myebrochure.co.uk/images/products.hires/prod_61082_141840.jpg,https://myebrochure.co.uk/images/products.hires/prod_61082_141839.jpg,https://myebrochure.co.uk/images/products.hires/prod_61082_141841.jpg,,,,,,,,<li>Rib crew neck with self&#45;fabric back neck tape</li> <li>Fine knit gauge for enhanced printability</li> <li><b>Also available in ladies&#39; sizes code 61420 and children&#39;s size code 61019</b></li>,1.57
120835,0000001208085,61082,TSHIRT,T-SHIRTS,MSSTSH,MENS SHORT SLEEVE T-SHIRT,FOTL,Fruit Of The Loom,MS0021,BOT,Bottle Green,0012  ,XL,Men's Original T,2,1,12,120,02-01-2026 8:43,C,https://myebrochure.co.uk/images/colours/fotl/fotl-bot.jpg,https://myebrochure.co.uk/images/products/prod_13001_61082_165093.jpg,https://myebrochure.co.uk/images/products.small/prod_13001_61082_165093.jpg,https://myebrochure.co.uk/images/products.hires/prod_13001_61082_165093.jpg,https://myebrochure.co.uk/images/brands/fotl_23.png,https://myebrochure.co.uk/images/products.hires/prod_61082_141840.jpg,https://myebrochure.co.uk/images/products.hires/prod_61082_141839.jpg,https://myebrochure.co.uk/images/products.hires/prod_61082_141841.jpg,,,,,,,,<li>Rib crew neck with self&#45;fabric back neck tape</li> <li>Fine knit gauge for enhanced printability</li> <li><b>Also available in ladies&#39; sizes code 61420 and children&#39;s size code 61019</b></li>,1.57
120836,0000001208092,61082,TSHIRT,T-SHIRTS,MSSTSH,MENS SHORT SLEEVE T-SHIRT,FOTL,Fruit Of The Loom,MS0021,BOT,Bottle Green,0012  ,2XL,Men's Original T,2,1,12,108,02-01-2026 8:43,C,https://myebrochure.co.uk/images/colours/fotl/fotl-bot.jpg,https://myebrochure.co.uk/images/products/prod_13001_61082_165093.jpg,https://myebrochure.co.uk/images/products.small/prod_13001_61082_165093.jpg,https://myebrochure.co.uk/images/products.hires/prod_13001_61082_165093.jpg,https://myebrochure.co.uk/images/brands/fotl_23.png,https://myebrochure.co.uk/images/products.hires/prod_61082_141840.jpg,https://myebrochure.co.uk/images/products.hires/prod_61082_141839.jpg,https://myebrochure.co.uk/images/products.hires/prod_61082_141841.jpg,,,,,,,,<li>Rib crew neck with self&#45;fabric back neck tape</li> <li>Fine knit gauge for enhanced printability</li> <li><b>Also available in ladies&#39; sizes code 61420 and children&#39;s size code 61019</b></li>,1.57
120837,0000001208108,61082,TSHIRT,T-SHIRTS,MSSTSH,MENS SHORT SLEEVE T-SHIRT,FOTL,Fruit Of The Loom,MS0021,57,Fuchsia,0012  ,Small,Men's Original T,2,1,12,120,02-01-2026 8:43,C,https://myebrochure.co.uk/images/colours/fotl/fotl-57.jpg,https://myebrochure.co.uk/images/products/prod_13001_61082_165093.jpg,https://myebrochure.co.uk/images/products.small/prod_13001_61082_165093.jpg,https://myebrochure.co.uk/images/products.hires/prod_13001_61082_165093.jpg,https://myebrochure.co.uk/images/brands/fotl_23.png,https://myebrochure.co.uk/images/products.hires/prod_61082_141858.jpg,https://myebrochure.co.uk/images/products.hires/prod_61082_141857.jpg,https://myebrochure.co.uk/images/products.hires/prod_61082_141859.jpg,,,,,,,,<li>Rib crew neck with self&#45;fabric back neck tape</li> <li>Fine knit gauge for enhanced printability</li> <li><b>Also available in ladies&#39; sizes code 61420 and children&#39;s size code 61019</b></li>,1.57
120838,0000001208115,61082,TSHIRT,T-SHIRTS,MSSTSH,MENS SHORT SLEEVE T-SHIRT,FOTL,Fruit Of The Loom,MS0021,57,Fuchsia,0012  ,Medium,Men's Original T,2,1,12,120,02-01-2026 8:43,C,https://myebrochure.co.uk/images/colours/fotl/fotl-57.jpg,https://myebrochure.co.uk/images/products/prod_13001_61082_165093.jpg,https://myebrochure.co.uk/images/products.small/prod_13001_61082_165093.jpg,https://myebrochure.co.uk/images/products.hires/prod_13001_61082_165093.jpg,https://myebrochure.co.uk/images/brands/fotl_23.png,https://myebrochure.co.uk/images/products.hires/prod_61082_141858.jpg,https://myebrochure.co.uk/images/products.hires/prod_61082_141857.jpg,https://myebrochure.co.uk/images/products.hires/prod_61082_141859.jpg,,,,,,,,<li>Rib crew neck with self&#45;fabric back neck tape</li> <li>Fine knit gauge for enhanced printability</li> <li><b>Also available in ladies&#39; sizes code 61420 and children&#39;s size code 61019</b></li>,1.57
120839,0000001208122,61082,TSHIRT,T-SHIRTS,MSSTSH,MENS SHORT SLEEVE T-SHIRT,FOTL,Fruit Of The Loom,MS0021,57,Fuchsia,0012  ,Large,Men's Original T,2,1,12,120,02-01-2026 8:43,C,https://myebrochure.co.uk/images/colours/fotl/fotl-57.jpg,https://myebrochure.co.uk/images/products/prod_13001_61082_165093.jpg,https://myebrochure.co.uk/images/products.small/prod_13001_61082_165093.jpg,https://myebrochure.co.uk/images/products.hires/prod_13001_61082_165093.jpg,https://myebrochure.co.uk/images/brands/fotl_23.png,https://myebrochure.co.uk/images/products.hires/prod_61082_141858.jpg,https://myebrochure.co.uk/images/products.hires/prod_61082_141857.jpg,https://myebrochure.co.uk/images/products.hires/prod_61082_141859.jpg,,,,,,,,<li>Rib crew neck with self&#45;fabric back neck tape</li> <li>Fine knit gauge for enhanced printability</li> <li><b>Also available in ladies&#39; sizes code 61420 and children&#39;s size code 61019</b></li>,1.57
120840,0000001208139,61082,TSHIRT,T-SHIRTS,MSSTSH,MENS SHORT SLEEVE T-SHIRT,FOTL,Fruit Of The Loom,MS0021,57,Fuchsia,0012  ,XL,Men's Original T,2,1,12,120,02-01-2026 8:43,C,https://myebrochure.co.uk/images/colours/fotl/fotl-57.jpg,https://myebrochure.co.uk/images/products/prod_13001_61082_165093.jpg,https://myebrochure.co.uk/images/products.small/prod_13001_61082_165093.jpg,https://myebrochure.co.uk/images/products.hires/prod_13001_61082_165093.jpg,https://myebrochure.co.uk/images/brands/fotl_23.png,https://myebrochure.co.uk/images/products.hires/prod_61082_141858.jpg,https://myebrochure.co.uk/images/products.hires/prod_61082_141857.jpg,https://myebrochure.co.uk/images/products.hires/prod_61082_141859.jpg,,,,,,,,<li>Rib crew neck with self&#45;fabric back neck tape</li> <li>Fine knit gauge for enhanced printability</li> <li><b>Also available in ladies&#39; sizes code 61420 and children&#39;s size code 61019</b></li>,1.57
120841,0000001208146,61082,TSHIRT,T-SHIRTS,MSSTSH,MENS SHORT SLEEVE T-SHIRT,FOTL,Fruit Of The Loom,MS0021,57,Fuchsia,0012  ,2XL,Men's Original T,2,1,12,108,02-01-2026 8:43,C,https://myebrochure.co.uk/images/colours/fotl/fotl-57.jpg,https://myebrochure.co.uk/images/products/prod_13001_61082_165093.jpg,https://myebrochure.co.uk/images/products.small/prod_13001_61082_165093.jpg,https://myebrochure.co.uk/images/products.hires/prod_13001_61082_165093.jpg,https://myebrochure.co.uk/images/brands/fotl_23.png,https://myebrochure.co.uk/images/products.hires/prod_61082_141858.jpg,https://myebrochure.co.uk/images/products.hires/prod_61082_141857.jpg,https://myebrochure.co.uk/images/products.hires/prod_61082_141859.jpg,,,,,,,,<li>Rib crew neck with self&#45;fabric back neck tape</li> <li>Fine knit gauge for enhanced printability</li> <li><b>Also available in ladies&#39; sizes code 61420 and children&#39;s size code 61019</b></li>,1.57
120842,0000001208153,61082,TSHIRT,T-SHIRTS,MSSTSH,MENS SHORT SLEEVE T-SHIRT,FOTL,Fruit Of The Loom,MS0021,59,Classic Olive,0012  ,Small,Men's Original T,2,1,12,120,02-01-2026 8:43,C,https://myebrochure.co.uk/images/colours/fotl/fotl-59.jpg,https://myebrochure.co.uk/images/products/prod_13001_61082_165093.jpg,https://myebrochure.co.uk/images/products.small/prod_13001_61082_165093.jpg,https://myebrochure.co.uk/images/products.hires/prod_13001_61082_165093.jpg,https://myebrochure.co.uk/images/brands/fotl_23.png,https://myebrochure.co.uk/images/products.hires/prod_61082_141861.jpg,https://myebrochure.co.uk/images/products.hires/prod_61082_141860.jpg,https://myebrochure.co.uk/images/products.hires/prod_61082_141862.jpg,,,,,,,,<li>Rib crew neck with self&#45;fabric back neck tape</li> <li>Fine knit gauge for enhanced printability</li> <li><b>Also available in ladies&#39; sizes code 61420 and children&#39;s size code 61019</b></li>,1.57
120843,0000001208160,61082,TSHIRT,T-SHIRTS,MSSTSH,MENS SHORT SLEEVE T-SHIRT,FOTL,Fruit Of The Loom,MS0021,59,Classic Olive,0012  ,Medium,Men's Original T,2,1,12,120,02-01-2026 8:43,C,https://myebrochure.co.uk/images/colours/fotl/fotl-59.jpg,https://myebrochure.co.uk/images/products/prod_13001_61082_165093.jpg,https://myebrochure.co.uk/images/products.small/prod_13001_61082_165093.jpg,https://myebrochure.co.uk/images/products.hires/prod_13001_61082_165093.jpg,https://myebrochure.co.uk/images/brands/fotl_23.png,https://myebrochure.co.uk/images/products.hires/prod_61082_141861.jpg,https://myebrochure.co.uk/images/products.hires/prod_61082_141860.jpg,https://myebrochure.co.uk/images/products.hires/prod_61082_141862.jpg,,,,,,,,<li>Rib crew neck with self&#45;fabric back neck tape</li> <li>Fine knit gauge for enhanced printability</li> <li><b>Also available in ladies&#39; sizes code 61420 and children&#39;s size code 61019</b></li>,1.57
120844,0000001208177,61082,TSHIRT,T-SHIRTS,MSSTSH,MENS SHORT SLEEVE T-SHIRT,FOTL,Fruit Of The Loom,MS0021,59,Classic Olive,0012  ,Large,Men's Original T,2,1,12,120,02-01-2026 8:43,C,https://myebrochure.co.uk/images/colours/fotl/fotl-59.jpg,https://myebrochure.co.uk/images/products/prod_13001_61082_165093.jpg,https://myebrochure.co.uk/images/products.small/prod_13001_61082_165093.jpg,https://myebrochure.co.uk/images/products.hires/prod_13001_61082_165093.jpg,https://myebrochure.co.uk/images/brands/fotl_23.png,https://myebrochure.co.uk/images/products.hires/prod_61082_141861.jpg,https://myebrochure.co.uk/images/products.hires/prod_61082_141860.jpg,https://myebrochure.co.uk/images/products.hires/prod_61082_141862.jpg,,,,,,,,<li>Rib crew neck with self&#45;fabric back neck tape</li> <li>Fine knit gauge for enhanced printability</li> <li><b>Also available in ladies&#39; sizes code 61420 and children&#39;s size code 61019</b></li>,1.57
120845,0000001208184,61082,TSHIRT,T-SHIRTS,MSSTSH,MENS SHORT SLEEVE T-SHIRT,FOTL,Fruit Of The Loom,MS0021,59,Classic Olive,0012  ,XL,Men's Original T,2,1,12,120,02-01-2026 8:43,C,https://myebrochure.co.uk/images/colours/fotl/fotl-59.jpg,https://myebrochure.co.uk/images/products/prod_13001_61082_165093.jpg,https://myebrochure.co.uk/images/products.small/prod_13001_61082_165093.jpg,https://myebrochure.co.uk/images/products.hires/prod_13001_61082_165093.jpg,https://myebrochure.co.uk/images/brands/fotl_23.png,https://myebrochure.co.uk/images/products.hires/prod_61082_141861.jpg,https://myebrochure.co.uk/images/products.hires/prod_61082_141860.jpg,https://myebrochure.co.uk/images/products.hires/prod_61082_141862.jpg,,,,,,,,<li>Rib crew neck with self&#45;fabric back neck tape</li> <li>Fine knit gauge for enhanced printability</li> <li><b>Also available in ladies&#39; sizes code 61420 and children&#39;s size code 61019</b></li>,1.57
120846,0000001208191,61082,TSHIRT,T-SHIRTS,MSSTSH,MENS SHORT SLEEVE T-SHIRT,FOTL,Fruit Of The Loom,MS0021,59,Classic Olive,0012  ,2XL,Men's Original T,2,1,12,108,02-01-2026 8:43,C,https://myebrochure.co.uk/images/colours/fotl/fotl-59.jpg,https://myebrochure.co.uk/images/products/prod_13001_61082_165093.jpg,https://myebrochure.co.uk/images/products.small/prod_13001_61082_165093.jpg,https://myebrochure.co.uk/images/products.hires/prod_13001_61082_165093.jpg,https://myebrochure.co.uk/images/brands/fotl_23.png,https://myebrochure.co.uk/images/products.hires/prod_61082_141861.jpg,https://myebrochure.co.uk/images/products.hires/prod_61082_141860.jpg,https://myebrochure.co.uk/images/products.hires/prod_61082_141862.jpg,,,,,,,,<li>Rib crew neck with self&#45;fabric back neck tape</li> <li>Fine knit gauge for enhanced printability</li> <li><b>Also available in ladies&#39; sizes code 61420 and children&#39;s size code 61019</b></li>,1.57
120847,0000001208207,61082,TSHIRT,T-SHIRTS,MSSTSH,MENS SHORT SLEEVE T-SHIRT,FOTL,Fruit Of The Loom,MS0021,BX,Brick Red,0012  ,Small,Men's Original T,2,1,12,120,02-01-2026 8:43,C,https://myebrochure.co.uk/images/colours/fotl/fotl-bx.jpg,https://myebrochure.co.uk/images/products/prod_13001_61082_165093.jpg,https://myebrochure.co.uk/images/products.small/prod_13001_61082_165093.jpg,https://myebrochure.co.uk/images/products.hires/prod_13001_61082_165093.jpg,https://myebrochure.co.uk/images/brands/fotl_23.png,https://myebrochure.co.uk/images/products.hires/prod_61082_141870.jpg,https://myebrochure.co.uk/images/products.hires/prod_61082_141869.jpg,https://myebrochure.co.uk/images/products.hires/prod_61082_141871.jpg,,,,,,,,<li>Rib crew neck with self&#45;fabric back neck tape</li> <li>Fine knit gauge for enhanced printability</li> <li><b>Also available in ladies&#39; sizes code 61420 and children&#39;s size code 61019</b></li>,1.57
120848,0000001208214,61082,TSHIRT,T-SHIRTS,MSSTSH,MENS SHORT SLEEVE T-SHIRT,FOTL,Fruit Of The Loom,MS0021,BX,Brick Red,0012  ,Medium,Men's Original T,2,1,12,120,02-01-2026 8:43,C,https://myebrochure.co.uk/images/colours/fotl/fotl-bx.jpg,https://myebrochure.co.uk/images/products/prod_13001_61082_165093.jpg,https://myebrochure.co.uk/images/products.small/prod_13001_61082_165093.jpg,https://myebrochure.co.uk/images/products.hires/prod_13001_61082_165093.jpg,https://myebrochure.co.uk/images/brands/fotl_23.png,https://myebrochure.co.uk/images/products.hires/prod_61082_141870.jpg,https://myebrochure.co.uk/images/products.hires/prod_61082_141869.jpg,https://myebrochure.co.uk/images/products.hires/prod_61082_141871.jpg,,,,,,,,<li>Rib crew neck with self&#45;fabric back neck tape</li> <li>Fine knit gauge for enhanced printability</li> <li><b>Also available in ladies&#39; sizes code 61420 and children&#39;s size code 61019</b></li>,1.57
120849,0000001208221,61082,TSHIRT,T-SHIRTS,MSSTSH,MENS SHORT SLEEVE T-SHIRT,FOTL,Fruit Of The Loom,MS0021,BX,Brick Red,0012  ,Large,Men's Original T,2,1,12,120,02-01-2026 8:43,C,https://myebrochure.co.uk/images/colours/fotl/fotl-bx.jpg,https://myebrochure.co.uk/images/products/prod_13001_61082_165093.jpg,https://myebrochure.co.uk/images/products.small/prod_13001_61082_165093.jpg,https://myebrochure.co.uk/images/products.hires/prod_13001_61082_165093.jpg,https://myebrochure.co.uk/images/brands/fotl_23.png,https://myebrochure.co.uk/images/products.hires/prod_61082_141870.jpg,https://myebrochure.co.uk/images/products.hires/prod_61082_141869.jpg,https://myebrochure.co.uk/images/products.hires/prod_61082_141871.jpg,,,,,,,,<li>Rib crew neck with self&#45;fabric back neck tape</li> <li>Fine knit gauge for enhanced printability</li> <li><b>Also available in ladies&#39; sizes code 61420 and children&#39;s size code 61019</b></li>,1.57
120850,0000001208238,61082,TSHIRT,T-SHIRTS,MSSTSH,MENS SHORT SLEEVE T-SHIRT,FOTL,Fruit Of The Loom,MS0021,BX,Brick Red,0012  ,XL,Men's Original T,2,1,12,120,02-01-2026 8:43,C,https://myebrochure.co.uk/images/colours/fotl/fotl-bx.jpg,https://myebrochure.co.uk/images/products/prod_13001_61082_165093.jpg,https://myebrochure.co.uk/images/products.small/prod_13001_61082_165093.jpg,https://myebrochure.co.uk/images/products.hires/prod_13001_61082_165093.jpg,https://myebrochure.co.uk/images/brands/fotl_23.png,https://myebrochure.co.uk/images/products.hires/prod_61082_141870.jpg,https://myebrochure.co.uk/images/products.hires/prod_61082_141869.jpg,https://myebrochure.co.uk/images/products.hires/prod_61082_141871.jpg,,,,,,,,<li>Rib crew neck with self&#45;fabric back neck tape</li> <li>Fine knit gauge for enhanced printability</li> <li><b>Also available in ladies&#39; sizes code 61420 and children&#39;s size code 61019</b></li>,1.57
120851,0000001208245,61082,TSHIRT,T-SHIRTS,MSSTSH,MENS SHORT SLEEVE T-SHIRT,FOTL,Fruit Of The Loom,MS0021,BX,Brick Red,0012  ,2XL,Men's Original T,2,1,12,108,02-01-2026 8:43,C,https://myebrochure.co.uk/images/colours/fotl/fotl-bx.jpg,https://myebrochure.co.uk/images/products/prod_13001_61082_165093.jpg,https://myebrochure.co.uk/images/products.small/prod_13001_61082_165093.jpg,https://myebrochure.co.uk/images/products.hires/prod_13001_61082_165093.jpg,https://myebrochure.co.uk/images/brands/fotl_23.png,https://myebrochure.co.uk/images/products.hires/prod_61082_141870.jpg,https://myebrochure.co.uk/images/products.hires/prod_61082_141869.jpg,https://myebrochure.co.uk/images/products.hires/prod_61082_141871.jpg,,,,,,,,<li>Rib crew neck with self&#45;fabric back neck tape</li> <li>Fine knit gauge for enhanced printability</li> <li><b>Also available in ladies&#39; sizes code 61420 and children&#39;s size code 61019</b></li>,1.57
120852,0000001208252,61082,TSHIRT,T-SHIRTS,MSSTSH,MENS SHORT SLEEVE T-SHIRT,FOTL,Fruit Of The Loom,MS0021,GL,Light Graphite,0012  ,Small,Men's Original T,2,1,12,120,02-01-2026 8:43,C,https://myebrochure.co.uk/images/colours/fotl/fotl-gl.jpg,https://myebrochure.co.uk/images/products/prod_13001_61082_165093.jpg,https://myebrochure.co.uk/images/products.small/prod_13001_61082_165093.jpg,https://myebrochure.co.uk/images/products.hires/prod_13001_61082_165093.jpg,https://myebrochure.co.uk/images/brands/fotl_23.png,https://myebrochure.co.uk/images/products.hires/prod_61082_141873.jpg,https://myebrochure.co.uk/images/products.hires/prod_61082_141872.jpg,https://myebrochure.co.uk/images/products.hires/prod_61082_141874.jpg,,,,,,,,<li>Rib crew neck with self&#45;fabric back neck tape</li> <li>Fine knit gauge for enhanced printability</li> <li><b>Also available in ladies&#39; sizes code 61420 and children&#39;s size code 61019</b></li>,1.57
120853,0000001208269,61082,TSHIRT,T-SHIRTS,MSSTSH,MENS SHORT SLEEVE T-SHIRT,FOTL,Fruit Of The Loom,MS0021,GL,Light Graphite,0012  ,Medium,Men's Original T,2,1,12,120,02-01-2026 8:43,C,https://myebrochure.co.uk/images/colours/fotl/fotl-gl.jpg,https://myebrochure.co.uk/images/products/prod_13001_61082_165093.jpg,https://myebrochure.co.uk/images/products.small/prod_13001_61082_165093.jpg,https://myebrochure.co.uk/images/products.hires/prod_13001_61082_165093.jpg,https://myebrochure.co.uk/images/brands/fotl_23.png,https://myebrochure.co.uk/images/products.hires/prod_61082_141873.jpg,https://myebrochure.co.uk/images/products.hires/prod_61082_141872.jpg,https://myebrochure.co.uk/images/products.hires/prod_61082_141874.jpg,,,,,,,,<li>Rib crew neck with self&#45;fabric back neck tape</li> <li>Fine knit gauge for enhanced printability</li> <li><b>Also available in ladies&#39; sizes code 61420 and children&#39;s size code 61019</b></li>,1.57
120854,0000001208276,61082,TSHIRT,T-SHIRTS,MSSTSH,MENS SHORT SLEEVE T-SHIRT,FOTL,Fruit Of The Loom,MS0021,GL,Light Graphite,0012  ,Large,Men's Original T,2,1,12,120,02-01-2026 8:43,C,https://myebrochure.co.uk/images/colours/fotl/fotl-gl.jpg,https://myebrochure.co.uk/images/products/prod_13001_61082_165093.jpg,https://myebrochure.co.uk/images/products.small/prod_13001_61082_165093.jpg,https://myebrochure.co.uk/images/products.hires/prod_13001_61082_165093.jpg,https://myebrochure.co.uk/images/brands/fotl_23.png,https://myebrochure.co.uk/images/products.hires/prod_61082_141873.jpg,https://myebrochure.co.uk/images/products.hires/prod_61082_141872.jpg,https://myebrochure.co.uk/images/products.hires/prod_61082_141874.jpg,,,,,,,,<li>Rib crew neck with self&#45;fabric back neck tape</li> <li>Fine knit gauge for enhanced printability</li> <li><b>Also available in ladies&#39; sizes code 61420 and children&#39;s size code 61019</b></li>,1.57
120855,0000001208283,61082,TSHIRT,T-SHIRTS,MSSTSH,MENS SHORT SLEEVE T-SHIRT,FOTL,Fruit Of The Loom,MS0021,GL,Light Graphite,0012  ,XL,Men's Original T,2,1,12,120,02-01-2026 8:43,C,https://myebrochure.co.uk/images/colours/fotl/fotl-gl.jpg,https://myebrochure.co.uk/images/products/prod_13001_61082_165093.jpg,https://myebrochure.co.uk/images/products.small/prod_13001_61082_165093.jpg,https://myebrochure.co.uk/images/products.hires/prod_13001_61082_165093.jpg,https://myebrochure.co.uk/images/brands/fotl_23.png,https://myebrochure.co.uk/images/products.hires/prod_61082_141873.jpg,https://myebrochure.co.uk/images/products.hires/prod_61082_141872.jpg,https://myebrochure.co.uk/images/products.hires/prod_61082_141874.jpg,,,,,,,,<li>Rib crew neck with self&#45;fabric back neck tape</li> <li>Fine knit gauge for enhanced printability</li> <li><b>Also available in ladies&#39; sizes code 61420 and children&#39;s size code 61019</b></li>,1.57
120856,0000001208290,61082,TSHIRT,T-SHIRTS,MSSTSH,MENS SHORT SLEEVE T-SHIRT,FOTL,Fruit Of The Loom,MS0021,GL,Light Graphite,0012  ,2XL,Men's Original T,2,1,12,108,02-01-2026 8:43,C,https://myebrochure.co.uk/images/colours/fotl/fotl-gl.jpg,https://myebrochure.co.uk/images/products/prod_13001_61082_165093.jpg,https://myebrochure.co.uk/images/products.small/prod_13001_61082_165093.jpg,https://myebrochure.co.uk/images/products.hires/prod_13001_61082_165093.jpg,https://myebrochure.co.uk/images/brands/fotl_23.png,https://myebrochure.co.uk/images/products.hires/prod_61082_141873.jpg,https://myebrochure.co.uk/images/products.hires/prod_61082_141872.jpg,https://myebrochure.co.uk/images/products.hires/prod_61082_141874.jpg,,,,,,,,<li>Rib crew neck with self&#45;fabric back neck tape</li> <li>Fine knit gauge for enhanced printability</li> <li><b>Also available in ladies&#39; sizes code 61420 and children&#39;s size code 61019</b></li>,1.57
120857,0000001208306,61082,TSHIRT,T-SHIRTS,MSSTSH,MENS SHORT SLEEVE T-SHIRT,FOTL,Fruit Of The Loom,MS0021,LM,Lime,0012  ,Small,Men's Original T,2,1,12,120,02-01-2026 8:43,C,https://myebrochure.co.uk/images/colours/fotl/fotl-lm.jpg,https://myebrochure.co.uk/images/products/prod_13001_61082_165093.jpg,https://myebrochure.co.uk/images/products.small/prod_13001_61082_165093.jpg,https://myebrochure.co.uk/images/products.hires/prod_13001_61082_165093.jpg,https://myebrochure.co.uk/images/brands/fotl_23.png,https://myebrochure.co.uk/images/products.hires/prod_61082_141879.jpg,https://myebrochure.co.uk/images/products.hires/prod_61082_141878.jpg,https://myebrochure.co.uk/images/products.hires/prod_61082_141880.jpg,,,,,,,,<li>Rib crew neck with self&#45;fabric back neck tape</li> <li>Fine knit gauge for enhanced printability</li> <li><b>Also available in ladies&#39; sizes code 61420 and children&#39;s size code 61019</b></li>,1.57
120858,0000001208313,61082,TSHIRT,T-SHIRTS,MSSTSH,MENS SHORT SLEEVE T-SHIRT,FOTL,Fruit Of The Loom,MS0021,LM,Lime,0012  ,Medium,Men's Original T,2,1,12,120,02-01-2026 8:43,C,https://myebrochure.co.uk/images/colours/fotl/fotl-lm.jpg,https://myebrochure.co.uk/images/products/prod_13001_61082_165093.jpg,https://myebrochure.co.uk/images/products.small/prod_13001_61082_165093.jpg,https://myebrochure.co.uk/images/products.hires/prod_13001_61082_165093.jpg,https://myebrochure.co.uk/images/brands/fotl_23.png,https://myebrochure.co.uk/images/products.hires/prod_61082_141879.jpg,https://myebrochure.co.uk/images/products.hires/prod_61082_141878.jpg,https://myebrochure.co.uk/images/products.hires/prod_61082_141880.jpg,,,,,,,,<li>Rib crew neck with self&#45;fabric back neck tape</li> <li>Fine knit gauge for enhanced printability</li> <li><b>Also available in ladies&#39; sizes code 61420 and children&#39;s size code 61019</b></li>,1.57
120859,0000001208320,61082,TSHIRT,T-SHIRTS,MSSTSH,MENS SHORT SLEEVE T-SHIRT,FOTL,Fruit Of The Loom,MS0021,LM,Lime,0012  ,Large,Men's Original T,2,1,12,120,02-01-2026 8:43,C,https://myebrochure.co.uk/images/colours/fotl/fotl-lm.jpg,https://myebrochure.co.uk/images/products/prod_13001_61082_165093.jpg,https://myebrochure.co.uk/images/products.small/prod_13001_61082_165093.jpg,https://myebrochure.co.uk/images/products.hires/prod_13001_61082_165093.jpg,https://myebrochure.co.uk/images/brands/fotl_23.png,https://myebrochure.co.uk/images/products.hires/prod_61082_141879.jpg,https://myebrochure.co.uk/images/products.hires/prod_61082_141878.jpg,https://myebrochure.co.uk/images/products.hires/prod_61082_141880.jpg,,,,,,,,<li>Rib crew neck with self&#45;fabric back neck tape</li> <li>Fine knit gauge for enhanced printability</li> <li><b>Also available in ladies&#39; sizes code 61420 and children&#39;s size code 61019</b></li>,1.57
120860,0000001208337,61082,TSHIRT,T-SHIRTS,MSSTSH,MENS SHORT SLEEVE T-SHIRT,FOTL,Fruit Of The Loom,MS0021,LM,Lime,0012  ,XL,Men's Original T,2,1,12,120,02-01-2026 8:43,C,https://myebrochure.co.uk/images/colours/fotl/fotl-lm.jpg,https://myebrochure.co.uk/images/products/prod_13001_61082_165093.jpg,https://myebrochure.co.uk/images/products.small/prod_13001_61082_165093.jpg,https://myebrochure.co.uk/images/products.hires/prod_13001_61082_165093.jpg,https://myebrochure.co.uk/images/brands/fotl_23.png,https://myebrochure.co.uk/images/products.hires/prod_61082_141879.jpg,https://myebrochure.co.uk/images/products.hires/prod_61082_141878.jpg,https://myebrochure.co.uk/images/products.hires/prod_61082_141880.jpg,,,,,,,,<li>Rib crew neck with self&#45;fabric back neck tape</li> <li>Fine knit gauge for enhanced printability</li> <li><b>Also available in ladies&#39; sizes code 61420 and children&#39;s size code 61019</b></li>,1.57
120861,0000001208344,61082,TSHIRT,T-SHIRTS,MSSTSH,MENS SHORT SLEEVE T-SHIRT,FOTL,Fruit Of The Loom,MS0021,LM,Lime,0012  ,2XL,Men's Original T,2,1,12,108,02-01-2026 8:43,C,https://myebrochure.co.uk/images/colours/fotl/fotl-lm.jpg,https://myebrochure.co.uk/images/products/prod_13001_61082_165093.jpg,https://myebrochure.co.uk/images/products.small/prod_13001_61082_165093.jpg,https://myebrochure.co.uk/images/products.hires/prod_13001_61082_165093.jpg,https://myebrochure.co.uk/images/brands/fotl_23.png,https://myebrochure.co.uk/images/products.hires/prod_61082_141879.jpg,https://myebrochure.co.uk/images/products.hires/prod_61082_141878.jpg,https://myebrochure.co.uk/images/products.hires/prod_61082_141880.jpg,,,,,,,,<li>Rib crew neck with self&#45;fabric back neck tape</li> <li>Fine knit gauge for enhanced printability</li> <li><b>Also available in ladies&#39; sizes code 61420 and children&#39;s size code 61019</b></li>,1.57
120862,0000001208351,61082,TSHIRT,T-SHIRTS,MSSTSH,MENS SHORT SLEEVE T-SHIRT,FOTL,Fruit Of The Loom,MS0021,PE,Purple,0012  ,Small,Men's Original T,2,1,12,120,02-01-2026 8:43,C,https://myebrochure.co.uk/images/colours/fotl/fotl-pe.jpg,https://myebrochure.co.uk/images/products/prod_13001_61082_165093.jpg,https://myebrochure.co.uk/images/products.small/prod_13001_61082_165093.jpg,https://myebrochure.co.uk/images/products.hires/prod_13001_61082_165093.jpg,https://myebrochure.co.uk/images/brands/fotl_23.png,https://myebrochure.co.uk/images/products.hires/prod_61082_141882.jpg,https://myebrochure.co.uk/images/products.hires/prod_61082_141881.jpg,https://myebrochure.co.uk/images/products.hires/prod_61082_141883.jpg,,,,,,,,<li>Rib crew neck with self&#45;fabric back neck tape</li> <li>Fine knit gauge for enhanced printability</li> <li><b>Also available in ladies&#39; sizes code 61420 and children&#39;s size code 61019</b></li>,1.57
120863,0000001208368,61082,TSHIRT,T-SHIRTS,MSSTSH,MENS SHORT SLEEVE T-SHIRT,FOTL,Fruit Of The Loom,MS0021,PE,Purple,0012  ,Medium,Men's Original T,2,1,12,120,02-01-2026 8:43,C,https://myebrochure.co.uk/images/colours/fotl/fotl-pe.jpg,https://myebrochure.co.uk/images/products/prod_13001_61082_165093.jpg,https://myebrochure.co.uk/images/products.small/prod_13001_61082_165093.jpg,https://myebrochure.co.uk/images/products.hires/prod_13001_61082_165093.jpg,https://myebrochure.co.uk/images/brands/fotl_23.png,https://myebrochure.co.uk/images/products.hires/prod_61082_141882.jpg,https://myebrochure.co.uk/images/products.hires/prod_61082_141881.jpg,https://myebrochure.co.uk/images/products.hires/prod_61082_141883.jpg,,,,,,,,<li>Rib crew neck with self&#45;fabric back neck tape</li> <li>Fine knit gauge for enhanced printability</li> <li><b>Also available in ladies&#39; sizes code 61420 and children&#39;s size code 61019</b></li>,1.57
120864,0000001208375,61082,TSHIRT,T-SHIRTS,MSSTSH,MENS SHORT SLEEVE T-SHIRT,FOTL,Fruit Of The Loom,MS0021,PE,Purple,0012  ,Large,Men's Original T,2,1,12,120,02-01-2026 8:43,C,https://myebrochure.co.uk/images/colours/fotl/fotl-pe.jpg,https://myebrochure.co.uk/images/products/prod_13001_61082_165093.jpg,https://myebrochure.co.uk/images/products.small/prod_13001_61082_165093.jpg,https://myebrochure.co.uk/images/products.hires/prod_13001_61082_165093.jpg,https://myebrochure.co.uk/images/brands/fotl_23.png,https://myebrochure.co.uk/images/products.hires/prod_61082_141882.jpg,https://myebrochure.co.uk/images/products.hires/prod_61082_141881.jpg,https://myebrochure.co.uk/images/products.hires/prod_61082_141883.jpg,,,,,,,,<li>Rib crew neck with self&#45;fabric back neck tape</li> <li>Fine knit gauge for enhanced printability</li> <li><b>Also available in ladies&#39; sizes code 61420 and children&#39;s size code 61019</b></li>,1.57
120865,0000001208382,61082,TSHIRT,T-SHIRTS,MSSTSH,MENS SHORT SLEEVE T-SHIRT,FOTL,Fruit Of The Loom,MS0021,PE,Purple,0012  ,XL,Men's Original T,2,1,12,120,02-01-2026 8:43,C,https://myebrochure.co.uk/images/colours/fotl/fotl-pe.jpg,https://myebrochure.co.uk/images/products/prod_13001_61082_165093.jpg,https://myebrochure.co.uk/images/products.small/prod_13001_61082_165093.jpg,https://myebrochure.co.uk/images/products.hires/prod_13001_61082_165093.jpg,https://myebrochure.co.uk/images/brands/fotl_23.png,https://myebrochure.co.uk/images/products.hires/prod_61082_141882.jpg,https://myebrochure.co.uk/images/products.hires/prod_61082_141881.jpg,https://myebrochure.co.uk/images/products.hires/prod_61082_141883.jpg,,,,,,,,<li>Rib crew neck with self&#45;fabric back neck tape</li> <li>Fine knit gauge for enhanced printability</li> <li><b>Also available in ladies&#39; sizes code 61420 and children&#39;s size code 61019</b></li>,1.57
120866,0000001208399,61082,TSHIRT,T-SHIRTS,MSSTSH,MENS SHORT SLEEVE T-SHIRT,FOTL,Fruit Of The Loom,MS0021,PE,Purple,0012  ,2XL,Men's Original T,2,1,12,108,02-01-2026 8:43,C,https://myebrochure.co.uk/images/colours/fotl/fotl-pe.jpg,https://myebrochure.co.uk/images/products/prod_13001_61082_165093.jpg,https://myebrochure.co.uk/images/products.small/prod_13001_61082_165093.jpg,https://myebrochure.co.uk/images/products.hires/prod_13001_61082_165093.jpg,https://myebrochure.co.uk/images/brands/fotl_23.png,https://myebrochure.co.uk/images/products.hires/prod_61082_141882.jpg,https://myebrochure.co.uk/images/products.hires/prod_61082_141881.jpg,https://myebrochure.co.uk/images/products.hires/prod_61082_141883.jpg,,,,,,,,<li>Rib crew neck with self&#45;fabric back neck tape</li> <li>Fine knit gauge for enhanced printability</li> <li><b>Also available in ladies&#39; sizes code 61420 and children&#39;s size code 61019</b></li>,1.57
120872,0000001208450,61082,TSHIRT,T-SHIRTS,MSSTSH,MENS SHORT SLEEVE T-SHIRT,FOTL,Fruit Of The Loom,MS0021,YT,Sky Blue,0012  ,Small,Men's Original T,2,1,12,120,02-01-2026 8:43,C,https://myebrochure.co.uk/images/colours/fotl/fotl-yt.jpg,https://myebrochure.co.uk/images/products/prod_13001_61082_165093.jpg,https://myebrochure.co.uk/images/products.small/prod_13001_61082_165093.jpg,https://myebrochure.co.uk/images/products.hires/prod_13001_61082_165093.jpg,https://myebrochure.co.uk/images/brands/fotl_23.png,https://myebrochure.co.uk/images/products.hires/prod_61082_141885.jpg,https://myebrochure.co.uk/images/products.hires/prod_61082_141884.jpg,https://myebrochure.co.uk/images/products.hires/prod_61082_141886.jpg,,,,,,,,<li>Rib crew neck with self&#45;fabric back neck tape</li> <li>Fine knit gauge for enhanced printability</li> <li><b>Also available in ladies&#39; sizes code 61420 and children&#39;s size code 61019</b></li>,1.57
120873,0000001208467,61082,TSHIRT,T-SHIRTS,MSSTSH,MENS SHORT SLEEVE T-SHIRT,FOTL,Fruit Of The Loom,MS0021,YT,Sky Blue,0012  ,Medium,Men's Original T,2,1,12,120,02-01-2026 8:43,C,https://myebrochure.co.uk/images/colours/fotl/fotl-yt.jpg,https://myebrochure.co.uk/images/products/prod_13001_61082_165093.jpg,https://myebrochure.co.uk/images/products.small/prod_13001_61082_165093.jpg,https://myebrochure.co.uk/images/products.hires/prod_13001_61082_165093.jpg,https://myebrochure.co.uk/images/brands/fotl_23.png,https://myebrochure.co.uk/images/products.hires/prod_61082_141885.jpg,https://myebrochure.co.uk/images/products.hires/prod_61082_141884.jpg,https://myebrochure.co.uk/images/products.hires/prod_61082_141886.jpg,,,,,,,,<li>Rib crew neck with self&#45;fabric back neck tape</li> <li>Fine knit gauge for enhanced printability</li> <li><b>Also available in ladies&#39; sizes code 61420 and children&#39;s size code 61019</b></li>,1.57
120874,0000001208474,61082,TSHIRT,T-SHIRTS,MSSTSH,MENS SHORT SLEEVE T-SHIRT,FOTL,Fruit Of The Loom,MS0021,YT,Sky Blue,0012  ,Large,Men's Original T,2,1,12,120,02-01-2026 8:43,C,https://myebrochure.co.uk/images/colours/fotl/fotl-yt.jpg,https://myebrochure.co.uk/images/products/prod_13001_61082_165093.jpg,https://myebrochure.co.uk/images/products.small/prod_13001_61082_165093.jpg,https://myebrochure.co.uk/images/products.hires/prod_13001_61082_165093.jpg,https://myebrochure.co.uk/images/brands/fotl_23.png,https://myebrochure.co.uk/images/products.hires/prod_61082_141885.jpg,https://myebrochure.co.uk/images/products.hires/prod_61082_141884.jpg,https://myebrochure.co.uk/images/products.hires/prod_61082_141886.jpg,,,,,,,,<li>Rib crew neck with self&#45;fabric back neck tape</li> <li>Fine knit gauge for enhanced printability</li> <li><b>Also available in ladies&#39; sizes code 61420 and children&#39;s size code 61019</b></li>,1.57
120875,0000001208481,61082,TSHIRT,T-SHIRTS,MSSTSH,MENS SHORT SLEEVE T-SHIRT,FOTL,Fruit Of The Loom,MS0021,YT,Sky Blue,0012  ,XL,Men's Original T,2,1,12,120,02-01-2026 8:43,C,https://myebrochure.co.uk/images/colours/fotl/fotl-yt.jpg,https://myebrochure.co.uk/images/products/prod_13001_61082_165093.jpg,https://myebrochure.co.uk/images/products.small/prod_13001_61082_165093.jpg,https://myebrochure.co.uk/images/products.hires/prod_13001_61082_165093.jpg,https://myebrochure.co.uk/images/brands/fotl_23.png,https://myebrochure.co.uk/images/products.hires/prod_61082_141885.jpg,https://myebrochure.co.uk/images/products.hires/prod_61082_141884.jpg,https://myebrochure.co.uk/images/products.hires/prod_61082_141886.jpg,,,,,,,,<li>Rib crew neck with self&#45;fabric back neck tape</li> <li>Fine knit gauge for enhanced printability</li> <li><b>Also available in ladies&#39; sizes code 61420 and children&#39;s size code 61019</b></li>,1.57
120876,0000001208498,61082,TSHIRT,T-SHIRTS,MSSTSH,MENS SHORT SLEEVE T-SHIRT,FOTL,Fruit Of The Loom,MS0021,YT,Sky Blue,0012  ,2XL,Men's Original T,2,1,12,108,02-01-2026 8:43,C,https://myebrochure.co.uk/images/colours/fotl/fotl-yt.jpg,https://myebrochure.co.uk/images/products/prod_13001_61082_165093.jpg,https://myebrochure.co.uk/images/products.small/prod_13001_61082_165093.jpg,https://myebrochure.co.uk/images/products.hires/prod_13001_61082_165093.jpg,https://myebrochure.co.uk/images/brands/fotl_23.png,https://myebrochure.co.uk/images/products.hires/prod_61082_141885.jpg,https://myebrochure.co.uk/images/products.hires/prod_61082_141884.jpg,https://myebrochure.co.uk/images/products.hires/prod_61082_141886.jpg,,,,,,,,<li>Rib crew neck with self&#45;fabric back neck tape</li> <li>Fine knit gauge for enhanced printability</li> <li><b>Also available in ladies&#39; sizes code 61420 and children&#39;s size code 61019</b></li>,1.57
120877,0000001208504,61082,TSHIRT,T-SHIRTS,MSSTSH,MENS SHORT SLEEVE T-SHIRT,FOTL,Fruit Of The Loom,MS0021,ZU,Azure Blue,0012  ,Small,Men's Original T,2,1,12,120,02-01-2026 8:43,C,https://myebrochure.co.uk/images/colours/fotl/fotl-zu.jpg,https://myebrochure.co.uk/images/products/prod_13001_61082_165093.jpg,https://myebrochure.co.uk/images/products.small/prod_13001_61082_165093.jpg,https://myebrochure.co.uk/images/products.hires/prod_13001_61082_165093.jpg,https://myebrochure.co.uk/images/brands/fotl_23.png,https://myebrochure.co.uk/images/products.hires/prod_61082_141888.jpg,https://myebrochure.co.uk/images/products.hires/prod_61082_141887.jpg,https://myebrochure.co.uk/images/products.hires/prod_61082_141889.jpg,,,,,,,,<li>Rib crew neck with self&#45;fabric back neck tape</li> <li>Fine knit gauge for enhanced printability</li> <li><b>Also available in ladies&#39; sizes code 61420 and children&#39;s size code 61019</b></li>,1.57
120878,0000001208511,61082,TSHIRT,T-SHIRTS,MSSTSH,MENS SHORT SLEEVE T-SHIRT,FOTL,Fruit Of The Loom,MS0021,ZU,Azure Blue,0012  ,Medium,Men's Original T,2,1,12,120,02-01-2026 8:43,C,https://myebrochure.co.uk/images/colours/fotl/fotl-zu.jpg,https://myebrochure.co.uk/images/products/prod_13001_61082_165093.jpg,https://myebrochure.co.uk/images/products.small/prod_13001_61082_165093.jpg,https://myebrochure.co.uk/images/products.hires/prod_13001_61082_165093.jpg,https://myebrochure.co.uk/images/brands/fotl_23.png,https://myebrochure.co.uk/images/products.hires/prod_61082_141888.jpg,https://myebrochure.co.uk/images/products.hires/prod_61082_141887.jpg,https://myebrochure.co.uk/images/products.hires/prod_61082_141889.jpg,,,,,,,,<li>Rib crew neck with self&#45;fabric back neck tape</li> <li>Fine knit gauge for enhanced printability</li> <li><b>Also available in ladies&#39; sizes code 61420 and children&#39;s size code 61019</b></li>,1.57
120879,0000001208528,61082,TSHIRT,T-SHIRTS,MSSTSH,MENS SHORT SLEEVE T-SHIRT,FOTL,Fruit Of The Loom,MS0021,ZU,Azure Blue,0012  ,Large,Men's Original T,2,1,12,120,02-01-2026 8:43,C,https://myebrochure.co.uk/images/colours/fotl/fotl-zu.jpg,https://myebrochure.co.uk/images/products/prod_13001_61082_165093.jpg,https://myebrochure.co.uk/images/products.small/prod_13001_61082_165093.jpg,https://myebrochure.co.uk/images/products.hires/prod_13001_61082_165093.jpg,https://myebrochure.co.uk/images/brands/fotl_23.png,https://myebrochure.co.uk/images/products.hires/prod_61082_141888.jpg,https://myebrochure.co.uk/images/products.hires/prod_61082_141887.jpg,https://myebrochure.co.uk/images/products.hires/prod_61082_141889.jpg,,,,,,,,<li>Rib crew neck with self&#45;fabric back neck tape</li> <li>Fine knit gauge for enhanced printability</li> <li><b>Also available in ladies&#39; sizes code 61420 and children&#39;s size code 61019</b></li>,1.57
120880,0000001208535,61082,TSHIRT,T-SHIRTS,MSSTSH,MENS SHORT SLEEVE T-SHIRT,FOTL,Fruit Of The Loom,MS0021,ZU,Azure Blue,0012  ,XL,Men's Original T,2,1,12,120,02-01-2026 8:43,C,https://myebrochure.co.uk/images/colours/fotl/fotl-zu.jpg,https://myebrochure.co.uk/images/products/prod_13001_61082_165093.jpg,https://myebrochure.co.uk/images/products.small/prod_13001_61082_165093.jpg,https://myebrochure.co.uk/images/products.hires/prod_13001_61082_165093.jpg,https://myebrochure.co.uk/images/brands/fotl_23.png,https://myebrochure.co.uk/images/products.hires/prod_61082_141888.jpg,https://myebrochure.co.uk/images/products.hires/prod_61082_141887.jpg,https://myebrochure.co.uk/images/products.hires/prod_61082_141889.jpg,,,,,,,,<li>Rib crew neck with self&#45;fabric back neck tape</li> <li>Fine knit gauge for enhanced printability</li> <li><b>Also available in ladies&#39; sizes code 61420 and children&#39;s size code 61019</b></li>,1.57
120881,0000001208542,61082,TSHIRT,T-SHIRTS,MSSTSH,MENS SHORT SLEEVE T-SHIRT,FOTL,Fruit Of The Loom,MS0021,ZU,Azure Blue,0012  ,2XL,Men's Original T,2,1,12,108,02-01-2026 8:43,C,https://myebrochure.co.uk/images/colours/fotl/fotl-zu.jpg,https://myebrochure.co.uk/images/products/prod_13001_61082_165093.jpg,https://myebrochure.co.uk/images/products.small/prod_13001_61082_165093.jpg,https://myebrochure.co.uk/images/products.hires/prod_13001_61082_165093.jpg,https://myebrochure.co.uk/images/brands/fotl_23.png,https://myebrochure.co.uk/images/products.hires/prod_61082_141888.jpg,https://myebrochure.co.uk/images/products.hires/prod_61082_141887.jpg,https://myebrochure.co.uk/images/products.hires/prod_61082_141889.jpg,,,,,,,,<li>Rib crew neck with self&#45;fabric back neck tape</li> <li>Fine knit gauge for enhanced printability</li> <li><b>Also available in ladies&#39; sizes code 61420 and children&#39;s size code 61019</b></li>,1.57
137933,0000001378405,61082,TSHIRT,T-SHIRTS,MSSTSH,MENS SHORT SLEEVE T-SHIRT,FOTL,Fruit Of The Loom,MS0021,41,Burgundy,0012  ,Small,Men's Original T,2,1,12,120,02-01-2026 8:43,C,https://myebrochure.co.uk/images/colours/fotl/fotl-41.jpg,https://myebrochure.co.uk/images/products/prod_13001_61082_165093.jpg,https://myebrochure.co.uk/images/products.small/prod_13001_61082_165093.jpg,https://myebrochure.co.uk/images/products.hires/prod_13001_61082_165093.jpg,https://myebrochure.co.uk/images/brands/fotl_23.png,https://myebrochure.co.uk/images/products.hires/prod_61082_141846.jpg,https://myebrochure.co.uk/images/products.hires/prod_61082_141845.jpg,https://myebrochure.co.uk/images/products.hires/prod_61082_141847.jpg,,,,,,,,<li>Rib crew neck with self&#45;fabric back neck tape</li> <li>Fine knit gauge for enhanced printability</li> <li><b>Also available in ladies&#39; sizes code 61420 and children&#39;s size code 61019</b></li>,1.57
137934,0000001378412,61082,TSHIRT,T-SHIRTS,MSSTSH,MENS SHORT SLEEVE T-SHIRT,FOTL,Fruit Of The Loom,MS0021,41,Burgundy,0012  ,Medium,Men's Original T,2,1,12,120,02-01-2026 8:43,C,https://myebrochure.co.uk/images/colours/fotl/fotl-41.jpg,https://myebrochure.co.uk/images/products/prod_13001_61082_165093.jpg,https://myebrochure.co.uk/images/products.small/prod_13001_61082_165093.jpg,https://myebrochure.co.uk/images/products.hires/prod_13001_61082_165093.jpg,https://myebrochure.co.uk/images/brands/fotl_23.png,https://myebrochure.co.uk/images/products.hires/prod_61082_141846.jpg,https://myebrochure.co.uk/images/products.hires/prod_61082_141845.jpg,https://myebrochure.co.uk/images/products.hires/prod_61082_141847.jpg,,,,,,,,<li>Rib crew neck with self&#45;fabric back neck tape</li> <li>Fine knit gauge for enhanced printability</li> <li><b>Also available in ladies&#39; sizes code 61420 and children&#39;s size code 61019</b></li>,1.57
137935,0000001378429,61082,TSHIRT,T-SHIRTS,MSSTSH,MENS SHORT SLEEVE T-SHIRT,FOTL,Fruit Of The Loom,MS0021,41,Burgundy,0012  ,Large,Men's Original T,2,1,12,120,02-01-2026 8:43,C,https://myebrochure.co.uk/images/colours/fotl/fotl-41.jpg,https://myebrochure.co.uk/images/products/prod_13001_61082_165093.jpg,https://myebrochure.co.uk/images/products.small/prod_13001_61082_165093.jpg,https://myebrochure.co.uk/images/products.hires/prod_13001_61082_165093.jpg,https://myebrochure.co.uk/images/brands/fotl_23.png,https://myebrochure.co.uk/images/products.hires/prod_61082_141846.jpg,https://myebrochure.co.uk/images/products.hires/prod_61082_141845.jpg,https://myebrochure.co.uk/images/products.hires/prod_61082_141847.jpg,,,,,,,,<li>Rib crew neck with self&#45;fabric back neck tape</li> <li>Fine knit gauge for enhanced printability</li> <li><b>Also available in ladies&#39; sizes code 61420 and children&#39;s size code 61019</b></li>,1.57
137936,0000001378436,61082,TSHIRT,T-SHIRTS,MSSTSH,MENS SHORT SLEEVE T-SHIRT,FOTL,Fruit Of The Loom,MS0021,41,Burgundy,0012  ,XL,Men's Original T,2,1,12,120,02-01-2026 8:43,C,https://myebrochure.co.uk/images/colours/fotl/fotl-41.jpg,https://myebrochure.co.uk/images/products/prod_13001_61082_165093.jpg,https://myebrochure.co.uk/images/products.small/prod_13001_61082_165093.jpg,https://myebrochure.co.uk/images/products.hires/prod_13001_61082_165093.jpg,https://myebrochure.co.uk/images/brands/fotl_23.png,https://myebrochure.co.uk/images/products.hires/prod_61082_141846.jpg,https://myebrochure.co.uk/images/products.hires/prod_61082_141845.jpg,https://myebrochure.co.uk/images/products.hires/prod_61082_141847.jpg,,,,,,,,<li>Rib crew neck with self&#45;fabric back neck tape</li> <li>Fine knit gauge for enhanced printability</li> <li><b>Also available in ladies&#39; sizes code 61420 and children&#39;s size code 61019</b></li>,1.57
137937,0000001378443,61082,TSHIRT,T-SHIRTS,MSSTSH,MENS SHORT SLEEVE T-SHIRT,FOTL,Fruit Of The Loom,MS0021,41,Burgundy,0012  ,2XL,Men's Original T,2,1,12,108,02-01-2026 8:43,C,https://myebrochure.co.uk/images/colours/fotl/fotl-41.jpg,https://myebrochure.co.uk/images/products/prod_13001_61082_165093.jpg,https://myebrochure.co.uk/images/products.small/prod_13001_61082_165093.jpg,https://myebrochure.co.uk/images/products.hires/prod_13001_61082_165093.jpg,https://myebrochure.co.uk/images/brands/fotl_23.png,https://myebrochure.co.uk/images/products.hires/prod_61082_141846.jpg,https://myebrochure.co.uk/images/products.hires/prod_61082_141845.jpg,https://myebrochure.co.uk/images/products.hires/prod_61082_141847.jpg,,,,,,,,<li>Rib crew neck with self&#45;fabric back neck tape</li> <li>Fine knit gauge for enhanced printability</li> <li><b>Also available in ladies&#39; sizes code 61420 and children&#39;s size code 61019</b></li>,1.57
137938,0000001378450,61082,TSHIRT,T-SHIRTS,MSSTSH,MENS SHORT SLEEVE T-SHIRT,FOTL,Fruit Of The Loom,MS0021,K2,Yellow,0012  ,Small,Men's Original T,2,1,12,120,02-01-2026 8:43,C,https://myebrochure.co.uk/images/colours/fotl/fotl-k2.jpg,https://myebrochure.co.uk/images/products/prod_13001_61082_165093.jpg,https://myebrochure.co.uk/images/products.small/prod_13001_61082_165093.jpg,https://myebrochure.co.uk/images/products.hires/prod_13001_61082_165093.jpg,https://myebrochure.co.uk/images/brands/fotl_23.png,https://myebrochure.co.uk/images/products.hires/prod_61082_141876.jpg,https://myebrochure.co.uk/images/products.hires/prod_61082_141875.jpg,https://myebrochure.co.uk/images/products.hires/prod_61082_141877.jpg,,,,,,,,<li>Rib crew neck with self&#45;fabric back neck tape</li> <li>Fine knit gauge for enhanced printability</li> <li><b>Also available in ladies&#39; sizes code 61420 and children&#39;s size code 61019</b></li>,1.57
137939,0000001378467,61082,TSHIRT,T-SHIRTS,MSSTSH,MENS SHORT SLEEVE T-SHIRT,FOTL,Fruit Of The Loom,MS0021,K2,Yellow,0012  ,Medium,Men's Original T,2,1,12,120,02-01-2026 8:43,C,https://myebrochure.co.uk/images/colours/fotl/fotl-k2.jpg,https://myebrochure.co.uk/images/products/prod_13001_61082_165093.jpg,https://myebrochure.co.uk/images/products.small/prod_13001_61082_165093.jpg,https://myebrochure.co.uk/images/products.hires/prod_13001_61082_165093.jpg,https://myebrochure.co.uk/images/brands/fotl_23.png,https://myebrochure.co.uk/images/products.hires/prod_61082_141876.jpg,https://myebrochure.co.uk/images/products.hires/prod_61082_141875.jpg,https://myebrochure.co.uk/images/products.hires/prod_61082_141877.jpg,,,,,,,,<li>Rib crew neck with self&#45;fabric back neck tape</li> <li>Fine knit gauge for enhanced printability</li> <li><b>Also available in ladies&#39; sizes code 61420 and children&#39;s size code 61019</b></li>,1.57
137940,0000001378474,61082,TSHIRT,T-SHIRTS,MSSTSH,MENS SHORT SLEEVE T-SHIRT,FOTL,Fruit Of The Loom,MS0021,K2,Yellow,0012  ,Large,Men's Original T,2,1,12,120,02-01-2026 8:43,C,https://myebrochure.co.uk/images/colours/fotl/fotl-k2.jpg,https://myebrochure.co.uk/images/products/prod_13001_61082_165093.jpg,https://myebrochure.co.uk/images/products.small/prod_13001_61082_165093.jpg,https://myebrochure.co.uk/images/products.hires/prod_13001_61082_165093.jpg,https://myebrochure.co.uk/images/brands/fotl_23.png,https://myebrochure.co.uk/images/products.hires/prod_61082_141876.jpg,https://myebrochure.co.uk/images/products.hires/prod_61082_141875.jpg,https://myebrochure.co.uk/images/products.hires/prod_61082_141877.jpg,,,,,,,,<li>Rib crew neck with self&#45;fabric back neck tape</li> <li>Fine knit gauge for enhanced printability</li> <li><b>Also available in ladies&#39; sizes code 61420 and children&#39;s size code 61019</b></li>,1.57
137941,0000001378481,61082,TSHIRT,T-SHIRTS,MSSTSH,MENS SHORT SLEEVE T-SHIRT,FOTL,Fruit Of The Loom,MS0021,K2,Yellow,0012  ,XL,Men's Original T,2,1,12,120,02-01-2026 8:43,C,https://myebrochure.co.uk/images/colours/fotl/fotl-k2.jpg,https://myebrochure.co.uk/images/products/prod_13001_61082_165093.jpg,https://myebrochure.co.uk/images/products.small/prod_13001_61082_165093.jpg,https://myebrochure.co.uk/images/products.hires/prod_13001_61082_165093.jpg,https://myebrochure.co.uk/images/brands/fotl_23.png,https://myebrochure.co.uk/images/products.hires/prod_61082_141876.jpg,https://myebrochure.co.uk/images/products.hires/prod_61082_141875.jpg,https://myebrochure.co.uk/images/products.hires/prod_61082_141877.jpg,,,,,,,,<li>Rib crew neck with self&#45;fabric back neck tape</li> <li>Fine knit gauge for enhanced printability</li> <li><b>Also available in ladies&#39; sizes code 61420 and children&#39;s size code 61019</b></li>,1.57
137942,0000001378498,61082,TSHIRT,T-SHIRTS,MSSTSH,MENS SHORT SLEEVE T-SHIRT,FOTL,Fruit Of The Loom,MS0021,K2,Yellow,0012  ,2XL,Men's Original T,2,1,12,108,02-01-2026 8:43,C,https://myebrochure.co.uk/images/colours/fotl/fotl-k2.jpg,https://myebrochure.co.uk/images/products/prod_13001_61082_165093.jpg,https://myebrochure.co.uk/images/products.small/prod_13001_61082_165093.jpg,https://myebrochure.co.uk/images/products.hires/prod_13001_61082_165093.jpg,https://myebrochure.co.uk/images/brands/fotl_23.png,https://myebrochure.co.uk/images/products.hires/prod_61082_141876.jpg,https://myebrochure.co.uk/images/products.hires/prod_61082_141875.jpg,https://myebrochure.co.uk/images/products.hires/prod_61082_141877.jpg,,,,,,,,<li>Rib crew neck with self&#45;fabric back neck tape</li> <li>Fine knit gauge for enhanced printability</li> <li><b>Also available in ladies&#39; sizes code 61420 and children&#39;s size code 61019</b></li>,1.57
158383,0000001582888,61082,TSHIRT,T-SHIRTS,MSSTSH,MENS SHORT SLEEVE T-SHIRT,FOTL,Fruit Of The Loom,MS0021,30,White,0012  ,3XL,Men's Original T,2.1,1,12,36,02-01-2026 8:43,C,https://myebrochure.co.uk/images/colours/fotl/fotl-30.jpg,https://myebrochure.co.uk/images/products/prod_13001_61082_165093.jpg,https://myebrochure.co.uk/images/products.small/prod_13001_61082_165093.jpg,https://myebrochure.co.uk/images/products.hires/prod_13001_61082_165093.jpg,https://myebrochure.co.uk/images/brands/fotl_23.png,https://myebrochure.co.uk/images/products.hires/prod_61082_141828.jpg,https://myebrochure.co.uk/images/products.hires/prod_61082_141827.jpg,https://myebrochure.co.uk/images/products.hires/prod_61082_141829.jpg,,,,,,,,<li>Rib crew neck with self&#45;fabric back neck tape</li> <li>Fine knit gauge for enhanced printability</li> <li><b>Also available in ladies&#39; sizes code 61420 and children&#39;s size code 61019</b></li>,1.65
158384,0000001582895,61082,TSHIRT,T-SHIRTS,MSSTSH,MENS SHORT SLEEVE T-SHIRT,FOTL,Fruit Of The Loom,MS0021,32,Navy Blue,0012  ,3XL,Men's Original T,2.79,1,12,36,02-01-2026 8:43,C,https://myebrochure.co.uk/images/colours/fotl/fotl-32.jpg,https://myebrochure.co.uk/images/products/prod_13001_61082_165093.jpg,https://myebrochure.co.uk/images/products.small/prod_13001_61082_165093.jpg,https://myebrochure.co.uk/images/products.hires/prod_13001_61082_165093.jpg,https://myebrochure.co.uk/images/brands/fotl_23.png,https://myebrochure.co.uk/images/products.hires/prod_61082_141831.jpg,https://myebrochure.co.uk/images/products.hires/prod_61082_141830.jpg,https://myebrochure.co.uk/images/products.hires/prod_61082_141832.jpg,,,,,,,,<li>Rib crew neck with self&#45;fabric back neck tape</li> <li>Fine knit gauge for enhanced printability</li> <li><b>Also available in ladies&#39; sizes code 61420 and children&#39;s size code 61019</b></li>,2.19
158385,0000001582901,61082,TSHIRT,T-SHIRTS,MSSTSH,MENS SHORT SLEEVE T-SHIRT,FOTL,Fruit Of The Loom,MS0021,36,Black,0012  ,3XL,Men's Original T,2.79,1,12,36,02-01-2026 8:43,C,https://myebrochure.co.uk/images/colours/fotl/fotl-36.jpg,https://myebrochure.co.uk/images/products/prod_13001_61082_165093.jpg,https://myebrochure.co.uk/images/products.small/prod_13001_61082_165093.jpg,https://myebrochure.co.uk/images/products.hires/prod_13001_61082_165093.jpg,https://myebrochure.co.uk/images/brands/fotl_23.png,https://myebrochure.co.uk/images/products.hires/prod_61082_141837.jpg,https://myebrochure.co.uk/images/products.hires/prod_61082_141836.jpg,https://myebrochure.co.uk/images/products.hires/prod_61082_141838.jpg,,,,,,,,<li>Rib crew neck with self&#45;fabric back neck tape</li> <li>Fine knit gauge for enhanced printability</li> <li><b>Also available in ladies&#39; sizes code 61420 and children&#39;s size code 61019</b></li>,2.19
158386,0000001582918,61082,TSHIRT,T-SHIRTS,MSSTSH,MENS SHORT SLEEVE T-SHIRT,FOTL,Fruit Of The Loom,MS0021,40,Red,0012  ,3XL,Men's Original T,2.79,1,12,36,02-01-2026 8:43,C,https://myebrochure.co.uk/images/colours/fotl/fotl-40.jpg,https://myebrochure.co.uk/images/products/prod_13001_61082_165093.jpg,https://myebrochure.co.uk/images/products.small/prod_13001_61082_165093.jpg,https://myebrochure.co.uk/images/products.hires/prod_13001_61082_165093.jpg,https://myebrochure.co.uk/images/brands/fotl_23.png,https://myebrochure.co.uk/images/products.hires/prod_61082_141843.jpg,https://myebrochure.co.uk/images/products.hires/prod_61082_141842.jpg,https://myebrochure.co.uk/images/products.hires/prod_61082_141844.jpg,,,,,,,,<li>Rib crew neck with self&#45;fabric back neck tape</li> <li>Fine knit gauge for enhanced printability</li> <li><b>Also available in ladies&#39; sizes code 61420 and children&#39;s size code 61019</b></li>,2.19
158387,0000001582925,61082,TSHIRT,T-SHIRTS,MSSTSH,MENS SHORT SLEEVE T-SHIRT,FOTL,Fruit Of The Loom,MS0021,41,Burgundy,0012  ,3XL,Men's Original T,2.79,1,12,36,02-01-2026 8:43,C,https://myebrochure.co.uk/images/colours/fotl/fotl-41.jpg,https://myebrochure.co.uk/images/products/prod_13001_61082_165093.jpg,https://myebrochure.co.uk/images/products.small/prod_13001_61082_165093.jpg,https://myebrochure.co.uk/images/products.hires/prod_13001_61082_165093.jpg,https://myebrochure.co.uk/images/brands/fotl_23.png,https://myebrochure.co.uk/images/products.hires/prod_61082_141846.jpg,https://myebrochure.co.uk/images/products.hires/prod_61082_141845.jpg,https://myebrochure.co.uk/images/products.hires/prod_61082_141847.jpg,,,,,,,,<li>Rib crew neck with self&#45;fabric back neck tape</li> <li>Fine knit gauge for enhanced printability</li> <li><b>Also available in ladies&#39; sizes code 61420 and children&#39;s size code 61019</b></li>,2.19
158388,0000001582932,61082,TSHIRT,T-SHIRTS,MSSTSH,MENS SHORT SLEEVE T-SHIRT,FOTL,Fruit Of The Loom,MS0021,44,Orange,0012  ,3XL,Men's Original T,2.79,1,12,36,02-01-2026 8:43,C,https://myebrochure.co.uk/images/colours/fotl/fotl-44.jpg,https://myebrochure.co.uk/images/products/prod_13001_61082_165093.jpg,https://myebrochure.co.uk/images/products.small/prod_13001_61082_165093.jpg,https://myebrochure.co.uk/images/products.hires/prod_13001_61082_165093.jpg,https://myebrochure.co.uk/images/brands/fotl_23.png,https://myebrochure.co.uk/images/products.hires/prod_61082_141849.jpg,https://myebrochure.co.uk/images/products.hires/prod_61082_141848.jpg,https://myebrochure.co.uk/images/products.hires/prod_61082_141850.jpg,,,,,,,,<li>Rib crew neck with self&#45;fabric back neck tape</li> <li>Fine knit gauge for enhanced printability</li> <li><b>Also available in ladies&#39; sizes code 61420 and children&#39;s size code 61019</b></li>,2.19
158389,0000001582949,61082,TSHIRT,T-SHIRTS,MSSTSH,MENS SHORT SLEEVE T-SHIRT,FOTL,Fruit Of The Loom,MS0021,47,Kelly Green,0012  ,3XL,Men's Original T,2.79,1,12,36,02-01-2026 8:43,C,https://myebrochure.co.uk/images/colours/fotl/fotl-47.jpg,https://myebrochure.co.uk/images/products/prod_13001_61082_165093.jpg,https://myebrochure.co.uk/images/products.small/prod_13001_61082_165093.jpg,https://myebrochure.co.uk/images/products.hires/prod_13001_61082_165093.jpg,https://myebrochure.co.uk/images/brands/fotl_23.png,https://myebrochure.co.uk/images/products.hires/prod_61082_141852.jpg,https://myebrochure.co.uk/images/products.hires/prod_61082_141851.jpg,https://myebrochure.co.uk/images/products.hires/prod_61082_141853.jpg,,,,,,,,<li>Rib crew neck with self&#45;fabric back neck tape</li> <li>Fine knit gauge for enhanced printability</li> <li><b>Also available in ladies&#39; sizes code 61420 and children&#39;s size code 61019</b></li>,2.19
158390,0000001582956,61082,TSHIRT,T-SHIRTS,MSSTSH,MENS SHORT SLEEVE T-SHIRT,FOTL,Fruit Of The Loom,MS0021,51,Royal,0012  ,3XL,Men's Original T,2.79,1,12,36,02-01-2026 8:43,C,https://myebrochure.co.uk/images/colours/fotl/fotl-51.jpg,https://myebrochure.co.uk/images/products/prod_13001_61082_165093.jpg,https://myebrochure.co.uk/images/products.small/prod_13001_61082_165093.jpg,https://myebrochure.co.uk/images/products.hires/prod_13001_61082_165093.jpg,https://myebrochure.co.uk/images/brands/fotl_23.png,https://myebrochure.co.uk/images/products.hires/prod_61082_141855.jpg,https://myebrochure.co.uk/images/products.hires/prod_61082_141854.jpg,https://myebrochure.co.uk/images/products.hires/prod_61082_141856.jpg,,,,,,,,<li>Rib crew neck with self&#45;fabric back neck tape</li> <li>Fine knit gauge for enhanced printability</li> <li><b>Also available in ladies&#39; sizes code 61420 and children&#39;s size code 61019</b></li>,2.19
158391,0000001582963,61082,TSHIRT,T-SHIRTS,MSSTSH,MENS SHORT SLEEVE T-SHIRT,FOTL,Fruit Of The Loom,MS0021,57,Fuchsia,0012  ,3XL,Men's Original T,2.79,1,12,36,02-01-2026 8:43,C,https://myebrochure.co.uk/images/colours/fotl/fotl-57.jpg,https://myebrochure.co.uk/images/products/prod_13001_61082_165093.jpg,https://myebrochure.co.uk/images/products.small/prod_13001_61082_165093.jpg,https://myebrochure.co.uk/images/products.hires/prod_13001_61082_165093.jpg,https://myebrochure.co.uk/images/brands/fotl_23.png,https://myebrochure.co.uk/images/products.hires/prod_61082_141858.jpg,https://myebrochure.co.uk/images/products.hires/prod_61082_141857.jpg,https://myebrochure.co.uk/images/products.hires/prod_61082_141859.jpg,,,,,,,,<li>Rib crew neck with self&#45;fabric back neck tape</li> <li>Fine knit gauge for enhanced printability</li> <li><b>Also available in ladies&#39; sizes code 61420 and children&#39;s size code 61019</b></li>,2.19
158392,0000001582970,61082,TSHIRT,T-SHIRTS,MSSTSH,MENS SHORT SLEEVE T-SHIRT,FOTL,Fruit Of The Loom,MS0021,59,Classic Olive,0012  ,3XL,Men's Original T,2.79,1,12,36,02-01-2026 8:43,C,https://myebrochure.co.uk/images/colours/fotl/fotl-59.jpg,https://myebrochure.co.uk/images/products/prod_13001_61082_165093.jpg,https://myebrochure.co.uk/images/products.small/prod_13001_61082_165093.jpg,https://myebrochure.co.uk/images/products.hires/prod_13001_61082_165093.jpg,https://myebrochure.co.uk/images/brands/fotl_23.png,https://myebrochure.co.uk/images/products.hires/prod_61082_141861.jpg,https://myebrochure.co.uk/images/products.hires/prod_61082_141860.jpg,https://myebrochure.co.uk/images/products.hires/prod_61082_141862.jpg,,,,,,,,<li>Rib crew neck with self&#45;fabric back neck tape</li> <li>Fine knit gauge for enhanced printability</li> <li><b>Also available in ladies&#39; sizes code 61420 and children&#39;s size code 61019</b></li>,2.19
158393,0000001582987,61082,TSHIRT,T-SHIRTS,MSSTSH,MENS SHORT SLEEVE T-SHIRT,FOTL,Fruit Of The Loom,MS0021,94,Heather Grey,0012  ,3XL,Men's Original T,2.79,1,12,36,02-01-2026 8:43,C,https://myebrochure.co.uk/images/colours/fotl/fotl-94.jpg,https://myebrochure.co.uk/images/products/prod_13001_61082_165093.jpg,https://myebrochure.co.uk/images/products.small/prod_13001_61082_165093.jpg,https://myebrochure.co.uk/images/products.hires/prod_13001_61082_165093.jpg,https://myebrochure.co.uk/images/brands/fotl_23.png,https://myebrochure.co.uk/images/products.hires/prod_61082_141864.jpg,https://myebrochure.co.uk/images/products.hires/prod_61082_141863.jpg,https://myebrochure.co.uk/images/products.hires/prod_61082_141865.jpg,,,,,,,,<li>Rib crew neck with self&#45;fabric back neck tape</li> <li>Fine knit gauge for enhanced printability</li> <li><b>Also available in ladies&#39; sizes code 61420 and children&#39;s size code 61019</b></li>,2.19
158394,0000001582994,61082,TSHIRT,T-SHIRTS,MSSTSH,MENS SHORT SLEEVE T-SHIRT,FOTL,Fruit Of The Loom,MS0021,AZ,Deep Navy,0012  ,3XL,Men's Original T,2.79,1,12,36,02-01-2026 8:43,C,https://myebrochure.co.uk/images/colours/fotl/fotl-az.jpg,https://myebrochure.co.uk/images/products/prod_13001_61082_165093.jpg,https://myebrochure.co.uk/images/products.small/prod_13001_61082_165093.jpg,https://myebrochure.co.uk/images/products.hires/prod_13001_61082_165093.jpg,https://myebrochure.co.uk/images/brands/fotl_23.png,https://myebrochure.co.uk/images/products.hires/prod_61082_141867.jpg,https://myebrochure.co.uk/images/products.hires/prod_61082_141866.jpg,https://myebrochure.co.uk/images/products.hires/prod_61082_141868.jpg,,,,,,,,<li>Rib crew neck with self&#45;fabric back neck tape</li> <li>Fine knit gauge for enhanced printability</li> <li><b>Also available in ladies&#39; sizes code 61420 and children&#39;s size code 61019</b></li>,2.19
158395,0000001583007,61082,TSHIRT,T-SHIRTS,MSSTSH,MENS SHORT SLEEVE T-SHIRT,FOTL,Fruit Of The Loom,MS0021,BOT,Bottle Green,0012  ,3XL,Men's Original T,2.79,1,12,36,02-01-2026 8:43,C,https://myebrochure.co.uk/images/colours/fotl/fotl-bot.jpg,https://myebrochure.co.uk/images/products/prod_13001_61082_165093.jpg,https://myebrochure.co.uk/images/products.small/prod_13001_61082_165093.jpg,https://myebrochure.co.uk/images/products.hires/prod_13001_61082_165093.jpg,https://myebrochure.co.uk/images/brands/fotl_23.png,https://myebrochure.co.uk/images/products.hires/prod_61082_141840.jpg,https://myebrochure.co.uk/images/products.hires/prod_61082_141839.jpg,https://myebrochure.co.uk/images/products.hires/prod_61082_141841.jpg,,,,,,,,<li>Rib crew neck with self&#45;fabric back neck tape</li> <li>Fine knit gauge for enhanced printability</li> <li><b>Also available in ladies&#39; sizes code 61420 and children&#39;s size code 61019</b></li>,2.19
158396,0000001583014,61082,TSHIRT,T-SHIRTS,MSSTSH,MENS SHORT SLEEVE T-SHIRT,FOTL,Fruit Of The Loom,MS0021,BX,Brick Red,0012  ,3XL,Men's Original T,2.79,1,12,36,02-01-2026 8:43,C,https://myebrochure.co.uk/images/colours/fotl/fotl-bx.jpg,https://myebrochure.co.uk/images/products/prod_13001_61082_165093.jpg,https://myebrochure.co.uk/images/products.small/prod_13001_61082_165093.jpg,https://myebrochure.co.uk/images/products.hires/prod_13001_61082_165093.jpg,https://myebrochure.co.uk/images/brands/fotl_23.png,https://myebrochure.co.uk/images/products.hires/prod_61082_141870.jpg,https://myebrochure.co.uk/images/products.hires/prod_61082_141869.jpg,https://myebrochure.co.uk/images/products.hires/prod_61082_141871.jpg,,,,,,,,<li>Rib crew neck with self&#45;fabric back neck tape</li> <li>Fine knit gauge for enhanced printability</li> <li><b>Also available in ladies&#39; sizes code 61420 and children&#39;s size code 61019</b></li>,2.19
158397,0000001583021,61082,TSHIRT,T-SHIRTS,MSSTSH,MENS SHORT SLEEVE T-SHIRT,FOTL,Fruit Of The Loom,MS0021,GL,Light Graphite,0012  ,3XL,Men's Original T,2.79,1,12,36,02-01-2026 8:43,C,https://myebrochure.co.uk/images/colours/fotl/fotl-gl.jpg,https://myebrochure.co.uk/images/products/prod_13001_61082_165093.jpg,https://myebrochure.co.uk/images/products.small/prod_13001_61082_165093.jpg,https://myebrochure.co.uk/images/products.hires/prod_13001_61082_165093.jpg,https://myebrochure.co.uk/images/brands/fotl_23.png,https://myebrochure.co.uk/images/products.hires/prod_61082_141873.jpg,https://myebrochure.co.uk/images/products.hires/prod_61082_141872.jpg,https://myebrochure.co.uk/images/products.hires/prod_61082_141874.jpg,,,,,,,,<li>Rib crew neck with self&#45;fabric back neck tape</li> <li>Fine knit gauge for enhanced printability</li> <li><b>Also available in ladies&#39; sizes code 61420 and children&#39;s size code 61019</b></li>,2.19
158398,0000001583038,61082,TSHIRT,T-SHIRTS,MSSTSH,MENS SHORT SLEEVE T-SHIRT,FOTL,Fruit Of The Loom,MS0021,K2,Yellow,0012  ,3XL,Men's Original T,2.79,1,12,36,02-01-2026 8:43,C,https://myebrochure.co.uk/images/colours/fotl/fotl-k2.jpg,https://myebrochure.co.uk/images/products/prod_13001_61082_165093.jpg,https://myebrochure.co.uk/images/products.small/prod_13001_61082_165093.jpg,https://myebrochure.co.uk/images/products.hires/prod_13001_61082_165093.jpg,https://myebrochure.co.uk/images/brands/fotl_23.png,https://myebrochure.co.uk/images/products.hires/prod_61082_141876.jpg,https://myebrochure.co.uk/images/products.hires/prod_61082_141875.jpg,https://myebrochure.co.uk/images/products.hires/prod_61082_141877.jpg,,,,,,,,<li>Rib crew neck with self&#45;fabric back neck tape</li> <li>Fine knit gauge for enhanced printability</li> <li><b>Also available in ladies&#39; sizes code 61420 and children&#39;s size code 61019</b></li>,2.19
158399,0000001583045,61082,TSHIRT,T-SHIRTS,MSSTSH,MENS SHORT SLEEVE T-SHIRT,FOTL,Fruit Of The Loom,MS0021,LM,Lime,0012  ,3XL,Men's Original T,2.79,1,12,36,02-01-2026 8:43,C,https://myebrochure.co.uk/images/colours/fotl/fotl-lm.jpg,https://myebrochure.co.uk/images/products/prod_13001_61082_165093.jpg,https://myebrochure.co.uk/images/products.small/prod_13001_61082_165093.jpg,https://myebrochure.co.uk/images/products.hires/prod_13001_61082_165093.jpg,https://myebrochure.co.uk/images/brands/fotl_23.png,https://myebrochure.co.uk/images/products.hires/prod_61082_141879.jpg,https://myebrochure.co.uk/images/products.hires/prod_61082_141878.jpg,https://myebrochure.co.uk/images/products.hires/prod_61082_141880.jpg,,,,,,,,<li>Rib crew neck with self&#45;fabric back neck tape</li> <li>Fine knit gauge for enhanced printability</li> <li><b>Also available in ladies&#39; sizes code 61420 and children&#39;s size code 61019</b></li>,2.19
158400,0000001583052,61082,TSHIRT,T-SHIRTS,MSSTSH,MENS SHORT SLEEVE T-SHIRT,FOTL,Fruit Of The Loom,MS0021,PE,Purple,0012  ,3XL,Men's Original T,2.79,1,12,36,02-01-2026 8:43,C,https://myebrochure.co.uk/images/colours/fotl/fotl-pe.jpg,https://myebrochure.co.uk/images/products/prod_13001_61082_165093.jpg,https://myebrochure.co.uk/images/products.small/prod_13001_61082_165093.jpg,https://myebrochure.co.uk/images/products.hires/prod_13001_61082_165093.jpg,https://myebrochure.co.uk/images/brands/fotl_23.png,https://myebrochure.co.uk/images/products.hires/prod_61082_141882.jpg,https://myebrochure.co.uk/images/products.hires/prod_61082_141881.jpg,https://myebrochure.co.uk/images/products.hires/prod_61082_141883.jpg,,,,,,,,<li>Rib crew neck with self&#45;fabric back neck tape</li> <li>Fine knit gauge for enhanced printability</li> <li><b>Also available in ladies&#39; sizes code 61420 and children&#39;s size code 61019</b></li>,2.19
158402,0000001583076,61082,TSHIRT,T-SHIRTS,MSSTSH,MENS SHORT SLEEVE T-SHIRT,FOTL,Fruit Of The Loom,MS0021,SUN,Sunflower,0012  ,3XL,Men's Original T,2.79,1,12,36,02-01-2026 8:43,C,https://myebrochure.co.uk/images/colours/fotl/fotl-sun.jpg,https://myebrochure.co.uk/images/products/prod_13001_61082_165093.jpg,https://myebrochure.co.uk/images/products.small/prod_13001_61082_165093.jpg,https://myebrochure.co.uk/images/products.hires/prod_13001_61082_165093.jpg,https://myebrochure.co.uk/images/brands/fotl_23.png,https://myebrochure.co.uk/images/products.hires/prod_61082_141834.jpg,https://myebrochure.co.uk/images/products.hires/prod_61082_141833.jpg,https://myebrochure.co.uk/images/products.hires/prod_61082_141835.jpg,,,,,,,,<li>Rib crew neck with self&#45;fabric back neck tape</li> <li>Fine knit gauge for enhanced printability</li> <li><b>Also available in ladies&#39; sizes code 61420 and children&#39;s size code 61019</b></li>,2.19
158403,0000001583083,61082,TSHIRT,T-SHIRTS,MSSTSH,MENS SHORT SLEEVE T-SHIRT,FOTL,Fruit Of The Loom,MS0021,YT,Sky Blue,0012  ,3XL,Men's Original T,2.79,1,12,36,02-01-2026 8:43,C,https://myebrochure.co.uk/images/colours/fotl/fotl-yt.jpg,https://myebrochure.co.uk/images/products/prod_13001_61082_165093.jpg,https://myebrochure.co.uk/images/products.small/prod_13001_61082_165093.jpg,https://myebrochure.co.uk/images/products.hires/prod_13001_61082_165093.jpg,https://myebrochure.co.uk/images/brands/fotl_23.png,https://myebrochure.co.uk/images/products.hires/prod_61082_141885.jpg,https://myebrochure.co.uk/images/products.hires/prod_61082_141884.jpg,https://myebrochure.co.uk/images/products.hires/prod_61082_141886.jpg,,,,,,,,<li>Rib crew neck with self&#45;fabric back neck tape</li> <li>Fine knit gauge for enhanced printability</li> <li><b>Also available in ladies&#39; sizes code 61420 and children&#39;s size code 61019</b></li>,2.19
158404,0000001583090,61082,TSHIRT,T-SHIRTS,MSSTSH,MENS SHORT SLEEVE T-SHIRT,FOTL,Fruit Of The Loom,MS0021,ZU,Azure Blue,0012  ,3XL,Men's Original T,2.79,1,12,36,02-01-2026 8:43,C,https://myebrochure.co.uk/images/colours/fotl/fotl-zu.jpg,https://myebrochure.co.uk/images/products/prod_13001_61082_165093.jpg,https://myebrochure.co.uk/images/products.small/prod_13001_61082_165093.jpg,https://myebrochure.co.uk/images/products.hires/prod_13001_61082_165093.jpg,https://myebrochure.co.uk/images/brands/fotl_23.png,https://myebrochure.co.uk/images/products.hires/prod_61082_141888.jpg,https://myebrochure.co.uk/images/products.hires/prod_61082_141887.jpg,https://myebrochure.co.uk/images/products.hires/prod_61082_141889.jpg,,,,,,,,<li>Rib crew neck with self&#45;fabric back neck tape</li> <li>Fine knit gauge for enhanced printability</li> <li><b>Also available in ladies&#39; sizes code 61420 and children&#39;s size code 61019</b></li>,2.19
158405,0000001583106,61082,TSHIRT,T-SHIRTS,MSSTSH,MENS SHORT SLEEVE T-SHIRT,FOTL,Fruit Of The Loom,MS0021,30,White,0012  ,4XL,Men's Original T,2.1,1,12,36,02-01-2026 8:43,C,https://myebrochure.co.uk/images/colours/fotl/fotl-30.jpg,https://myebrochure.co.uk/images/products/prod_13001_61082_165093.jpg,https://myebrochure.co.uk/images/products.small/prod_13001_61082_165093.jpg,https://myebrochure.co.uk/images/products.hires/prod_13001_61082_165093.jpg,https://myebrochure.co.uk/images/brands/fotl_23.png,https://myebrochure.co.uk/images/products.hires/prod_61082_141828.jpg,https://myebrochure.co.uk/images/products.hires/prod_61082_141827.jpg,https://myebrochure.co.uk/images/products.hires/prod_61082_141829.jpg,,,,,,,,<li>Rib crew neck with self&#45;fabric back neck tape</li> <li>Fine knit gauge for enhanced printability</li> <li><b>Also available in ladies&#39; sizes code 61420 and children&#39;s size code 61019</b></li>,1.65
158406,0000001583113,61082,TSHIRT,T-SHIRTS,MSSTSH,MENS SHORT SLEEVE T-SHIRT,FOTL,Fruit Of The Loom,MS0021,30,White,0012  ,5XL,Men's Original T,2.1,1,12,36,02-01-2026 8:43,C,https://myebrochure.co.uk/images/colours/fotl/fotl-30.jpg,https://myebrochure.co.uk/images/products/prod_13001_61082_165093.jpg,https://myebrochure.co.uk/images/products.small/prod_13001_61082_165093.jpg,https://myebrochure.co.uk/images/products.hires/prod_13001_61082_165093.jpg,https://myebrochure.co.uk/images/brands/fotl_23.png,https://myebrochure.co.uk/images/products.hires/prod_61082_141828.jpg,https://myebrochure.co.uk/images/products.hires/prod_61082_141827.jpg,https://myebrochure.co.uk/images/products.hires/prod_61082_141829.jpg,,,,,,,,<li>Rib crew neck with self&#45;fabric back neck tape</li> <li>Fine knit gauge for enhanced printability</li> <li><b>Also available in ladies&#39; sizes code 61420 and children&#39;s size code 61019</b></li>,1.65
158407,0000001583120,61082,TSHIRT,T-SHIRTS,MSSTSH,MENS SHORT SLEEVE T-SHIRT,FOTL,Fruit Of The Loom,MS0021,32,Navy Blue,0012  ,4XL,Men's Original T,2.79,1,12,36,02-01-2026 8:43,C,https://myebrochure.co.uk/images/colours/fotl/fotl-32.jpg,https://myebrochure.co.uk/images/products/prod_13001_61082_165093.jpg,https://myebrochure.co.uk/images/products.small/prod_13001_61082_165093.jpg,https://myebrochure.co.uk/images/products.hires/prod_13001_61082_165093.jpg,https://myebrochure.co.uk/images/brands/fotl_23.png,https://myebrochure.co.uk/images/products.hires/prod_61082_141831.jpg,https://myebrochure.co.uk/images/products.hires/prod_61082_141830.jpg,https://myebrochure.co.uk/images/products.hires/prod_61082_141832.jpg,,,,,,,,<li>Rib crew neck with self&#45;fabric back neck tape</li> <li>Fine knit gauge for enhanced printability</li> <li><b>Also available in ladies&#39; sizes code 61420 and children&#39;s size code 61019</b></li>,2.19
158408,0000001583137,61082,TSHIRT,T-SHIRTS,MSSTSH,MENS SHORT SLEEVE T-SHIRT,FOTL,Fruit Of The Loom,MS0021,32,Navy Blue,0012  ,5XL,Men's Original T,2.79,1,12,36,02-01-2026 8:43,C,https://myebrochure.co.uk/images/colours/fotl/fotl-32.jpg,https://myebrochure.co.uk/images/products/prod_13001_61082_165093.jpg,https://myebrochure.co.uk/images/products.small/prod_13001_61082_165093.jpg,https://myebrochure.co.uk/images/products.hires/prod_13001_61082_165093.jpg,https://myebrochure.co.uk/images/brands/fotl_23.png,https://myebrochure.co.uk/images/products.hires/prod_61082_141831.jpg,https://myebrochure.co.uk/images/products.hires/prod_61082_141830.jpg,https://myebrochure.co.uk/images/products.hires/prod_61082_141832.jpg,,,,,,,,<li>Rib crew neck with self&#45;fabric back neck tape</li> <li>Fine knit gauge for enhanced printability</li> <li><b>Also available in ladies&#39; sizes code 61420 and children&#39;s size code 61019</b></li>,2.19
158409,0000001583144,61082,TSHIRT,T-SHIRTS,MSSTSH,MENS SHORT SLEEVE T-SHIRT,FOTL,Fruit Of The Loom,MS0021,36,Black,0012  ,4XL,Men's Original T,2.79,1,12,36,02-01-2026 8:43,C,https://myebrochure.co.uk/images/colours/fotl/fotl-36.jpg,https://myebrochure.co.uk/images/products/prod_13001_61082_165093.jpg,https://myebrochure.co.uk/images/products.small/prod_13001_61082_165093.jpg,https://myebrochure.co.uk/images/products.hires/prod_13001_61082_165093.jpg,https://myebrochure.co.uk/images/brands/fotl_23.png,https://myebrochure.co.uk/images/products.hires/prod_61082_141837.jpg,https://myebrochure.co.uk/images/products.hires/prod_61082_141836.jpg,https://myebrochure.co.uk/images/products.hires/prod_61082_141838.jpg,,,,,,,,<li>Rib crew neck with self&#45;fabric back neck tape</li> <li>Fine knit gauge for enhanced printability</li> <li><b>Also available in ladies&#39; sizes code 61420 and children&#39;s size code 61019</b></li>,2.19
158410,0000001583151,61082,TSHIRT,T-SHIRTS,MSSTSH,MENS SHORT SLEEVE T-SHIRT,FOTL,Fruit Of The Loom,MS0021,36,Black,0012  ,5XL,Men's Original T,2.79,1,12,36,02-01-2026 8:43,C,https://myebrochure.co.uk/images/colours/fotl/fotl-36.jpg,https://myebrochure.co.uk/images/products/prod_13001_61082_165093.jpg,https://myebrochure.co.uk/images/products.small/prod_13001_61082_165093.jpg,https://myebrochure.co.uk/images/products.hires/prod_13001_61082_165093.jpg,https://myebrochure.co.uk/images/brands/fotl_23.png,https://myebrochure.co.uk/images/products.hires/prod_61082_141837.jpg,https://myebrochure.co.uk/images/products.hires/prod_61082_141836.jpg,https://myebrochure.co.uk/images/products.hires/prod_61082_141838.jpg,,,,,,,,<li>Rib crew neck with self&#45;fabric back neck tape</li> <li>Fine knit gauge for enhanced printability</li> <li><b>Also available in ladies&#39; sizes code 61420 and children&#39;s size code 61019</b></li>,2.19
158425,0000001583304,61082,TSHIRT,T-SHIRTS,MSSTSH,MENS SHORT SLEEVE T-SHIRT,FOTL,Fruit Of The Loom,MS0021,94,Heather Grey,0012  ,4XL,Men's Original T,2.79,1,12,36,02-01-2026 8:43,C,https://myebrochure.co.uk/images/colours/fotl/fotl-94.jpg,https://myebrochure.co.uk/images/products/prod_13001_61082_165093.jpg,https://myebrochure.co.uk/images/products.small/prod_13001_61082_165093.jpg,https://myebrochure.co.uk/images/products.hires/prod_13001_61082_165093.jpg,https://myebrochure.co.uk/images/brands/fotl_23.png,https://myebrochure.co.uk/images/products.hires/prod_61082_141864.jpg,https://myebrochure.co.uk/images/products.hires/prod_61082_141863.jpg,https://myebrochure.co.uk/images/products.hires/prod_61082_141865.jpg,,,,,,,,<li>Rib crew neck with self&#45;fabric back neck tape</li> <li>Fine knit gauge for enhanced printability</li> <li><b>Also available in ladies&#39; sizes code 61420 and children&#39;s size code 61019</b></li>,2.19
158426,0000001583311,61082,TSHIRT,T-SHIRTS,MSSTSH,MENS SHORT SLEEVE T-SHIRT,FOTL,Fruit Of The Loom,MS0021,94,Heather Grey,0012  ,5XL,Men's Original T,2.79,1,12,36,02-01-2026 8:43,C,https://myebrochure.co.uk/images/colours/fotl/fotl-94.jpg,https://myebrochure.co.uk/images/products/prod_13001_61082_165093.jpg,https://myebrochure.co.uk/images/products.small/prod_13001_61082_165093.jpg,https://myebrochure.co.uk/images/products.hires/prod_13001_61082_165093.jpg,https://myebrochure.co.uk/images/brands/fotl_23.png,https://myebrochure.co.uk/images/products.hires/prod_61082_141864.jpg,https://myebrochure.co.uk/images/products.hires/prod_61082_141863.jpg,https://myebrochure.co.uk/images/products.hires/prod_61082_141865.jpg,,,,,,,,<li>Rib crew neck with self&#45;fabric back neck tape</li> <li>Fine knit gauge for enhanced printability</li> <li><b>Also available in ladies&#39; sizes code 61420 and children&#39;s size code 61019</b></li>,2.19
171678,0000001715866,61430,TSHIRT,T-SHIRTS,MSSTSH,MENS SHORT SLEEVE T-SHIRT,FOTL,Fruit Of The Loom,ME0028,30,White,0012  ,Small,Men's Iconic 150 T,1.65,1,12,72,02-01-2026 8:47,C,https://myebrochure.co.uk/images/colours/fotl/fotl-30.jpg,https://myebrochure.co.uk/images/products/prod_11101_61430_164462.jpg,https://myebrochure.co.uk/images/products.small/prod_11101_61430_164462.jpg,https://myebrochure.co.uk/images/products.hires/prod_11101_61430_164462.jpg,https://myebrochure.co.uk/images/brands/fotl_23.png,https://myebrochure.co.uk/images/products.hires/prod_61430_131485.jpg,https://myebrochure.co.uk/images/products.hires/prod_61430_131477.jpg,https://myebrochure.co.uk/images/products.hires/prod_61430_131484.jpg,,,,,,,,"<li>100&#37; combed ringspun cotton</li> <li>Soft hand feel</li> <li>Tailored fit</li> <li>Crew neck with 1x1 rib</li> <li>Self-fabric back neck tape</li> <li>New tear away back neck label</li> <li><b>Also available in ladies sizes code 61432, kids sizes code 61023 and girl&#39;s sizes code 61025</b></li>",1.3
171679,0000001715873,61430,TSHIRT,T-SHIRTS,MSSTSH,MENS SHORT SLEEVE T-SHIRT,FOTL,Fruit Of The Loom,ME0028,30,White,0012  ,Medium,Men's Iconic 150 T,1.65,1,12,72,02-01-2026 8:47,C,https://myebrochure.co.uk/images/colours/fotl/fotl-30.jpg,https://myebrochure.co.uk/images/products/prod_11101_61430_164462.jpg,https://myebrochure.co.uk/images/products.small/prod_11101_61430_164462.jpg,https://myebrochure.co.uk/images/products.hires/prod_11101_61430_164462.jpg,https://myebrochure.co.uk/images/brands/fotl_23.png,https://myebrochure.co.uk/images/products.hires/prod_61430_131485.jpg,https://myebrochure.co.uk/images/products.hires/prod_61430_131477.jpg,https://myebrochure.co.uk/images/products.hires/prod_61430_131484.jpg,,,,,,,,"<li>100&#37; combed ringspun cotton</li> <li>Soft hand feel</li> <li>Tailored fit</li> <li>Crew neck with 1x1 rib</li> <li>Self-fabric back neck tape</li> <li>New tear away back neck label</li> <li><b>Also available in ladies sizes code 61432, kids sizes code 61023 and girl&#39;s sizes code 61025</b></li>",1.3
171680,0000001715880,61430,TSHIRT,T-SHIRTS,MSSTSH,MENS SHORT SLEEVE T-SHIRT,FOTL,Fruit Of The Loom,ME0028,30,White,0012  ,Large,Men's Iconic 150 T,1.65,1,12,72,02-01-2026 8:47,C,https://myebrochure.co.uk/images/colours/fotl/fotl-30.jpg,https://myebrochure.co.uk/images/products/prod_11101_61430_164462.jpg,https://myebrochure.co.uk/images/products.small/prod_11101_61430_164462.jpg,https://myebrochure.co.uk/images/products.hires/prod_11101_61430_164462.jpg,https://myebrochure.co.uk/images/brands/fotl_23.png,https://myebrochure.co.uk/images/products.hires/prod_61430_131485.jpg,https://myebrochure.co.uk/images/products.hires/prod_61430_131477.jpg,https://myebrochure.co.uk/images/products.hires/prod_61430_131484.jpg,,,,,,,,"<li>100&#37; combed ringspun cotton</li> <li>Soft hand feel</li> <li>Tailored fit</li> <li>Crew neck with 1x1 rib</li> <li>Self-fabric back neck tape</li> <li>New tear away back neck label</li> <li><b>Also available in ladies sizes code 61432, kids sizes code 61023 and girl&#39;s sizes code 61025</b></li>",1.3
171681,0000001715897,61430,TSHIRT,T-SHIRTS,MSSTSH,MENS SHORT SLEEVE T-SHIRT,FOTL,Fruit Of The Loom,ME0028,30,White,0012  ,XL,Men's Iconic 150 T,1.65,1,12,72,02-01-2026 8:47,C,https://myebrochure.co.uk/images/colours/fotl/fotl-30.jpg,https://myebrochure.co.uk/images/products/prod_11101_61430_164462.jpg,https://myebrochure.co.uk/images/products.small/prod_11101_61430_164462.jpg,https://myebrochure.co.uk/images/products.hires/prod_11101_61430_164462.jpg,https://myebrochure.co.uk/images/brands/fotl_23.png,https://myebrochure.co.uk/images/products.hires/prod_61430_131485.jpg,https://myebrochure.co.uk/images/products.hires/prod_61430_131477.jpg,https://myebrochure.co.uk/images/products.hires/prod_61430_131484.jpg,,,,,,,,"<li>100&#37; combed ringspun cotton</li> <li>Soft hand feel</li> <li>Tailored fit</li> <li>Crew neck with 1x1 rib</li> <li>Self-fabric back neck tape</li> <li>New tear away back neck label</li> <li><b>Also available in ladies sizes code 61432, kids sizes code 61023 and girl&#39;s sizes code 61025</b></li>",1.3
171682,0000001715903,61430,TSHIRT,T-SHIRTS,MSSTSH,MENS SHORT SLEEVE T-SHIRT,FOTL,Fruit Of The Loom,ME0028,30,White,0012  ,2XL,Men's Iconic 150 T,1.65,1,12,72,02-01-2026 8:47,C,https://myebrochure.co.uk/images/colours/fotl/fotl-30.jpg,https://myebrochure.co.uk/images/products/prod_11101_61430_164462.jpg,https://myebrochure.co.uk/images/products.small/prod_11101_61430_164462.jpg,https://myebrochure.co.uk/images/products.hires/prod_11101_61430_164462.jpg,https://myebrochure.co.uk/images/brands/fotl_23.png,https://myebrochure.co.uk/images/products.hires/prod_61430_131485.jpg,https://myebrochure.co.uk/images/products.hires/prod_61430_131477.jpg,https://myebrochure.co.uk/images/products.hires/prod_61430_131484.jpg,,,,,,,,"<li>100&#37; combed ringspun cotton</li> <li>Soft hand feel</li> <li>Tailored fit</li> <li>Crew neck with 1x1 rib</li> <li>Self-fabric back neck tape</li> <li>New tear away back neck label</li> <li><b>Also available in ladies sizes code 61432, kids sizes code 61023 and girl&#39;s sizes code 61025</b></li>",1.3
171683,0000001715910,61430,TSHIRT,T-SHIRTS,MSSTSH,MENS SHORT SLEEVE T-SHIRT,FOTL,Fruit Of The Loom,ME0028,30,White,0012  ,3XL,Men's Iconic 150 T,2.28,1,12,36,02-01-2026 8:47,C,https://myebrochure.co.uk/images/colours/fotl/fotl-30.jpg,https://myebrochure.co.uk/images/products/prod_11101_61430_164462.jpg,https://myebrochure.co.uk/images/products.small/prod_11101_61430_164462.jpg,https://myebrochure.co.uk/images/products.hires/prod_11101_61430_164462.jpg,https://myebrochure.co.uk/images/brands/fotl_23.png,https://myebrochure.co.uk/images/products.hires/prod_61430_131485.jpg,https://myebrochure.co.uk/images/products.hires/prod_61430_131477.jpg,https://myebrochure.co.uk/images/products.hires/prod_61430_131484.jpg,,,,,,,,"<li>100&#37; combed ringspun cotton</li> <li>Soft hand feel</li> <li>Tailored fit</li> <li>Crew neck with 1x1 rib</li> <li>Self-fabric back neck tape</li> <li>New tear away back neck label</li> <li><b>Also available in ladies sizes code 61432, kids sizes code 61023 and girl&#39;s sizes code 61025</b></li>",1.79
171684,0000001715927,61430,TSHIRT,T-SHIRTS,MSSTSH,MENS SHORT SLEEVE T-SHIRT,FOTL,Fruit Of The Loom,ME0028,30,White,0012  ,4XL,Men's Iconic 150 T,2.28,1,12,36,02-01-2026 8:47,C,https://myebrochure.co.uk/images/colours/fotl/fotl-30.jpg,https://myebrochure.co.uk/images/products/prod_11101_61430_164462.jpg,https://myebrochure.co.uk/images/products.small/prod_11101_61430_164462.jpg,https://myebrochure.co.uk/images/products.hires/prod_11101_61430_164462.jpg,https://myebrochure.co.uk/images/brands/fotl_23.png,https://myebrochure.co.uk/images/products.hires/prod_61430_131485.jpg,https://myebrochure.co.uk/images/products.hires/prod_61430_131477.jpg,https://myebrochure.co.uk/images/products.hires/prod_61430_131484.jpg,,,,,,,,"<li>100&#37; combed ringspun cotton</li> <li>Soft hand feel</li> <li>Tailored fit</li> <li>Crew neck with 1x1 rib</li> <li>Self-fabric back neck tape</li> <li>New tear away back neck label</li> <li><b>Also available in ladies sizes code 61432, kids sizes code 61023 and girl&#39;s sizes code 61025</b></li>",1.79
171685,0000001715934,61430,TSHIRT,T-SHIRTS,MSSTSH,MENS SHORT SLEEVE T-SHIRT,FOTL,Fruit Of The Loom,ME0028,30,White,0012  ,5XL,Men's Iconic 150 T,2.28,1,12,36,02-01-2026 8:47,C,https://myebrochure.co.uk/images/colours/fotl/fotl-30.jpg,https://myebrochure.co.uk/images/products/prod_11101_61430_164462.jpg,https://myebrochure.co.uk/images/products.small/prod_11101_61430_164462.jpg,https://myebrochure.co.uk/images/products.hires/prod_11101_61430_164462.jpg,https://myebrochure.co.uk/images/brands/fotl_23.png,https://myebrochure.co.uk/images/products.hires/prod_61430_131485.jpg,https://myebrochure.co.uk/images/products.hires/prod_61430_131477.jpg,https://myebrochure.co.uk/images/products.hires/prod_61430_131484.jpg,,,,,,,,"<li>100&#37; combed ringspun cotton</li> <li>Soft hand feel</li> <li>Tailored fit</li> <li>Crew neck with 1x1 rib</li> <li>Self-fabric back neck tape</li> <li>New tear away back neck label</li> <li><b>Also available in ladies sizes code 61432, kids sizes code 61023 and girl&#39;s sizes code 61025</b></li>",1.79
171686,0000001715941,61430,TSHIRT,T-SHIRTS,MSSTSH,MENS SHORT SLEEVE T-SHIRT,FOTL,Fruit Of The Loom,ME0028,34,Sunflower,0012  ,Small,Men's Iconic 150 T,2.09,1,12,72,02-01-2026 8:47,C,https://myebrochure.co.uk/images/colours/fotl/fotl-34.jpg,https://myebrochure.co.uk/images/products/prod_11101_61430_164462.jpg,https://myebrochure.co.uk/images/products.small/prod_11101_61430_164462.jpg,https://myebrochure.co.uk/images/products.hires/prod_11101_61430_164462.jpg,https://myebrochure.co.uk/images/brands/fotl_23.png,https://myebrochure.co.uk/images/products.hires/prod_61430_131488.jpg,https://myebrochure.co.uk/images/products.hires/prod_61430_131486.jpg,https://myebrochure.co.uk/images/products.hires/prod_61430_131487.jpg,,,,,,,,"<li>100&#37; combed ringspun cotton</li> <li>Soft hand feel</li> <li>Tailored fit</li> <li>Crew neck with 1x1 rib</li> <li>Self-fabric back neck tape</li> <li>New tear away back neck label</li> <li><b>Also available in ladies sizes code 61432, kids sizes code 61023 and girl&#39;s sizes code 61025</b></li>",1.64
171687,0000001715958,61430,TSHIRT,T-SHIRTS,MSSTSH,MENS SHORT SLEEVE T-SHIRT,FOTL,Fruit Of The Loom,ME0028,34,Sunflower,0012  ,Medium,Men's Iconic 150 T,2.09,1,12,72,02-01-2026 8:47,C,https://myebrochure.co.uk/images/colours/fotl/fotl-34.jpg,https://myebrochure.co.uk/images/products/prod_11101_61430_164462.jpg,https://myebrochure.co.uk/images/products.small/prod_11101_61430_164462.jpg,https://myebrochure.co.uk/images/products.hires/prod_11101_61430_164462.jpg,https://myebrochure.co.uk/images/brands/fotl_23.png,https://myebrochure.co.uk/images/products.hires/prod_61430_131488.jpg,https://myebrochure.co.uk/images/products.hires/prod_61430_131486.jpg,https://myebrochure.co.uk/images/products.hires/prod_61430_131487.jpg,,,,,,,,"<li>100&#37; combed ringspun cotton</li> <li>Soft hand feel</li> <li>Tailored fit</li> <li>Crew neck with 1x1 rib</li> <li>Self-fabric back neck tape</li> <li>New tear away back neck label</li> <li><b>Also available in ladies sizes code 61432, kids sizes code 61023 and girl&#39;s sizes code 61025</b></li>",1.64
171688,0000001715965,61430,TSHIRT,T-SHIRTS,MSSTSH,MENS SHORT SLEEVE T-SHIRT,FOTL,Fruit Of The Loom,ME0028,34,Sunflower,0012  ,Large,Men's Iconic 150 T,2.09,1,12,72,02-01-2026 8:47,C,https://myebrochure.co.uk/images/colours/fotl/fotl-34.jpg,https://myebrochure.co.uk/images/products/prod_11101_61430_164462.jpg,https://myebrochure.co.uk/images/products.small/prod_11101_61430_164462.jpg,https://myebrochure.co.uk/images/products.hires/prod_11101_61430_164462.jpg,https://myebrochure.co.uk/images/brands/fotl_23.png,https://myebrochure.co.uk/images/products.hires/prod_61430_131488.jpg,https://myebrochure.co.uk/images/products.hires/prod_61430_131486.jpg,https://myebrochure.co.uk/images/products.hires/prod_61430_131487.jpg,,,,,,,,"<li>100&#37; combed ringspun cotton</li> <li>Soft hand feel</li> <li>Tailored fit</li> <li>Crew neck with 1x1 rib</li> <li>Self-fabric back neck tape</li> <li>New tear away back neck label</li> <li><b>Also available in ladies sizes code 61432, kids sizes code 61023 and girl&#39;s sizes code 61025</b></li>",1.64
171689,0000001715972,61430,TSHIRT,T-SHIRTS,MSSTSH,MENS SHORT SLEEVE T-SHIRT,FOTL,Fruit Of The Loom,ME0028,34,Sunflower,0012  ,XL,Men's Iconic 150 T,2.09,1,12,72,02-01-2026 8:47,C,https://myebrochure.co.uk/images/colours/fotl/fotl-34.jpg,https://myebrochure.co.uk/images/products/prod_11101_61430_164462.jpg,https://myebrochure.co.uk/images/products.small/prod_11101_61430_164462.jpg,https://myebrochure.co.uk/images/products.hires/prod_11101_61430_164462.jpg,https://myebrochure.co.uk/images/brands/fotl_23.png,https://myebrochure.co.uk/images/products.hires/prod_61430_131488.jpg,https://myebrochure.co.uk/images/products.hires/prod_61430_131486.jpg,https://myebrochure.co.uk/images/products.hires/prod_61430_131487.jpg,,,,,,,,"<li>100&#37; combed ringspun cotton</li> <li>Soft hand feel</li> <li>Tailored fit</li> <li>Crew neck with 1x1 rib</li> <li>Self-fabric back neck tape</li> <li>New tear away back neck label</li> <li><b>Also available in ladies sizes code 61432, kids sizes code 61023 and girl&#39;s sizes code 61025</b></li>",1.64
171690,0000001715989,61430,TSHIRT,T-SHIRTS,MSSTSH,MENS SHORT SLEEVE T-SHIRT,FOTL,Fruit Of The Loom,ME0028,34,Sunflower,0012  ,2XL,Men's Iconic 150 T,2.09,1,12,72,02-01-2026 8:47,C,https://myebrochure.co.uk/images/colours/fotl/fotl-34.jpg,https://myebrochure.co.uk/images/products/prod_11101_61430_164462.jpg,https://myebrochure.co.uk/images/products.small/prod_11101_61430_164462.jpg,https://myebrochure.co.uk/images/products.hires/prod_11101_61430_164462.jpg,https://myebrochure.co.uk/images/brands/fotl_23.png,https://myebrochure.co.uk/images/products.hires/prod_61430_131488.jpg,https://myebrochure.co.uk/images/products.hires/prod_61430_131486.jpg,https://myebrochure.co.uk/images/products.hires/prod_61430_131487.jpg,,,,,,,,"<li>100&#37; combed ringspun cotton</li> <li>Soft hand feel</li> <li>Tailored fit</li> <li>Crew neck with 1x1 rib</li> <li>Self-fabric back neck tape</li> <li>New tear away back neck label</li> <li><b>Also available in ladies sizes code 61432, kids sizes code 61023 and girl&#39;s sizes code 61025</b></li>",1.64
171691,0000001715996,61430,TSHIRT,T-SHIRTS,MSSTSH,MENS SHORT SLEEVE T-SHIRT,FOTL,Fruit Of The Loom,ME0028,34,Sunflower,0012  ,3XL,Men's Iconic 150 T,2.85,1,12,36,02-01-2026 8:47,C,https://myebrochure.co.uk/images/colours/fotl/fotl-34.jpg,https://myebrochure.co.uk/images/products/prod_11101_61430_164462.jpg,https://myebrochure.co.uk/images/products.small/prod_11101_61430_164462.jpg,https://myebrochure.co.uk/images/products.hires/prod_11101_61430_164462.jpg,https://myebrochure.co.uk/images/brands/fotl_23.png,https://myebrochure.co.uk/images/products.hires/prod_61430_131488.jpg,https://myebrochure.co.uk/images/products.hires/prod_61430_131486.jpg,https://myebrochure.co.uk/images/products.hires/prod_61430_131487.jpg,,,,,,,,"<li>100&#37; combed ringspun cotton</li> <li>Soft hand feel</li> <li>Tailored fit</li> <li>Crew neck with 1x1 rib</li> <li>Self-fabric back neck tape</li> <li>New tear away back neck label</li> <li><b>Also available in ladies sizes code 61432, kids sizes code 61023 and girl&#39;s sizes code 61025</b></li>",2.24
171694,0000001716023,61430,TSHIRT,T-SHIRTS,MSSTSH,MENS SHORT SLEEVE T-SHIRT,FOTL,Fruit Of The Loom,ME0028,36,Black,0012  ,Small,Men's Iconic 150 T,2.09,1,12,72,02-01-2026 8:47,C,https://myebrochure.co.uk/images/colours/fotl/fotl-36.jpg,https://myebrochure.co.uk/images/products/prod_11101_61430_164462.jpg,https://myebrochure.co.uk/images/products.small/prod_11101_61430_164462.jpg,https://myebrochure.co.uk/images/products.hires/prod_11101_61430_164462.jpg,https://myebrochure.co.uk/images/brands/fotl_23.png,https://myebrochure.co.uk/images/products.hires/prod_61430_131491.jpg,https://myebrochure.co.uk/images/products.hires/prod_61430_131489.jpg,https://myebrochure.co.uk/images/products.hires/prod_61430_131490.jpg,,,,,,,,"<li>100&#37; combed ringspun cotton</li> <li>Soft hand feel</li> <li>Tailored fit</li> <li>Crew neck with 1x1 rib</li> <li>Self-fabric back neck tape</li> <li>New tear away back neck label</li> <li><b>Also available in ladies sizes code 61432, kids sizes code 61023 and girl&#39;s sizes code 61025</b></li>",1.64
171695,0000001716030,61430,TSHIRT,T-SHIRTS,MSSTSH,MENS SHORT SLEEVE T-SHIRT,FOTL,Fruit Of The Loom,ME0028,36,Black,0012  ,Medium,Men's Iconic 150 T,2.09,1,12,72,02-01-2026 8:47,C,https://myebrochure.co.uk/images/colours/fotl/fotl-36.jpg,https://myebrochure.co.uk/images/products/prod_11101_61430_164462.jpg,https://myebrochure.co.uk/images/products.small/prod_11101_61430_164462.jpg,https://myebrochure.co.uk/images/products.hires/prod_11101_61430_164462.jpg,https://myebrochure.co.uk/images/brands/fotl_23.png,https://myebrochure.co.uk/images/products.hires/prod_61430_131491.jpg,https://myebrochure.co.uk/images/products.hires/prod_61430_131489.jpg,https://myebrochure.co.uk/images/products.hires/prod_61430_131490.jpg,,,,,,,,"<li>100&#37; combed ringspun cotton</li> <li>Soft hand feel</li> <li>Tailored fit</li> <li>Crew neck with 1x1 rib</li> <li>Self-fabric back neck tape</li> <li>New tear away back neck label</li> <li><b>Also available in ladies sizes code 61432, kids sizes code 61023 and girl&#39;s sizes code 61025</b></li>",1.64
171696,0000001716047,61430,TSHIRT,T-SHIRTS,MSSTSH,MENS SHORT SLEEVE T-SHIRT,FOTL,Fruit Of The Loom,ME0028,36,Black,0012  ,Large,Men's Iconic 150 T,2.09,1,12,72,02-01-2026 8:47,C,https://myebrochure.co.uk/images/colours/fotl/fotl-36.jpg,https://myebrochure.co.uk/images/products/prod_11101_61430_164462.jpg,https://myebrochure.co.uk/images/products.small/prod_11101_61430_164462.jpg,https://myebrochure.co.uk/images/products.hires/prod_11101_61430_164462.jpg,https://myebrochure.co.uk/images/brands/fotl_23.png,https://myebrochure.co.uk/images/products.hires/prod_61430_131491.jpg,https://myebrochure.co.uk/images/products.hires/prod_61430_131489.jpg,https://myebrochure.co.uk/images/products.hires/prod_61430_131490.jpg,,,,,,,,"<li>100&#37; combed ringspun cotton</li> <li>Soft hand feel</li> <li>Tailored fit</li> <li>Crew neck with 1x1 rib</li> <li>Self-fabric back neck tape</li> <li>New tear away back neck label</li> <li><b>Also available in ladies sizes code 61432, kids sizes code 61023 and girl&#39;s sizes code 61025</b></li>",1.64
171697,0000001716054,61430,TSHIRT,T-SHIRTS,MSSTSH,MENS SHORT SLEEVE T-SHIRT,FOTL,Fruit Of The Loom,ME0028,36,Black,0012  ,XL,Men's Iconic 150 T,2.09,1,12,72,02-01-2026 8:47,C,https://myebrochure.co.uk/images/colours/fotl/fotl-36.jpg,https://myebrochure.co.uk/images/products/prod_11101_61430_164462.jpg,https://myebrochure.co.uk/images/products.small/prod_11101_61430_164462.jpg,https://myebrochure.co.uk/images/products.hires/prod_11101_61430_164462.jpg,https://myebrochure.co.uk/images/brands/fotl_23.png,https://myebrochure.co.uk/images/products.hires/prod_61430_131491.jpg,https://myebrochure.co.uk/images/products.hires/prod_61430_131489.jpg,https://myebrochure.co.uk/images/products.hires/prod_61430_131490.jpg,,,,,,,,"<li>100&#37; combed ringspun cotton</li> <li>Soft hand feel</li> <li>Tailored fit</li> <li>Crew neck with 1x1 rib</li> <li>Self-fabric back neck tape</li> <li>New tear away back neck label</li> <li><b>Also available in ladies sizes code 61432, kids sizes code 61023 and girl&#39;s sizes code 61025</b></li>",1.64
171698,0000001716061,61430,TSHIRT,T-SHIRTS,MSSTSH,MENS SHORT SLEEVE T-SHIRT,FOTL,Fruit Of The Loom,ME0028,36,Black,0012  ,2XL,Men's Iconic 150 T,2.09,1,12,72,02-01-2026 8:47,C,https://myebrochure.co.uk/images/colours/fotl/fotl-36.jpg,https://myebrochure.co.uk/images/products/prod_11101_61430_164462.jpg,https://myebrochure.co.uk/images/products.small/prod_11101_61430_164462.jpg,https://myebrochure.co.uk/images/products.hires/prod_11101_61430_164462.jpg,https://myebrochure.co.uk/images/brands/fotl_23.png,https://myebrochure.co.uk/images/products.hires/prod_61430_131491.jpg,https://myebrochure.co.uk/images/products.hires/prod_61430_131489.jpg,https://myebrochure.co.uk/images/products.hires/prod_61430_131490.jpg,,,,,,,,"<li>100&#37; combed ringspun cotton</li> <li>Soft hand feel</li> <li>Tailored fit</li> <li>Crew neck with 1x1 rib</li> <li>Self-fabric back neck tape</li> <li>New tear away back neck label</li> <li><b>Also available in ladies sizes code 61432, kids sizes code 61023 and girl&#39;s sizes code 61025</b></li>",1.64
171699,0000001716078,61430,TSHIRT,T-SHIRTS,MSSTSH,MENS SHORT SLEEVE T-SHIRT,FOTL,Fruit Of The Loom,ME0028,36,Black,0012  ,3XL,Men's Iconic 150 T,2.85,1,12,36,02-01-2026 8:47,C,https://myebrochure.co.uk/images/colours/fotl/fotl-36.jpg,https://myebrochure.co.uk/images/products/prod_11101_61430_164462.jpg,https://myebrochure.co.uk/images/products.small/prod_11101_61430_164462.jpg,https://myebrochure.co.uk/images/products.hires/prod_11101_61430_164462.jpg,https://myebrochure.co.uk/images/brands/fotl_23.png,https://myebrochure.co.uk/images/products.hires/prod_61430_131491.jpg,https://myebrochure.co.uk/images/products.hires/prod_61430_131489.jpg,https://myebrochure.co.uk/images/products.hires/prod_61430_131490.jpg,,,,,,,,"<li>100&#37; combed ringspun cotton</li> <li>Soft hand feel</li> <li>Tailored fit</li> <li>Crew neck with 1x1 rib</li> <li>Self-fabric back neck tape</li> <li>New tear away back neck label</li> <li><b>Also available in ladies sizes code 61432, kids sizes code 61023 and girl&#39;s sizes code 61025</b></li>",2.24
171700,0000001716085,61430,TSHIRT,T-SHIRTS,MSSTSH,MENS SHORT SLEEVE T-SHIRT,FOTL,Fruit Of The Loom,ME0028,36,Black,0012  ,4XL,Men's Iconic 150 T,2.85,1,12,36,02-01-2026 8:47,C,https://myebrochure.co.uk/images/colours/fotl/fotl-36.jpg,https://myebrochure.co.uk/images/products/prod_11101_61430_164462.jpg,https://myebrochure.co.uk/images/products.small/prod_11101_61430_164462.jpg,https://myebrochure.co.uk/images/products.hires/prod_11101_61430_164462.jpg,https://myebrochure.co.uk/images/brands/fotl_23.png,https://myebrochure.co.uk/images/products.hires/prod_61430_131491.jpg,https://myebrochure.co.uk/images/products.hires/prod_61430_131489.jpg,https://myebrochure.co.uk/images/products.hires/prod_61430_131490.jpg,,,,,,,,"<li>100&#37; combed ringspun cotton</li> <li>Soft hand feel</li> <li>Tailored fit</li> <li>Crew neck with 1x1 rib</li> <li>Self-fabric back neck tape</li> <li>New tear away back neck label</li> <li><b>Also available in ladies sizes code 61432, kids sizes code 61023 and girl&#39;s sizes code 61025</b></li>",2.24
171701,0000001716092,61430,TSHIRT,T-SHIRTS,MSSTSH,MENS SHORT SLEEVE T-SHIRT,FOTL,Fruit Of The Loom,ME0028,36,Black,0012  ,5XL,Men's Iconic 150 T,2.85,1,12,36,02-01-2026 8:47,C,https://myebrochure.co.uk/images/colours/fotl/fotl-36.jpg,https://myebrochure.co.uk/images/products/prod_11101_61430_164462.jpg,https://myebrochure.co.uk/images/products.small/prod_11101_61430_164462.jpg,https://myebrochure.co.uk/images/products.hires/prod_11101_61430_164462.jpg,https://myebrochure.co.uk/images/brands/fotl_23.png,https://myebrochure.co.uk/images/products.hires/prod_61430_131491.jpg,https://myebrochure.co.uk/images/products.hires/prod_61430_131489.jpg,https://myebrochure.co.uk/images/products.hires/prod_61430_131490.jpg,,,,,,,,"<li>100&#37; combed ringspun cotton</li> <li>Soft hand feel</li> <li>Tailored fit</li> <li>Crew neck with 1x1 rib</li> <li>Self-fabric back neck tape</li> <li>New tear away back neck label</li> <li><b>Also available in ladies sizes code 61432, kids sizes code 61023 and girl&#39;s sizes code 61025</b></li>",2.24
171702,0000001716108,61430,TSHIRT,T-SHIRTS,MSSTSH,MENS SHORT SLEEVE T-SHIRT,FOTL,Fruit Of The Loom,ME0028,40,Red,0012  ,Small,Men's Iconic 150 T,2.09,1,12,72,02-01-2026 8:47,C,https://myebrochure.co.uk/images/colours/fotl/fotl-40.jpg,https://myebrochure.co.uk/images/products/prod_11101_61430_164462.jpg,https://myebrochure.co.uk/images/products.small/prod_11101_61430_164462.jpg,https://myebrochure.co.uk/images/products.hires/prod_11101_61430_164462.jpg,https://myebrochure.co.uk/images/brands/fotl_23.png,https://myebrochure.co.uk/images/products.hires/prod_61430_131494.jpg,https://myebrochure.co.uk/images/products.hires/prod_61430_131492.jpg,https://myebrochure.co.uk/images/products.hires/prod_61430_131493.jpg,,,,,,,,"<li>100&#37; combed ringspun cotton</li> <li>Soft hand feel</li> <li>Tailored fit</li> <li>Crew neck with 1x1 rib</li> <li>Self-fabric back neck tape</li> <li>New tear away back neck label</li> <li><b>Also available in ladies sizes code 61432, kids sizes code 61023 and girl&#39;s sizes code 61025</b></li>",1.64
171703,0000001716115,61430,TSHIRT,T-SHIRTS,MSSTSH,MENS SHORT SLEEVE T-SHIRT,FOTL,Fruit Of The Loom,ME0028,40,Red,0012  ,Medium,Men's Iconic 150 T,2.09,1,12,72,02-01-2026 8:47,C,https://myebrochure.co.uk/images/colours/fotl/fotl-40.jpg,https://myebrochure.co.uk/images/products/prod_11101_61430_164462.jpg,https://myebrochure.co.uk/images/products.small/prod_11101_61430_164462.jpg,https://myebrochure.co.uk/images/products.hires/prod_11101_61430_164462.jpg,https://myebrochure.co.uk/images/brands/fotl_23.png,https://myebrochure.co.uk/images/products.hires/prod_61430_131494.jpg,https://myebrochure.co.uk/images/products.hires/prod_61430_131492.jpg,https://myebrochure.co.uk/images/products.hires/prod_61430_131493.jpg,,,,,,,,"<li>100&#37; combed ringspun cotton</li> <li>Soft hand feel</li> <li>Tailored fit</li> <li>Crew neck with 1x1 rib</li> <li>Self-fabric back neck tape</li> <li>New tear away back neck label</li> <li><b>Also available in ladies sizes code 61432, kids sizes code 61023 and girl&#39;s sizes code 61025</b></li>",1.64
171704,0000001716122,61430,TSHIRT,T-SHIRTS,MSSTSH,MENS SHORT SLEEVE T-SHIRT,FOTL,Fruit Of The Loom,ME0028,40,Red,0012  ,Large,Men's Iconic 150 T,2.09,1,12,72,02-01-2026 8:47,C,https://myebrochure.co.uk/images/colours/fotl/fotl-40.jpg,https://myebrochure.co.uk/images/products/prod_11101_61430_164462.jpg,https://myebrochure.co.uk/images/products.small/prod_11101_61430_164462.jpg,https://myebrochure.co.uk/images/products.hires/prod_11101_61430_164462.jpg,https://myebrochure.co.uk/images/brands/fotl_23.png,https://myebrochure.co.uk/images/products.hires/prod_61430_131494.jpg,https://myebrochure.co.uk/images/products.hires/prod_61430_131492.jpg,https://myebrochure.co.uk/images/products.hires/prod_61430_131493.jpg,,,,,,,,"<li>100&#37; combed ringspun cotton</li> <li>Soft hand feel</li> <li>Tailored fit</li> <li>Crew neck with 1x1 rib</li> <li>Self-fabric back neck tape</li> <li>New tear away back neck label</li> <li><b>Also available in ladies sizes code 61432, kids sizes code 61023 and girl&#39;s sizes code 61025</b></li>",1.64
171705,0000001716139,61430,TSHIRT,T-SHIRTS,MSSTSH,MENS SHORT SLEEVE T-SHIRT,FOTL,Fruit Of The Loom,ME0028,40,Red,0012  ,XL,Men's Iconic 150 T,2.09,1,12,72,02-01-2026 8:47,C,https://myebrochure.co.uk/images/colours/fotl/fotl-40.jpg,https://myebrochure.co.uk/images/products/prod_11101_61430_164462.jpg,https://myebrochure.co.uk/images/products.small/prod_11101_61430_164462.jpg,https://myebrochure.co.uk/images/products.hires/prod_11101_61430_164462.jpg,https://myebrochure.co.uk/images/brands/fotl_23.png,https://myebrochure.co.uk/images/products.hires/prod_61430_131494.jpg,https://myebrochure.co.uk/images/products.hires/prod_61430_131492.jpg,https://myebrochure.co.uk/images/products.hires/prod_61430_131493.jpg,,,,,,,,"<li>100&#37; combed ringspun cotton</li> <li>Soft hand feel</li> <li>Tailored fit</li> <li>Crew neck with 1x1 rib</li> <li>Self-fabric back neck tape</li> <li>New tear away back neck label</li> <li><b>Also available in ladies sizes code 61432, kids sizes code 61023 and girl&#39;s sizes code 61025</b></li>",1.64
171706,0000001716146,61430,TSHIRT,T-SHIRTS,MSSTSH,MENS SHORT SLEEVE T-SHIRT,FOTL,Fruit Of The Loom,ME0028,40,Red,0012  ,2XL,Men's Iconic 150 T,2.09,1,12,72,02-01-2026 8:47,C,https://myebrochure.co.uk/images/colours/fotl/fotl-40.jpg,https://myebrochure.co.uk/images/products/prod_11101_61430_164462.jpg,https://myebrochure.co.uk/images/products.small/prod_11101_61430_164462.jpg,https://myebrochure.co.uk/images/products.hires/prod_11101_61430_164462.jpg,https://myebrochure.co.uk/images/brands/fotl_23.png,https://myebrochure.co.uk/images/products.hires/prod_61430_131494.jpg,https://myebrochure.co.uk/images/products.hires/prod_61430_131492.jpg,https://myebrochure.co.uk/images/products.hires/prod_61430_131493.jpg,,,,,,,,"<li>100&#37; combed ringspun cotton</li> <li>Soft hand feel</li> <li>Tailored fit</li> <li>Crew neck with 1x1 rib</li> <li>Self-fabric back neck tape</li> <li>New tear away back neck label</li> <li><b>Also available in ladies sizes code 61432, kids sizes code 61023 and girl&#39;s sizes code 61025</b></li>",1.64
171707,0000001716153,61430,TSHIRT,T-SHIRTS,MSSTSH,MENS SHORT SLEEVE T-SHIRT,FOTL,Fruit Of The Loom,ME0028,40,Red,0012  ,3XL,Men's Iconic 150 T,2.85,1,12,36,02-01-2026 8:47,C,https://myebrochure.co.uk/images/colours/fotl/fotl-40.jpg,https://myebrochure.co.uk/images/products/prod_11101_61430_164462.jpg,https://myebrochure.co.uk/images/products.small/prod_11101_61430_164462.jpg,https://myebrochure.co.uk/images/products.hires/prod_11101_61430_164462.jpg,https://myebrochure.co.uk/images/brands/fotl_23.png,https://myebrochure.co.uk/images/products.hires/prod_61430_131494.jpg,https://myebrochure.co.uk/images/products.hires/prod_61430_131492.jpg,https://myebrochure.co.uk/images/products.hires/prod_61430_131493.jpg,,,,,,,,"<li>100&#37; combed ringspun cotton</li> <li>Soft hand feel</li> <li>Tailored fit</li> <li>Crew neck with 1x1 rib</li> <li>Self-fabric back neck tape</li> <li>New tear away back neck label</li> <li><b>Also available in ladies sizes code 61432, kids sizes code 61023 and girl&#39;s sizes code 61025</b></li>",2.24
171708,0000001716160,61430,TSHIRT,T-SHIRTS,MSSTSH,MENS SHORT SLEEVE T-SHIRT,FOTL,Fruit Of The Loom,ME0028,40,Red,0012  ,4XL,Men's Iconic 150 T,2.85,1,12,36,02-01-2026 8:47,C,https://myebrochure.co.uk/images/colours/fotl/fotl-40.jpg,https://myebrochure.co.uk/images/products/prod_11101_61430_164462.jpg,https://myebrochure.co.uk/images/products.small/prod_11101_61430_164462.jpg,https://myebrochure.co.uk/images/products.hires/prod_11101_61430_164462.jpg,https://myebrochure.co.uk/images/brands/fotl_23.png,https://myebrochure.co.uk/images/products.hires/prod_61430_131494.jpg,https://myebrochure.co.uk/images/products.hires/prod_61430_131492.jpg,https://myebrochure.co.uk/images/products.hires/prod_61430_131493.jpg,,,,,,,,"<li>100&#37; combed ringspun cotton</li> <li>Soft hand feel</li> <li>Tailored fit</li> <li>Crew neck with 1x1 rib</li> <li>Self-fabric back neck tape</li> <li>New tear away back neck label</li> <li><b>Also available in ladies sizes code 61432, kids sizes code 61023 and girl&#39;s sizes code 61025</b></li>",2.24
171710,0000001716184,61430,TSHIRT,T-SHIRTS,MSSTSH,MENS SHORT SLEEVE T-SHIRT,FOTL,Fruit Of The Loom,ME0028,47,Kelly Green,0012  ,Small,Men's Iconic 150 T,2.09,1,12,72,02-01-2026 8:47,C,https://myebrochure.co.uk/images/colours/fotl/fotl-47.jpg,https://myebrochure.co.uk/images/products/prod_11101_61430_164462.jpg,https://myebrochure.co.uk/images/products.small/prod_11101_61430_164462.jpg,https://myebrochure.co.uk/images/products.hires/prod_11101_61430_164462.jpg,https://myebrochure.co.uk/images/brands/fotl_23.png,https://myebrochure.co.uk/images/products.hires/prod_61430_131497.jpg,https://myebrochure.co.uk/images/products.hires/prod_61430_131495.jpg,https://myebrochure.co.uk/images/products.hires/prod_61430_131496.jpg,,,,,,,,"<li>100&#37; combed ringspun cotton</li> <li>Soft hand feel</li> <li>Tailored fit</li> <li>Crew neck with 1x1 rib</li> <li>Self-fabric back neck tape</li> <li>New tear away back neck label</li> <li><b>Also available in ladies sizes code 61432, kids sizes code 61023 and girl&#39;s sizes code 61025</b></li>",1.64
171711,0000001716191,61430,TSHIRT,T-SHIRTS,MSSTSH,MENS SHORT SLEEVE T-SHIRT,FOTL,Fruit Of The Loom,ME0028,47,Kelly Green,0012  ,Medium,Men's Iconic 150 T,2.09,1,12,72,02-01-2026 8:47,C,https://myebrochure.co.uk/images/colours/fotl/fotl-47.jpg,https://myebrochure.co.uk/images/products/prod_11101_61430_164462.jpg,https://myebrochure.co.uk/images/products.small/prod_11101_61430_164462.jpg,https://myebrochure.co.uk/images/products.hires/prod_11101_61430_164462.jpg,https://myebrochure.co.uk/images/brands/fotl_23.png,https://myebrochure.co.uk/images/products.hires/prod_61430_131497.jpg,https://myebrochure.co.uk/images/products.hires/prod_61430_131495.jpg,https://myebrochure.co.uk/images/products.hires/prod_61430_131496.jpg,,,,,,,,"<li>100&#37; combed ringspun cotton</li> <li>Soft hand feel</li> <li>Tailored fit</li> <li>Crew neck with 1x1 rib</li> <li>Self-fabric back neck tape</li> <li>New tear away back neck label</li> <li><b>Also available in ladies sizes code 61432, kids sizes code 61023 and girl&#39;s sizes code 61025</b></li>",1.64
171712,0000001716207,61430,TSHIRT,T-SHIRTS,MSSTSH,MENS SHORT SLEEVE T-SHIRT,FOTL,Fruit Of The Loom,ME0028,47,Kelly Green,0012  ,Large,Men's Iconic 150 T,2.09,1,12,72,02-01-2026 8:47,C,https://myebrochure.co.uk/images/colours/fotl/fotl-47.jpg,https://myebrochure.co.uk/images/products/prod_11101_61430_164462.jpg,https://myebrochure.co.uk/images/products.small/prod_11101_61430_164462.jpg,https://myebrochure.co.uk/images/products.hires/prod_11101_61430_164462.jpg,https://myebrochure.co.uk/images/brands/fotl_23.png,https://myebrochure.co.uk/images/products.hires/prod_61430_131497.jpg,https://myebrochure.co.uk/images/products.hires/prod_61430_131495.jpg,https://myebrochure.co.uk/images/products.hires/prod_61430_131496.jpg,,,,,,,,"<li>100&#37; combed ringspun cotton</li> <li>Soft hand feel</li> <li>Tailored fit</li> <li>Crew neck with 1x1 rib</li> <li>Self-fabric back neck tape</li> <li>New tear away back neck label</li> <li><b>Also available in ladies sizes code 61432, kids sizes code 61023 and girl&#39;s sizes code 61025</b></li>",1.64
171713,0000001716214,61430,TSHIRT,T-SHIRTS,MSSTSH,MENS SHORT SLEEVE T-SHIRT,FOTL,Fruit Of The Loom,ME0028,47,Kelly Green,0012  ,XL,Men's Iconic 150 T,2.09,1,12,72,02-01-2026 8:47,C,https://myebrochure.co.uk/images/colours/fotl/fotl-47.jpg,https://myebrochure.co.uk/images/products/prod_11101_61430_164462.jpg,https://myebrochure.co.uk/images/products.small/prod_11101_61430_164462.jpg,https://myebrochure.co.uk/images/products.hires/prod_11101_61430_164462.jpg,https://myebrochure.co.uk/images/brands/fotl_23.png,https://myebrochure.co.uk/images/products.hires/prod_61430_131497.jpg,https://myebrochure.co.uk/images/products.hires/prod_61430_131495.jpg,https://myebrochure.co.uk/images/products.hires/prod_61430_131496.jpg,,,,,,,,"<li>100&#37; combed ringspun cotton</li> <li>Soft hand feel</li> <li>Tailored fit</li> <li>Crew neck with 1x1 rib</li> <li>Self-fabric back neck tape</li> <li>New tear away back neck label</li> <li><b>Also available in ladies sizes code 61432, kids sizes code 61023 and girl&#39;s sizes code 61025</b></li>",1.64
171714,0000001716221,61430,TSHIRT,T-SHIRTS,MSSTSH,MENS SHORT SLEEVE T-SHIRT,FOTL,Fruit Of The Loom,ME0028,47,Kelly Green,0012  ,2XL,Men's Iconic 150 T,2.09,1,12,72,02-01-2026 8:47,C,https://myebrochure.co.uk/images/colours/fotl/fotl-47.jpg,https://myebrochure.co.uk/images/products/prod_11101_61430_164462.jpg,https://myebrochure.co.uk/images/products.small/prod_11101_61430_164462.jpg,https://myebrochure.co.uk/images/products.hires/prod_11101_61430_164462.jpg,https://myebrochure.co.uk/images/brands/fotl_23.png,https://myebrochure.co.uk/images/products.hires/prod_61430_131497.jpg,https://myebrochure.co.uk/images/products.hires/prod_61430_131495.jpg,https://myebrochure.co.uk/images/products.hires/prod_61430_131496.jpg,,,,,,,,"<li>100&#37; combed ringspun cotton</li> <li>Soft hand feel</li> <li>Tailored fit</li> <li>Crew neck with 1x1 rib</li> <li>Self-fabric back neck tape</li> <li>New tear away back neck label</li> <li><b>Also available in ladies sizes code 61432, kids sizes code 61023 and girl&#39;s sizes code 61025</b></li>",1.64
171715,0000001716238,61430,TSHIRT,T-SHIRTS,MSSTSH,MENS SHORT SLEEVE T-SHIRT,FOTL,Fruit Of The Loom,ME0028,47,Kelly Green,0012  ,3XL,Men's Iconic 150 T,2.85,1,12,36,02-01-2026 8:47,C,https://myebrochure.co.uk/images/colours/fotl/fotl-47.jpg,https://myebrochure.co.uk/images/products/prod_11101_61430_164462.jpg,https://myebrochure.co.uk/images/products.small/prod_11101_61430_164462.jpg,https://myebrochure.co.uk/images/products.hires/prod_11101_61430_164462.jpg,https://myebrochure.co.uk/images/brands/fotl_23.png,https://myebrochure.co.uk/images/products.hires/prod_61430_131497.jpg,https://myebrochure.co.uk/images/products.hires/prod_61430_131495.jpg,https://myebrochure.co.uk/images/products.hires/prod_61430_131496.jpg,,,,,,,,"<li>100&#37; combed ringspun cotton</li> <li>Soft hand feel</li> <li>Tailored fit</li> <li>Crew neck with 1x1 rib</li> <li>Self-fabric back neck tape</li> <li>New tear away back neck label</li> <li><b>Also available in ladies sizes code 61432, kids sizes code 61023 and girl&#39;s sizes code 61025</b></li>",2.24
171718,0000001716269,61430,TSHIRT,T-SHIRTS,MSSTSH,MENS SHORT SLEEVE T-SHIRT,FOTL,Fruit Of The Loom,ME0028,51,Royal,0012  ,Small,Men's Iconic 150 T,2.09,1,12,72,02-01-2026 8:47,C,https://myebrochure.co.uk/images/colours/fotl/fotl-51.jpg,https://myebrochure.co.uk/images/products/prod_11101_61430_164462.jpg,https://myebrochure.co.uk/images/products.small/prod_11101_61430_164462.jpg,https://myebrochure.co.uk/images/products.hires/prod_11101_61430_164462.jpg,https://myebrochure.co.uk/images/brands/fotl_23.png,https://myebrochure.co.uk/images/products.hires/prod_61430_131500.jpg,https://myebrochure.co.uk/images/products.hires/prod_61430_131498.jpg,https://myebrochure.co.uk/images/products.hires/prod_61430_131499.jpg,,,,,,,,"<li>100&#37; combed ringspun cotton</li> <li>Soft hand feel</li> <li>Tailored fit</li> <li>Crew neck with 1x1 rib</li> <li>Self-fabric back neck tape</li> <li>New tear away back neck label</li> <li><b>Also available in ladies sizes code 61432, kids sizes code 61023 and girl&#39;s sizes code 61025</b></li>",1.64
171719,0000001716276,61430,TSHIRT,T-SHIRTS,MSSTSH,MENS SHORT SLEEVE T-SHIRT,FOTL,Fruit Of The Loom,ME0028,51,Royal,0012  ,Medium,Men's Iconic 150 T,2.09,1,12,72,02-01-2026 8:47,C,https://myebrochure.co.uk/images/colours/fotl/fotl-51.jpg,https://myebrochure.co.uk/images/products/prod_11101_61430_164462.jpg,https://myebrochure.co.uk/images/products.small/prod_11101_61430_164462.jpg,https://myebrochure.co.uk/images/products.hires/prod_11101_61430_164462.jpg,https://myebrochure.co.uk/images/brands/fotl_23.png,https://myebrochure.co.uk/images/products.hires/prod_61430_131500.jpg,https://myebrochure.co.uk/images/products.hires/prod_61430_131498.jpg,https://myebrochure.co.uk/images/products.hires/prod_61430_131499.jpg,,,,,,,,"<li>100&#37; combed ringspun cotton</li> <li>Soft hand feel</li> <li>Tailored fit</li> <li>Crew neck with 1x1 rib</li> <li>Self-fabric back neck tape</li> <li>New tear away back neck label</li> <li><b>Also available in ladies sizes code 61432, kids sizes code 61023 and girl&#39;s sizes code 61025</b></li>",1.64
171720,0000001716283,61430,TSHIRT,T-SHIRTS,MSSTSH,MENS SHORT SLEEVE T-SHIRT,FOTL,Fruit Of The Loom,ME0028,51,Royal,0012  ,Large,Men's Iconic 150 T,2.09,1,12,72,02-01-2026 8:47,C,https://myebrochure.co.uk/images/colours/fotl/fotl-51.jpg,https://myebrochure.co.uk/images/products/prod_11101_61430_164462.jpg,https://myebrochure.co.uk/images/products.small/prod_11101_61430_164462.jpg,https://myebrochure.co.uk/images/products.hires/prod_11101_61430_164462.jpg,https://myebrochure.co.uk/images/brands/fotl_23.png,https://myebrochure.co.uk/images/products.hires/prod_61430_131500.jpg,https://myebrochure.co.uk/images/products.hires/prod_61430_131498.jpg,https://myebrochure.co.uk/images/products.hires/prod_61430_131499.jpg,,,,,,,,"<li>100&#37; combed ringspun cotton</li> <li>Soft hand feel</li> <li>Tailored fit</li> <li>Crew neck with 1x1 rib</li> <li>Self-fabric back neck tape</li> <li>New tear away back neck label</li> <li><b>Also available in ladies sizes code 61432, kids sizes code 61023 and girl&#39;s sizes code 61025</b></li>",1.64
171721,0000001716290,61430,TSHIRT,T-SHIRTS,MSSTSH,MENS SHORT SLEEVE T-SHIRT,FOTL,Fruit Of The Loom,ME0028,51,Royal,0012  ,XL,Men's Iconic 150 T,2.09,1,12,72,02-01-2026 8:47,C,https://myebrochure.co.uk/images/colours/fotl/fotl-51.jpg,https://myebrochure.co.uk/images/products/prod_11101_61430_164462.jpg,https://myebrochure.co.uk/images/products.small/prod_11101_61430_164462.jpg,https://myebrochure.co.uk/images/products.hires/prod_11101_61430_164462.jpg,https://myebrochure.co.uk/images/brands/fotl_23.png,https://myebrochure.co.uk/images/products.hires/prod_61430_131500.jpg,https://myebrochure.co.uk/images/products.hires/prod_61430_131498.jpg,https://myebrochure.co.uk/images/products.hires/prod_61430_131499.jpg,,,,,,,,"<li>100&#37; combed ringspun cotton</li> <li>Soft hand feel</li> <li>Tailored fit</li> <li>Crew neck with 1x1 rib</li> <li>Self-fabric back neck tape</li> <li>New tear away back neck label</li> <li><b>Also available in ladies sizes code 61432, kids sizes code 61023 and girl&#39;s sizes code 61025</b></li>",1.64
171722,0000001716306,61430,TSHIRT,T-SHIRTS,MSSTSH,MENS SHORT SLEEVE T-SHIRT,FOTL,Fruit Of The Loom,ME0028,51,Royal,0012  ,2XL,Men's Iconic 150 T,2.09,1,12,72,02-01-2026 8:47,C,https://myebrochure.co.uk/images/colours/fotl/fotl-51.jpg,https://myebrochure.co.uk/images/products/prod_11101_61430_164462.jpg,https://myebrochure.co.uk/images/products.small/prod_11101_61430_164462.jpg,https://myebrochure.co.uk/images/products.hires/prod_11101_61430_164462.jpg,https://myebrochure.co.uk/images/brands/fotl_23.png,https://myebrochure.co.uk/images/products.hires/prod_61430_131500.jpg,https://myebrochure.co.uk/images/products.hires/prod_61430_131498.jpg,https://myebrochure.co.uk/images/products.hires/prod_61430_131499.jpg,,,,,,,,"<li>100&#37; combed ringspun cotton</li> <li>Soft hand feel</li> <li>Tailored fit</li> <li>Crew neck with 1x1 rib</li> <li>Self-fabric back neck tape</li> <li>New tear away back neck label</li> <li><b>Also available in ladies sizes code 61432, kids sizes code 61023 and girl&#39;s sizes code 61025</b></li>",1.64
171723,0000001716313,61430,TSHIRT,T-SHIRTS,MSSTSH,MENS SHORT SLEEVE T-SHIRT,FOTL,Fruit Of The Loom,ME0028,51,Royal,0012  ,3XL,Men's Iconic 150 T,2.85,1,12,36,02-01-2026 8:47,C,https://myebrochure.co.uk/images/colours/fotl/fotl-51.jpg,https://myebrochure.co.uk/images/products/prod_11101_61430_164462.jpg,https://myebrochure.co.uk/images/products.small/prod_11101_61430_164462.jpg,https://myebrochure.co.uk/images/products.hires/prod_11101_61430_164462.jpg,https://myebrochure.co.uk/images/brands/fotl_23.png,https://myebrochure.co.uk/images/products.hires/prod_61430_131500.jpg,https://myebrochure.co.uk/images/products.hires/prod_61430_131498.jpg,https://myebrochure.co.uk/images/products.hires/prod_61430_131499.jpg,,,,,,,,"<li>100&#37; combed ringspun cotton</li> <li>Soft hand feel</li> <li>Tailored fit</li> <li>Crew neck with 1x1 rib</li> <li>Self-fabric back neck tape</li> <li>New tear away back neck label</li> <li><b>Also available in ladies sizes code 61432, kids sizes code 61023 and girl&#39;s sizes code 61025</b></li>",2.24
171726,0000001716344,61430,TSHIRT,T-SHIRTS,MSSTSH,MENS SHORT SLEEVE T-SHIRT,FOTL,Fruit Of The Loom,ME0028,59,Classic Olive,0012  ,Small,Men's Iconic 150 T,2.09,1,12,72,02-01-2026 8:47,C,https://myebrochure.co.uk/images/colours/fotl/fotl-59.jpg,https://myebrochure.co.uk/images/products/prod_11101_61430_164462.jpg,https://myebrochure.co.uk/images/products.small/prod_11101_61430_164462.jpg,https://myebrochure.co.uk/images/products.hires/prod_11101_61430_164462.jpg,https://myebrochure.co.uk/images/brands/fotl_23.png,https://myebrochure.co.uk/images/products.hires/prod_61430_131503.jpg,https://myebrochure.co.uk/images/products.hires/prod_61430_131501.jpg,https://myebrochure.co.uk/images/products.hires/prod_61430_131502.jpg,,,,,,,,"<li>100&#37; combed ringspun cotton</li> <li>Soft hand feel</li> <li>Tailored fit</li> <li>Crew neck with 1x1 rib</li> <li>Self-fabric back neck tape</li> <li>New tear away back neck label</li> <li><b>Also available in ladies sizes code 61432, kids sizes code 61023 and girl&#39;s sizes code 61025</b></li>",1.64
171727,0000001716351,61430,TSHIRT,T-SHIRTS,MSSTSH,MENS SHORT SLEEVE T-SHIRT,FOTL,Fruit Of The Loom,ME0028,59,Classic Olive,0012  ,Medium,Men's Iconic 150 T,2.09,1,12,72,02-01-2026 8:47,C,https://myebrochure.co.uk/images/colours/fotl/fotl-59.jpg,https://myebrochure.co.uk/images/products/prod_11101_61430_164462.jpg,https://myebrochure.co.uk/images/products.small/prod_11101_61430_164462.jpg,https://myebrochure.co.uk/images/products.hires/prod_11101_61430_164462.jpg,https://myebrochure.co.uk/images/brands/fotl_23.png,https://myebrochure.co.uk/images/products.hires/prod_61430_131503.jpg,https://myebrochure.co.uk/images/products.hires/prod_61430_131501.jpg,https://myebrochure.co.uk/images/products.hires/prod_61430_131502.jpg,,,,,,,,"<li>100&#37; combed ringspun cotton</li> <li>Soft hand feel</li> <li>Tailored fit</li> <li>Crew neck with 1x1 rib</li> <li>Self-fabric back neck tape</li> <li>New tear away back neck label</li> <li><b>Also available in ladies sizes code 61432, kids sizes code 61023 and girl&#39;s sizes code 61025</b></li>",1.64
171728,0000001716368,61430,TSHIRT,T-SHIRTS,MSSTSH,MENS SHORT SLEEVE T-SHIRT,FOTL,Fruit Of The Loom,ME0028,59,Classic Olive,0012  ,Large,Men's Iconic 150 T,2.09,1,12,72,02-01-2026 8:47,C,https://myebrochure.co.uk/images/colours/fotl/fotl-59.jpg,https://myebrochure.co.uk/images/products/prod_11101_61430_164462.jpg,https://myebrochure.co.uk/images/products.small/prod_11101_61430_164462.jpg,https://myebrochure.co.uk/images/products.hires/prod_11101_61430_164462.jpg,https://myebrochure.co.uk/images/brands/fotl_23.png,https://myebrochure.co.uk/images/products.hires/prod_61430_131503.jpg,https://myebrochure.co.uk/images/products.hires/prod_61430_131501.jpg,https://myebrochure.co.uk/images/products.hires/prod_61430_131502.jpg,,,,,,,,"<li>100&#37; combed ringspun cotton</li> <li>Soft hand feel</li> <li>Tailored fit</li> <li>Crew neck with 1x1 rib</li> <li>Self-fabric back neck tape</li> <li>New tear away back neck label</li> <li><b>Also available in ladies sizes code 61432, kids sizes code 61023 and girl&#39;s sizes code 61025</b></li>",1.64
171729,0000001716375,61430,TSHIRT,T-SHIRTS,MSSTSH,MENS SHORT SLEEVE T-SHIRT,FOTL,Fruit Of The Loom,ME0028,59,Classic Olive,0012  ,XL,Men's Iconic 150 T,2.09,1,12,72,02-01-2026 8:47,C,https://myebrochure.co.uk/images/colours/fotl/fotl-59.jpg,https://myebrochure.co.uk/images/products/prod_11101_61430_164462.jpg,https://myebrochure.co.uk/images/products.small/prod_11101_61430_164462.jpg,https://myebrochure.co.uk/images/products.hires/prod_11101_61430_164462.jpg,https://myebrochure.co.uk/images/brands/fotl_23.png,https://myebrochure.co.uk/images/products.hires/prod_61430_131503.jpg,https://myebrochure.co.uk/images/products.hires/prod_61430_131501.jpg,https://myebrochure.co.uk/images/products.hires/prod_61430_131502.jpg,,,,,,,,"<li>100&#37; combed ringspun cotton</li> <li>Soft hand feel</li> <li>Tailored fit</li> <li>Crew neck with 1x1 rib</li> <li>Self-fabric back neck tape</li> <li>New tear away back neck label</li> <li><b>Also available in ladies sizes code 61432, kids sizes code 61023 and girl&#39;s sizes code 61025</b></li>",1.64
171730,0000001716382,61430,TSHIRT,T-SHIRTS,MSSTSH,MENS SHORT SLEEVE T-SHIRT,FOTL,Fruit Of The Loom,ME0028,59,Classic Olive,0012  ,2XL,Men's Iconic 150 T,2.09,1,12,72,02-01-2026 8:47,C,https://myebrochure.co.uk/images/colours/fotl/fotl-59.jpg,https://myebrochure.co.uk/images/products/prod_11101_61430_164462.jpg,https://myebrochure.co.uk/images/products.small/prod_11101_61430_164462.jpg,https://myebrochure.co.uk/images/products.hires/prod_11101_61430_164462.jpg,https://myebrochure.co.uk/images/brands/fotl_23.png,https://myebrochure.co.uk/images/products.hires/prod_61430_131503.jpg,https://myebrochure.co.uk/images/products.hires/prod_61430_131501.jpg,https://myebrochure.co.uk/images/products.hires/prod_61430_131502.jpg,,,,,,,,"<li>100&#37; combed ringspun cotton</li> <li>Soft hand feel</li> <li>Tailored fit</li> <li>Crew neck with 1x1 rib</li> <li>Self-fabric back neck tape</li> <li>New tear away back neck label</li> <li><b>Also available in ladies sizes code 61432, kids sizes code 61023 and girl&#39;s sizes code 61025</b></li>",1.64
171731,0000001716399,61430,TSHIRT,T-SHIRTS,MSSTSH,MENS SHORT SLEEVE T-SHIRT,FOTL,Fruit Of The Loom,ME0028,59,Classic Olive,0012  ,3XL,Men's Iconic 150 T,2.85,1,12,36,02-01-2026 8:47,C,https://myebrochure.co.uk/images/colours/fotl/fotl-59.jpg,https://myebrochure.co.uk/images/products/prod_11101_61430_164462.jpg,https://myebrochure.co.uk/images/products.small/prod_11101_61430_164462.jpg,https://myebrochure.co.uk/images/products.hires/prod_11101_61430_164462.jpg,https://myebrochure.co.uk/images/brands/fotl_23.png,https://myebrochure.co.uk/images/products.hires/prod_61430_131503.jpg,https://myebrochure.co.uk/images/products.hires/prod_61430_131501.jpg,https://myebrochure.co.uk/images/products.hires/prod_61430_131502.jpg,,,,,,,,"<li>100&#37; combed ringspun cotton</li> <li>Soft hand feel</li> <li>Tailored fit</li> <li>Crew neck with 1x1 rib</li> <li>Self-fabric back neck tape</li> <li>New tear away back neck label</li> <li><b>Also available in ladies sizes code 61432, kids sizes code 61023 and girl&#39;s sizes code 61025</b></li>",2.24
171734,0000001716429,61430,TSHIRT,T-SHIRTS,MSSTSH,MENS SHORT SLEEVE T-SHIRT,FOTL,Fruit Of The Loom,ME0028,60,Natural,0012  ,Small,Men's Iconic 150 T,1.65,1,12,72,02-01-2026 8:47,C,https://myebrochure.co.uk/images/colours/fotl/fotl-60.jpg,https://myebrochure.co.uk/images/products/prod_11101_61430_164462.jpg,https://myebrochure.co.uk/images/products.small/prod_11101_61430_164462.jpg,https://myebrochure.co.uk/images/products.hires/prod_11101_61430_164462.jpg,https://myebrochure.co.uk/images/brands/fotl_23.png,https://myebrochure.co.uk/images/products.hires/prod_61430_132029.jpg,https://myebrochure.co.uk/images/products.hires/prod_61430_132028.jpg,https://myebrochure.co.uk/images/products.hires/prod_61430_132030.jpg,,,,,,,,"<li>100&#37; combed ringspun cotton</li> <li>Soft hand feel</li> <li>Tailored fit</li> <li>Crew neck with 1x1 rib</li> <li>Self-fabric back neck tape</li> <li>New tear away back neck label</li> <li><b>Also available in ladies sizes code 61432, kids sizes code 61023 and girl&#39;s sizes code 61025</b></li>",1.3
171735,0000001716436,61430,TSHIRT,T-SHIRTS,MSSTSH,MENS SHORT SLEEVE T-SHIRT,FOTL,Fruit Of The Loom,ME0028,60,Natural,0012  ,Medium,Men's Iconic 150 T,1.65,1,12,72,02-01-2026 8:47,C,https://myebrochure.co.uk/images/colours/fotl/fotl-60.jpg,https://myebrochure.co.uk/images/products/prod_11101_61430_164462.jpg,https://myebrochure.co.uk/images/products.small/prod_11101_61430_164462.jpg,https://myebrochure.co.uk/images/products.hires/prod_11101_61430_164462.jpg,https://myebrochure.co.uk/images/brands/fotl_23.png,https://myebrochure.co.uk/images/products.hires/prod_61430_132029.jpg,https://myebrochure.co.uk/images/products.hires/prod_61430_132028.jpg,https://myebrochure.co.uk/images/products.hires/prod_61430_132030.jpg,,,,,,,,"<li>100&#37; combed ringspun cotton</li> <li>Soft hand feel</li> <li>Tailored fit</li> <li>Crew neck with 1x1 rib</li> <li>Self-fabric back neck tape</li> <li>New tear away back neck label</li> <li><b>Also available in ladies sizes code 61432, kids sizes code 61023 and girl&#39;s sizes code 61025</b></li>",1.3
171736,0000001716443,61430,TSHIRT,T-SHIRTS,MSSTSH,MENS SHORT SLEEVE T-SHIRT,FOTL,Fruit Of The Loom,ME0028,60,Natural,0012  ,Large,Men's Iconic 150 T,1.65,1,12,72,02-01-2026 8:47,C,https://myebrochure.co.uk/images/colours/fotl/fotl-60.jpg,https://myebrochure.co.uk/images/products/prod_11101_61430_164462.jpg,https://myebrochure.co.uk/images/products.small/prod_11101_61430_164462.jpg,https://myebrochure.co.uk/images/products.hires/prod_11101_61430_164462.jpg,https://myebrochure.co.uk/images/brands/fotl_23.png,https://myebrochure.co.uk/images/products.hires/prod_61430_132029.jpg,https://myebrochure.co.uk/images/products.hires/prod_61430_132028.jpg,https://myebrochure.co.uk/images/products.hires/prod_61430_132030.jpg,,,,,,,,"<li>100&#37; combed ringspun cotton</li> <li>Soft hand feel</li> <li>Tailored fit</li> <li>Crew neck with 1x1 rib</li> <li>Self-fabric back neck tape</li> <li>New tear away back neck label</li> <li><b>Also available in ladies sizes code 61432, kids sizes code 61023 and girl&#39;s sizes code 61025</b></li>",1.3
171737,0000001716450,61430,TSHIRT,T-SHIRTS,MSSTSH,MENS SHORT SLEEVE T-SHIRT,FOTL,Fruit Of The Loom,ME0028,60,Natural,0012  ,XL,Men's Iconic 150 T,1.65,1,12,72,02-01-2026 8:47,C,https://myebrochure.co.uk/images/colours/fotl/fotl-60.jpg,https://myebrochure.co.uk/images/products/prod_11101_61430_164462.jpg,https://myebrochure.co.uk/images/products.small/prod_11101_61430_164462.jpg,https://myebrochure.co.uk/images/products.hires/prod_11101_61430_164462.jpg,https://myebrochure.co.uk/images/brands/fotl_23.png,https://myebrochure.co.uk/images/products.hires/prod_61430_132029.jpg,https://myebrochure.co.uk/images/products.hires/prod_61430_132028.jpg,https://myebrochure.co.uk/images/products.hires/prod_61430_132030.jpg,,,,,,,,"<li>100&#37; combed ringspun cotton</li> <li>Soft hand feel</li> <li>Tailored fit</li> <li>Crew neck with 1x1 rib</li> <li>Self-fabric back neck tape</li> <li>New tear away back neck label</li> <li><b>Also available in ladies sizes code 61432, kids sizes code 61023 and girl&#39;s sizes code 61025</b></li>",1.3
171738,0000001716467,61430,TSHIRT,T-SHIRTS,MSSTSH,MENS SHORT SLEEVE T-SHIRT,FOTL,Fruit Of The Loom,ME0028,60,Natural,0012  ,2XL,Men's Iconic 150 T,1.65,1,12,72,02-01-2026 8:47,C,https://myebrochure.co.uk/images/colours/fotl/fotl-60.jpg,https://myebrochure.co.uk/images/products/prod_11101_61430_164462.jpg,https://myebrochure.co.uk/images/products.small/prod_11101_61430_164462.jpg,https://myebrochure.co.uk/images/products.hires/prod_11101_61430_164462.jpg,https://myebrochure.co.uk/images/brands/fotl_23.png,https://myebrochure.co.uk/images/products.hires/prod_61430_132029.jpg,https://myebrochure.co.uk/images/products.hires/prod_61430_132028.jpg,https://myebrochure.co.uk/images/products.hires/prod_61430_132030.jpg,,,,,,,,"<li>100&#37; combed ringspun cotton</li> <li>Soft hand feel</li> <li>Tailored fit</li> <li>Crew neck with 1x1 rib</li> <li>Self-fabric back neck tape</li> <li>New tear away back neck label</li> <li><b>Also available in ladies sizes code 61432, kids sizes code 61023 and girl&#39;s sizes code 61025</b></li>",1.3
171739,0000001716474,61430,TSHIRT,T-SHIRTS,MSSTSH,MENS SHORT SLEEVE T-SHIRT,FOTL,Fruit Of The Loom,ME0028,60,Natural,0012  ,3XL,Men's Iconic 150 T,2.28,1,12,36,02-01-2026 8:47,C,https://myebrochure.co.uk/images/colours/fotl/fotl-60.jpg,https://myebrochure.co.uk/images/products/prod_11101_61430_164462.jpg,https://myebrochure.co.uk/images/products.small/prod_11101_61430_164462.jpg,https://myebrochure.co.uk/images/products.hires/prod_11101_61430_164462.jpg,https://myebrochure.co.uk/images/brands/fotl_23.png,https://myebrochure.co.uk/images/products.hires/prod_61430_132029.jpg,https://myebrochure.co.uk/images/products.hires/prod_61430_132028.jpg,https://myebrochure.co.uk/images/products.hires/prod_61430_132030.jpg,,,,,,,,"<li>100&#37; combed ringspun cotton</li> <li>Soft hand feel</li> <li>Tailored fit</li> <li>Crew neck with 1x1 rib</li> <li>Self-fabric back neck tape</li> <li>New tear away back neck label</li> <li><b>Also available in ladies sizes code 61432, kids sizes code 61023 and girl&#39;s sizes code 61025</b></li>",1.79
171742,0000001716504,61430,TSHIRT,T-SHIRTS,MSSTSH,MENS SHORT SLEEVE T-SHIRT,FOTL,Fruit Of The Loom,ME0028,CB,Colbalt Blue,0012  ,Small,Men's Iconic 150 T,2.09,1,12,72,02-01-2026 8:47,C,https://myebrochure.co.uk/images/colours/fotl/fotl-cb.jpg,https://myebrochure.co.uk/images/products/prod_11101_61430_164462.jpg,https://myebrochure.co.uk/images/products.small/prod_11101_61430_164462.jpg,https://myebrochure.co.uk/images/products.hires/prod_11101_61430_164462.jpg,https://myebrochure.co.uk/images/brands/fotl_23.png,https://myebrochure.co.uk/images/products.hires/prod_61430_131512.jpg,https://myebrochure.co.uk/images/products.hires/prod_61430_131510.jpg,https://myebrochure.co.uk/images/products.hires/prod_61430_131511.jpg,,,,,,,,"<li>100&#37; combed ringspun cotton</li> <li>Soft hand feel</li> <li>Tailored fit</li> <li>Crew neck with 1x1 rib</li> <li>Self-fabric back neck tape</li> <li>New tear away back neck label</li> <li><b>Also available in ladies sizes code 61432, kids sizes code 61023 and girl&#39;s sizes code 61025</b></li>",1.64
171743,0000001716511,61430,TSHIRT,T-SHIRTS,MSSTSH,MENS SHORT SLEEVE T-SHIRT,FOTL,Fruit Of The Loom,ME0028,CB,Colbalt Blue,0012  ,Medium,Men's Iconic 150 T,2.09,1,12,72,02-01-2026 8:47,C,https://myebrochure.co.uk/images/colours/fotl/fotl-cb.jpg,https://myebrochure.co.uk/images/products/prod_11101_61430_164462.jpg,https://myebrochure.co.uk/images/products.small/prod_11101_61430_164462.jpg,https://myebrochure.co.uk/images/products.hires/prod_11101_61430_164462.jpg,https://myebrochure.co.uk/images/brands/fotl_23.png,https://myebrochure.co.uk/images/products.hires/prod_61430_131512.jpg,https://myebrochure.co.uk/images/products.hires/prod_61430_131510.jpg,https://myebrochure.co.uk/images/products.hires/prod_61430_131511.jpg,,,,,,,,"<li>100&#37; combed ringspun cotton</li> <li>Soft hand feel</li> <li>Tailored fit</li> <li>Crew neck with 1x1 rib</li> <li>Self-fabric back neck tape</li> <li>New tear away back neck label</li> <li><b>Also available in ladies sizes code 61432, kids sizes code 61023 and girl&#39;s sizes code 61025</b></li>",1.64
171744,0000001716528,61430,TSHIRT,T-SHIRTS,MSSTSH,MENS SHORT SLEEVE T-SHIRT,FOTL,Fruit Of The Loom,ME0028,CB,Colbalt Blue,0012  ,Large,Men's Iconic 150 T,2.09,1,12,72,02-01-2026 8:47,C,https://myebrochure.co.uk/images/colours/fotl/fotl-cb.jpg,https://myebrochure.co.uk/images/products/prod_11101_61430_164462.jpg,https://myebrochure.co.uk/images/products.small/prod_11101_61430_164462.jpg,https://myebrochure.co.uk/images/products.hires/prod_11101_61430_164462.jpg,https://myebrochure.co.uk/images/brands/fotl_23.png,https://myebrochure.co.uk/images/products.hires/prod_61430_131512.jpg,https://myebrochure.co.uk/images/products.hires/prod_61430_131510.jpg,https://myebrochure.co.uk/images/products.hires/prod_61430_131511.jpg,,,,,,,,"<li>100&#37; combed ringspun cotton</li> <li>Soft hand feel</li> <li>Tailored fit</li> <li>Crew neck with 1x1 rib</li> <li>Self-fabric back neck tape</li> <li>New tear away back neck label</li> <li><b>Also available in ladies sizes code 61432, kids sizes code 61023 and girl&#39;s sizes code 61025</b></li>",1.64
171745,0000001716535,61430,TSHIRT,T-SHIRTS,MSSTSH,MENS SHORT SLEEVE T-SHIRT,FOTL,Fruit Of The Loom,ME0028,CB,Colbalt Blue,0012  ,XL,Men's Iconic 150 T,2.09,1,12,72,02-01-2026 8:47,C,https://myebrochure.co.uk/images/colours/fotl/fotl-cb.jpg,https://myebrochure.co.uk/images/products/prod_11101_61430_164462.jpg,https://myebrochure.co.uk/images/products.small/prod_11101_61430_164462.jpg,https://myebrochure.co.uk/images/products.hires/prod_11101_61430_164462.jpg,https://myebrochure.co.uk/images/brands/fotl_23.png,https://myebrochure.co.uk/images/products.hires/prod_61430_131512.jpg,https://myebrochure.co.uk/images/products.hires/prod_61430_131510.jpg,https://myebrochure.co.uk/images/products.hires/prod_61430_131511.jpg,,,,,,,,"<li>100&#37; combed ringspun cotton</li> <li>Soft hand feel</li> <li>Tailored fit</li> <li>Crew neck with 1x1 rib</li> <li>Self-fabric back neck tape</li> <li>New tear away back neck label</li> <li><b>Also available in ladies sizes code 61432, kids sizes code 61023 and girl&#39;s sizes code 61025</b></li>",1.64
171746,0000001716542,61430,TSHIRT,T-SHIRTS,MSSTSH,MENS SHORT SLEEVE T-SHIRT,FOTL,Fruit Of The Loom,ME0028,CB,Colbalt Blue,0012  ,2XL,Men's Iconic 150 T,2.09,1,12,72,02-01-2026 8:47,C,https://myebrochure.co.uk/images/colours/fotl/fotl-cb.jpg,https://myebrochure.co.uk/images/products/prod_11101_61430_164462.jpg,https://myebrochure.co.uk/images/products.small/prod_11101_61430_164462.jpg,https://myebrochure.co.uk/images/products.hires/prod_11101_61430_164462.jpg,https://myebrochure.co.uk/images/brands/fotl_23.png,https://myebrochure.co.uk/images/products.hires/prod_61430_131512.jpg,https://myebrochure.co.uk/images/products.hires/prod_61430_131510.jpg,https://myebrochure.co.uk/images/products.hires/prod_61430_131511.jpg,,,,,,,,"<li>100&#37; combed ringspun cotton</li> <li>Soft hand feel</li> <li>Tailored fit</li> <li>Crew neck with 1x1 rib</li> <li>Self-fabric back neck tape</li> <li>New tear away back neck label</li> <li><b>Also available in ladies sizes code 61432, kids sizes code 61023 and girl&#39;s sizes code 61025</b></li>",1.64
171747,0000001716559,61430,TSHIRT,T-SHIRTS,MSSTSH,MENS SHORT SLEEVE T-SHIRT,FOTL,Fruit Of The Loom,ME0028,CB,Colbalt Blue,0012  ,3XL,Men's Iconic 150 T,2.85,1,12,36,02-01-2026 8:47,C,https://myebrochure.co.uk/images/colours/fotl/fotl-cb.jpg,https://myebrochure.co.uk/images/products/prod_11101_61430_164462.jpg,https://myebrochure.co.uk/images/products.small/prod_11101_61430_164462.jpg,https://myebrochure.co.uk/images/products.hires/prod_11101_61430_164462.jpg,https://myebrochure.co.uk/images/brands/fotl_23.png,https://myebrochure.co.uk/images/products.hires/prod_61430_131512.jpg,https://myebrochure.co.uk/images/products.hires/prod_61430_131510.jpg,https://myebrochure.co.uk/images/products.hires/prod_61430_131511.jpg,,,,,,,,"<li>100&#37; combed ringspun cotton</li> <li>Soft hand feel</li> <li>Tailored fit</li> <li>Crew neck with 1x1 rib</li> <li>Self-fabric back neck tape</li> <li>New tear away back neck label</li> <li><b>Also available in ladies sizes code 61432, kids sizes code 61023 and girl&#39;s sizes code 61025</b></li>",2.24
171750,0000001716580,61430,TSHIRT,T-SHIRTS,MSSTSH,MENS SHORT SLEEVE T-SHIRT,FOTL,Fruit Of The Loom,ME0028,FR,Flame,0012  ,Small,Men's Iconic 150 T,2.09,1,12,72,02-01-2026 8:47,C,https://myebrochure.co.uk/images/colours/fotl/fotl-fr.jpg,https://myebrochure.co.uk/images/products/prod_11101_61430_164462.jpg,https://myebrochure.co.uk/images/products.small/prod_11101_61430_164462.jpg,https://myebrochure.co.uk/images/products.hires/prod_11101_61430_164462.jpg,https://myebrochure.co.uk/images/brands/fotl_23.png,https://myebrochure.co.uk/images/products.hires/prod_61430_131515.jpg,https://myebrochure.co.uk/images/products.hires/prod_61430_131513.jpg,https://myebrochure.co.uk/images/products.hires/prod_61430_131514.jpg,,,,,,,,"<li>100&#37; combed ringspun cotton</li> <li>Soft hand feel</li> <li>Tailored fit</li> <li>Crew neck with 1x1 rib</li> <li>Self-fabric back neck tape</li> <li>New tear away back neck label</li> <li><b>Also available in ladies sizes code 61432, kids sizes code 61023 and girl&#39;s sizes code 61025</b></li>",1.64
171751,0000001716597,61430,TSHIRT,T-SHIRTS,MSSTSH,MENS SHORT SLEEVE T-SHIRT,FOTL,Fruit Of The Loom,ME0028,FR,Flame,0012  ,Medium,Men's Iconic 150 T,2.09,1,12,72,02-01-2026 8:47,C,https://myebrochure.co.uk/images/colours/fotl/fotl-fr.jpg,https://myebrochure.co.uk/images/products/prod_11101_61430_164462.jpg,https://myebrochure.co.uk/images/products.small/prod_11101_61430_164462.jpg,https://myebrochure.co.uk/images/products.hires/prod_11101_61430_164462.jpg,https://myebrochure.co.uk/images/brands/fotl_23.png,https://myebrochure.co.uk/images/products.hires/prod_61430_131515.jpg,https://myebrochure.co.uk/images/products.hires/prod_61430_131513.jpg,https://myebrochure.co.uk/images/products.hires/prod_61430_131514.jpg,,,,,,,,"<li>100&#37; combed ringspun cotton</li> <li>Soft hand feel</li> <li>Tailored fit</li> <li>Crew neck with 1x1 rib</li> <li>Self-fabric back neck tape</li> <li>New tear away back neck label</li> <li><b>Also available in ladies sizes code 61432, kids sizes code 61023 and girl&#39;s sizes code 61025</b></li>",1.64
171752,0000001716603,61430,TSHIRT,T-SHIRTS,MSSTSH,MENS SHORT SLEEVE T-SHIRT,FOTL,Fruit Of The Loom,ME0028,FR,Flame,0012  ,Large,Men's Iconic 150 T,2.09,1,12,72,02-01-2026 8:47,C,https://myebrochure.co.uk/images/colours/fotl/fotl-fr.jpg,https://myebrochure.co.uk/images/products/prod_11101_61430_164462.jpg,https://myebrochure.co.uk/images/products.small/prod_11101_61430_164462.jpg,https://myebrochure.co.uk/images/products.hires/prod_11101_61430_164462.jpg,https://myebrochure.co.uk/images/brands/fotl_23.png,https://myebrochure.co.uk/images/products.hires/prod_61430_131515.jpg,https://myebrochure.co.uk/images/products.hires/prod_61430_131513.jpg,https://myebrochure.co.uk/images/products.hires/prod_61430_131514.jpg,,,,,,,,"<li>100&#37; combed ringspun cotton</li> <li>Soft hand feel</li> <li>Tailored fit</li> <li>Crew neck with 1x1 rib</li> <li>Self-fabric back neck tape</li> <li>New tear away back neck label</li> <li><b>Also available in ladies sizes code 61432, kids sizes code 61023 and girl&#39;s sizes code 61025</b></li>",1.64
171753,0000001716610,61430,TSHIRT,T-SHIRTS,MSSTSH,MENS SHORT SLEEVE T-SHIRT,FOTL,Fruit Of The Loom,ME0028,FR,Flame,0012  ,XL,Men's Iconic 150 T,2.09,1,12,72,02-01-2026 8:47,C,https://myebrochure.co.uk/images/colours/fotl/fotl-fr.jpg,https://myebrochure.co.uk/images/products/prod_11101_61430_164462.jpg,https://myebrochure.co.uk/images/products.small/prod_11101_61430_164462.jpg,https://myebrochure.co.uk/images/products.hires/prod_11101_61430_164462.jpg,https://myebrochure.co.uk/images/brands/fotl_23.png,https://myebrochure.co.uk/images/products.hires/prod_61430_131515.jpg,https://myebrochure.co.uk/images/products.hires/prod_61430_131513.jpg,https://myebrochure.co.uk/images/products.hires/prod_61430_131514.jpg,,,,,,,,"<li>100&#37; combed ringspun cotton</li> <li>Soft hand feel</li> <li>Tailored fit</li> <li>Crew neck with 1x1 rib</li> <li>Self-fabric back neck tape</li> <li>New tear away back neck label</li> <li><b>Also available in ladies sizes code 61432, kids sizes code 61023 and girl&#39;s sizes code 61025</b></li>",1.64
171754,0000001716627,61430,TSHIRT,T-SHIRTS,MSSTSH,MENS SHORT SLEEVE T-SHIRT,FOTL,Fruit Of The Loom,ME0028,FR,Flame,0012  ,2XL,Men's Iconic 150 T,2.09,1,12,72,02-01-2026 8:47,C,https://myebrochure.co.uk/images/colours/fotl/fotl-fr.jpg,https://myebrochure.co.uk/images/products/prod_11101_61430_164462.jpg,https://myebrochure.co.uk/images/products.small/prod_11101_61430_164462.jpg,https://myebrochure.co.uk/images/products.hires/prod_11101_61430_164462.jpg,https://myebrochure.co.uk/images/brands/fotl_23.png,https://myebrochure.co.uk/images/products.hires/prod_61430_131515.jpg,https://myebrochure.co.uk/images/products.hires/prod_61430_131513.jpg,https://myebrochure.co.uk/images/products.hires/prod_61430_131514.jpg,,,,,,,,"<li>100&#37; combed ringspun cotton</li> <li>Soft hand feel</li> <li>Tailored fit</li> <li>Crew neck with 1x1 rib</li> <li>Self-fabric back neck tape</li> <li>New tear away back neck label</li> <li><b>Also available in ladies sizes code 61432, kids sizes code 61023 and girl&#39;s sizes code 61025</b></li>",1.64
171755,0000001716634,61430,TSHIRT,T-SHIRTS,MSSTSH,MENS SHORT SLEEVE T-SHIRT,FOTL,Fruit Of The Loom,ME0028,FR,Flame,0012  ,3XL,Men's Iconic 150 T,2.85,1,12,36,02-01-2026 8:47,C,https://myebrochure.co.uk/images/colours/fotl/fotl-fr.jpg,https://myebrochure.co.uk/images/products/prod_11101_61430_164462.jpg,https://myebrochure.co.uk/images/products.small/prod_11101_61430_164462.jpg,https://myebrochure.co.uk/images/products.hires/prod_11101_61430_164462.jpg,https://myebrochure.co.uk/images/brands/fotl_23.png,https://myebrochure.co.uk/images/products.hires/prod_61430_131515.jpg,https://myebrochure.co.uk/images/products.hires/prod_61430_131513.jpg,https://myebrochure.co.uk/images/products.hires/prod_61430_131514.jpg,,,,,,,,"<li>100&#37; combed ringspun cotton</li> <li>Soft hand feel</li> <li>Tailored fit</li> <li>Crew neck with 1x1 rib</li> <li>Self-fabric back neck tape</li> <li>New tear away back neck label</li> <li><b>Also available in ladies sizes code 61432, kids sizes code 61023 and girl&#39;s sizes code 61025</b></li>",2.24
171758,0000001716665,61430,TSHIRT,T-SHIRTS,MSSTSH,MENS SHORT SLEEVE T-SHIRT,FOTL,Fruit Of The Loom,ME0028,94,Heather Grey,0012  ,Small,Men's Iconic 150 T,2.09,1,12,72,02-01-2026 8:47,C,https://myebrochure.co.uk/images/colours/fotl/fotl-94.jpg,https://myebrochure.co.uk/images/products/prod_11101_61430_164462.jpg,https://myebrochure.co.uk/images/products.small/prod_11101_61430_164462.jpg,https://myebrochure.co.uk/images/products.hires/prod_11101_61430_164462.jpg,https://myebrochure.co.uk/images/brands/fotl_23.png,https://myebrochure.co.uk/images/products.hires/prod_61430_131506.jpg,https://myebrochure.co.uk/images/products.hires/prod_61430_131504.jpg,https://myebrochure.co.uk/images/products.hires/prod_61430_131505.jpg,,,,,,,,"<li>100&#37; combed ringspun cotton</li> <li>Soft hand feel</li> <li>Tailored fit</li> <li>Crew neck with 1x1 rib</li> <li>Self-fabric back neck tape</li> <li>New tear away back neck label</li> <li><b>Also available in ladies sizes code 61432, kids sizes code 61023 and girl&#39;s sizes code 61025</b></li>",1.64
171759,0000001716672,61430,TSHIRT,T-SHIRTS,MSSTSH,MENS SHORT SLEEVE T-SHIRT,FOTL,Fruit Of The Loom,ME0028,94,Heather Grey,0012  ,Medium,Men's Iconic 150 T,2.09,1,12,72,02-01-2026 8:47,C,https://myebrochure.co.uk/images/colours/fotl/fotl-94.jpg,https://myebrochure.co.uk/images/products/prod_11101_61430_164462.jpg,https://myebrochure.co.uk/images/products.small/prod_11101_61430_164462.jpg,https://myebrochure.co.uk/images/products.hires/prod_11101_61430_164462.jpg,https://myebrochure.co.uk/images/brands/fotl_23.png,https://myebrochure.co.uk/images/products.hires/prod_61430_131506.jpg,https://myebrochure.co.uk/images/products.hires/prod_61430_131504.jpg,https://myebrochure.co.uk/images/products.hires/prod_61430_131505.jpg,,,,,,,,"<li>100&#37; combed ringspun cotton</li> <li>Soft hand feel</li> <li>Tailored fit</li> <li>Crew neck with 1x1 rib</li> <li>Self-fabric back neck tape</li> <li>New tear away back neck label</li> <li><b>Also available in ladies sizes code 61432, kids sizes code 61023 and girl&#39;s sizes code 61025</b></li>",1.64
171760,0000001716689,61430,TSHIRT,T-SHIRTS,MSSTSH,MENS SHORT SLEEVE T-SHIRT,FOTL,Fruit Of The Loom,ME0028,94,Heather Grey,0012  ,Large,Men's Iconic 150 T,2.09,1,12,72,02-01-2026 8:47,C,https://myebrochure.co.uk/images/colours/fotl/fotl-94.jpg,https://myebrochure.co.uk/images/products/prod_11101_61430_164462.jpg,https://myebrochure.co.uk/images/products.small/prod_11101_61430_164462.jpg,https://myebrochure.co.uk/images/products.hires/prod_11101_61430_164462.jpg,https://myebrochure.co.uk/images/brands/fotl_23.png,https://myebrochure.co.uk/images/products.hires/prod_61430_131506.jpg,https://myebrochure.co.uk/images/products.hires/prod_61430_131504.jpg,https://myebrochure.co.uk/images/products.hires/prod_61430_131505.jpg,,,,,,,,"<li>100&#37; combed ringspun cotton</li> <li>Soft hand feel</li> <li>Tailored fit</li> <li>Crew neck with 1x1 rib</li> <li>Self-fabric back neck tape</li> <li>New tear away back neck label</li> <li><b>Also available in ladies sizes code 61432, kids sizes code 61023 and girl&#39;s sizes code 61025</b></li>",1.64
171761,0000001716696,61430,TSHIRT,T-SHIRTS,MSSTSH,MENS SHORT SLEEVE T-SHIRT,FOTL,Fruit Of The Loom,ME0028,94,Heather Grey,0012  ,XL,Men's Iconic 150 T,2.09,1,12,72,02-01-2026 8:47,C,https://myebrochure.co.uk/images/colours/fotl/fotl-94.jpg,https://myebrochure.co.uk/images/products/prod_11101_61430_164462.jpg,https://myebrochure.co.uk/images/products.small/prod_11101_61430_164462.jpg,https://myebrochure.co.uk/images/products.hires/prod_11101_61430_164462.jpg,https://myebrochure.co.uk/images/brands/fotl_23.png,https://myebrochure.co.uk/images/products.hires/prod_61430_131506.jpg,https://myebrochure.co.uk/images/products.hires/prod_61430_131504.jpg,https://myebrochure.co.uk/images/products.hires/prod_61430_131505.jpg,,,,,,,,"<li>100&#37; combed ringspun cotton</li> <li>Soft hand feel</li> <li>Tailored fit</li> <li>Crew neck with 1x1 rib</li> <li>Self-fabric back neck tape</li> <li>New tear away back neck label</li> <li><b>Also available in ladies sizes code 61432, kids sizes code 61023 and girl&#39;s sizes code 61025</b></li>",1.64
171762,0000001716702,61430,TSHIRT,T-SHIRTS,MSSTSH,MENS SHORT SLEEVE T-SHIRT,FOTL,Fruit Of The Loom,ME0028,94,Heather Grey,0012  ,2XL,Men's Iconic 150 T,2.09,1,12,72,02-01-2026 8:47,C,https://myebrochure.co.uk/images/colours/fotl/fotl-94.jpg,https://myebrochure.co.uk/images/products/prod_11101_61430_164462.jpg,https://myebrochure.co.uk/images/products.small/prod_11101_61430_164462.jpg,https://myebrochure.co.uk/images/products.hires/prod_11101_61430_164462.jpg,https://myebrochure.co.uk/images/brands/fotl_23.png,https://myebrochure.co.uk/images/products.hires/prod_61430_131506.jpg,https://myebrochure.co.uk/images/products.hires/prod_61430_131504.jpg,https://myebrochure.co.uk/images/products.hires/prod_61430_131505.jpg,,,,,,,,"<li>100&#37; combed ringspun cotton</li> <li>Soft hand feel</li> <li>Tailored fit</li> <li>Crew neck with 1x1 rib</li> <li>Self-fabric back neck tape</li> <li>New tear away back neck label</li> <li><b>Also available in ladies sizes code 61432, kids sizes code 61023 and girl&#39;s sizes code 61025</b></li>",1.64
171763,0000001716719,61430,TSHIRT,T-SHIRTS,MSSTSH,MENS SHORT SLEEVE T-SHIRT,FOTL,Fruit Of The Loom,ME0028,94,Heather Grey,0012  ,3XL,Men's Iconic 150 T,2.85,1,12,36,02-01-2026 8:47,C,https://myebrochure.co.uk/images/colours/fotl/fotl-94.jpg,https://myebrochure.co.uk/images/products/prod_11101_61430_164462.jpg,https://myebrochure.co.uk/images/products.small/prod_11101_61430_164462.jpg,https://myebrochure.co.uk/images/products.hires/prod_11101_61430_164462.jpg,https://myebrochure.co.uk/images/brands/fotl_23.png,https://myebrochure.co.uk/images/products.hires/prod_61430_131506.jpg,https://myebrochure.co.uk/images/products.hires/prod_61430_131504.jpg,https://myebrochure.co.uk/images/products.hires/prod_61430_131505.jpg,,,,,,,,"<li>100&#37; combed ringspun cotton</li> <li>Soft hand feel</li> <li>Tailored fit</li> <li>Crew neck with 1x1 rib</li> <li>Self-fabric back neck tape</li> <li>New tear away back neck label</li> <li><b>Also available in ladies sizes code 61432, kids sizes code 61023 and girl&#39;s sizes code 61025</b></li>",2.24
171764,0000001716726,61430,TSHIRT,T-SHIRTS,MSSTSH,MENS SHORT SLEEVE T-SHIRT,FOTL,Fruit Of The Loom,ME0028,94,Heather Grey,0012  ,4XL,Men's Iconic 150 T,2.85,1,12,36,02-01-2026 8:47,C,https://myebrochure.co.uk/images/colours/fotl/fotl-94.jpg,https://myebrochure.co.uk/images/products/prod_11101_61430_164462.jpg,https://myebrochure.co.uk/images/products.small/prod_11101_61430_164462.jpg,https://myebrochure.co.uk/images/products.hires/prod_11101_61430_164462.jpg,https://myebrochure.co.uk/images/brands/fotl_23.png,https://myebrochure.co.uk/images/products.hires/prod_61430_131506.jpg,https://myebrochure.co.uk/images/products.hires/prod_61430_131504.jpg,https://myebrochure.co.uk/images/products.hires/prod_61430_131505.jpg,,,,,,,,"<li>100&#37; combed ringspun cotton</li> <li>Soft hand feel</li> <li>Tailored fit</li> <li>Crew neck with 1x1 rib</li> <li>Self-fabric back neck tape</li> <li>New tear away back neck label</li> <li><b>Also available in ladies sizes code 61432, kids sizes code 61023 and girl&#39;s sizes code 61025</b></li>",2.24
171765,0000001716733,61430,TSHIRT,T-SHIRTS,MSSTSH,MENS SHORT SLEEVE T-SHIRT,FOTL,Fruit Of The Loom,ME0028,94,Heather Grey,0012  ,5XL,Men's Iconic 150 T,2.85,1,12,36,02-01-2026 8:47,C,https://myebrochure.co.uk/images/colours/fotl/fotl-94.jpg,https://myebrochure.co.uk/images/products/prod_11101_61430_164462.jpg,https://myebrochure.co.uk/images/products.small/prod_11101_61430_164462.jpg,https://myebrochure.co.uk/images/products.hires/prod_11101_61430_164462.jpg,https://myebrochure.co.uk/images/brands/fotl_23.png,https://myebrochure.co.uk/images/products.hires/prod_61430_131506.jpg,https://myebrochure.co.uk/images/products.hires/prod_61430_131504.jpg,https://myebrochure.co.uk/images/products.hires/prod_61430_131505.jpg,,,,,,,,"<li>100&#37; combed ringspun cotton</li> <li>Soft hand feel</li> <li>Tailored fit</li> <li>Crew neck with 1x1 rib</li> <li>Self-fabric back neck tape</li> <li>New tear away back neck label</li> <li><b>Also available in ladies sizes code 61432, kids sizes code 61023 and girl&#39;s sizes code 61025</b></li>",2.24
171766,0000001716740,61430,TSHIRT,T-SHIRTS,MSSTSH,MENS SHORT SLEEVE T-SHIRT,FOTL,Fruit Of The Loom,ME0028,AZ,Deep Navy,0012  ,Small,Men's Iconic 150 T,2.09,1,12,72,02-01-2026 8:47,C,https://myebrochure.co.uk/images/colours/fotl/fotl-az.jpg,https://myebrochure.co.uk/images/products/prod_11101_61430_164462.jpg,https://myebrochure.co.uk/images/products.small/prod_11101_61430_164462.jpg,https://myebrochure.co.uk/images/products.hires/prod_11101_61430_164462.jpg,https://myebrochure.co.uk/images/brands/fotl_23.png,https://myebrochure.co.uk/images/products.hires/prod_61430_131509.jpg,https://myebrochure.co.uk/images/products.hires/prod_61430_131507.jpg,https://myebrochure.co.uk/images/products.hires/prod_61430_131508.jpg,,,,,,,,"<li>100&#37; combed ringspun cotton</li> <li>Soft hand feel</li> <li>Tailored fit</li> <li>Crew neck with 1x1 rib</li> <li>Self-fabric back neck tape</li> <li>New tear away back neck label</li> <li><b>Also available in ladies sizes code 61432, kids sizes code 61023 and girl&#39;s sizes code 61025</b></li>",1.64
171767,0000001716757,61430,TSHIRT,T-SHIRTS,MSSTSH,MENS SHORT SLEEVE T-SHIRT,FOTL,Fruit Of The Loom,ME0028,AZ,Deep Navy,0012  ,Medium,Men's Iconic 150 T,2.09,1,12,72,02-01-2026 8:47,C,https://myebrochure.co.uk/images/colours/fotl/fotl-az.jpg,https://myebrochure.co.uk/images/products/prod_11101_61430_164462.jpg,https://myebrochure.co.uk/images/products.small/prod_11101_61430_164462.jpg,https://myebrochure.co.uk/images/products.hires/prod_11101_61430_164462.jpg,https://myebrochure.co.uk/images/brands/fotl_23.png,https://myebrochure.co.uk/images/products.hires/prod_61430_131509.jpg,https://myebrochure.co.uk/images/products.hires/prod_61430_131507.jpg,https://myebrochure.co.uk/images/products.hires/prod_61430_131508.jpg,,,,,,,,"<li>100&#37; combed ringspun cotton</li> <li>Soft hand feel</li> <li>Tailored fit</li> <li>Crew neck with 1x1 rib</li> <li>Self-fabric back neck tape</li> <li>New tear away back neck label</li> <li><b>Also available in ladies sizes code 61432, kids sizes code 61023 and girl&#39;s sizes code 61025</b></li>",1.64
171768,0000001716764,61430,TSHIRT,T-SHIRTS,MSSTSH,MENS SHORT SLEEVE T-SHIRT,FOTL,Fruit Of The Loom,ME0028,AZ,Deep Navy,0012  ,Large,Men's Iconic 150 T,2.09,1,12,72,02-01-2026 8:47,C,https://myebrochure.co.uk/images/colours/fotl/fotl-az.jpg,https://myebrochure.co.uk/images/products/prod_11101_61430_164462.jpg,https://myebrochure.co.uk/images/products.small/prod_11101_61430_164462.jpg,https://myebrochure.co.uk/images/products.hires/prod_11101_61430_164462.jpg,https://myebrochure.co.uk/images/brands/fotl_23.png,https://myebrochure.co.uk/images/products.hires/prod_61430_131509.jpg,https://myebrochure.co.uk/images/products.hires/prod_61430_131507.jpg,https://myebrochure.co.uk/images/products.hires/prod_61430_131508.jpg,,,,,,,,"<li>100&#37; combed ringspun cotton</li> <li>Soft hand feel</li> <li>Tailored fit</li> <li>Crew neck with 1x1 rib</li> <li>Self-fabric back neck tape</li> <li>New tear away back neck label</li> <li><b>Also available in ladies sizes code 61432, kids sizes code 61023 and girl&#39;s sizes code 61025</b></li>",1.64
171769,0000001716771,61430,TSHIRT,T-SHIRTS,MSSTSH,MENS SHORT SLEEVE T-SHIRT,FOTL,Fruit Of The Loom,ME0028,AZ,Deep Navy,0012  ,XL,Men's Iconic 150 T,2.09,1,12,72,02-01-2026 8:47,C,https://myebrochure.co.uk/images/colours/fotl/fotl-az.jpg,https://myebrochure.co.uk/images/products/prod_11101_61430_164462.jpg,https://myebrochure.co.uk/images/products.small/prod_11101_61430_164462.jpg,https://myebrochure.co.uk/images/products.hires/prod_11101_61430_164462.jpg,https://myebrochure.co.uk/images/brands/fotl_23.png,https://myebrochure.co.uk/images/products.hires/prod_61430_131509.jpg,https://myebrochure.co.uk/images/products.hires/prod_61430_131507.jpg,https://myebrochure.co.uk/images/products.hires/prod_61430_131508.jpg,,,,,,,,"<li>100&#37; combed ringspun cotton</li> <li>Soft hand feel</li> <li>Tailored fit</li> <li>Crew neck with 1x1 rib</li> <li>Self-fabric back neck tape</li> <li>New tear away back neck label</li> <li><b>Also available in ladies sizes code 61432, kids sizes code 61023 and girl&#39;s sizes code 61025</b></li>",1.64
171770,0000001716788,61430,TSHIRT,T-SHIRTS,MSSTSH,MENS SHORT SLEEVE T-SHIRT,FOTL,Fruit Of The Loom,ME0028,AZ,Deep Navy,0012  ,2XL,Men's Iconic 150 T,2.09,1,12,72,02-01-2026 8:47,C,https://myebrochure.co.uk/images/colours/fotl/fotl-az.jpg,https://myebrochure.co.uk/images/products/prod_11101_61430_164462.jpg,https://myebrochure.co.uk/images/products.small/prod_11101_61430_164462.jpg,https://myebrochure.co.uk/images/products.hires/prod_11101_61430_164462.jpg,https://myebrochure.co.uk/images/brands/fotl_23.png,https://myebrochure.co.uk/images/products.hires/prod_61430_131509.jpg,https://myebrochure.co.uk/images/products.hires/prod_61430_131507.jpg,https://myebrochure.co.uk/images/products.hires/prod_61430_131508.jpg,,,,,,,,"<li>100&#37; combed ringspun cotton</li> <li>Soft hand feel</li> <li>Tailored fit</li> <li>Crew neck with 1x1 rib</li> <li>Self-fabric back neck tape</li> <li>New tear away back neck label</li> <li><b>Also available in ladies sizes code 61432, kids sizes code 61023 and girl&#39;s sizes code 61025</b></li>",1.64
171771,0000001716795,61430,TSHIRT,T-SHIRTS,MSSTSH,MENS SHORT SLEEVE T-SHIRT,FOTL,Fruit Of The Loom,ME0028,AZ,Deep Navy,0012  ,3XL,Men's Iconic 150 T,2.85,1,12,36,02-01-2026 8:47,C,https://myebrochure.co.uk/images/colours/fotl/fotl-az.jpg,https://myebrochure.co.uk/images/products/prod_11101_61430_164462.jpg,https://myebrochure.co.uk/images/products.small/prod_11101_61430_164462.jpg,https://myebrochure.co.uk/images/products.hires/prod_11101_61430_164462.jpg,https://myebrochure.co.uk/images/brands/fotl_23.png,https://myebrochure.co.uk/images/products.hires/prod_61430_131509.jpg,https://myebrochure.co.uk/images/products.hires/prod_61430_131507.jpg,https://myebrochure.co.uk/images/products.hires/prod_61430_131508.jpg,,,,,,,,"<li>100&#37; combed ringspun cotton</li> <li>Soft hand feel</li> <li>Tailored fit</li> <li>Crew neck with 1x1 rib</li> <li>Self-fabric back neck tape</li> <li>New tear away back neck label</li> <li><b>Also available in ladies sizes code 61432, kids sizes code 61023 and girl&#39;s sizes code 61025</b></li>",2.24
171772,0000001716801,61430,TSHIRT,T-SHIRTS,MSSTSH,MENS SHORT SLEEVE T-SHIRT,FOTL,Fruit Of The Loom,ME0028,AZ,Deep Navy,0012  ,4XL,Men's Iconic 150 T,2.85,1,12,36,02-01-2026 8:47,C,https://myebrochure.co.uk/images/colours/fotl/fotl-az.jpg,https://myebrochure.co.uk/images/products/prod_11101_61430_164462.jpg,https://myebrochure.co.uk/images/products.small/prod_11101_61430_164462.jpg,https://myebrochure.co.uk/images/products.hires/prod_11101_61430_164462.jpg,https://myebrochure.co.uk/images/brands/fotl_23.png,https://myebrochure.co.uk/images/products.hires/prod_61430_131509.jpg,https://myebrochure.co.uk/images/products.hires/prod_61430_131507.jpg,https://myebrochure.co.uk/images/products.hires/prod_61430_131508.jpg,,,,,,,,"<li>100&#37; combed ringspun cotton</li> <li>Soft hand feel</li> <li>Tailored fit</li> <li>Crew neck with 1x1 rib</li> <li>Self-fabric back neck tape</li> <li>New tear away back neck label</li> <li><b>Also available in ladies sizes code 61432, kids sizes code 61023 and girl&#39;s sizes code 61025</b></li>",2.24
171774,0000001716825,61430,TSHIRT,T-SHIRTS,MSSTSH,MENS SHORT SLEEVE T-SHIRT,FOTL,Fruit Of The Loom,ME0028,GL,Light Graphite,0012  ,Small,Men's Iconic 150 T,2.09,1,12,72,02-01-2026 8:47,C,https://myebrochure.co.uk/images/colours/fotl/fotl-gl.jpg,https://myebrochure.co.uk/images/products/prod_11101_61430_164462.jpg,https://myebrochure.co.uk/images/products.small/prod_11101_61430_164462.jpg,https://myebrochure.co.uk/images/products.hires/prod_11101_61430_164462.jpg,https://myebrochure.co.uk/images/brands/fotl_23.png,https://myebrochure.co.uk/images/products.hires/prod_61430_131518.jpg,https://myebrochure.co.uk/images/products.hires/prod_61430_131516.jpg,https://myebrochure.co.uk/images/products.hires/prod_61430_131517.jpg,,,,,,,,"<li>100&#37; combed ringspun cotton</li> <li>Soft hand feel</li> <li>Tailored fit</li> <li>Crew neck with 1x1 rib</li> <li>Self-fabric back neck tape</li> <li>New tear away back neck label</li> <li><b>Also available in ladies sizes code 61432, kids sizes code 61023 and girl&#39;s sizes code 61025</b></li>",1.64
171775,0000001716832,61430,TSHIRT,T-SHIRTS,MSSTSH,MENS SHORT SLEEVE T-SHIRT,FOTL,Fruit Of The Loom,ME0028,GL,Light Graphite,0012  ,Medium,Men's Iconic 150 T,2.09,1,12,72,02-01-2026 8:47,C,https://myebrochure.co.uk/images/colours/fotl/fotl-gl.jpg,https://myebrochure.co.uk/images/products/prod_11101_61430_164462.jpg,https://myebrochure.co.uk/images/products.small/prod_11101_61430_164462.jpg,https://myebrochure.co.uk/images/products.hires/prod_11101_61430_164462.jpg,https://myebrochure.co.uk/images/brands/fotl_23.png,https://myebrochure.co.uk/images/products.hires/prod_61430_131518.jpg,https://myebrochure.co.uk/images/products.hires/prod_61430_131516.jpg,https://myebrochure.co.uk/images/products.hires/prod_61430_131517.jpg,,,,,,,,"<li>100&#37; combed ringspun cotton</li> <li>Soft hand feel</li> <li>Tailored fit</li> <li>Crew neck with 1x1 rib</li> <li>Self-fabric back neck tape</li> <li>New tear away back neck label</li> <li><b>Also available in ladies sizes code 61432, kids sizes code 61023 and girl&#39;s sizes code 61025</b></li>",1.64
171776,0000001716849,61430,TSHIRT,T-SHIRTS,MSSTSH,MENS SHORT SLEEVE T-SHIRT,FOTL,Fruit Of The Loom,ME0028,GL,Light Graphite,0012  ,Large,Men's Iconic 150 T,2.09,1,12,72,02-01-2026 8:47,C,https://myebrochure.co.uk/images/colours/fotl/fotl-gl.jpg,https://myebrochure.co.uk/images/products/prod_11101_61430_164462.jpg,https://myebrochure.co.uk/images/products.small/prod_11101_61430_164462.jpg,https://myebrochure.co.uk/images/products.hires/prod_11101_61430_164462.jpg,https://myebrochure.co.uk/images/brands/fotl_23.png,https://myebrochure.co.uk/images/products.hires/prod_61430_131518.jpg,https://myebrochure.co.uk/images/products.hires/prod_61430_131516.jpg,https://myebrochure.co.uk/images/products.hires/prod_61430_131517.jpg,,,,,,,,"<li>100&#37; combed ringspun cotton</li> <li>Soft hand feel</li> <li>Tailored fit</li> <li>Crew neck with 1x1 rib</li> <li>Self-fabric back neck tape</li> <li>New tear away back neck label</li> <li><b>Also available in ladies sizes code 61432, kids sizes code 61023 and girl&#39;s sizes code 61025</b></li>",1.64
171777,0000001716856,61430,TSHIRT,T-SHIRTS,MSSTSH,MENS SHORT SLEEVE T-SHIRT,FOTL,Fruit Of The Loom,ME0028,GL,Light Graphite,0012  ,XL,Men's Iconic 150 T,2.09,1,12,72,02-01-2026 8:47,C,https://myebrochure.co.uk/images/colours/fotl/fotl-gl.jpg,https://myebrochure.co.uk/images/products/prod_11101_61430_164462.jpg,https://myebrochure.co.uk/images/products.small/prod_11101_61430_164462.jpg,https://myebrochure.co.uk/images/products.hires/prod_11101_61430_164462.jpg,https://myebrochure.co.uk/images/brands/fotl_23.png,https://myebrochure.co.uk/images/products.hires/prod_61430_131518.jpg,https://myebrochure.co.uk/images/products.hires/prod_61430_131516.jpg,https://myebrochure.co.uk/images/products.hires/prod_61430_131517.jpg,,,,,,,,"<li>100&#37; combed ringspun cotton</li> <li>Soft hand feel</li> <li>Tailored fit</li> <li>Crew neck with 1x1 rib</li> <li>Self-fabric back neck tape</li> <li>New tear away back neck label</li> <li><b>Also available in ladies sizes code 61432, kids sizes code 61023 and girl&#39;s sizes code 61025</b></li>",1.64
171778,0000001716863,61430,TSHIRT,T-SHIRTS,MSSTSH,MENS SHORT SLEEVE T-SHIRT,FOTL,Fruit Of The Loom,ME0028,GL,Light Graphite,0012  ,2XL,Men's Iconic 150 T,2.09,1,12,72,02-01-2026 8:47,C,https://myebrochure.co.uk/images/colours/fotl/fotl-gl.jpg,https://myebrochure.co.uk/images/products/prod_11101_61430_164462.jpg,https://myebrochure.co.uk/images/products.small/prod_11101_61430_164462.jpg,https://myebrochure.co.uk/images/products.hires/prod_11101_61430_164462.jpg,https://myebrochure.co.uk/images/brands/fotl_23.png,https://myebrochure.co.uk/images/products.hires/prod_61430_131518.jpg,https://myebrochure.co.uk/images/products.hires/prod_61430_131516.jpg,https://myebrochure.co.uk/images/products.hires/prod_61430_131517.jpg,,,,,,,,"<li>100&#37; combed ringspun cotton</li> <li>Soft hand feel</li> <li>Tailored fit</li> <li>Crew neck with 1x1 rib</li> <li>Self-fabric back neck tape</li> <li>New tear away back neck label</li> <li><b>Also available in ladies sizes code 61432, kids sizes code 61023 and girl&#39;s sizes code 61025</b></li>",1.64
171779,0000001716870,61430,TSHIRT,T-SHIRTS,MSSTSH,MENS SHORT SLEEVE T-SHIRT,FOTL,Fruit Of The Loom,ME0028,GL,Light Graphite,0012  ,3XL,Men's Iconic 150 T,2.85,1,12,36,02-01-2026 8:47,C,https://myebrochure.co.uk/images/colours/fotl/fotl-gl.jpg,https://myebrochure.co.uk/images/products/prod_11101_61430_164462.jpg,https://myebrochure.co.uk/images/products.small/prod_11101_61430_164462.jpg,https://myebrochure.co.uk/images/products.hires/prod_11101_61430_164462.jpg,https://myebrochure.co.uk/images/brands/fotl_23.png,https://myebrochure.co.uk/images/products.hires/prod_61430_131518.jpg,https://myebrochure.co.uk/images/products.hires/prod_61430_131516.jpg,https://myebrochure.co.uk/images/products.hires/prod_61430_131517.jpg,,,,,,,,"<li>100&#37; combed ringspun cotton</li> <li>Soft hand feel</li> <li>Tailored fit</li> <li>Crew neck with 1x1 rib</li> <li>Self-fabric back neck tape</li> <li>New tear away back neck label</li> <li><b>Also available in ladies sizes code 61432, kids sizes code 61023 and girl&#39;s sizes code 61025</b></li>",2.24
171782,0000001716900,61430,TSHIRT,T-SHIRTS,MSSTSH,MENS SHORT SLEEVE T-SHIRT,FOTL,Fruit Of The Loom,ME0028,TM,Forest Green,0012  ,Small,Men's Iconic 150 T,2.09,1,12,72,02-01-2026 8:47,C,https://myebrochure.co.uk/images/colours/fotl/fotl-tm.jpg,https://myebrochure.co.uk/images/products/prod_11101_61430_164462.jpg,https://myebrochure.co.uk/images/products.small/prod_11101_61430_164462.jpg,https://myebrochure.co.uk/images/products.hires/prod_11101_61430_164462.jpg,https://myebrochure.co.uk/images/brands/fotl_23.png,https://myebrochure.co.uk/images/products.hires/prod_61430_131530.jpg,https://myebrochure.co.uk/images/products.hires/prod_61430_131528.jpg,https://myebrochure.co.uk/images/products.hires/prod_61430_131529.jpg,,,,,,,,"<li>100&#37; combed ringspun cotton</li> <li>Soft hand feel</li> <li>Tailored fit</li> <li>Crew neck with 1x1 rib</li> <li>Self-fabric back neck tape</li> <li>New tear away back neck label</li> <li><b>Also available in ladies sizes code 61432, kids sizes code 61023 and girl&#39;s sizes code 61025</b></li>",1.64
171783,0000001716917,61430,TSHIRT,T-SHIRTS,MSSTSH,MENS SHORT SLEEVE T-SHIRT,FOTL,Fruit Of The Loom,ME0028,TM,Forest Green,0012  ,Medium,Men's Iconic 150 T,2.09,1,12,72,02-01-2026 8:47,C,https://myebrochure.co.uk/images/colours/fotl/fotl-tm.jpg,https://myebrochure.co.uk/images/products/prod_11101_61430_164462.jpg,https://myebrochure.co.uk/images/products.small/prod_11101_61430_164462.jpg,https://myebrochure.co.uk/images/products.hires/prod_11101_61430_164462.jpg,https://myebrochure.co.uk/images/brands/fotl_23.png,https://myebrochure.co.uk/images/products.hires/prod_61430_131530.jpg,https://myebrochure.co.uk/images/products.hires/prod_61430_131528.jpg,https://myebrochure.co.uk/images/products.hires/prod_61430_131529.jpg,,,,,,,,"<li>100&#37; combed ringspun cotton</li> <li>Soft hand feel</li> <li>Tailored fit</li> <li>Crew neck with 1x1 rib</li> <li>Self-fabric back neck tape</li> <li>New tear away back neck label</li> <li><b>Also available in ladies sizes code 61432, kids sizes code 61023 and girl&#39;s sizes code 61025</b></li>",1.64
171784,0000001716924,61430,TSHIRT,T-SHIRTS,MSSTSH,MENS SHORT SLEEVE T-SHIRT,FOTL,Fruit Of The Loom,ME0028,TM,Forest Green,0012  ,Large,Men's Iconic 150 T,2.09,1,12,72,02-01-2026 8:47,C,https://myebrochure.co.uk/images/colours/fotl/fotl-tm.jpg,https://myebrochure.co.uk/images/products/prod_11101_61430_164462.jpg,https://myebrochure.co.uk/images/products.small/prod_11101_61430_164462.jpg,https://myebrochure.co.uk/images/products.hires/prod_11101_61430_164462.jpg,https://myebrochure.co.uk/images/brands/fotl_23.png,https://myebrochure.co.uk/images/products.hires/prod_61430_131530.jpg,https://myebrochure.co.uk/images/products.hires/prod_61430_131528.jpg,https://myebrochure.co.uk/images/products.hires/prod_61430_131529.jpg,,,,,,,,"<li>100&#37; combed ringspun cotton</li> <li>Soft hand feel</li> <li>Tailored fit</li> <li>Crew neck with 1x1 rib</li> <li>Self-fabric back neck tape</li> <li>New tear away back neck label</li> <li><b>Also available in ladies sizes code 61432, kids sizes code 61023 and girl&#39;s sizes code 61025</b></li>",1.64
171785,0000001716931,61430,TSHIRT,T-SHIRTS,MSSTSH,MENS SHORT SLEEVE T-SHIRT,FOTL,Fruit Of The Loom,ME0028,TM,Forest Green,0012  ,XL,Men's Iconic 150 T,2.09,1,12,72,02-01-2026 8:47,C,https://myebrochure.co.uk/images/colours/fotl/fotl-tm.jpg,https://myebrochure.co.uk/images/products/prod_11101_61430_164462.jpg,https://myebrochure.co.uk/images/products.small/prod_11101_61430_164462.jpg,https://myebrochure.co.uk/images/products.hires/prod_11101_61430_164462.jpg,https://myebrochure.co.uk/images/brands/fotl_23.png,https://myebrochure.co.uk/images/products.hires/prod_61430_131530.jpg,https://myebrochure.co.uk/images/products.hires/prod_61430_131528.jpg,https://myebrochure.co.uk/images/products.hires/prod_61430_131529.jpg,,,,,,,,"<li>100&#37; combed ringspun cotton</li> <li>Soft hand feel</li> <li>Tailored fit</li> <li>Crew neck with 1x1 rib</li> <li>Self-fabric back neck tape</li> <li>New tear away back neck label</li> <li><b>Also available in ladies sizes code 61432, kids sizes code 61023 and girl&#39;s sizes code 61025</b></li>",1.64
171786,0000001716948,61430,TSHIRT,T-SHIRTS,MSSTSH,MENS SHORT SLEEVE T-SHIRT,FOTL,Fruit Of The Loom,ME0028,TM,Forest Green,0012  ,2XL,Men's Iconic 150 T,2.09,1,12,72,02-01-2026 8:47,C,https://myebrochure.co.uk/images/colours/fotl/fotl-tm.jpg,https://myebrochure.co.uk/images/products/prod_11101_61430_164462.jpg,https://myebrochure.co.uk/images/products.small/prod_11101_61430_164462.jpg,https://myebrochure.co.uk/images/products.hires/prod_11101_61430_164462.jpg,https://myebrochure.co.uk/images/brands/fotl_23.png,https://myebrochure.co.uk/images/products.hires/prod_61430_131530.jpg,https://myebrochure.co.uk/images/products.hires/prod_61430_131528.jpg,https://myebrochure.co.uk/images/products.hires/prod_61430_131529.jpg,,,,,,,,"<li>100&#37; combed ringspun cotton</li> <li>Soft hand feel</li> <li>Tailored fit</li> <li>Crew neck with 1x1 rib</li> <li>Self-fabric back neck tape</li> <li>New tear away back neck label</li> <li><b>Also available in ladies sizes code 61432, kids sizes code 61023 and girl&#39;s sizes code 61025</b></li>",1.64
171787,0000001716955,61430,TSHIRT,T-SHIRTS,MSSTSH,MENS SHORT SLEEVE T-SHIRT,FOTL,Fruit Of The Loom,ME0028,TM,Forest Green,0012  ,3XL,Men's Iconic 150 T,2.85,1,12,36,02-01-2026 8:47,C,https://myebrochure.co.uk/images/colours/fotl/fotl-tm.jpg,https://myebrochure.co.uk/images/products/prod_11101_61430_164462.jpg,https://myebrochure.co.uk/images/products.small/prod_11101_61430_164462.jpg,https://myebrochure.co.uk/images/products.hires/prod_11101_61430_164462.jpg,https://myebrochure.co.uk/images/brands/fotl_23.png,https://myebrochure.co.uk/images/products.hires/prod_61430_131530.jpg,https://myebrochure.co.uk/images/products.hires/prod_61430_131528.jpg,https://myebrochure.co.uk/images/products.hires/prod_61430_131529.jpg,,,,,,,,"<li>100&#37; combed ringspun cotton</li> <li>Soft hand feel</li> <li>Tailored fit</li> <li>Crew neck with 1x1 rib</li> <li>Self-fabric back neck tape</li> <li>New tear away back neck label</li> <li><b>Also available in ladies sizes code 61432, kids sizes code 61023 and girl&#39;s sizes code 61025</b></li>",2.24
171790,0000001716986,61430,TSHIRT,T-SHIRTS,MSSTSH,MENS SHORT SLEEVE T-SHIRT,FOTL,Fruit Of The Loom,ME0028,XW,Zinc,0012  ,Small,Men's Iconic 150 T,2.09,1,12,72,02-01-2026 8:47,C,https://myebrochure.co.uk/images/colours/fotl/fotl-xw.jpg,https://myebrochure.co.uk/images/products/prod_11101_61430_164462.jpg,https://myebrochure.co.uk/images/products.small/prod_11101_61430_164462.jpg,https://myebrochure.co.uk/images/products.hires/prod_11101_61430_164462.jpg,https://myebrochure.co.uk/images/brands/fotl_23.png,https://myebrochure.co.uk/images/products.hires/prod_61430_131536.jpg,https://myebrochure.co.uk/images/products.hires/prod_61430_131534.jpg,https://myebrochure.co.uk/images/products.hires/prod_61430_131535.jpg,,,,,,,,"<li>100&#37; combed ringspun cotton</li> <li>Soft hand feel</li> <li>Tailored fit</li> <li>Crew neck with 1x1 rib</li> <li>Self-fabric back neck tape</li> <li>New tear away back neck label</li> <li><b>Also available in ladies sizes code 61432, kids sizes code 61023 and girl&#39;s sizes code 61025</b></li>",1.64
171791,0000001716993,61430,TSHIRT,T-SHIRTS,MSSTSH,MENS SHORT SLEEVE T-SHIRT,FOTL,Fruit Of The Loom,ME0028,XW,Zinc,0012  ,Medium,Men's Iconic 150 T,2.09,1,12,72,02-01-2026 8:47,C,https://myebrochure.co.uk/images/colours/fotl/fotl-xw.jpg,https://myebrochure.co.uk/images/products/prod_11101_61430_164462.jpg,https://myebrochure.co.uk/images/products.small/prod_11101_61430_164462.jpg,https://myebrochure.co.uk/images/products.hires/prod_11101_61430_164462.jpg,https://myebrochure.co.uk/images/brands/fotl_23.png,https://myebrochure.co.uk/images/products.hires/prod_61430_131536.jpg,https://myebrochure.co.uk/images/products.hires/prod_61430_131534.jpg,https://myebrochure.co.uk/images/products.hires/prod_61430_131535.jpg,,,,,,,,"<li>100&#37; combed ringspun cotton</li> <li>Soft hand feel</li> <li>Tailored fit</li> <li>Crew neck with 1x1 rib</li> <li>Self-fabric back neck tape</li> <li>New tear away back neck label</li> <li><b>Also available in ladies sizes code 61432, kids sizes code 61023 and girl&#39;s sizes code 61025</b></li>",1.64
171792,0000001717006,61430,TSHIRT,T-SHIRTS,MSSTSH,MENS SHORT SLEEVE T-SHIRT,FOTL,Fruit Of The Loom,ME0028,XW,Zinc,0012  ,Large,Men's Iconic 150 T,2.09,1,12,72,02-01-2026 8:47,C,https://myebrochure.co.uk/images/colours/fotl/fotl-xw.jpg,https://myebrochure.co.uk/images/products/prod_11101_61430_164462.jpg,https://myebrochure.co.uk/images/products.small/prod_11101_61430_164462.jpg,https://myebrochure.co.uk/images/products.hires/prod_11101_61430_164462.jpg,https://myebrochure.co.uk/images/brands/fotl_23.png,https://myebrochure.co.uk/images/products.hires/prod_61430_131536.jpg,https://myebrochure.co.uk/images/products.hires/prod_61430_131534.jpg,https://myebrochure.co.uk/images/products.hires/prod_61430_131535.jpg,,,,,,,,"<li>100&#37; combed ringspun cotton</li> <li>Soft hand feel</li> <li>Tailored fit</li> <li>Crew neck with 1x1 rib</li> <li>Self-fabric back neck tape</li> <li>New tear away back neck label</li> <li><b>Also available in ladies sizes code 61432, kids sizes code 61023 and girl&#39;s sizes code 61025</b></li>",1.64
171793,0000001717013,61430,TSHIRT,T-SHIRTS,MSSTSH,MENS SHORT SLEEVE T-SHIRT,FOTL,Fruit Of The Loom,ME0028,XW,Zinc,0012  ,XL,Men's Iconic 150 T,2.09,1,12,72,02-01-2026 8:47,C,https://myebrochure.co.uk/images/colours/fotl/fotl-xw.jpg,https://myebrochure.co.uk/images/products/prod_11101_61430_164462.jpg,https://myebrochure.co.uk/images/products.small/prod_11101_61430_164462.jpg,https://myebrochure.co.uk/images/products.hires/prod_11101_61430_164462.jpg,https://myebrochure.co.uk/images/brands/fotl_23.png,https://myebrochure.co.uk/images/products.hires/prod_61430_131536.jpg,https://myebrochure.co.uk/images/products.hires/prod_61430_131534.jpg,https://myebrochure.co.uk/images/products.hires/prod_61430_131535.jpg,,,,,,,,"<li>100&#37; combed ringspun cotton</li> <li>Soft hand feel</li> <li>Tailored fit</li> <li>Crew neck with 1x1 rib</li> <li>Self-fabric back neck tape</li> <li>New tear away back neck label</li> <li><b>Also available in ladies sizes code 61432, kids sizes code 61023 and girl&#39;s sizes code 61025</b></li>",1.64
171794,0000001717020,61430,TSHIRT,T-SHIRTS,MSSTSH,MENS SHORT SLEEVE T-SHIRT,FOTL,Fruit Of The Loom,ME0028,XW,Zinc,0012  ,2XL,Men's Iconic 150 T,2.09,1,12,72,02-01-2026 8:47,C,https://myebrochure.co.uk/images/colours/fotl/fotl-xw.jpg,https://myebrochure.co.uk/images/products/prod_11101_61430_164462.jpg,https://myebrochure.co.uk/images/products.small/prod_11101_61430_164462.jpg,https://myebrochure.co.uk/images/products.hires/prod_11101_61430_164462.jpg,https://myebrochure.co.uk/images/brands/fotl_23.png,https://myebrochure.co.uk/images/products.hires/prod_61430_131536.jpg,https://myebrochure.co.uk/images/products.hires/prod_61430_131534.jpg,https://myebrochure.co.uk/images/products.hires/prod_61430_131535.jpg,,,,,,,,"<li>100&#37; combed ringspun cotton</li> <li>Soft hand feel</li> <li>Tailored fit</li> <li>Crew neck with 1x1 rib</li> <li>Self-fabric back neck tape</li> <li>New tear away back neck label</li> <li><b>Also available in ladies sizes code 61432, kids sizes code 61023 and girl&#39;s sizes code 61025</b></li>",1.64
171795,0000001717037,61430,TSHIRT,T-SHIRTS,MSSTSH,MENS SHORT SLEEVE T-SHIRT,FOTL,Fruit Of The Loom,ME0028,XW,Zinc,0012  ,3XL,Men's Iconic 150 T,2.85,1,12,36,02-01-2026 8:47,C,https://myebrochure.co.uk/images/colours/fotl/fotl-xw.jpg,https://myebrochure.co.uk/images/products/prod_11101_61430_164462.jpg,https://myebrochure.co.uk/images/products.small/prod_11101_61430_164462.jpg,https://myebrochure.co.uk/images/products.hires/prod_11101_61430_164462.jpg,https://myebrochure.co.uk/images/brands/fotl_23.png,https://myebrochure.co.uk/images/products.hires/prod_61430_131536.jpg,https://myebrochure.co.uk/images/products.hires/prod_61430_131534.jpg,https://myebrochure.co.uk/images/products.hires/prod_61430_131535.jpg,,,,,,,,"<li>100&#37; combed ringspun cotton</li> <li>Soft hand feel</li> <li>Tailored fit</li> <li>Crew neck with 1x1 rib</li> <li>Self-fabric back neck tape</li> <li>New tear away back neck label</li> <li><b>Also available in ladies sizes code 61432, kids sizes code 61023 and girl&#39;s sizes code 61025</b></li>",2.24
171798,0000001717068,61430,TSHIRT,T-SHIRTS,MSSTSH,MENS SHORT SLEEVE T-SHIRT,FOTL,Fruit Of The Loom,ME0028,HD,Dark Heather,0012  ,Small,Men's Iconic 150 T,2.09,1,12,72,02-01-2026 8:47,C,https://myebrochure.co.uk/images/colours/fotl/fotl-hd.jpg,https://myebrochure.co.uk/images/products/prod_11101_61430_164462.jpg,https://myebrochure.co.uk/images/products.small/prod_11101_61430_164462.jpg,https://myebrochure.co.uk/images/products.hires/prod_11101_61430_164462.jpg,https://myebrochure.co.uk/images/brands/fotl_23.png,https://myebrochure.co.uk/images/products.hires/prod_61430_131524.jpg,https://myebrochure.co.uk/images/products.hires/prod_61430_131522.jpg,https://myebrochure.co.uk/images/products.hires/prod_61430_131523.jpg,,,,,,,,"<li>100&#37; combed ringspun cotton</li> <li>Soft hand feel</li> <li>Tailored fit</li> <li>Crew neck with 1x1 rib</li> <li>Self-fabric back neck tape</li> <li>New tear away back neck label</li> <li><b>Also available in ladies sizes code 61432, kids sizes code 61023 and girl&#39;s sizes code 61025</b></li>",1.64
171799,0000001717075,61430,TSHIRT,T-SHIRTS,MSSTSH,MENS SHORT SLEEVE T-SHIRT,FOTL,Fruit Of The Loom,ME0028,HD,Dark Heather,0012  ,Medium,Men's Iconic 150 T,2.09,1,12,72,02-01-2026 8:47,C,https://myebrochure.co.uk/images/colours/fotl/fotl-hd.jpg,https://myebrochure.co.uk/images/products/prod_11101_61430_164462.jpg,https://myebrochure.co.uk/images/products.small/prod_11101_61430_164462.jpg,https://myebrochure.co.uk/images/products.hires/prod_11101_61430_164462.jpg,https://myebrochure.co.uk/images/brands/fotl_23.png,https://myebrochure.co.uk/images/products.hires/prod_61430_131524.jpg,https://myebrochure.co.uk/images/products.hires/prod_61430_131522.jpg,https://myebrochure.co.uk/images/products.hires/prod_61430_131523.jpg,,,,,,,,"<li>100&#37; combed ringspun cotton</li> <li>Soft hand feel</li> <li>Tailored fit</li> <li>Crew neck with 1x1 rib</li> <li>Self-fabric back neck tape</li> <li>New tear away back neck label</li> <li><b>Also available in ladies sizes code 61432, kids sizes code 61023 and girl&#39;s sizes code 61025</b></li>",1.64
171800,0000001717082,61430,TSHIRT,T-SHIRTS,MSSTSH,MENS SHORT SLEEVE T-SHIRT,FOTL,Fruit Of The Loom,ME0028,HD,Dark Heather,0012  ,Large,Men's Iconic 150 T,2.09,1,12,72,02-01-2026 8:47,C,https://myebrochure.co.uk/images/colours/fotl/fotl-hd.jpg,https://myebrochure.co.uk/images/products/prod_11101_61430_164462.jpg,https://myebrochure.co.uk/images/products.small/prod_11101_61430_164462.jpg,https://myebrochure.co.uk/images/products.hires/prod_11101_61430_164462.jpg,https://myebrochure.co.uk/images/brands/fotl_23.png,https://myebrochure.co.uk/images/products.hires/prod_61430_131524.jpg,https://myebrochure.co.uk/images/products.hires/prod_61430_131522.jpg,https://myebrochure.co.uk/images/products.hires/prod_61430_131523.jpg,,,,,,,,"<li>100&#37; combed ringspun cotton</li> <li>Soft hand feel</li> <li>Tailored fit</li> <li>Crew neck with 1x1 rib</li> <li>Self-fabric back neck tape</li> <li>New tear away back neck label</li> <li><b>Also available in ladies sizes code 61432, kids sizes code 61023 and girl&#39;s sizes code 61025</b></li>",1.64
171801,0000001717099,61430,TSHIRT,T-SHIRTS,MSSTSH,MENS SHORT SLEEVE T-SHIRT,FOTL,Fruit Of The Loom,ME0028,HD,Dark Heather,0012  ,XL,Men's Iconic 150 T,2.09,1,12,72,02-01-2026 8:47,C,https://myebrochure.co.uk/images/colours/fotl/fotl-hd.jpg,https://myebrochure.co.uk/images/products/prod_11101_61430_164462.jpg,https://myebrochure.co.uk/images/products.small/prod_11101_61430_164462.jpg,https://myebrochure.co.uk/images/products.hires/prod_11101_61430_164462.jpg,https://myebrochure.co.uk/images/brands/fotl_23.png,https://myebrochure.co.uk/images/products.hires/prod_61430_131524.jpg,https://myebrochure.co.uk/images/products.hires/prod_61430_131522.jpg,https://myebrochure.co.uk/images/products.hires/prod_61430_131523.jpg,,,,,,,,"<li>100&#37; combed ringspun cotton</li> <li>Soft hand feel</li> <li>Tailored fit</li> <li>Crew neck with 1x1 rib</li> <li>Self-fabric back neck tape</li> <li>New tear away back neck label</li> <li><b>Also available in ladies sizes code 61432, kids sizes code 61023 and girl&#39;s sizes code 61025</b></li>",1.64
171802,0000001717105,61430,TSHIRT,T-SHIRTS,MSSTSH,MENS SHORT SLEEVE T-SHIRT,FOTL,Fruit Of The Loom,ME0028,HD,Dark Heather,0012  ,2XL,Men's Iconic 150 T,2.09,1,12,72,02-01-2026 8:47,C,https://myebrochure.co.uk/images/colours/fotl/fotl-hd.jpg,https://myebrochure.co.uk/images/products/prod_11101_61430_164462.jpg,https://myebrochure.co.uk/images/products.small/prod_11101_61430_164462.jpg,https://myebrochure.co.uk/images/products.hires/prod_11101_61430_164462.jpg,https://myebrochure.co.uk/images/brands/fotl_23.png,https://myebrochure.co.uk/images/products.hires/prod_61430_131524.jpg,https://myebrochure.co.uk/images/products.hires/prod_61430_131522.jpg,https://myebrochure.co.uk/images/products.hires/prod_61430_131523.jpg,,,,,,,,"<li>100&#37; combed ringspun cotton</li> <li>Soft hand feel</li> <li>Tailored fit</li> <li>Crew neck with 1x1 rib</li> <li>Self-fabric back neck tape</li> <li>New tear away back neck label</li> <li><b>Also available in ladies sizes code 61432, kids sizes code 61023 and girl&#39;s sizes code 61025</b></li>",1.64
171803,0000001717112,61430,TSHIRT,T-SHIRTS,MSSTSH,MENS SHORT SLEEVE T-SHIRT,FOTL,Fruit Of The Loom,ME0028,HD,Dark Heather,0012  ,3XL,Men's Iconic 150 T,2.85,1,12,36,02-01-2026 8:47,C,https://myebrochure.co.uk/images/colours/fotl/fotl-hd.jpg,https://myebrochure.co.uk/images/products/prod_11101_61430_164462.jpg,https://myebrochure.co.uk/images/products.small/prod_11101_61430_164462.jpg,https://myebrochure.co.uk/images/products.hires/prod_11101_61430_164462.jpg,https://myebrochure.co.uk/images/brands/fotl_23.png,https://myebrochure.co.uk/images/products.hires/prod_61430_131524.jpg,https://myebrochure.co.uk/images/products.hires/prod_61430_131522.jpg,https://myebrochure.co.uk/images/products.hires/prod_61430_131523.jpg,,,,,,,,"<li>100&#37; combed ringspun cotton</li> <li>Soft hand feel</li> <li>Tailored fit</li> <li>Crew neck with 1x1 rib</li> <li>Self-fabric back neck tape</li> <li>New tear away back neck label</li> <li><b>Also available in ladies sizes code 61432, kids sizes code 61023 and girl&#39;s sizes code 61025</b></li>",2.24
171806,0000001717143,61430,TSHIRT,T-SHIRTS,MSSTSH,MENS SHORT SLEEVE T-SHIRT,FOTL,Fruit Of The Loom,ME0028,HP,Heather Purple,0012  ,Small,Men's Iconic 150 T,2.09,1,12,72,02-01-2026 8:47,C,https://myebrochure.co.uk/images/colours/fotl/fotl-hp.jpg,https://myebrochure.co.uk/images/products/prod_11101_61430_164462.jpg,https://myebrochure.co.uk/images/products.small/prod_11101_61430_164462.jpg,https://myebrochure.co.uk/images/products.hires/prod_11101_61430_164462.jpg,https://myebrochure.co.uk/images/brands/fotl_23.png,https://myebrochure.co.uk/images/products.hires/prod_61430_131527.jpg,https://myebrochure.co.uk/images/products.hires/prod_61430_131525.jpg,https://myebrochure.co.uk/images/products.hires/prod_61430_131526.jpg,,,,,,,,"<li>100&#37; combed ringspun cotton</li> <li>Soft hand feel</li> <li>Tailored fit</li> <li>Crew neck with 1x1 rib</li> <li>Self-fabric back neck tape</li> <li>New tear away back neck label</li> <li><b>Also available in ladies sizes code 61432, kids sizes code 61023 and girl&#39;s sizes code 61025</b></li>",1.64
171807,0000001717150,61430,TSHIRT,T-SHIRTS,MSSTSH,MENS SHORT SLEEVE T-SHIRT,FOTL,Fruit Of The Loom,ME0028,HP,Heather Purple,0012  ,Medium,Men's Iconic 150 T,2.09,1,12,72,02-01-2026 8:47,C,https://myebrochure.co.uk/images/colours/fotl/fotl-hp.jpg,https://myebrochure.co.uk/images/products/prod_11101_61430_164462.jpg,https://myebrochure.co.uk/images/products.small/prod_11101_61430_164462.jpg,https://myebrochure.co.uk/images/products.hires/prod_11101_61430_164462.jpg,https://myebrochure.co.uk/images/brands/fotl_23.png,https://myebrochure.co.uk/images/products.hires/prod_61430_131527.jpg,https://myebrochure.co.uk/images/products.hires/prod_61430_131525.jpg,https://myebrochure.co.uk/images/products.hires/prod_61430_131526.jpg,,,,,,,,"<li>100&#37; combed ringspun cotton</li> <li>Soft hand feel</li> <li>Tailored fit</li> <li>Crew neck with 1x1 rib</li> <li>Self-fabric back neck tape</li> <li>New tear away back neck label</li> <li><b>Also available in ladies sizes code 61432, kids sizes code 61023 and girl&#39;s sizes code 61025</b></li>",1.64
171808,0000001717167,61430,TSHIRT,T-SHIRTS,MSSTSH,MENS SHORT SLEEVE T-SHIRT,FOTL,Fruit Of The Loom,ME0028,HP,Heather Purple,0012  ,Large,Men's Iconic 150 T,2.09,1,12,72,02-01-2026 8:47,C,https://myebrochure.co.uk/images/colours/fotl/fotl-hp.jpg,https://myebrochure.co.uk/images/products/prod_11101_61430_164462.jpg,https://myebrochure.co.uk/images/products.small/prod_11101_61430_164462.jpg,https://myebrochure.co.uk/images/products.hires/prod_11101_61430_164462.jpg,https://myebrochure.co.uk/images/brands/fotl_23.png,https://myebrochure.co.uk/images/products.hires/prod_61430_131527.jpg,https://myebrochure.co.uk/images/products.hires/prod_61430_131525.jpg,https://myebrochure.co.uk/images/products.hires/prod_61430_131526.jpg,,,,,,,,"<li>100&#37; combed ringspun cotton</li> <li>Soft hand feel</li> <li>Tailored fit</li> <li>Crew neck with 1x1 rib</li> <li>Self-fabric back neck tape</li> <li>New tear away back neck label</li> <li><b>Also available in ladies sizes code 61432, kids sizes code 61023 and girl&#39;s sizes code 61025</b></li>",1.64
171809,0000001717174,61430,TSHIRT,T-SHIRTS,MSSTSH,MENS SHORT SLEEVE T-SHIRT,FOTL,Fruit Of The Loom,ME0028,HP,Heather Purple,0012  ,XL,Men's Iconic 150 T,2.09,1,12,72,02-01-2026 8:47,C,https://myebrochure.co.uk/images/colours/fotl/fotl-hp.jpg,https://myebrochure.co.uk/images/products/prod_11101_61430_164462.jpg,https://myebrochure.co.uk/images/products.small/prod_11101_61430_164462.jpg,https://myebrochure.co.uk/images/products.hires/prod_11101_61430_164462.jpg,https://myebrochure.co.uk/images/brands/fotl_23.png,https://myebrochure.co.uk/images/products.hires/prod_61430_131527.jpg,https://myebrochure.co.uk/images/products.hires/prod_61430_131525.jpg,https://myebrochure.co.uk/images/products.hires/prod_61430_131526.jpg,,,,,,,,"<li>100&#37; combed ringspun cotton</li> <li>Soft hand feel</li> <li>Tailored fit</li> <li>Crew neck with 1x1 rib</li> <li>Self-fabric back neck tape</li> <li>New tear away back neck label</li> <li><b>Also available in ladies sizes code 61432, kids sizes code 61023 and girl&#39;s sizes code 61025</b></li>",1.64
171810,0000001717181,61430,TSHIRT,T-SHIRTS,MSSTSH,MENS SHORT SLEEVE T-SHIRT,FOTL,Fruit Of The Loom,ME0028,HP,Heather Purple,0012  ,2XL,Men's Iconic 150 T,2.09,1,12,72,02-01-2026 8:47,C,https://myebrochure.co.uk/images/colours/fotl/fotl-hp.jpg,https://myebrochure.co.uk/images/products/prod_11101_61430_164462.jpg,https://myebrochure.co.uk/images/products.small/prod_11101_61430_164462.jpg,https://myebrochure.co.uk/images/products.hires/prod_11101_61430_164462.jpg,https://myebrochure.co.uk/images/brands/fotl_23.png,https://myebrochure.co.uk/images/products.hires/prod_61430_131527.jpg,https://myebrochure.co.uk/images/products.hires/prod_61430_131525.jpg,https://myebrochure.co.uk/images/products.hires/prod_61430_131526.jpg,,,,,,,,"<li>100&#37; combed ringspun cotton</li> <li>Soft hand feel</li> <li>Tailored fit</li> <li>Crew neck with 1x1 rib</li> <li>Self-fabric back neck tape</li> <li>New tear away back neck label</li> <li><b>Also available in ladies sizes code 61432, kids sizes code 61023 and girl&#39;s sizes code 61025</b></li>",1.64
171814,0000001717228,61430,TSHIRT,T-SHIRTS,MSSTSH,MENS SHORT SLEEVE T-SHIRT,FOTL,Fruit Of The Loom,ME0028,H1,Heather Burgundy,0012  ,Small,Men's Iconic 150 T,2.09,1,12,72,02-01-2026 8:47,C,https://myebrochure.co.uk/images/colours/fotl/fotl-h1.jpg,https://myebrochure.co.uk/images/products/prod_11101_61430_164462.jpg,https://myebrochure.co.uk/images/products.small/prod_11101_61430_164462.jpg,https://myebrochure.co.uk/images/products.hires/prod_11101_61430_164462.jpg,https://myebrochure.co.uk/images/brands/fotl_23.png,https://myebrochure.co.uk/images/products.hires/prod_61430_131521.jpg,https://myebrochure.co.uk/images/products.hires/prod_61430_131519.jpg,https://myebrochure.co.uk/images/products.hires/prod_61430_131520.jpg,,,,,,,,"<li>100&#37; combed ringspun cotton</li> <li>Soft hand feel</li> <li>Tailored fit</li> <li>Crew neck with 1x1 rib</li> <li>Self-fabric back neck tape</li> <li>New tear away back neck label</li> <li><b>Also available in ladies sizes code 61432, kids sizes code 61023 and girl&#39;s sizes code 61025</b></li>",1.64
171815,0000001717235,61430,TSHIRT,T-SHIRTS,MSSTSH,MENS SHORT SLEEVE T-SHIRT,FOTL,Fruit Of The Loom,ME0028,H1,Heather Burgundy,0012  ,Medium,Men's Iconic 150 T,2.09,1,12,72,02-01-2026 8:47,C,https://myebrochure.co.uk/images/colours/fotl/fotl-h1.jpg,https://myebrochure.co.uk/images/products/prod_11101_61430_164462.jpg,https://myebrochure.co.uk/images/products.small/prod_11101_61430_164462.jpg,https://myebrochure.co.uk/images/products.hires/prod_11101_61430_164462.jpg,https://myebrochure.co.uk/images/brands/fotl_23.png,https://myebrochure.co.uk/images/products.hires/prod_61430_131521.jpg,https://myebrochure.co.uk/images/products.hires/prod_61430_131519.jpg,https://myebrochure.co.uk/images/products.hires/prod_61430_131520.jpg,,,,,,,,"<li>100&#37; combed ringspun cotton</li> <li>Soft hand feel</li> <li>Tailored fit</li> <li>Crew neck with 1x1 rib</li> <li>Self-fabric back neck tape</li> <li>New tear away back neck label</li> <li><b>Also available in ladies sizes code 61432, kids sizes code 61023 and girl&#39;s sizes code 61025</b></li>",1.64
171816,0000001717242,61430,TSHIRT,T-SHIRTS,MSSTSH,MENS SHORT SLEEVE T-SHIRT,FOTL,Fruit Of The Loom,ME0028,H1,Heather Burgundy,0012  ,Large,Men's Iconic 150 T,2.09,1,12,72,02-01-2026 8:47,C,https://myebrochure.co.uk/images/colours/fotl/fotl-h1.jpg,https://myebrochure.co.uk/images/products/prod_11101_61430_164462.jpg,https://myebrochure.co.uk/images/products.small/prod_11101_61430_164462.jpg,https://myebrochure.co.uk/images/products.hires/prod_11101_61430_164462.jpg,https://myebrochure.co.uk/images/brands/fotl_23.png,https://myebrochure.co.uk/images/products.hires/prod_61430_131521.jpg,https://myebrochure.co.uk/images/products.hires/prod_61430_131519.jpg,https://myebrochure.co.uk/images/products.hires/prod_61430_131520.jpg,,,,,,,,"<li>100&#37; combed ringspun cotton</li> <li>Soft hand feel</li> <li>Tailored fit</li> <li>Crew neck with 1x1 rib</li> <li>Self-fabric back neck tape</li> <li>New tear away back neck label</li> <li><b>Also available in ladies sizes code 61432, kids sizes code 61023 and girl&#39;s sizes code 61025</b></li>",1.64
171817,0000001717259,61430,TSHIRT,T-SHIRTS,MSSTSH,MENS SHORT SLEEVE T-SHIRT,FOTL,Fruit Of The Loom,ME0028,H1,Heather Burgundy,0012  ,XL,Men's Iconic 150 T,2.09,1,12,72,02-01-2026 8:47,C,https://myebrochure.co.uk/images/colours/fotl/fotl-h1.jpg,https://myebrochure.co.uk/images/products/prod_11101_61430_164462.jpg,https://myebrochure.co.uk/images/products.small/prod_11101_61430_164462.jpg,https://myebrochure.co.uk/images/products.hires/prod_11101_61430_164462.jpg,https://myebrochure.co.uk/images/brands/fotl_23.png,https://myebrochure.co.uk/images/products.hires/prod_61430_131521.jpg,https://myebrochure.co.uk/images/products.hires/prod_61430_131519.jpg,https://myebrochure.co.uk/images/products.hires/prod_61430_131520.jpg,,,,,,,,"<li>100&#37; combed ringspun cotton</li> <li>Soft hand feel</li> <li>Tailored fit</li> <li>Crew neck with 1x1 rib</li> <li>Self-fabric back neck tape</li> <li>New tear away back neck label</li> <li><b>Also available in ladies sizes code 61432, kids sizes code 61023 and girl&#39;s sizes code 61025</b></li>",1.64
171818,0000001717266,61430,TSHIRT,T-SHIRTS,MSSTSH,MENS SHORT SLEEVE T-SHIRT,FOTL,Fruit Of The Loom,ME0028,H1,Heather Burgundy,0012  ,2XL,Men's Iconic 150 T,2.09,1,12,72,02-01-2026 8:47,C,https://myebrochure.co.uk/images/colours/fotl/fotl-h1.jpg,https://myebrochure.co.uk/images/products/prod_11101_61430_164462.jpg,https://myebrochure.co.uk/images/products.small/prod_11101_61430_164462.jpg,https://myebrochure.co.uk/images/products.hires/prod_11101_61430_164462.jpg,https://myebrochure.co.uk/images/brands/fotl_23.png,https://myebrochure.co.uk/images/products.hires/prod_61430_131521.jpg,https://myebrochure.co.uk/images/products.hires/prod_61430_131519.jpg,https://myebrochure.co.uk/images/products.hires/prod_61430_131520.jpg,,,,,,,,"<li>100&#37; combed ringspun cotton</li> <li>Soft hand feel</li> <li>Tailored fit</li> <li>Crew neck with 1x1 rib</li> <li>Self-fabric back neck tape</li> <li>New tear away back neck label</li> <li><b>Also available in ladies sizes code 61432, kids sizes code 61023 and girl&#39;s sizes code 61025</b></li>",1.64
175897,0000001758054,61430,TSHIRT,T-SHIRTS,MSSTSH,MENS SHORT SLEEVE T-SHIRT,FOTL,Fruit Of The Loom,ME0028,VF,Vintage Heather Navy,0012  ,Small,Men's Iconic 150 T,2.09,1,12,72,02-01-2026 8:47,C,https://myebrochure.co.uk/images/colours/fotl/fotl-vf.jpg,https://myebrochure.co.uk/images/products/prod_11101_61430_164462.jpg,https://myebrochure.co.uk/images/products.small/prod_11101_61430_164462.jpg,https://myebrochure.co.uk/images/products.hires/prod_11101_61430_164462.jpg,https://myebrochure.co.uk/images/brands/fotl_23.png,https://myebrochure.co.uk/images/products.hires/prod_61430_131533.jpg,https://myebrochure.co.uk/images/products.hires/prod_61430_131531.jpg,https://myebrochure.co.uk/images/products.hires/prod_61430_131532.jpg,,,,,,,,"<li>100&#37; combed ringspun cotton</li> <li>Soft hand feel</li> <li>Tailored fit</li> <li>Crew neck with 1x1 rib</li> <li>Self-fabric back neck tape</li> <li>New tear away back neck label</li> <li><b>Also available in ladies sizes code 61432, kids sizes code 61023 and girl&#39;s sizes code 61025</b></li>",1.64
175898,0000001758061,61430,TSHIRT,T-SHIRTS,MSSTSH,MENS SHORT SLEEVE T-SHIRT,FOTL,Fruit Of The Loom,ME0028,VF,Vintage Heather Navy,0012  ,Medium,Men's Iconic 150 T,2.09,1,12,72,02-01-2026 8:47,C,https://myebrochure.co.uk/images/colours/fotl/fotl-vf.jpg,https://myebrochure.co.uk/images/products/prod_11101_61430_164462.jpg,https://myebrochure.co.uk/images/products.small/prod_11101_61430_164462.jpg,https://myebrochure.co.uk/images/products.hires/prod_11101_61430_164462.jpg,https://myebrochure.co.uk/images/brands/fotl_23.png,https://myebrochure.co.uk/images/products.hires/prod_61430_131533.jpg,https://myebrochure.co.uk/images/products.hires/prod_61430_131531.jpg,https://myebrochure.co.uk/images/products.hires/prod_61430_131532.jpg,,,,,,,,"<li>100&#37; combed ringspun cotton</li> <li>Soft hand feel</li> <li>Tailored fit</li> <li>Crew neck with 1x1 rib</li> <li>Self-fabric back neck tape</li> <li>New tear away back neck label</li> <li><b>Also available in ladies sizes code 61432, kids sizes code 61023 and girl&#39;s sizes code 61025</b></li>",1.64
175899,0000001758078,61430,TSHIRT,T-SHIRTS,MSSTSH,MENS SHORT SLEEVE T-SHIRT,FOTL,Fruit Of The Loom,ME0028,VF,Vintage Heather Navy,0012  ,Large,Men's Iconic 150 T,2.09,1,12,72,02-01-2026 8:47,C,https://myebrochure.co.uk/images/colours/fotl/fotl-vf.jpg,https://myebrochure.co.uk/images/products/prod_11101_61430_164462.jpg,https://myebrochure.co.uk/images/products.small/prod_11101_61430_164462.jpg,https://myebrochure.co.uk/images/products.hires/prod_11101_61430_164462.jpg,https://myebrochure.co.uk/images/brands/fotl_23.png,https://myebrochure.co.uk/images/products.hires/prod_61430_131533.jpg,https://myebrochure.co.uk/images/products.hires/prod_61430_131531.jpg,https://myebrochure.co.uk/images/products.hires/prod_61430_131532.jpg,,,,,,,,"<li>100&#37; combed ringspun cotton</li> <li>Soft hand feel</li> <li>Tailored fit</li> <li>Crew neck with 1x1 rib</li> <li>Self-fabric back neck tape</li> <li>New tear away back neck label</li> <li><b>Also available in ladies sizes code 61432, kids sizes code 61023 and girl&#39;s sizes code 61025</b></li>",1.64
175900,0000001758085,61430,TSHIRT,T-SHIRTS,MSSTSH,MENS SHORT SLEEVE T-SHIRT,FOTL,Fruit Of The Loom,ME0028,VF,Vintage Heather Navy,0012  ,XL,Men's Iconic 150 T,2.09,1,12,72,02-01-2026 8:47,C,https://myebrochure.co.uk/images/colours/fotl/fotl-vf.jpg,https://myebrochure.co.uk/images/products/prod_11101_61430_164462.jpg,https://myebrochure.co.uk/images/products.small/prod_11101_61430_164462.jpg,https://myebrochure.co.uk/images/products.hires/prod_11101_61430_164462.jpg,https://myebrochure.co.uk/images/brands/fotl_23.png,https://myebrochure.co.uk/images/products.hires/prod_61430_131533.jpg,https://myebrochure.co.uk/images/products.hires/prod_61430_131531.jpg,https://myebrochure.co.uk/images/products.hires/prod_61430_131532.jpg,,,,,,,,"<li>100&#37; combed ringspun cotton</li> <li>Soft hand feel</li> <li>Tailored fit</li> <li>Crew neck with 1x1 rib</li> <li>Self-fabric back neck tape</li> <li>New tear away back neck label</li> <li><b>Also available in ladies sizes code 61432, kids sizes code 61023 and girl&#39;s sizes code 61025</b></li>",1.64
175901,0000001758092,61430,TSHIRT,T-SHIRTS,MSSTSH,MENS SHORT SLEEVE T-SHIRT,FOTL,Fruit Of The Loom,ME0028,VF,Vintage Heather Navy,0012  ,2XL,Men's Iconic 150 T,2.09,1,12,72,02-01-2026 8:47,C,https://myebrochure.co.uk/images/colours/fotl/fotl-vf.jpg,https://myebrochure.co.uk/images/products/prod_11101_61430_164462.jpg,https://myebrochure.co.uk/images/products.small/prod_11101_61430_164462.jpg,https://myebrochure.co.uk/images/products.hires/prod_11101_61430_164462.jpg,https://myebrochure.co.uk/images/brands/fotl_23.png,https://myebrochure.co.uk/images/products.hires/prod_61430_131533.jpg,https://myebrochure.co.uk/images/products.hires/prod_61430_131531.jpg,https://myebrochure.co.uk/images/products.hires/prod_61430_131532.jpg,,,,,,,,"<li>100&#37; combed ringspun cotton</li> <li>Soft hand feel</li> <li>Tailored fit</li> <li>Crew neck with 1x1 rib</li> <li>Self-fabric back neck tape</li> <li>New tear away back neck label</li> <li><b>Also available in ladies sizes code 61432, kids sizes code 61023 and girl&#39;s sizes code 61025</b></li>",1.64
175905,0000001758139,61430,TSHIRT,T-SHIRTS,MSSTSH,MENS SHORT SLEEVE T-SHIRT,FOTL,Fruit Of The Loom,ME0028,R6,Retro Heather Royal,0012  ,Small,Men's Iconic 150 T,2.09,1,12,72,02-01-2026 8:47,C,https://myebrochure.co.uk/images/colours/fotl/fotl-r6.jpg,https://myebrochure.co.uk/images/products/prod_11101_61430_164462.jpg,https://myebrochure.co.uk/images/products.small/prod_11101_61430_164462.jpg,https://myebrochure.co.uk/images/products.hires/prod_11101_61430_164462.jpg,https://myebrochure.co.uk/images/brands/fotl_23.png,https://myebrochure.co.uk/images/products.hires/prod_61430_132032.jpg,https://myebrochure.co.uk/images/products.hires/prod_61430_132031.jpg,https://myebrochure.co.uk/images/products.hires/prod_61430_132033.jpg,,,,,,,,"<li>100&#37; combed ringspun cotton</li> <li>Soft hand feel</li> <li>Tailored fit</li> <li>Crew neck with 1x1 rib</li> <li>Self-fabric back neck tape</li> <li>New tear away back neck label</li> <li><b>Also available in ladies sizes code 61432, kids sizes code 61023 and girl&#39;s sizes code 61025</b></li>",1.64
175906,0000001758146,61430,TSHIRT,T-SHIRTS,MSSTSH,MENS SHORT SLEEVE T-SHIRT,FOTL,Fruit Of The Loom,ME0028,R6,Retro Heather Royal,0012  ,Medium,Men's Iconic 150 T,2.09,1,12,72,02-01-2026 8:47,C,https://myebrochure.co.uk/images/colours/fotl/fotl-r6.jpg,https://myebrochure.co.uk/images/products/prod_11101_61430_164462.jpg,https://myebrochure.co.uk/images/products.small/prod_11101_61430_164462.jpg,https://myebrochure.co.uk/images/products.hires/prod_11101_61430_164462.jpg,https://myebrochure.co.uk/images/brands/fotl_23.png,https://myebrochure.co.uk/images/products.hires/prod_61430_132032.jpg,https://myebrochure.co.uk/images/products.hires/prod_61430_132031.jpg,https://myebrochure.co.uk/images/products.hires/prod_61430_132033.jpg,,,,,,,,"<li>100&#37; combed ringspun cotton</li> <li>Soft hand feel</li> <li>Tailored fit</li> <li>Crew neck with 1x1 rib</li> <li>Self-fabric back neck tape</li> <li>New tear away back neck label</li> <li><b>Also available in ladies sizes code 61432, kids sizes code 61023 and girl&#39;s sizes code 61025</b></li>",1.64
175907,0000001758153,61430,TSHIRT,T-SHIRTS,MSSTSH,MENS SHORT SLEEVE T-SHIRT,FOTL,Fruit Of The Loom,ME0028,R6,Retro Heather Royal,0012  ,Large,Men's Iconic 150 T,2.09,1,12,72,02-01-2026 8:47,C,https://myebrochure.co.uk/images/colours/fotl/fotl-r6.jpg,https://myebrochure.co.uk/images/products/prod_11101_61430_164462.jpg,https://myebrochure.co.uk/images/products.small/prod_11101_61430_164462.jpg,https://myebrochure.co.uk/images/products.hires/prod_11101_61430_164462.jpg,https://myebrochure.co.uk/images/brands/fotl_23.png,https://myebrochure.co.uk/images/products.hires/prod_61430_132032.jpg,https://myebrochure.co.uk/images/products.hires/prod_61430_132031.jpg,https://myebrochure.co.uk/images/products.hires/prod_61430_132033.jpg,,,,,,,,"<li>100&#37; combed ringspun cotton</li> <li>Soft hand feel</li> <li>Tailored fit</li> <li>Crew neck with 1x1 rib</li> <li>Self-fabric back neck tape</li> <li>New tear away back neck label</li> <li><b>Also available in ladies sizes code 61432, kids sizes code 61023 and girl&#39;s sizes code 61025</b></li>",1.64
175908,0000001758160,61430,TSHIRT,T-SHIRTS,MSSTSH,MENS SHORT SLEEVE T-SHIRT,FOTL,Fruit Of The Loom,ME0028,R6,Retro Heather Royal,0012  ,XL,Men's Iconic 150 T,2.09,1,12,72,02-01-2026 8:47,C,https://myebrochure.co.uk/images/colours/fotl/fotl-r6.jpg,https://myebrochure.co.uk/images/products/prod_11101_61430_164462.jpg,https://myebrochure.co.uk/images/products.small/prod_11101_61430_164462.jpg,https://myebrochure.co.uk/images/products.hires/prod_11101_61430_164462.jpg,https://myebrochure.co.uk/images/brands/fotl_23.png,https://myebrochure.co.uk/images/products.hires/prod_61430_132032.jpg,https://myebrochure.co.uk/images/products.hires/prod_61430_132031.jpg,https://myebrochure.co.uk/images/products.hires/prod_61430_132033.jpg,,,,,,,,"<li>100&#37; combed ringspun cotton</li> <li>Soft hand feel</li> <li>Tailored fit</li> <li>Crew neck with 1x1 rib</li> <li>Self-fabric back neck tape</li> <li>New tear away back neck label</li> <li><b>Also available in ladies sizes code 61432, kids sizes code 61023 and girl&#39;s sizes code 61025</b></li>",1.64
175909,0000001758177,61430,TSHIRT,T-SHIRTS,MSSTSH,MENS SHORT SLEEVE T-SHIRT,FOTL,Fruit Of The Loom,ME0028,R6,Retro Heather Royal,0012  ,2XL,Men's Iconic 150 T,2.09,1,12,72,02-01-2026 8:47,C,https://myebrochure.co.uk/images/colours/fotl/fotl-r6.jpg,https://myebrochure.co.uk/images/products/prod_11101_61430_164462.jpg,https://myebrochure.co.uk/images/products.small/prod_11101_61430_164462.jpg,https://myebrochure.co.uk/images/products.hires/prod_11101_61430_164462.jpg,https://myebrochure.co.uk/images/brands/fotl_23.png,https://myebrochure.co.uk/images/products.hires/prod_61430_132032.jpg,https://myebrochure.co.uk/images/products.hires/prod_61430_132031.jpg,https://myebrochure.co.uk/images/products.hires/prod_61430_132033.jpg,,,,,,,,"<li>100&#37; combed ringspun cotton</li> <li>Soft hand feel</li> <li>Tailored fit</li> <li>Crew neck with 1x1 rib</li> <li>Self-fabric back neck tape</li> <li>New tear away back neck label</li> <li><b>Also available in ladies sizes code 61432, kids sizes code 61023 and girl&#39;s sizes code 61025</b></li>",1.64
175913,0000001758214,61430,TSHIRT,T-SHIRTS,MSSTSH,MENS SHORT SLEEVE T-SHIRT,FOTL,Fruit Of The Loom,ME0028,RX,Retro Heather Green,0012  ,Small,Men's Iconic 150 T,2.09,1,12,72,02-01-2026 8:47,C,https://myebrochure.co.uk/images/colours/fotl/fotl-rx.jpg,https://myebrochure.co.uk/images/products/prod_11101_61430_164462.jpg,https://myebrochure.co.uk/images/products.small/prod_11101_61430_164462.jpg,https://myebrochure.co.uk/images/products.hires/prod_11101_61430_164462.jpg,https://myebrochure.co.uk/images/brands/fotl_23.png,https://myebrochure.co.uk/images/products.hires/prod_61430_132035.jpg,https://myebrochure.co.uk/images/products.hires/prod_61430_132034.jpg,https://myebrochure.co.uk/images/products.hires/prod_61430_132036.jpg,,,,,,,,"<li>100&#37; combed ringspun cotton</li> <li>Soft hand feel</li> <li>Tailored fit</li> <li>Crew neck with 1x1 rib</li> <li>Self-fabric back neck tape</li> <li>New tear away back neck label</li> <li><b>Also available in ladies sizes code 61432, kids sizes code 61023 and girl&#39;s sizes code 61025</b></li>",1.64
175914,0000001758221,61430,TSHIRT,T-SHIRTS,MSSTSH,MENS SHORT SLEEVE T-SHIRT,FOTL,Fruit Of The Loom,ME0028,RX,Retro Heather Green,0012  ,Medium,Men's Iconic 150 T,2.09,1,12,72,02-01-2026 8:47,C,https://myebrochure.co.uk/images/colours/fotl/fotl-rx.jpg,https://myebrochure.co.uk/images/products/prod_11101_61430_164462.jpg,https://myebrochure.co.uk/images/products.small/prod_11101_61430_164462.jpg,https://myebrochure.co.uk/images/products.hires/prod_11101_61430_164462.jpg,https://myebrochure.co.uk/images/brands/fotl_23.png,https://myebrochure.co.uk/images/products.hires/prod_61430_132035.jpg,https://myebrochure.co.uk/images/products.hires/prod_61430_132034.jpg,https://myebrochure.co.uk/images/products.hires/prod_61430_132036.jpg,,,,,,,,"<li>100&#37; combed ringspun cotton</li> <li>Soft hand feel</li> <li>Tailored fit</li> <li>Crew neck with 1x1 rib</li> <li>Self-fabric back neck tape</li> <li>New tear away back neck label</li> <li><b>Also available in ladies sizes code 61432, kids sizes code 61023 and girl&#39;s sizes code 61025</b></li>",1.64
175915,0000001758238,61430,TSHIRT,T-SHIRTS,MSSTSH,MENS SHORT SLEEVE T-SHIRT,FOTL,Fruit Of The Loom,ME0028,RX,Retro Heather Green,0012  ,Large,Men's Iconic 150 T,2.09,1,12,72,02-01-2026 8:47,C,https://myebrochure.co.uk/images/colours/fotl/fotl-rx.jpg,https://myebrochure.co.uk/images/products/prod_11101_61430_164462.jpg,https://myebrochure.co.uk/images/products.small/prod_11101_61430_164462.jpg,https://myebrochure.co.uk/images/products.hires/prod_11101_61430_164462.jpg,https://myebrochure.co.uk/images/brands/fotl_23.png,https://myebrochure.co.uk/images/products.hires/prod_61430_132035.jpg,https://myebrochure.co.uk/images/products.hires/prod_61430_132034.jpg,https://myebrochure.co.uk/images/products.hires/prod_61430_132036.jpg,,,,,,,,"<li>100&#37; combed ringspun cotton</li> <li>Soft hand feel</li> <li>Tailored fit</li> <li>Crew neck with 1x1 rib</li> <li>Self-fabric back neck tape</li> <li>New tear away back neck label</li> <li><b>Also available in ladies sizes code 61432, kids sizes code 61023 and girl&#39;s sizes code 61025</b></li>",1.64
175916,0000001758245,61430,TSHIRT,T-SHIRTS,MSSTSH,MENS SHORT SLEEVE T-SHIRT,FOTL,Fruit Of The Loom,ME0028,RX,Retro Heather Green,0012  ,XL,Men's Iconic 150 T,2.09,1,12,72,02-01-2026 8:47,C,https://myebrochure.co.uk/images/colours/fotl/fotl-rx.jpg,https://myebrochure.co.uk/images/products/prod_11101_61430_164462.jpg,https://myebrochure.co.uk/images/products.small/prod_11101_61430_164462.jpg,https://myebrochure.co.uk/images/products.hires/prod_11101_61430_164462.jpg,https://myebrochure.co.uk/images/brands/fotl_23.png,https://myebrochure.co.uk/images/products.hires/prod_61430_132035.jpg,https://myebrochure.co.uk/images/products.hires/prod_61430_132034.jpg,https://myebrochure.co.uk/images/products.hires/prod_61430_132036.jpg,,,,,,,,"<li>100&#37; combed ringspun cotton</li> <li>Soft hand feel</li> <li>Tailored fit</li> <li>Crew neck with 1x1 rib</li> <li>Self-fabric back neck tape</li> <li>New tear away back neck label</li> <li><b>Also available in ladies sizes code 61432, kids sizes code 61023 and girl&#39;s sizes code 61025</b></li>",1.64
175917,0000001758252,61430,TSHIRT,T-SHIRTS,MSSTSH,MENS SHORT SLEEVE T-SHIRT,FOTL,Fruit Of The Loom,ME0028,RX,Retro Heather Green,0012  ,2XL,Men's Iconic 150 T,2.09,1,12,72,02-01-2026 8:47,C,https://myebrochure.co.uk/images/colours/fotl/fotl-rx.jpg,https://myebrochure.co.uk/images/products/prod_11101_61430_164462.jpg,https://myebrochure.co.uk/images/products.small/prod_11101_61430_164462.jpg,https://myebrochure.co.uk/images/products.hires/prod_11101_61430_164462.jpg,https://myebrochure.co.uk/images/brands/fotl_23.png,https://myebrochure.co.uk/images/products.hires/prod_61430_132035.jpg,https://myebrochure.co.uk/images/products.hires/prod_61430_132034.jpg,https://myebrochure.co.uk/images/products.hires/prod_61430_132036.jpg,,,,,,,,"<li>100&#37; combed ringspun cotton</li> <li>Soft hand feel</li> <li>Tailored fit</li> <li>Crew neck with 1x1 rib</li> <li>Self-fabric back neck tape</li> <li>New tear away back neck label</li> <li><b>Also available in ladies sizes code 61432, kids sizes code 61023 and girl&#39;s sizes code 61025</b></li>",1.64
175921,0000001758290,61430,TSHIRT,T-SHIRTS,MSSTSH,MENS SHORT SLEEVE T-SHIRT,FOTL,Fruit Of The Loom,ME0028,VH,Vintage Heather Red,0012  ,Small,Men's Iconic 150 T,2.09,1,12,72,02-01-2026 8:47,C,https://myebrochure.co.uk/images/colours/fotl/fotl-vh.jpg,https://myebrochure.co.uk/images/products/prod_11101_61430_164462.jpg,https://myebrochure.co.uk/images/products.small/prod_11101_61430_164462.jpg,https://myebrochure.co.uk/images/products.hires/prod_11101_61430_164462.jpg,https://myebrochure.co.uk/images/brands/fotl_23.png,https://myebrochure.co.uk/images/products.hires/prod_61430_132038.jpg,https://myebrochure.co.uk/images/products.hires/prod_61430_132037.jpg,https://myebrochure.co.uk/images/products.hires/prod_61430_132039.jpg,,,,,,,,"<li>100&#37; combed ringspun cotton</li> <li>Soft hand feel</li> <li>Tailored fit</li> <li>Crew neck with 1x1 rib</li> <li>Self-fabric back neck tape</li> <li>New tear away back neck label</li> <li><b>Also available in ladies sizes code 61432, kids sizes code 61023 and girl&#39;s sizes code 61025</b></li>",1.64
175922,0000001758306,61430,TSHIRT,T-SHIRTS,MSSTSH,MENS SHORT SLEEVE T-SHIRT,FOTL,Fruit Of The Loom,ME0028,VH,Vintage Heather Red,0012  ,Medium,Men's Iconic 150 T,2.09,1,12,72,02-01-2026 8:47,C,https://myebrochure.co.uk/images/colours/fotl/fotl-vh.jpg,https://myebrochure.co.uk/images/products/prod_11101_61430_164462.jpg,https://myebrochure.co.uk/images/products.small/prod_11101_61430_164462.jpg,https://myebrochure.co.uk/images/products.hires/prod_11101_61430_164462.jpg,https://myebrochure.co.uk/images/brands/fotl_23.png,https://myebrochure.co.uk/images/products.hires/prod_61430_132038.jpg,https://myebrochure.co.uk/images/products.hires/prod_61430_132037.jpg,https://myebrochure.co.uk/images/products.hires/prod_61430_132039.jpg,,,,,,,,"<li>100&#37; combed ringspun cotton</li> <li>Soft hand feel</li> <li>Tailored fit</li> <li>Crew neck with 1x1 rib</li> <li>Self-fabric back neck tape</li> <li>New tear away back neck label</li> <li><b>Also available in ladies sizes code 61432, kids sizes code 61023 and girl&#39;s sizes code 61025</b></li>",1.64
175923,0000001758313,61430,TSHIRT,T-SHIRTS,MSSTSH,MENS SHORT SLEEVE T-SHIRT,FOTL,Fruit Of The Loom,ME0028,VH,Vintage Heather Red,0012  ,Large,Men's Iconic 150 T,2.09,1,12,72,02-01-2026 8:47,C,https://myebrochure.co.uk/images/colours/fotl/fotl-vh.jpg,https://myebrochure.co.uk/images/products/prod_11101_61430_164462.jpg,https://myebrochure.co.uk/images/products.small/prod_11101_61430_164462.jpg,https://myebrochure.co.uk/images/products.hires/prod_11101_61430_164462.jpg,https://myebrochure.co.uk/images/brands/fotl_23.png,https://myebrochure.co.uk/images/products.hires/prod_61430_132038.jpg,https://myebrochure.co.uk/images/products.hires/prod_61430_132037.jpg,https://myebrochure.co.uk/images/products.hires/prod_61430_132039.jpg,,,,,,,,"<li>100&#37; combed ringspun cotton</li> <li>Soft hand feel</li> <li>Tailored fit</li> <li>Crew neck with 1x1 rib</li> <li>Self-fabric back neck tape</li> <li>New tear away back neck label</li> <li><b>Also available in ladies sizes code 61432, kids sizes code 61023 and girl&#39;s sizes code 61025</b></li>",1.64
175924,0000001758320,61430,TSHIRT,T-SHIRTS,MSSTSH,MENS SHORT SLEEVE T-SHIRT,FOTL,Fruit Of The Loom,ME0028,VH,Vintage Heather Red,0012  ,XL,Men's Iconic 150 T,2.09,1,12,72,02-01-2026 8:47,C,https://myebrochure.co.uk/images/colours/fotl/fotl-vh.jpg,https://myebrochure.co.uk/images/products/prod_11101_61430_164462.jpg,https://myebrochure.co.uk/images/products.small/prod_11101_61430_164462.jpg,https://myebrochure.co.uk/images/products.hires/prod_11101_61430_164462.jpg,https://myebrochure.co.uk/images/brands/fotl_23.png,https://myebrochure.co.uk/images/products.hires/prod_61430_132038.jpg,https://myebrochure.co.uk/images/products.hires/prod_61430_132037.jpg,https://myebrochure.co.uk/images/products.hires/prod_61430_132039.jpg,,,,,,,,"<li>100&#37; combed ringspun cotton</li> <li>Soft hand feel</li> <li>Tailored fit</li> <li>Crew neck with 1x1 rib</li> <li>Self-fabric back neck tape</li> <li>New tear away back neck label</li> <li><b>Also available in ladies sizes code 61432, kids sizes code 61023 and girl&#39;s sizes code 61025</b></li>",1.64
175925,0000001758337,61430,TSHIRT,T-SHIRTS,MSSTSH,MENS SHORT SLEEVE T-SHIRT,FOTL,Fruit Of The Loom,ME0028,VH,Vintage Heather Red,0012  ,2XL,Men's Iconic 150 T,2.09,1,12,72,02-01-2026 8:47,C,https://myebrochure.co.uk/images/colours/fotl/fotl-vh.jpg,https://myebrochure.co.uk/images/products/prod_11101_61430_164462.jpg,https://myebrochure.co.uk/images/products.small/prod_11101_61430_164462.jpg,https://myebrochure.co.uk/images/products.hires/prod_11101_61430_164462.jpg,https://myebrochure.co.uk/images/brands/fotl_23.png,https://myebrochure.co.uk/images/products.hires/prod_61430_132038.jpg,https://myebrochure.co.uk/images/products.hires/prod_61430_132037.jpg,https://myebrochure.co.uk/images/products.hires/prod_61430_132039.jpg,,,,,,,,"<li>100&#37; combed ringspun cotton</li> <li>Soft hand feel</li> <li>Tailored fit</li> <li>Crew neck with 1x1 rib</li> <li>Self-fabric back neck tape</li> <li>New tear away back neck label</li> <li><b>Also available in ladies sizes code 61432, kids sizes code 61023 and girl&#39;s sizes code 61025</b></li>",1.64
183520,0000001834413,61430,TSHIRT,T-SHIRTS,MSSTSH,MENS SHORT SLEEVE T-SHIRT,FOTL,Fruit Of The Loom,ME0028,32,Navy Blue,0012  ,Small,Men's Iconic 150 T,2.09,1,12,72,02-01-2026 8:47,C,https://myebrochure.co.uk/images/colours/fotl/fotl-32.jpg,https://myebrochure.co.uk/images/products/prod_11101_61430_164462.jpg,https://myebrochure.co.uk/images/products.small/prod_11101_61430_164462.jpg,https://myebrochure.co.uk/images/products.hires/prod_11101_61430_164462.jpg,https://myebrochure.co.uk/images/brands/fotl_23.png,https://myebrochure.co.uk/images/products.hires/prod_61430_142206.jpg,https://myebrochure.co.uk/images/products.hires/prod_61430_142205.jpg,https://myebrochure.co.uk/images/products.hires/prod_61430_142207.jpg,,,,,,,,"<li>100&#37; combed ringspun cotton</li> <li>Soft hand feel</li> <li>Tailored fit</li> <li>Crew neck with 1x1 rib</li> <li>Self-fabric back neck tape</li> <li>New tear away back neck label</li> <li><b>Also available in ladies sizes code 61432, kids sizes code 61023 and girl&#39;s sizes code 61025</b></li>",1.64
183521,0000001834420,61430,TSHIRT,T-SHIRTS,MSSTSH,MENS SHORT SLEEVE T-SHIRT,FOTL,Fruit Of The Loom,ME0028,32,Navy Blue,0012  ,Medium,Men's Iconic 150 T,2.09,1,12,72,02-01-2026 8:47,C,https://myebrochure.co.uk/images/colours/fotl/fotl-32.jpg,https://myebrochure.co.uk/images/products/prod_11101_61430_164462.jpg,https://myebrochure.co.uk/images/products.small/prod_11101_61430_164462.jpg,https://myebrochure.co.uk/images/products.hires/prod_11101_61430_164462.jpg,https://myebrochure.co.uk/images/brands/fotl_23.png,https://myebrochure.co.uk/images/products.hires/prod_61430_142206.jpg,https://myebrochure.co.uk/images/products.hires/prod_61430_142205.jpg,https://myebrochure.co.uk/images/products.hires/prod_61430_142207.jpg,,,,,,,,"<li>100&#37; combed ringspun cotton</li> <li>Soft hand feel</li> <li>Tailored fit</li> <li>Crew neck with 1x1 rib</li> <li>Self-fabric back neck tape</li> <li>New tear away back neck label</li> <li><b>Also available in ladies sizes code 61432, kids sizes code 61023 and girl&#39;s sizes code 61025</b></li>",1.64
183522,0000001834437,61430,TSHIRT,T-SHIRTS,MSSTSH,MENS SHORT SLEEVE T-SHIRT,FOTL,Fruit Of The Loom,ME0028,32,Navy Blue,0012  ,Large,Men's Iconic 150 T,2.09,1,12,72,02-01-2026 8:47,C,https://myebrochure.co.uk/images/colours/fotl/fotl-32.jpg,https://myebrochure.co.uk/images/products/prod_11101_61430_164462.jpg,https://myebrochure.co.uk/images/products.small/prod_11101_61430_164462.jpg,https://myebrochure.co.uk/images/products.hires/prod_11101_61430_164462.jpg,https://myebrochure.co.uk/images/brands/fotl_23.png,https://myebrochure.co.uk/images/products.hires/prod_61430_142206.jpg,https://myebrochure.co.uk/images/products.hires/prod_61430_142205.jpg,https://myebrochure.co.uk/images/products.hires/prod_61430_142207.jpg,,,,,,,,"<li>100&#37; combed ringspun cotton</li> <li>Soft hand feel</li> <li>Tailored fit</li> <li>Crew neck with 1x1 rib</li> <li>Self-fabric back neck tape</li> <li>New tear away back neck label</li> <li><b>Also available in ladies sizes code 61432, kids sizes code 61023 and girl&#39;s sizes code 61025</b></li>",1.64
183523,0000001834444,61430,TSHIRT,T-SHIRTS,MSSTSH,MENS SHORT SLEEVE T-SHIRT,FOTL,Fruit Of The Loom,ME0028,32,Navy Blue,0012  ,XL,Men's Iconic 150 T,2.09,1,12,72,02-01-2026 8:47,C,https://myebrochure.co.uk/images/colours/fotl/fotl-32.jpg,https://myebrochure.co.uk/images/products/prod_11101_61430_164462.jpg,https://myebrochure.co.uk/images/products.small/prod_11101_61430_164462.jpg,https://myebrochure.co.uk/images/products.hires/prod_11101_61430_164462.jpg,https://myebrochure.co.uk/images/brands/fotl_23.png,https://myebrochure.co.uk/images/products.hires/prod_61430_142206.jpg,https://myebrochure.co.uk/images/products.hires/prod_61430_142205.jpg,https://myebrochure.co.uk/images/products.hires/prod_61430_142207.jpg,,,,,,,,"<li>100&#37; combed ringspun cotton</li> <li>Soft hand feel</li> <li>Tailored fit</li> <li>Crew neck with 1x1 rib</li> <li>Self-fabric back neck tape</li> <li>New tear away back neck label</li> <li><b>Also available in ladies sizes code 61432, kids sizes code 61023 and girl&#39;s sizes code 61025</b></li>",1.64
183524,0000001834451,61430,TSHIRT,T-SHIRTS,MSSTSH,MENS SHORT SLEEVE T-SHIRT,FOTL,Fruit Of The Loom,ME0028,32,Navy Blue,0012  ,2XL,Men's Iconic 150 T,2.09,1,12,72,02-01-2026 8:47,C,https://myebrochure.co.uk/images/colours/fotl/fotl-32.jpg,https://myebrochure.co.uk/images/products/prod_11101_61430_164462.jpg,https://myebrochure.co.uk/images/products.small/prod_11101_61430_164462.jpg,https://myebrochure.co.uk/images/products.hires/prod_11101_61430_164462.jpg,https://myebrochure.co.uk/images/brands/fotl_23.png,https://myebrochure.co.uk/images/products.hires/prod_61430_142206.jpg,https://myebrochure.co.uk/images/products.hires/prod_61430_142205.jpg,https://myebrochure.co.uk/images/products.hires/prod_61430_142207.jpg,,,,,,,,"<li>100&#37; combed ringspun cotton</li> <li>Soft hand feel</li> <li>Tailored fit</li> <li>Crew neck with 1x1 rib</li> <li>Self-fabric back neck tape</li> <li>New tear away back neck label</li> <li><b>Also available in ladies sizes code 61432, kids sizes code 61023 and girl&#39;s sizes code 61025</b></li>",1.64
183525,0000001834468,61430,TSHIRT,T-SHIRTS,MSSTSH,MENS SHORT SLEEVE T-SHIRT,FOTL,Fruit Of The Loom,ME0028,32,Navy Blue,0012  ,3XL,Men's Iconic 150 T,2.85,1,12,36,02-01-2026 8:47,C,https://myebrochure.co.uk/images/colours/fotl/fotl-32.jpg,https://myebrochure.co.uk/images/products/prod_11101_61430_164462.jpg,https://myebrochure.co.uk/images/products.small/prod_11101_61430_164462.jpg,https://myebrochure.co.uk/images/products.hires/prod_11101_61430_164462.jpg,https://myebrochure.co.uk/images/brands/fotl_23.png,https://myebrochure.co.uk/images/products.hires/prod_61430_142206.jpg,https://myebrochure.co.uk/images/products.hires/prod_61430_142205.jpg,https://myebrochure.co.uk/images/products.hires/prod_61430_142207.jpg,,,,,,,,"<li>100&#37; combed ringspun cotton</li> <li>Soft hand feel</li> <li>Tailored fit</li> <li>Crew neck with 1x1 rib</li> <li>Self-fabric back neck tape</li> <li>New tear away back neck label</li> <li><b>Also available in ladies sizes code 61432, kids sizes code 61023 and girl&#39;s sizes code 61025</b></li>",2.24
183528,0000001834499,61430,TSHIRT,T-SHIRTS,MSSTSH,MENS SHORT SLEEVE T-SHIRT,FOTL,Fruit Of The Loom,ME0028,41,Burgundy,0012  ,Small,Men's Iconic 150 T,2.09,1,12,72,02-01-2026 8:47,C,https://myebrochure.co.uk/images/colours/fotl/fotl-41.jpg,https://myebrochure.co.uk/images/products/prod_11101_61430_164462.jpg,https://myebrochure.co.uk/images/products.small/prod_11101_61430_164462.jpg,https://myebrochure.co.uk/images/products.hires/prod_11101_61430_164462.jpg,https://myebrochure.co.uk/images/brands/fotl_23.png,https://myebrochure.co.uk/images/products.hires/prod_61430_142209.jpg,https://myebrochure.co.uk/images/products.hires/prod_61430_142208.jpg,,,,,,,,,"<li>100&#37; combed ringspun cotton</li> <li>Soft hand feel</li> <li>Tailored fit</li> <li>Crew neck with 1x1 rib</li> <li>Self-fabric back neck tape</li> <li>New tear away back neck label</li> <li><b>Also available in ladies sizes code 61432, kids sizes code 61023 and girl&#39;s sizes code 61025</b></li>",1.64
183529,0000001834505,61430,TSHIRT,T-SHIRTS,MSSTSH,MENS SHORT SLEEVE T-SHIRT,FOTL,Fruit Of The Loom,ME0028,41,Burgundy,0012  ,Medium,Men's Iconic 150 T,2.09,1,12,72,02-01-2026 8:47,C,https://myebrochure.co.uk/images/colours/fotl/fotl-41.jpg,https://myebrochure.co.uk/images/products/prod_11101_61430_164462.jpg,https://myebrochure.co.uk/images/products.small/prod_11101_61430_164462.jpg,https://myebrochure.co.uk/images/products.hires/prod_11101_61430_164462.jpg,https://myebrochure.co.uk/images/brands/fotl_23.png,https://myebrochure.co.uk/images/products.hires/prod_61430_142209.jpg,https://myebrochure.co.uk/images/products.hires/prod_61430_142208.jpg,,,,,,,,,"<li>100&#37; combed ringspun cotton</li> <li>Soft hand feel</li> <li>Tailored fit</li> <li>Crew neck with 1x1 rib</li> <li>Self-fabric back neck tape</li> <li>New tear away back neck label</li> <li><b>Also available in ladies sizes code 61432, kids sizes code 61023 and girl&#39;s sizes code 61025</b></li>",1.64
183530,0000001834512,61430,TSHIRT,T-SHIRTS,MSSTSH,MENS SHORT SLEEVE T-SHIRT,FOTL,Fruit Of The Loom,ME0028,41,Burgundy,0012  ,Large,Men's Iconic 150 T,2.09,1,12,72,02-01-2026 8:47,C,https://myebrochure.co.uk/images/colours/fotl/fotl-41.jpg,https://myebrochure.co.uk/images/products/prod_11101_61430_164462.jpg,https://myebrochure.co.uk/images/products.small/prod_11101_61430_164462.jpg,https://myebrochure.co.uk/images/products.hires/prod_11101_61430_164462.jpg,https://myebrochure.co.uk/images/brands/fotl_23.png,https://myebrochure.co.uk/images/products.hires/prod_61430_142209.jpg,https://myebrochure.co.uk/images/products.hires/prod_61430_142208.jpg,,,,,,,,,"<li>100&#37; combed ringspun cotton</li> <li>Soft hand feel</li> <li>Tailored fit</li> <li>Crew neck with 1x1 rib</li> <li>Self-fabric back neck tape</li> <li>New tear away back neck label</li> <li><b>Also available in ladies sizes code 61432, kids sizes code 61023 and girl&#39;s sizes code 61025</b></li>",1.64
183531,0000001834529,61430,TSHIRT,T-SHIRTS,MSSTSH,MENS SHORT SLEEVE T-SHIRT,FOTL,Fruit Of The Loom,ME0028,41,Burgundy,0012  ,XL,Men's Iconic 150 T,2.09,1,12,72,02-01-2026 8:47,C,https://myebrochure.co.uk/images/colours/fotl/fotl-41.jpg,https://myebrochure.co.uk/images/products/prod_11101_61430_164462.jpg,https://myebrochure.co.uk/images/products.small/prod_11101_61430_164462.jpg,https://myebrochure.co.uk/images/products.hires/prod_11101_61430_164462.jpg,https://myebrochure.co.uk/images/brands/fotl_23.png,https://myebrochure.co.uk/images/products.hires/prod_61430_142209.jpg,https://myebrochure.co.uk/images/products.hires/prod_61430_142208.jpg,,,,,,,,,"<li>100&#37; combed ringspun cotton</li> <li>Soft hand feel</li> <li>Tailored fit</li> <li>Crew neck with 1x1 rib</li> <li>Self-fabric back neck tape</li> <li>New tear away back neck label</li> <li><b>Also available in ladies sizes code 61432, kids sizes code 61023 and girl&#39;s sizes code 61025</b></li>",1.64
183532,0000001834536,61430,TSHIRT,T-SHIRTS,MSSTSH,MENS SHORT SLEEVE T-SHIRT,FOTL,Fruit Of The Loom,ME0028,41,Burgundy,0012  ,2XL,Men's Iconic 150 T,2.09,1,12,72,02-01-2026 8:47,C,https://myebrochure.co.uk/images/colours/fotl/fotl-41.jpg,https://myebrochure.co.uk/images/products/prod_11101_61430_164462.jpg,https://myebrochure.co.uk/images/products.small/prod_11101_61430_164462.jpg,https://myebrochure.co.uk/images/products.hires/prod_11101_61430_164462.jpg,https://myebrochure.co.uk/images/brands/fotl_23.png,https://myebrochure.co.uk/images/products.hires/prod_61430_142209.jpg,https://myebrochure.co.uk/images/products.hires/prod_61430_142208.jpg,,,,,,,,,"<li>100&#37; combed ringspun cotton</li> <li>Soft hand feel</li> <li>Tailored fit</li> <li>Crew neck with 1x1 rib</li> <li>Self-fabric back neck tape</li> <li>New tear away back neck label</li> <li><b>Also available in ladies sizes code 61432, kids sizes code 61023 and girl&#39;s sizes code 61025</b></li>",1.64
183533,0000001834543,61430,TSHIRT,T-SHIRTS,MSSTSH,MENS SHORT SLEEVE T-SHIRT,FOTL,Fruit Of The Loom,ME0028,41,Burgundy,0012  ,3XL,Men's Iconic 150 T,2.85,1,12,36,02-01-2026 8:47,C,https://myebrochure.co.uk/images/colours/fotl/fotl-41.jpg,https://myebrochure.co.uk/images/products/prod_11101_61430_164462.jpg,https://myebrochure.co.uk/images/products.small/prod_11101_61430_164462.jpg,https://myebrochure.co.uk/images/products.hires/prod_11101_61430_164462.jpg,https://myebrochure.co.uk/images/brands/fotl_23.png,https://myebrochure.co.uk/images/products.hires/prod_61430_142209.jpg,https://myebrochure.co.uk/images/products.hires/prod_61430_142208.jpg,,,,,,,,,"<li>100&#37; combed ringspun cotton</li> <li>Soft hand feel</li> <li>Tailored fit</li> <li>Crew neck with 1x1 rib</li> <li>Self-fabric back neck tape</li> <li>New tear away back neck label</li> <li><b>Also available in ladies sizes code 61432, kids sizes code 61023 and girl&#39;s sizes code 61025</b></li>",2.24
183536,0000001834574,61430,TSHIRT,T-SHIRTS,MSSTSH,MENS SHORT SLEEVE T-SHIRT,FOTL,Fruit Of The Loom,ME0028,NE,Neomint,0012  ,Small,Men's Iconic 150 T,2.09,1,12,72,02-01-2026 8:47,C,https://myebrochure.co.uk/images/colours/fotl/fotl-ne.jpg,https://myebrochure.co.uk/images/products/prod_11101_61430_164462.jpg,https://myebrochure.co.uk/images/products.small/prod_11101_61430_164462.jpg,https://myebrochure.co.uk/images/products.hires/prod_11101_61430_164462.jpg,https://myebrochure.co.uk/images/brands/fotl_23.png,https://myebrochure.co.uk/images/products.hires/prod_11101_61430_149191.jpg,https://myebrochure.co.uk/images/products.hires/prod_11101_61430_149190.jpg,https://myebrochure.co.uk/images/products.hires/prod_11101_61430_149192.jpg,,,,,,,,"<li>100&#37; combed ringspun cotton</li> <li>Soft hand feel</li> <li>Tailored fit</li> <li>Crew neck with 1x1 rib</li> <li>Self-fabric back neck tape</li> <li>New tear away back neck label</li> <li><b>Also available in ladies sizes code 61432, kids sizes code 61023 and girl&#39;s sizes code 61025</b></li>",1.64
183537,0000001834581,61430,TSHIRT,T-SHIRTS,MSSTSH,MENS SHORT SLEEVE T-SHIRT,FOTL,Fruit Of The Loom,ME0028,NE,Neomint,0012  ,Medium,Men's Iconic 150 T,2.09,1,12,72,02-01-2026 8:47,C,https://myebrochure.co.uk/images/colours/fotl/fotl-ne.jpg,https://myebrochure.co.uk/images/products/prod_11101_61430_164462.jpg,https://myebrochure.co.uk/images/products.small/prod_11101_61430_164462.jpg,https://myebrochure.co.uk/images/products.hires/prod_11101_61430_164462.jpg,https://myebrochure.co.uk/images/brands/fotl_23.png,https://myebrochure.co.uk/images/products.hires/prod_11101_61430_149191.jpg,https://myebrochure.co.uk/images/products.hires/prod_11101_61430_149190.jpg,https://myebrochure.co.uk/images/products.hires/prod_11101_61430_149192.jpg,,,,,,,,"<li>100&#37; combed ringspun cotton</li> <li>Soft hand feel</li> <li>Tailored fit</li> <li>Crew neck with 1x1 rib</li> <li>Self-fabric back neck tape</li> <li>New tear away back neck label</li> <li><b>Also available in ladies sizes code 61432, kids sizes code 61023 and girl&#39;s sizes code 61025</b></li>",1.64
183538,0000001834598,61430,TSHIRT,T-SHIRTS,MSSTSH,MENS SHORT SLEEVE T-SHIRT,FOTL,Fruit Of The Loom,ME0028,NE,Neomint,0012  ,Large,Men's Iconic 150 T,2.09,1,12,72,02-01-2026 8:47,C,https://myebrochure.co.uk/images/colours/fotl/fotl-ne.jpg,https://myebrochure.co.uk/images/products/prod_11101_61430_164462.jpg,https://myebrochure.co.uk/images/products.small/prod_11101_61430_164462.jpg,https://myebrochure.co.uk/images/products.hires/prod_11101_61430_164462.jpg,https://myebrochure.co.uk/images/brands/fotl_23.png,https://myebrochure.co.uk/images/products.hires/prod_11101_61430_149191.jpg,https://myebrochure.co.uk/images/products.hires/prod_11101_61430_149190.jpg,https://myebrochure.co.uk/images/products.hires/prod_11101_61430_149192.jpg,,,,,,,,"<li>100&#37; combed ringspun cotton</li> <li>Soft hand feel</li> <li>Tailored fit</li> <li>Crew neck with 1x1 rib</li> <li>Self-fabric back neck tape</li> <li>New tear away back neck label</li> <li><b>Also available in ladies sizes code 61432, kids sizes code 61023 and girl&#39;s sizes code 61025</b></li>",1.64
183539,0000001834604,61430,TSHIRT,T-SHIRTS,MSSTSH,MENS SHORT SLEEVE T-SHIRT,FOTL,Fruit Of The Loom,ME0028,NE,Neomint,0012  ,XL,Men's Iconic 150 T,2.09,1,12,72,02-01-2026 8:47,C,https://myebrochure.co.uk/images/colours/fotl/fotl-ne.jpg,https://myebrochure.co.uk/images/products/prod_11101_61430_164462.jpg,https://myebrochure.co.uk/images/products.small/prod_11101_61430_164462.jpg,https://myebrochure.co.uk/images/products.hires/prod_11101_61430_164462.jpg,https://myebrochure.co.uk/images/brands/fotl_23.png,https://myebrochure.co.uk/images/products.hires/prod_11101_61430_149191.jpg,https://myebrochure.co.uk/images/products.hires/prod_11101_61430_149190.jpg,https://myebrochure.co.uk/images/products.hires/prod_11101_61430_149192.jpg,,,,,,,,"<li>100&#37; combed ringspun cotton</li> <li>Soft hand feel</li> <li>Tailored fit</li> <li>Crew neck with 1x1 rib</li> <li>Self-fabric back neck tape</li> <li>New tear away back neck label</li> <li><b>Also available in ladies sizes code 61432, kids sizes code 61023 and girl&#39;s sizes code 61025</b></li>",1.64
183540,0000001834611,61430,TSHIRT,T-SHIRTS,MSSTSH,MENS SHORT SLEEVE T-SHIRT,FOTL,Fruit Of The Loom,ME0028,NE,Neomint,0012  ,2XL,Men's Iconic 150 T,2.09,1,12,72,02-01-2026 8:47,C,https://myebrochure.co.uk/images/colours/fotl/fotl-ne.jpg,https://myebrochure.co.uk/images/products/prod_11101_61430_164462.jpg,https://myebrochure.co.uk/images/products.small/prod_11101_61430_164462.jpg,https://myebrochure.co.uk/images/products.hires/prod_11101_61430_164462.jpg,https://myebrochure.co.uk/images/brands/fotl_23.png,https://myebrochure.co.uk/images/products.hires/prod_11101_61430_149191.jpg,https://myebrochure.co.uk/images/products.hires/prod_11101_61430_149190.jpg,https://myebrochure.co.uk/images/products.hires/prod_11101_61430_149192.jpg,,,,,,,,"<li>100&#37; combed ringspun cotton</li> <li>Soft hand feel</li> <li>Tailored fit</li> <li>Crew neck with 1x1 rib</li> <li>Self-fabric back neck tape</li> <li>New tear away back neck label</li> <li><b>Also available in ladies sizes code 61432, kids sizes code 61023 and girl&#39;s sizes code 61025</b></li>",1.64
183541,0000001834628,61430,TSHIRT,T-SHIRTS,MSSTSH,MENS SHORT SLEEVE T-SHIRT,FOTL,Fruit Of The Loom,ME0028,NE,Neomint,0012  ,3XL,Men's Iconic 150 T,2.85,1,12,36,02-01-2026 8:47,C,https://myebrochure.co.uk/images/colours/fotl/fotl-ne.jpg,https://myebrochure.co.uk/images/products/prod_11101_61430_164462.jpg,https://myebrochure.co.uk/images/products.small/prod_11101_61430_164462.jpg,https://myebrochure.co.uk/images/products.hires/prod_11101_61430_164462.jpg,https://myebrochure.co.uk/images/brands/fotl_23.png,https://myebrochure.co.uk/images/products.hires/prod_11101_61430_149191.jpg,https://myebrochure.co.uk/images/products.hires/prod_11101_61430_149190.jpg,https://myebrochure.co.uk/images/products.hires/prod_11101_61430_149192.jpg,,,,,,,,"<li>100&#37; combed ringspun cotton</li> <li>Soft hand feel</li> <li>Tailored fit</li> <li>Crew neck with 1x1 rib</li> <li>Self-fabric back neck tape</li> <li>New tear away back neck label</li> <li><b>Also available in ladies sizes code 61432, kids sizes code 61023 and girl&#39;s sizes code 61025</b></li>",2.24
197023,0000001970050,61430,TSHIRT,T-SHIRTS,MSSTSH,MENS SHORT SLEEVE T-SHIRT,FOTL,Fruit Of The Loom,ME0028,9K,Athletic Heather,0012  ,Small,Men's Iconic 150 T,2.09,1,12,72,02-01-2026 8:47,C,https://myebrochure.co.uk/images/colours/fotl/fotl-9k.jpg,https://myebrochure.co.uk/images/products/prod_11101_61430_164462.jpg,https://myebrochure.co.uk/images/products.small/prod_11101_61430_164462.jpg,https://myebrochure.co.uk/images/products.hires/prod_11101_61430_164462.jpg,https://myebrochure.co.uk/images/brands/fotl_23.png,https://myebrochure.co.uk/images/products.hires/prod_11101_61430_153581.jpg,https://myebrochure.co.uk/images/products.hires/prod_11101_61430_153580.jpg,https://myebrochure.co.uk/images/products.hires/prod_11101_61430_153582.jpg,,,,,,,,"<li>100&#37; combed ringspun cotton</li> <li>Soft hand feel</li> <li>Tailored fit</li> <li>Crew neck with 1x1 rib</li> <li>Self-fabric back neck tape</li> <li>New tear away back neck label</li> <li><b>Also available in ladies sizes code 61432, kids sizes code 61023 and girl&#39;s sizes code 61025</b></li>",1.64
197024,0000001970067,61430,TSHIRT,T-SHIRTS,MSSTSH,MENS SHORT SLEEVE T-SHIRT,FOTL,Fruit Of The Loom,ME0028,9K,Athletic Heather,0012  ,Medium,Men's Iconic 150 T,2.09,1,12,72,02-01-2026 8:47,C,https://myebrochure.co.uk/images/colours/fotl/fotl-9k.jpg,https://myebrochure.co.uk/images/products/prod_11101_61430_164462.jpg,https://myebrochure.co.uk/images/products.small/prod_11101_61430_164462.jpg,https://myebrochure.co.uk/images/products.hires/prod_11101_61430_164462.jpg,https://myebrochure.co.uk/images/brands/fotl_23.png,https://myebrochure.co.uk/images/products.hires/prod_11101_61430_153581.jpg,https://myebrochure.co.uk/images/products.hires/prod_11101_61430_153580.jpg,https://myebrochure.co.uk/images/products.hires/prod_11101_61430_153582.jpg,,,,,,,,"<li>100&#37; combed ringspun cotton</li> <li>Soft hand feel</li> <li>Tailored fit</li> <li>Crew neck with 1x1 rib</li> <li>Self-fabric back neck tape</li> <li>New tear away back neck label</li> <li><b>Also available in ladies sizes code 61432, kids sizes code 61023 and girl&#39;s sizes code 61025</b></li>",1.64
197025,0000001970074,61430,TSHIRT,T-SHIRTS,MSSTSH,MENS SHORT SLEEVE T-SHIRT,FOTL,Fruit Of The Loom,ME0028,9K,Athletic Heather,0012  ,Large,Men's Iconic 150 T,2.09,1,12,72,02-01-2026 8:47,C,https://myebrochure.co.uk/images/colours/fotl/fotl-9k.jpg,https://myebrochure.co.uk/images/products/prod_11101_61430_164462.jpg,https://myebrochure.co.uk/images/products.small/prod_11101_61430_164462.jpg,https://myebrochure.co.uk/images/products.hires/prod_11101_61430_164462.jpg,https://myebrochure.co.uk/images/brands/fotl_23.png,https://myebrochure.co.uk/images/products.hires/prod_11101_61430_153581.jpg,https://myebrochure.co.uk/images/products.hires/prod_11101_61430_153580.jpg,https://myebrochure.co.uk/images/products.hires/prod_11101_61430_153582.jpg,,,,,,,,"<li>100&#37; combed ringspun cotton</li> <li>Soft hand feel</li> <li>Tailored fit</li> <li>Crew neck with 1x1 rib</li> <li>Self-fabric back neck tape</li> <li>New tear away back neck label</li> <li><b>Also available in ladies sizes code 61432, kids sizes code 61023 and girl&#39;s sizes code 61025</b></li>",1.64
197026,0000001970081,61430,TSHIRT,T-SHIRTS,MSSTSH,MENS SHORT SLEEVE T-SHIRT,FOTL,Fruit Of The Loom,ME0028,9K,Athletic Heather,0012  ,XL,Men's Iconic 150 T,2.09,1,12,72,02-01-2026 8:47,C,https://myebrochure.co.uk/images/colours/fotl/fotl-9k.jpg,https://myebrochure.co.uk/images/products/prod_11101_61430_164462.jpg,https://myebrochure.co.uk/images/products.small/prod_11101_61430_164462.jpg,https://myebrochure.co.uk/images/products.hires/prod_11101_61430_164462.jpg,https://myebrochure.co.uk/images/brands/fotl_23.png,https://myebrochure.co.uk/images/products.hires/prod_11101_61430_153581.jpg,https://myebrochure.co.uk/images/products.hires/prod_11101_61430_153580.jpg,https://myebrochure.co.uk/images/products.hires/prod_11101_61430_153582.jpg,,,,,,,,"<li>100&#37; combed ringspun cotton</li> <li>Soft hand feel</li> <li>Tailored fit</li> <li>Crew neck with 1x1 rib</li> <li>Self-fabric back neck tape</li> <li>New tear away back neck label</li> <li><b>Also available in ladies sizes code 61432, kids sizes code 61023 and girl&#39;s sizes code 61025</b></li>",1.64
197027,0000001970098,61430,TSHIRT,T-SHIRTS,MSSTSH,MENS SHORT SLEEVE T-SHIRT,FOTL,Fruit Of The Loom,ME0028,9K,Athletic Heather,0012  ,2XL,Men's Iconic 150 T,2.09,1,12,72,02-01-2026 8:47,C,https://myebrochure.co.uk/images/colours/fotl/fotl-9k.jpg,https://myebrochure.co.uk/images/products/prod_11101_61430_164462.jpg,https://myebrochure.co.uk/images/products.small/prod_11101_61430_164462.jpg,https://myebrochure.co.uk/images/products.hires/prod_11101_61430_164462.jpg,https://myebrochure.co.uk/images/brands/fotl_23.png,https://myebrochure.co.uk/images/products.hires/prod_11101_61430_153581.jpg,https://myebrochure.co.uk/images/products.hires/prod_11101_61430_153580.jpg,https://myebrochure.co.uk/images/products.hires/prod_11101_61430_153582.jpg,,,,,,,,"<li>100&#37; combed ringspun cotton</li> <li>Soft hand feel</li> <li>Tailored fit</li> <li>Crew neck with 1x1 rib</li> <li>Self-fabric back neck tape</li> <li>New tear away back neck label</li> <li><b>Also available in ladies sizes code 61432, kids sizes code 61023 and girl&#39;s sizes code 61025</b></li>",1.64
197028,0000001970104,61430,TSHIRT,T-SHIRTS,MSSTSH,MENS SHORT SLEEVE T-SHIRT,FOTL,Fruit Of The Loom,ME0028,9K,Athletic Heather,0012  ,3XL,Men's Iconic 150 T,2.85,1,12,36,02-01-2026 8:47,C,https://myebrochure.co.uk/images/colours/fotl/fotl-9k.jpg,https://myebrochure.co.uk/images/products/prod_11101_61430_164462.jpg,https://myebrochure.co.uk/images/products.small/prod_11101_61430_164462.jpg,https://myebrochure.co.uk/images/products.hires/prod_11101_61430_164462.jpg,https://myebrochure.co.uk/images/brands/fotl_23.png,https://myebrochure.co.uk/images/products.hires/prod_11101_61430_153581.jpg,https://myebrochure.co.uk/images/products.hires/prod_11101_61430_153580.jpg,https://myebrochure.co.uk/images/products.hires/prod_11101_61430_153582.jpg,,,,,,,,"<li>100&#37; combed ringspun cotton</li> <li>Soft hand feel</li> <li>Tailored fit</li> <li>Crew neck with 1x1 rib</li> <li>Self-fabric back neck tape</li> <li>New tear away back neck label</li> <li><b>Also available in ladies sizes code 61432, kids sizes code 61023 and girl&#39;s sizes code 61025</b></li>",2.24
200578,0000002005638,61430,TSHIRT,T-SHIRTS,MSSTSH,MENS SHORT SLEEVE T-SHIRT,FOTL,Fruit Of The Loom,ME0028,ZU,Azure Blue,0012  ,Small,Men's Iconic 150 T,2.09,1,12,72,02-01-2026 8:47,C,https://myebrochure.co.uk/images/colours/fotl/fotl-zu.jpg,https://myebrochure.co.uk/images/products/prod_11101_61430_164462.jpg,https://myebrochure.co.uk/images/products.small/prod_11101_61430_164462.jpg,https://myebrochure.co.uk/images/products.hires/prod_11101_61430_164462.jpg,https://myebrochure.co.uk/images/brands/fotl_23.png,https://myebrochure.co.uk/images/products.hires/prod_11101_61430_157241.jpg,https://myebrochure.co.uk/images/products.hires/prod_11101_61430_157240.jpg,https://myebrochure.co.uk/images/products.hires/prod_11101_61430_157242.jpg,,,,,,,,"<li>100&#37; combed ringspun cotton</li> <li>Soft hand feel</li> <li>Tailored fit</li> <li>Crew neck with 1x1 rib</li> <li>Self-fabric back neck tape</li> <li>New tear away back neck label</li> <li><b>Also available in ladies sizes code 61432, kids sizes code 61023 and girl&#39;s sizes code 61025</b></li>",1.64
200579,0000002005645,61430,TSHIRT,T-SHIRTS,MSSTSH,MENS SHORT SLEEVE T-SHIRT,FOTL,Fruit Of The Loom,ME0028,ZU,Azure Blue,0012  ,Medium,Men's Iconic 150 T,2.09,1,12,72,02-01-2026 8:47,C,https://myebrochure.co.uk/images/colours/fotl/fotl-zu.jpg,https://myebrochure.co.uk/images/products/prod_11101_61430_164462.jpg,https://myebrochure.co.uk/images/products.small/prod_11101_61430_164462.jpg,https://myebrochure.co.uk/images/products.hires/prod_11101_61430_164462.jpg,https://myebrochure.co.uk/images/brands/fotl_23.png,https://myebrochure.co.uk/images/products.hires/prod_11101_61430_157241.jpg,https://myebrochure.co.uk/images/products.hires/prod_11101_61430_157240.jpg,https://myebrochure.co.uk/images/products.hires/prod_11101_61430_157242.jpg,,,,,,,,"<li>100&#37; combed ringspun cotton</li> <li>Soft hand feel</li> <li>Tailored fit</li> <li>Crew neck with 1x1 rib</li> <li>Self-fabric back neck tape</li> <li>New tear away back neck label</li> <li><b>Also available in ladies sizes code 61432, kids sizes code 61023 and girl&#39;s sizes code 61025</b></li>",1.64
200580,0000002005652,61430,TSHIRT,T-SHIRTS,MSSTSH,MENS SHORT SLEEVE T-SHIRT,FOTL,Fruit Of The Loom,ME0028,ZU,Azure Blue,0012  ,Large,Men's Iconic 150 T,2.09,1,12,72,02-01-2026 8:47,C,https://myebrochure.co.uk/images/colours/fotl/fotl-zu.jpg,https://myebrochure.co.uk/images/products/prod_11101_61430_164462.jpg,https://myebrochure.co.uk/images/products.small/prod_11101_61430_164462.jpg,https://myebrochure.co.uk/images/products.hires/prod_11101_61430_164462.jpg,https://myebrochure.co.uk/images/brands/fotl_23.png,https://myebrochure.co.uk/images/products.hires/prod_11101_61430_157241.jpg,https://myebrochure.co.uk/images/products.hires/prod_11101_61430_157240.jpg,https://myebrochure.co.uk/images/products.hires/prod_11101_61430_157242.jpg,,,,,,,,"<li>100&#37; combed ringspun cotton</li> <li>Soft hand feel</li> <li>Tailored fit</li> <li>Crew neck with 1x1 rib</li> <li>Self-fabric back neck tape</li> <li>New tear away back neck label</li> <li><b>Also available in ladies sizes code 61432, kids sizes code 61023 and girl&#39;s sizes code 61025</b></li>",1.64
200581,0000002005669,61430,TSHIRT,T-SHIRTS,MSSTSH,MENS SHORT SLEEVE T-SHIRT,FOTL,Fruit Of The Loom,ME0028,ZU,Azure Blue,0012  ,XL,Men's Iconic 150 T,2.09,1,12,72,02-01-2026 8:47,C,https://myebrochure.co.uk/images/colours/fotl/fotl-zu.jpg,https://myebrochure.co.uk/images/products/prod_11101_61430_164462.jpg,https://myebrochure.co.uk/images/products.small/prod_11101_61430_164462.jpg,https://myebrochure.co.uk/images/products.hires/prod_11101_61430_164462.jpg,https://myebrochure.co.uk/images/brands/fotl_23.png,https://myebrochure.co.uk/images/products.hires/prod_11101_61430_157241.jpg,https://myebrochure.co.uk/images/products.hires/prod_11101_61430_157240.jpg,https://myebrochure.co.uk/images/products.hires/prod_11101_61430_157242.jpg,,,,,,,,"<li>100&#37; combed ringspun cotton</li> <li>Soft hand feel</li> <li>Tailored fit</li> <li>Crew neck with 1x1 rib</li> <li>Self-fabric back neck tape</li> <li>New tear away back neck label</li> <li><b>Also available in ladies sizes code 61432, kids sizes code 61023 and girl&#39;s sizes code 61025</b></li>",1.64
200582,0000002005676,61430,TSHIRT,T-SHIRTS,MSSTSH,MENS SHORT SLEEVE T-SHIRT,FOTL,Fruit Of The Loom,ME0028,ZU,Azure Blue,0012  ,2XL,Men's Iconic 150 T,2.09,1,12,72,02-01-2026 8:47,C,https://myebrochure.co.uk/images/colours/fotl/fotl-zu.jpg,https://myebrochure.co.uk/images/products/prod_11101_61430_164462.jpg,https://myebrochure.co.uk/images/products.small/prod_11101_61430_164462.jpg,https://myebrochure.co.uk/images/products.hires/prod_11101_61430_164462.jpg,https://myebrochure.co.uk/images/brands/fotl_23.png,https://myebrochure.co.uk/images/products.hires/prod_11101_61430_157241.jpg,https://myebrochure.co.uk/images/products.hires/prod_11101_61430_157240.jpg,https://myebrochure.co.uk/images/products.hires/prod_11101_61430_157242.jpg,,,,,,,,"<li>100&#37; combed ringspun cotton</li> <li>Soft hand feel</li> <li>Tailored fit</li> <li>Crew neck with 1x1 rib</li> <li>Self-fabric back neck tape</li> <li>New tear away back neck label</li> <li><b>Also available in ladies sizes code 61432, kids sizes code 61023 and girl&#39;s sizes code 61025</b></li>",1.64
200583,0000002005683,61430,TSHIRT,T-SHIRTS,MSSTSH,MENS SHORT SLEEVE T-SHIRT,FOTL,Fruit Of The Loom,ME0028,ZU,Azure Blue,0012  ,3XL,Men's Iconic 150 T,2.85,1,12,36,02-01-2026 8:47,C,https://myebrochure.co.uk/images/colours/fotl/fotl-zu.jpg,https://myebrochure.co.uk/images/products/prod_11101_61430_164462.jpg,https://myebrochure.co.uk/images/products.small/prod_11101_61430_164462.jpg,https://myebrochure.co.uk/images/products.hires/prod_11101_61430_164462.jpg,https://myebrochure.co.uk/images/brands/fotl_23.png,https://myebrochure.co.uk/images/products.hires/prod_11101_61430_157241.jpg,https://myebrochure.co.uk/images/products.hires/prod_11101_61430_157240.jpg,https://myebrochure.co.uk/images/products.hires/prod_11101_61430_157242.jpg,,,,,,,,"<li>100&#37; combed ringspun cotton</li> <li>Soft hand feel</li> <li>Tailored fit</li> <li>Crew neck with 1x1 rib</li> <li>Self-fabric back neck tape</li> <li>New tear away back neck label</li> <li><b>Also available in ladies sizes code 61432, kids sizes code 61023 and girl&#39;s sizes code 61025</b></li>",2.24
200586,0000002005713,61430,TSHIRT,T-SHIRTS,MSSTSH,MENS SHORT SLEEVE T-SHIRT,FOTL,Fruit Of The Loom,ME0028,PR,Powder Rose,0012  ,Small,Men's Iconic 150 T,2.09,1,12,72,02-01-2026 8:47,C,https://myebrochure.co.uk/images/colours/fotl/fotl-pr.jpg,https://myebrochure.co.uk/images/products/prod_11101_61430_164462.jpg,https://myebrochure.co.uk/images/products.small/prod_11101_61430_164462.jpg,https://myebrochure.co.uk/images/products.hires/prod_11101_61430_164462.jpg,https://myebrochure.co.uk/images/brands/fotl_23.png,https://myebrochure.co.uk/images/products.hires/prod_11101_61430_157235.jpg,https://myebrochure.co.uk/images/products.hires/prod_11101_61430_157234.jpg,https://myebrochure.co.uk/images/products.hires/prod_11101_61430_157236.jpg,,,,,,,,"<li>100&#37; combed ringspun cotton</li> <li>Soft hand feel</li> <li>Tailored fit</li> <li>Crew neck with 1x1 rib</li> <li>Self-fabric back neck tape</li> <li>New tear away back neck label</li> <li><b>Also available in ladies sizes code 61432, kids sizes code 61023 and girl&#39;s sizes code 61025</b></li>",1.64
200587,0000002005720,61430,TSHIRT,T-SHIRTS,MSSTSH,MENS SHORT SLEEVE T-SHIRT,FOTL,Fruit Of The Loom,ME0028,PR,Powder Rose,0012  ,Medium,Men's Iconic 150 T,2.09,1,12,72,02-01-2026 8:47,C,https://myebrochure.co.uk/images/colours/fotl/fotl-pr.jpg,https://myebrochure.co.uk/images/products/prod_11101_61430_164462.jpg,https://myebrochure.co.uk/images/products.small/prod_11101_61430_164462.jpg,https://myebrochure.co.uk/images/products.hires/prod_11101_61430_164462.jpg,https://myebrochure.co.uk/images/brands/fotl_23.png,https://myebrochure.co.uk/images/products.hires/prod_11101_61430_157235.jpg,https://myebrochure.co.uk/images/products.hires/prod_11101_61430_157234.jpg,https://myebrochure.co.uk/images/products.hires/prod_11101_61430_157236.jpg,,,,,,,,"<li>100&#37; combed ringspun cotton</li> <li>Soft hand feel</li> <li>Tailored fit</li> <li>Crew neck with 1x1 rib</li> <li>Self-fabric back neck tape</li> <li>New tear away back neck label</li> <li><b>Also available in ladies sizes code 61432, kids sizes code 61023 and girl&#39;s sizes code 61025</b></li>",1.64
200588,0000002005737,61430,TSHIRT,T-SHIRTS,MSSTSH,MENS SHORT SLEEVE T-SHIRT,FOTL,Fruit Of The Loom,ME0028,PR,Powder Rose,0012  ,Large,Men's Iconic 150 T,2.09,1,12,72,02-01-2026 8:47,C,https://myebrochure.co.uk/images/colours/fotl/fotl-pr.jpg,https://myebrochure.co.uk/images/products/prod_11101_61430_164462.jpg,https://myebrochure.co.uk/images/products.small/prod_11101_61430_164462.jpg,https://myebrochure.co.uk/images/products.hires/prod_11101_61430_164462.jpg,https://myebrochure.co.uk/images/brands/fotl_23.png,https://myebrochure.co.uk/images/products.hires/prod_11101_61430_157235.jpg,https://myebrochure.co.uk/images/products.hires/prod_11101_61430_157234.jpg,https://myebrochure.co.uk/images/products.hires/prod_11101_61430_157236.jpg,,,,,,,,"<li>100&#37; combed ringspun cotton</li> <li>Soft hand feel</li> <li>Tailored fit</li> <li>Crew neck with 1x1 rib</li> <li>Self-fabric back neck tape</li> <li>New tear away back neck label</li> <li><b>Also available in ladies sizes code 61432, kids sizes code 61023 and girl&#39;s sizes code 61025</b></li>",1.64
200589,0000002005744,61430,TSHIRT,T-SHIRTS,MSSTSH,MENS SHORT SLEEVE T-SHIRT,FOTL,Fruit Of The Loom,ME0028,PR,Powder Rose,0012  ,XL,Men's Iconic 150 T,2.09,1,12,72,02-01-2026 8:47,C,https://myebrochure.co.uk/images/colours/fotl/fotl-pr.jpg,https://myebrochure.co.uk/images/products/prod_11101_61430_164462.jpg,https://myebrochure.co.uk/images/products.small/prod_11101_61430_164462.jpg,https://myebrochure.co.uk/images/products.hires/prod_11101_61430_164462.jpg,https://myebrochure.co.uk/images/brands/fotl_23.png,https://myebrochure.co.uk/images/products.hires/prod_11101_61430_157235.jpg,https://myebrochure.co.uk/images/products.hires/prod_11101_61430_157234.jpg,https://myebrochure.co.uk/images/products.hires/prod_11101_61430_157236.jpg,,,,,,,,"<li>100&#37; combed ringspun cotton</li> <li>Soft hand feel</li> <li>Tailored fit</li> <li>Crew neck with 1x1 rib</li> <li>Self-fabric back neck tape</li> <li>New tear away back neck label</li> <li><b>Also available in ladies sizes code 61432, kids sizes code 61023 and girl&#39;s sizes code 61025</b></li>",1.64
200590,0000002005751,61430,TSHIRT,T-SHIRTS,MSSTSH,MENS SHORT SLEEVE T-SHIRT,FOTL,Fruit Of The Loom,ME0028,PR,Powder Rose,0012  ,2XL,Men's Iconic 150 T,2.09,1,12,72,02-01-2026 8:47,C,https://myebrochure.co.uk/images/colours/fotl/fotl-pr.jpg,https://myebrochure.co.uk/images/products/prod_11101_61430_164462.jpg,https://myebrochure.co.uk/images/products.small/prod_11101_61430_164462.jpg,https://myebrochure.co.uk/images/products.hires/prod_11101_61430_164462.jpg,https://myebrochure.co.uk/images/brands/fotl_23.png,https://myebrochure.co.uk/images/products.hires/prod_11101_61430_157235.jpg,https://myebrochure.co.uk/images/products.hires/prod_11101_61430_157234.jpg,https://myebrochure.co.uk/images/products.hires/prod_11101_61430_157236.jpg,,,,,,,,"<li>100&#37; combed ringspun cotton</li> <li>Soft hand feel</li> <li>Tailored fit</li> <li>Crew neck with 1x1 rib</li> <li>Self-fabric back neck tape</li> <li>New tear away back neck label</li> <li><b>Also available in ladies sizes code 61432, kids sizes code 61023 and girl&#39;s sizes code 61025</b></li>",1.64
200591,0000002005768,61430,TSHIRT,T-SHIRTS,MSSTSH,MENS SHORT SLEEVE T-SHIRT,FOTL,Fruit Of The Loom,ME0028,PR,Powder Rose,0012  ,3XL,Men's Iconic 150 T,2.85,1,12,36,02-01-2026 8:47,C,https://myebrochure.co.uk/images/colours/fotl/fotl-pr.jpg,https://myebrochure.co.uk/images/products/prod_11101_61430_164462.jpg,https://myebrochure.co.uk/images/products.small/prod_11101_61430_164462.jpg,https://myebrochure.co.uk/images/products.hires/prod_11101_61430_164462.jpg,https://myebrochure.co.uk/images/brands/fotl_23.png,https://myebrochure.co.uk/images/products.hires/prod_11101_61430_157235.jpg,https://myebrochure.co.uk/images/products.hires/prod_11101_61430_157234.jpg,https://myebrochure.co.uk/images/products.hires/prod_11101_61430_157236.jpg,,,,,,,,"<li>100&#37; combed ringspun cotton</li> <li>Soft hand feel</li> <li>Tailored fit</li> <li>Crew neck with 1x1 rib</li> <li>Self-fabric back neck tape</li> <li>New tear away back neck label</li> <li><b>Also available in ladies sizes code 61432, kids sizes code 61023 and girl&#39;s sizes code 61025</b></li>",2.24
200866,0000002008516,61430,TSHIRT,T-SHIRTS,MSSTSH,MENS SHORT SLEEVE T-SHIRT,FOTL,Fruit Of The Loom,ME0028,SLR,Soft Lavender,0012  ,Small,Men's Iconic 150 T,2.09,1,12,72,02-01-2026 8:47,C,https://myebrochure.co.uk/images/colours/fotl/fotl-slr.jpg,https://myebrochure.co.uk/images/products/prod_11101_61430_164462.jpg,https://myebrochure.co.uk/images/products.small/prod_11101_61430_164462.jpg,https://myebrochure.co.uk/images/products.hires/prod_11101_61430_164462.jpg,https://myebrochure.co.uk/images/brands/fotl_23.png,https://myebrochure.co.uk/images/products.hires/prod_11101_61430_157238.jpg,https://myebrochure.co.uk/images/products.hires/prod_11101_61430_157237.jpg,https://myebrochure.co.uk/images/products.hires/prod_11101_61430_157239.jpg,,,,,,,,"<li>100&#37; combed ringspun cotton</li> <li>Soft hand feel</li> <li>Tailored fit</li> <li>Crew neck with 1x1 rib</li> <li>Self-fabric back neck tape</li> <li>New tear away back neck label</li> <li><b>Also available in ladies sizes code 61432, kids sizes code 61023 and girl&#39;s sizes code 61025</b></li>",1.64
200867,0000002008523,61430,TSHIRT,T-SHIRTS,MSSTSH,MENS SHORT SLEEVE T-SHIRT,FOTL,Fruit Of The Loom,ME0028,SLR,Soft Lavender,0012  ,Medium,Men's Iconic 150 T,2.09,1,12,72,02-01-2026 8:47,C,https://myebrochure.co.uk/images/colours/fotl/fotl-slr.jpg,https://myebrochure.co.uk/images/products/prod_11101_61430_164462.jpg,https://myebrochure.co.uk/images/products.small/prod_11101_61430_164462.jpg,https://myebrochure.co.uk/images/products.hires/prod_11101_61430_164462.jpg,https://myebrochure.co.uk/images/brands/fotl_23.png,https://myebrochure.co.uk/images/products.hires/prod_11101_61430_157238.jpg,https://myebrochure.co.uk/images/products.hires/prod_11101_61430_157237.jpg,https://myebrochure.co.uk/images/products.hires/prod_11101_61430_157239.jpg,,,,,,,,"<li>100&#37; combed ringspun cotton</li> <li>Soft hand feel</li> <li>Tailored fit</li> <li>Crew neck with 1x1 rib</li> <li>Self-fabric back neck tape</li> <li>New tear away back neck label</li> <li><b>Also available in ladies sizes code 61432, kids sizes code 61023 and girl&#39;s sizes code 61025</b></li>",1.64
200868,0000002008530,61430,TSHIRT,T-SHIRTS,MSSTSH,MENS SHORT SLEEVE T-SHIRT,FOTL,Fruit Of The Loom,ME0028,SLR,Soft Lavender,0012  ,Large,Men's Iconic 150 T,2.09,1,12,72,02-01-2026 8:47,C,https://myebrochure.co.uk/images/colours/fotl/fotl-slr.jpg,https://myebrochure.co.uk/images/products/prod_11101_61430_164462.jpg,https://myebrochure.co.uk/images/products.small/prod_11101_61430_164462.jpg,https://myebrochure.co.uk/images/products.hires/prod_11101_61430_164462.jpg,https://myebrochure.co.uk/images/brands/fotl_23.png,https://myebrochure.co.uk/images/products.hires/prod_11101_61430_157238.jpg,https://myebrochure.co.uk/images/products.hires/prod_11101_61430_157237.jpg,https://myebrochure.co.uk/images/products.hires/prod_11101_61430_157239.jpg,,,,,,,,"<li>100&#37; combed ringspun cotton</li> <li>Soft hand feel</li> <li>Tailored fit</li> <li>Crew neck with 1x1 rib</li> <li>Self-fabric back neck tape</li> <li>New tear away back neck label</li> <li><b>Also available in ladies sizes code 61432, kids sizes code 61023 and girl&#39;s sizes code 61025</b></li>",1.64
200869,0000002008547,61430,TSHIRT,T-SHIRTS,MSSTSH,MENS SHORT SLEEVE T-SHIRT,FOTL,Fruit Of The Loom,ME0028,SLR,Soft Lavender,0012  ,XL,Men's Iconic 150 T,2.09,1,12,72,02-01-2026 8:47,C,https://myebrochure.co.uk/images/colours/fotl/fotl-slr.jpg,https://myebrochure.co.uk/images/products/prod_11101_61430_164462.jpg,https://myebrochure.co.uk/images/products.small/prod_11101_61430_164462.jpg,https://myebrochure.co.uk/images/products.hires/prod_11101_61430_164462.jpg,https://myebrochure.co.uk/images/brands/fotl_23.png,https://myebrochure.co.uk/images/products.hires/prod_11101_61430_157238.jpg,https://myebrochure.co.uk/images/products.hires/prod_11101_61430_157237.jpg,https://myebrochure.co.uk/images/products.hires/prod_11101_61430_157239.jpg,,,,,,,,"<li>100&#37; combed ringspun cotton</li> <li>Soft hand feel</li> <li>Tailored fit</li> <li>Crew neck with 1x1 rib</li> <li>Self-fabric back neck tape</li> <li>New tear away back neck label</li> <li><b>Also available in ladies sizes code 61432, kids sizes code 61023 and girl&#39;s sizes code 61025</b></li>",1.64
200870,0000002008554,61430,TSHIRT,T-SHIRTS,MSSTSH,MENS SHORT SLEEVE T-SHIRT,FOTL,Fruit Of The Loom,ME0028,SLR,Soft Lavender,0012  ,2XL,Men's Iconic 150 T,2.09,1,12,72,02-01-2026 8:47,C,https://myebrochure.co.uk/images/colours/fotl/fotl-slr.jpg,https://myebrochure.co.uk/images/products/prod_11101_61430_164462.jpg,https://myebrochure.co.uk/images/products.small/prod_11101_61430_164462.jpg,https://myebrochure.co.uk/images/products.hires/prod_11101_61430_164462.jpg,https://myebrochure.co.uk/images/brands/fotl_23.png,https://myebrochure.co.uk/images/products.hires/prod_11101_61430_157238.jpg,https://myebrochure.co.uk/images/products.hires/prod_11101_61430_157237.jpg,https://myebrochure.co.uk/images/products.hires/prod_11101_61430_157239.jpg,,,,,,,,"<li>100&#37; combed ringspun cotton</li> <li>Soft hand feel</li> <li>Tailored fit</li> <li>Crew neck with 1x1 rib</li> <li>Self-fabric back neck tape</li> <li>New tear away back neck label</li> <li><b>Also available in ladies sizes code 61432, kids sizes code 61023 and girl&#39;s sizes code 61025</b></li>",1.64
200871,0000002008561,61430,TSHIRT,T-SHIRTS,MSSTSH,MENS SHORT SLEEVE T-SHIRT,FOTL,Fruit Of The Loom,ME0028,SLR,Soft Lavender,0012  ,3XL,Men's Iconic 150 T,2.85,1,12,36,02-01-2026 8:47,C,https://myebrochure.co.uk/images/colours/fotl/fotl-slr.jpg,https://myebrochure.co.uk/images/products/prod_11101_61430_164462.jpg,https://myebrochure.co.uk/images/products.small/prod_11101_61430_164462.jpg,https://myebrochure.co.uk/images/products.hires/prod_11101_61430_164462.jpg,https://myebrochure.co.uk/images/brands/fotl_23.png,https://myebrochure.co.uk/images/products.hires/prod_11101_61430_157238.jpg,https://myebrochure.co.uk/images/products.hires/prod_11101_61430_157237.jpg,https://myebrochure.co.uk/images/products.hires/prod_11101_61430_157239.jpg,,,,,,,,"<li>100&#37; combed ringspun cotton</li> <li>Soft hand feel</li> <li>Tailored fit</li> <li>Crew neck with 1x1 rib</li> <li>Self-fabric back neck tape</li> <li>New tear away back neck label</li> <li><b>Also available in ladies sizes code 61432, kids sizes code 61023 and girl&#39;s sizes code 61025</b></li>",2.24
208340,0000002083292,61430,TSHIRT,T-SHIRTS,MSSTSH,MENS SHORT SLEEVE T-SHIRT,FOTL,Fruit Of The Loom,ME0028,JS,Sage,0012  ,Small,Men's Iconic 150 T,2.09,1,12,72,02-01-2026 8:47,C,https://myebrochure.co.uk/images/colours/fotl/fotl-js.jpg,https://myebrochure.co.uk/images/products/prod_11101_61430_164462.jpg,https://myebrochure.co.uk/images/products.small/prod_11101_61430_164462.jpg,https://myebrochure.co.uk/images/products.hires/prod_11101_61430_164462.jpg,https://myebrochure.co.uk/images/brands/fotl_23.png,https://myebrochure.co.uk/images/products.hires/prod_11101_61430_168059.jpg,https://myebrochure.co.uk/images/products.hires/prod_11101_61430_168058.jpg,https://myebrochure.co.uk/images/products.hires/prod_11101_61430_168060.jpg,,,,,,,,"<li>100&#37; combed ringspun cotton</li> <li>Soft hand feel</li> <li>Tailored fit</li> <li>Crew neck with 1x1 rib</li> <li>Self-fabric back neck tape</li> <li>New tear away back neck label</li> <li><b>Also available in ladies sizes code 61432, kids sizes code 61023 and girl&#39;s sizes code 61025</b></li>",1.64
208341,0000002083308,61430,TSHIRT,T-SHIRTS,MSSTSH,MENS SHORT SLEEVE T-SHIRT,FOTL,Fruit Of The Loom,ME0028,JS,Sage,0012  ,Medium,Men's Iconic 150 T,2.09,1,12,72,02-01-2026 8:47,C,https://myebrochure.co.uk/images/colours/fotl/fotl-js.jpg,https://myebrochure.co.uk/images/products/prod_11101_61430_164462.jpg,https://myebrochure.co.uk/images/products.small/prod_11101_61430_164462.jpg,https://myebrochure.co.uk/images/products.hires/prod_11101_61430_164462.jpg,https://myebrochure.co.uk/images/brands/fotl_23.png,https://myebrochure.co.uk/images/products.hires/prod_11101_61430_168059.jpg,https://myebrochure.co.uk/images/products.hires/prod_11101_61430_168058.jpg,https://myebrochure.co.uk/images/products.hires/prod_11101_61430_168060.jpg,,,,,,,,"<li>100&#37; combed ringspun cotton</li> <li>Soft hand feel</li> <li>Tailored fit</li> <li>Crew neck with 1x1 rib</li> <li>Self-fabric back neck tape</li> <li>New tear away back neck label</li> <li><b>Also available in ladies sizes code 61432, kids sizes code 61023 and girl&#39;s sizes code 61025</b></li>",1.64
208342,0000002083315,61430,TSHIRT,T-SHIRTS,MSSTSH,MENS SHORT SLEEVE T-SHIRT,FOTL,Fruit Of The Loom,ME0028,JS,Sage,0012  ,Large,Men's Iconic 150 T,2.09,1,12,72,02-01-2026 8:47,C,https://myebrochure.co.uk/images/colours/fotl/fotl-js.jpg,https://myebrochure.co.uk/images/products/prod_11101_61430_164462.jpg,https://myebrochure.co.uk/images/products.small/prod_11101_61430_164462.jpg,https://myebrochure.co.uk/images/products.hires/prod_11101_61430_164462.jpg,https://myebrochure.co.uk/images/brands/fotl_23.png,https://myebrochure.co.uk/images/products.hires/prod_11101_61430_168059.jpg,https://myebrochure.co.uk/images/products.hires/prod_11101_61430_168058.jpg,https://myebrochure.co.uk/images/products.hires/prod_11101_61430_168060.jpg,,,,,,,,"<li>100&#37; combed ringspun cotton</li> <li>Soft hand feel</li> <li>Tailored fit</li> <li>Crew neck with 1x1 rib</li> <li>Self-fabric back neck tape</li> <li>New tear away back neck label</li> <li><b>Also available in ladies sizes code 61432, kids sizes code 61023 and girl&#39;s sizes code 61025</b></li>",1.64
208343,0000002083322,61430,TSHIRT,T-SHIRTS,MSSTSH,MENS SHORT SLEEVE T-SHIRT,FOTL,Fruit Of The Loom,ME0028,JS,Sage,0012  ,XL,Men's Iconic 150 T,2.09,1,12,72,02-01-2026 8:47,C,https://myebrochure.co.uk/images/colours/fotl/fotl-js.jpg,https://myebrochure.co.uk/images/products/prod_11101_61430_164462.jpg,https://myebrochure.co.uk/images/products.small/prod_11101_61430_164462.jpg,https://myebrochure.co.uk/images/products.hires/prod_11101_61430_164462.jpg,https://myebrochure.co.uk/images/brands/fotl_23.png,https://myebrochure.co.uk/images/products.hires/prod_11101_61430_168059.jpg,https://myebrochure.co.uk/images/products.hires/prod_11101_61430_168058.jpg,https://myebrochure.co.uk/images/products.hires/prod_11101_61430_168060.jpg,,,,,,,,"<li>100&#37; combed ringspun cotton</li> <li>Soft hand feel</li> <li>Tailored fit</li> <li>Crew neck with 1x1 rib</li> <li>Self-fabric back neck tape</li> <li>New tear away back neck label</li> <li><b>Also available in ladies sizes code 61432, kids sizes code 61023 and girl&#39;s sizes code 61025</b></li>",1.64
208344,0000002083339,61430,TSHIRT,T-SHIRTS,MSSTSH,MENS SHORT SLEEVE T-SHIRT,FOTL,Fruit Of The Loom,ME0028,JS,Sage,0012  ,2XL,Men's Iconic 150 T,2.09,1,12,72,02-01-2026 8:47,C,https://myebrochure.co.uk/images/colours/fotl/fotl-js.jpg,https://myebrochure.co.uk/images/products/prod_11101_61430_164462.jpg,https://myebrochure.co.uk/images/products.small/prod_11101_61430_164462.jpg,https://myebrochure.co.uk/images/products.hires/prod_11101_61430_164462.jpg,https://myebrochure.co.uk/images/brands/fotl_23.png,https://myebrochure.co.uk/images/products.hires/prod_11101_61430_168059.jpg,https://myebrochure.co.uk/images/products.hires/prod_11101_61430_168058.jpg,https://myebrochure.co.uk/images/products.hires/prod_11101_61430_168060.jpg,,,,,,,,"<li>100&#37; combed ringspun cotton</li> <li>Soft hand feel</li> <li>Tailored fit</li> <li>Crew neck with 1x1 rib</li> <li>Self-fabric back neck tape</li> <li>New tear away back neck label</li> <li><b>Also available in ladies sizes code 61432, kids sizes code 61023 and girl&#39;s sizes code 61025</b></li>",1.64
208345,0000002083346,61430,TSHIRT,T-SHIRTS,MSSTSH,MENS SHORT SLEEVE T-SHIRT,FOTL,Fruit Of The Loom,ME0028,JS,Sage,0012  ,3XL,Men's Iconic 150 T,2.85,1,12,36,02-01-2026 8:47,C,https://myebrochure.co.uk/images/colours/fotl/fotl-js.jpg,https://myebrochure.co.uk/images/products/prod_11101_61430_164462.jpg,https://myebrochure.co.uk/images/products.small/prod_11101_61430_164462.jpg,https://myebrochure.co.uk/images/products.hires/prod_11101_61430_164462.jpg,https://myebrochure.co.uk/images/brands/fotl_23.png,https://myebrochure.co.uk/images/products.hires/prod_11101_61430_168059.jpg,https://myebrochure.co.uk/images/products.hires/prod_11101_61430_168058.jpg,https://myebrochure.co.uk/images/products.hires/prod_11101_61430_168060.jpg,,,,,,,,"<li>100&#37; combed ringspun cotton</li> <li>Soft hand feel</li> <li>Tailored fit</li> <li>Crew neck with 1x1 rib</li> <li>Self-fabric back neck tape</li> <li>New tear away back neck label</li> <li><b>Also available in ladies sizes code 61432, kids sizes code 61023 and girl&#39;s sizes code 61025</b></li>",2.24
208348,0000002083377,61430,TSHIRT,T-SHIRTS,MSSTSH,MENS SHORT SLEEVE T-SHIRT,FOTL,Fruit Of The Loom,ME0028,MK,Mineral Blue,0012  ,Small,Men's Iconic 150 T,2.09,1,12,72,02-01-2026 8:47,C,https://myebrochure.co.uk/images/colours/fotl/fotl-mk.jpg,https://myebrochure.co.uk/images/products/prod_11101_61430_164462.jpg,https://myebrochure.co.uk/images/products.small/prod_11101_61430_164462.jpg,https://myebrochure.co.uk/images/products.hires/prod_11101_61430_164462.jpg,https://myebrochure.co.uk/images/brands/fotl_23.png,https://myebrochure.co.uk/images/products.hires/prod_11101_61430_168062.jpg,https://myebrochure.co.uk/images/products.hires/prod_11101_61430_168061.jpg,https://myebrochure.co.uk/images/products.hires/prod_11101_61430_168063.jpg,,,,,,,,"<li>100&#37; combed ringspun cotton</li> <li>Soft hand feel</li> <li>Tailored fit</li> <li>Crew neck with 1x1 rib</li> <li>Self-fabric back neck tape</li> <li>New tear away back neck label</li> <li><b>Also available in ladies sizes code 61432, kids sizes code 61023 and girl&#39;s sizes code 61025</b></li>",1.64
208349,0000002083384,61430,TSHIRT,T-SHIRTS,MSSTSH,MENS SHORT SLEEVE T-SHIRT,FOTL,Fruit Of The Loom,ME0028,MK,Mineral Blue,0012  ,Medium,Men's Iconic 150 T,2.09,1,12,72,02-01-2026 8:47,C,https://myebrochure.co.uk/images/colours/fotl/fotl-mk.jpg,https://myebrochure.co.uk/images/products/prod_11101_61430_164462.jpg,https://myebrochure.co.uk/images/products.small/prod_11101_61430_164462.jpg,https://myebrochure.co.uk/images/products.hires/prod_11101_61430_164462.jpg,https://myebrochure.co.uk/images/brands/fotl_23.png,https://myebrochure.co.uk/images/products.hires/prod_11101_61430_168062.jpg,https://myebrochure.co.uk/images/products.hires/prod_11101_61430_168061.jpg,https://myebrochure.co.uk/images/products.hires/prod_11101_61430_168063.jpg,,,,,,,,"<li>100&#37; combed ringspun cotton</li> <li>Soft hand feel</li> <li>Tailored fit</li> <li>Crew neck with 1x1 rib</li> <li>Self-fabric back neck tape</li> <li>New tear away back neck label</li> <li><b>Also available in ladies sizes code 61432, kids sizes code 61023 and girl&#39;s sizes code 61025</b></li>",1.64
208350,0000002083391,61430,TSHIRT,T-SHIRTS,MSSTSH,MENS SHORT SLEEVE T-SHIRT,FOTL,Fruit Of The Loom,ME0028,MK,Mineral Blue,0012  ,Large,Men's Iconic 150 T,2.09,1,12,72,02-01-2026 8:47,C,https://myebrochure.co.uk/images/colours/fotl/fotl-mk.jpg,https://myebrochure.co.uk/images/products/prod_11101_61430_164462.jpg,https://myebrochure.co.uk/images/products.small/prod_11101_61430_164462.jpg,https://myebrochure.co.uk/images/products.hires/prod_11101_61430_164462.jpg,https://myebrochure.co.uk/images/brands/fotl_23.png,https://myebrochure.co.uk/images/products.hires/prod_11101_61430_168062.jpg,https://myebrochure.co.uk/images/products.hires/prod_11101_61430_168061.jpg,https://myebrochure.co.uk/images/products.hires/prod_11101_61430_168063.jpg,,,,,,,,"<li>100&#37; combed ringspun cotton</li> <li>Soft hand feel</li> <li>Tailored fit</li> <li>Crew neck with 1x1 rib</li> <li>Self-fabric back neck tape</li> <li>New tear away back neck label</li> <li><b>Also available in ladies sizes code 61432, kids sizes code 61023 and girl&#39;s sizes code 61025</b></li>",1.64
208351,0000002083407,61430,TSHIRT,T-SHIRTS,MSSTSH,MENS SHORT SLEEVE T-SHIRT,FOTL,Fruit Of The Loom,ME0028,MK,Mineral Blue,0012  ,XL,Men's Iconic 150 T,2.09,1,12,72,02-01-2026 8:47,C,https://myebrochure.co.uk/images/colours/fotl/fotl-mk.jpg,https://myebrochure.co.uk/images/products/prod_11101_61430_164462.jpg,https://myebrochure.co.uk/images/products.small/prod_11101_61430_164462.jpg,https://myebrochure.co.uk/images/products.hires/prod_11101_61430_164462.jpg,https://myebrochure.co.uk/images/brands/fotl_23.png,https://myebrochure.co.uk/images/products.hires/prod_11101_61430_168062.jpg,https://myebrochure.co.uk/images/products.hires/prod_11101_61430_168061.jpg,https://myebrochure.co.uk/images/products.hires/prod_11101_61430_168063.jpg,,,,,,,,"<li>100&#37; combed ringspun cotton</li> <li>Soft hand feel</li> <li>Tailored fit</li> <li>Crew neck with 1x1 rib</li> <li>Self-fabric back neck tape</li> <li>New tear away back neck label</li> <li><b>Also available in ladies sizes code 61432, kids sizes code 61023 and girl&#39;s sizes code 61025</b></li>",1.64
208352,0000002083414,61430,TSHIRT,T-SHIRTS,MSSTSH,MENS SHORT SLEEVE T-SHIRT,FOTL,Fruit Of The Loom,ME0028,MK,Mineral Blue,0012  ,2XL,Men's Iconic 150 T,2.09,1,12,72,02-01-2026 8:47,C,https://myebrochure.co.uk/images/colours/fotl/fotl-mk.jpg,https://myebrochure.co.uk/images/products/prod_11101_61430_164462.jpg,https://myebrochure.co.uk/images/products.small/prod_11101_61430_164462.jpg,https://myebrochure.co.uk/images/products.hires/prod_11101_61430_164462.jpg,https://myebrochure.co.uk/images/brands/fotl_23.png,https://myebrochure.co.uk/images/products.hires/prod_11101_61430_168062.jpg,https://myebrochure.co.uk/images/products.hires/prod_11101_61430_168061.jpg,https://myebrochure.co.uk/images/products.hires/prod_11101_61430_168063.jpg,,,,,,,,"<li>100&#37; combed ringspun cotton</li> <li>Soft hand feel</li> <li>Tailored fit</li> <li>Crew neck with 1x1 rib</li> <li>Self-fabric back neck tape</li> <li>New tear away back neck label</li> <li><b>Also available in ladies sizes code 61432, kids sizes code 61023 and girl&#39;s sizes code 61025</b></li>",1.64
208353,0000002083421,61430,TSHIRT,T-SHIRTS,MSSTSH,MENS SHORT SLEEVE T-SHIRT,FOTL,Fruit Of The Loom,ME0028,MK,Mineral Blue,0012  ,3XL,Men's Iconic 150 T,2.85,1,12,36,02-01-2026 8:47,C,https://myebrochure.co.uk/images/colours/fotl/fotl-mk.jpg,https://myebrochure.co.uk/images/products/prod_11101_61430_164462.jpg,https://myebrochure.co.uk/images/products.small/prod_11101_61430_164462.jpg,https://myebrochure.co.uk/images/products.hires/prod_11101_61430_164462.jpg,https://myebrochure.co.uk/images/brands/fotl_23.png,https://myebrochure.co.uk/images/products.hires/prod_11101_61430_168062.jpg,https://myebrochure.co.uk/images/products.hires/prod_11101_61430_168061.jpg,https://myebrochure.co.uk/images/products.hires/prod_11101_61430_168063.jpg,,,,,,,,"<li>100&#37; combed ringspun cotton</li> <li>Soft hand feel</li> <li>Tailored fit</li> <li>Crew neck with 1x1 rib</li> <li>Self-fabric back neck tape</li> <li>New tear away back neck label</li> <li><b>Also available in ladies sizes code 61432, kids sizes code 61023 and girl&#39;s sizes code 61025</b></li>",2.24
