UID,Barcode,SPC,Department Code,Department,Sub-department Code,Sub Department,Brand Code,Brand,Style Code,Colour Code,Colour Name,Size Scale,Size,Description,BTC Price,VAT Code,Pack Quantity,Carton Quantity,Last Changed Date,Stock Status,colour_code_url,image_url_medium_res,image_url_low_res,image_url_high_res,brand image,colour image 01,colour image 02,colour image 03,colour image 04,colour image 05,colour image 06,colour image 07,colour image 08,colour image 09,colour image 10,bullet points,Commodity Code,Origin
197036,0000001970180,61432,TSHIRT,T-SHIRTS,MSSTSH,MENS SHORT SLEEVE T-SHIRT,FOTL,Fruit Of The Loom,ME0029,9K,Athletic Heather,0008  ,2XL,Ladies' Iconic 150 T,2.09,1,12,72,31/03/2026 23:45:05,C,https://myebrochure.co.uk/images/colours/fotl/fotl-9k.jpg,https://myebrochure.co.uk/images/products/prod_11201_61432_166623.jpg,https://myebrochure.co.uk/images/products.small/prod_11201_61432_166623.jpg,https://myebrochure.co.uk/images/products.hires/prod_11201_61432_166623.jpg,https://myebrochure.co.uk/images/brands/fotl_23.png,https://myebrochure.co.uk/images/products.hires/prod_11201_61432_153584.jpg,https://myebrochure.co.uk/images/products.hires/prod_11201_61432_153583.jpg,https://myebrochure.co.uk/images/products.hires/prod_11201_61432_153585.jpg,,,,,,,,"<li>100&#37; combed ringspun cotton</li> <li>Soft hand feel</li> <li>Shaped side seams for a feminine fit</li> <li>Narrow crew neck with 1x1 rib</li> <li>Self-fabric back neck tape</li> <li>New tear away back neck label</li> <li><b>Also available in men&#39;s sizes code 61430, kids sizes code 61023 and girl&#39;s sizes code 61025</b></li>",61091000,MA
200599,0000002005843,61432,TSHIRT,T-SHIRTS,MSSTSH,MENS SHORT SLEEVE T-SHIRT,FOTL,Fruit Of The Loom,ME0029,ZU,Azure Blue,0008  ,2XL,Ladies' Iconic 150 T,2.09,1,12,72,31/03/2026 23:45:05,C,https://myebrochure.co.uk/images/colours/fotl/fotl-zu.jpg,https://myebrochure.co.uk/images/products/prod_11201_61432_166623.jpg,https://myebrochure.co.uk/images/products.small/prod_11201_61432_166623.jpg,https://myebrochure.co.uk/images/products.hires/prod_11201_61432_166623.jpg,https://myebrochure.co.uk/images/brands/fotl_23.png,https://myebrochure.co.uk/images/products.hires/prod_11201_61432_157250.jpg,https://myebrochure.co.uk/images/products.hires/prod_11201_61432_157249.jpg,https://myebrochure.co.uk/images/products.hires/prod_11201_61432_157251.jpg,,,,,,,,"<li>100&#37; combed ringspun cotton</li> <li>Soft hand feel</li> <li>Shaped side seams for a feminine fit</li> <li>Narrow crew neck with 1x1 rib</li> <li>Self-fabric back neck tape</li> <li>New tear away back neck label</li> <li><b>Also available in men&#39;s sizes code 61430, kids sizes code 61023 and girl&#39;s sizes code 61025</b></li>",61091000,MA
172074,0000001719826,61432,TSHIRT,T-SHIRTS,MSSTSH,MENS SHORT SLEEVE T-SHIRT,FOTL,Fruit Of The Loom,ME0029,36,Black,0008  ,2XL,Ladies' Iconic 150 T,2.09,1,12,72,31/03/2026 23:45:05,C,https://myebrochure.co.uk/images/colours/fotl/fotl-36.jpg,https://myebrochure.co.uk/images/products/prod_11201_61432_166623.jpg,https://myebrochure.co.uk/images/products.small/prod_11201_61432_166623.jpg,https://myebrochure.co.uk/images/products.hires/prod_11201_61432_166623.jpg,https://myebrochure.co.uk/images/brands/fotl_23.png,https://myebrochure.co.uk/images/products.hires/prod_11201_61432_166624.jpg,https://myebrochure.co.uk/images/products.hires/prod_61432_131641.jpg,https://myebrochure.co.uk/images/products.hires/prod_61432_131639.jpg,https://myebrochure.co.uk/images/products.hires/prod_61432_131640.jpg,,,,,,,"<li>100&#37; combed ringspun cotton</li> <li>Soft hand feel</li> <li>Shaped side seams for a feminine fit</li> <li>Narrow crew neck with 1x1 rib</li> <li>Self-fabric back neck tape</li> <li>New tear away back neck label</li> <li><b>Also available in men&#39;s sizes code 61430, kids sizes code 61023 and girl&#39;s sizes code 61025</b></li>",61091000,MA
183677,0000001835984,61432,TSHIRT,T-SHIRTS,MSSTSH,MENS SHORT SLEEVE T-SHIRT,FOTL,Fruit Of The Loom,ME0029,41,Burgundy,0008  ,2XL,Ladies' Iconic 150 T,2.09,1,12,72,31/03/2026 23:45:05,C,https://myebrochure.co.uk/images/colours/fotl/fotl-41.jpg,https://myebrochure.co.uk/images/products/prod_11201_61432_166623.jpg,https://myebrochure.co.uk/images/products.small/prod_11201_61432_166623.jpg,https://myebrochure.co.uk/images/products.hires/prod_11201_61432_166623.jpg,https://myebrochure.co.uk/images/brands/fotl_23.png,https://myebrochure.co.uk/images/products.hires/prod_11201_61432_166625.jpg,https://myebrochure.co.uk/images/products.hires/prod_11201_61432_154269.jpg,https://myebrochure.co.uk/images/products.hires/prod_11201_61432_154270.jpg,https://myebrochure.co.uk/images/products.hires/prod_11201_61432_154271.jpg,,,,,,,"<li>100&#37; combed ringspun cotton</li> <li>Soft hand feel</li> <li>Shaped side seams for a feminine fit</li> <li>Narrow crew neck with 1x1 rib</li> <li>Self-fabric back neck tape</li> <li>New tear away back neck label</li> <li><b>Also available in men&#39;s sizes code 61430, kids sizes code 61023 and girl&#39;s sizes code 61025</b></li>",61091000,MA
172104,0000001720129,61432,TSHIRT,T-SHIRTS,MSSTSH,MENS SHORT SLEEVE T-SHIRT,FOTL,Fruit Of The Loom,ME0029,59,Classic Olive,0008  ,2XL,Ladies' Iconic 150 T,2.09,1,12,72,31/03/2026 23:45:05,C,https://myebrochure.co.uk/images/colours/fotl/fotl-59.jpg,https://myebrochure.co.uk/images/products/prod_11201_61432_166623.jpg,https://myebrochure.co.uk/images/products.small/prod_11201_61432_166623.jpg,https://myebrochure.co.uk/images/products.hires/prod_11201_61432_166623.jpg,https://myebrochure.co.uk/images/brands/fotl_23.png,https://myebrochure.co.uk/images/products.hires/prod_61432_131656.jpg,https://myebrochure.co.uk/images/products.hires/prod_61432_131654.jpg,https://myebrochure.co.uk/images/products.hires/prod_61432_131655.jpg,,,,,,,,"<li>100&#37; combed ringspun cotton</li> <li>Soft hand feel</li> <li>Shaped side seams for a feminine fit</li> <li>Narrow crew neck with 1x1 rib</li> <li>Self-fabric back neck tape</li> <li>New tear away back neck label</li> <li><b>Also available in men&#39;s sizes code 61430, kids sizes code 61023 and girl&#39;s sizes code 61025</b></li>",61091000,MA
172134,0000001720426,61432,TSHIRT,T-SHIRTS,MSSTSH,MENS SHORT SLEEVE T-SHIRT,FOTL,Fruit Of The Loom,ME0029,AZ,Deep Navy,0008  ,2XL,Ladies' Iconic 150 T,2.09,1,12,72,31/03/2026 23:45:05,C,https://myebrochure.co.uk/images/colours/fotl/fotl-az.jpg,https://myebrochure.co.uk/images/products/prod_11201_61432_166623.jpg,https://myebrochure.co.uk/images/products.small/prod_11201_61432_166623.jpg,https://myebrochure.co.uk/images/products.hires/prod_11201_61432_166623.jpg,https://myebrochure.co.uk/images/brands/fotl_23.png,https://myebrochure.co.uk/images/products.hires/prod_61432_131665.jpg,https://myebrochure.co.uk/images/products.hires/prod_61432_131663.jpg,https://myebrochure.co.uk/images/products.hires/prod_61432_131664.jpg,,,,,,,,"<li>100&#37; combed ringspun cotton</li> <li>Soft hand feel</li> <li>Shaped side seams for a feminine fit</li> <li>Narrow crew neck with 1x1 rib</li> <li>Self-fabric back neck tape</li> <li>New tear away back neck label</li> <li><b>Also available in men&#39;s sizes code 61430, kids sizes code 61023 and girl&#39;s sizes code 61025</b></li>",61091000,MA
172146,0000001720549,61432,TSHIRT,T-SHIRTS,MSSTSH,MENS SHORT SLEEVE T-SHIRT,FOTL,Fruit Of The Loom,ME0029,TM,Forest Green,0008  ,2XL,Ladies' Iconic 150 T,2.09,1,12,72,31/03/2026 23:45:05,C,https://myebrochure.co.uk/images/colours/fotl/fotl-tm.jpg,https://myebrochure.co.uk/images/products/prod_11201_61432_166623.jpg,https://myebrochure.co.uk/images/products.small/prod_11201_61432_166623.jpg,https://myebrochure.co.uk/images/products.hires/prod_11201_61432_166623.jpg,https://myebrochure.co.uk/images/brands/fotl_23.png,https://myebrochure.co.uk/images/products.hires/prod_61432_131692.jpg,https://myebrochure.co.uk/images/products.hires/prod_61432_131690.jpg,https://myebrochure.co.uk/images/products.hires/prod_61432_131691.jpg,,,,,,,,"<li>100&#37; combed ringspun cotton</li> <li>Soft hand feel</li> <li>Shaped side seams for a feminine fit</li> <li>Narrow crew neck with 1x1 rib</li> <li>Self-fabric back neck tape</li> <li>New tear away back neck label</li> <li><b>Also available in men&#39;s sizes code 61430, kids sizes code 61023 and girl&#39;s sizes code 61025</b></li>",61091000,MA
172098,0000001720068,61432,TSHIRT,T-SHIRTS,MSSTSH,MENS SHORT SLEEVE T-SHIRT,FOTL,Fruit Of The Loom,ME0029,57,Fuchsia,0008  ,2XL,Ladies' Iconic 150 T,2.09,1,12,72,31/03/2026 23:45:05,C,https://myebrochure.co.uk/images/colours/fotl/fotl-57.jpg,https://myebrochure.co.uk/images/products/prod_11201_61432_166623.jpg,https://myebrochure.co.uk/images/products.small/prod_11201_61432_166623.jpg,https://myebrochure.co.uk/images/products.hires/prod_11201_61432_166623.jpg,https://myebrochure.co.uk/images/brands/fotl_23.png,https://myebrochure.co.uk/images/products.hires/prod_61432_131653.jpg,https://myebrochure.co.uk/images/products.hires/prod_61432_131651.jpg,https://myebrochure.co.uk/images/products.hires/prod_61432_131652.jpg,,,,,,,,"<li>100&#37; combed ringspun cotton</li> <li>Soft hand feel</li> <li>Shaped side seams for a feminine fit</li> <li>Narrow crew neck with 1x1 rib</li> <li>Self-fabric back neck tape</li> <li>New tear away back neck label</li> <li><b>Also available in men&#39;s sizes code 61430, kids sizes code 61023 and girl&#39;s sizes code 61025</b></li>",61091000,MA
172170,0000001720785,61432,TSHIRT,T-SHIRTS,MSSTSH,MENS SHORT SLEEVE T-SHIRT,FOTL,Fruit Of The Loom,ME0029,H1,Heather Burgundy,0008  ,2XL,Ladies' Iconic 150 T,2.09,1,12,72,31/03/2026 23:45:05,C,https://myebrochure.co.uk/images/colours/fotl/fotl-h1.jpg,https://myebrochure.co.uk/images/products/prod_11201_61432_166623.jpg,https://myebrochure.co.uk/images/products.small/prod_11201_61432_166623.jpg,https://myebrochure.co.uk/images/products.hires/prod_11201_61432_166623.jpg,https://myebrochure.co.uk/images/brands/fotl_23.png,https://myebrochure.co.uk/images/products.hires/prod_61432_131677.jpg,https://myebrochure.co.uk/images/products.hires/prod_61432_131675.jpg,https://myebrochure.co.uk/images/products.hires/prod_61432_131676.jpg,,,,,,,,"<li>100&#37; combed ringspun cotton</li> <li>Soft hand feel</li> <li>Shaped side seams for a feminine fit</li> <li>Narrow crew neck with 1x1 rib</li> <li>Self-fabric back neck tape</li> <li>New tear away back neck label</li> <li><b>Also available in men&#39;s sizes code 61430, kids sizes code 61023 and girl&#39;s sizes code 61025</b></li>",61091000,MA
172128,0000001720365,61432,TSHIRT,T-SHIRTS,MSSTSH,MENS SHORT SLEEVE T-SHIRT,FOTL,Fruit Of The Loom,ME0029,94,Heather Grey,0008  ,2XL,Ladies' Iconic 150 T,2.09,1,12,72,31/03/2026 23:45:05,C,https://myebrochure.co.uk/images/colours/fotl/fotl-94.jpg,https://myebrochure.co.uk/images/products/prod_11201_61432_166623.jpg,https://myebrochure.co.uk/images/products.small/prod_11201_61432_166623.jpg,https://myebrochure.co.uk/images/products.hires/prod_11201_61432_166623.jpg,https://myebrochure.co.uk/images/brands/fotl_23.png,https://myebrochure.co.uk/images/products.hires/prod_61432_131662.jpg,https://myebrochure.co.uk/images/products.hires/prod_61432_131660.jpg,https://myebrochure.co.uk/images/products.hires/prod_61432_131661.jpg,,,,,,,,"<li>100&#37; combed ringspun cotton</li> <li>Soft hand feel</li> <li>Shaped side seams for a feminine fit</li> <li>Narrow crew neck with 1x1 rib</li> <li>Self-fabric back neck tape</li> <li>New tear away back neck label</li> <li><b>Also available in men&#39;s sizes code 61430, kids sizes code 61023 and girl&#39;s sizes code 61025</b></li>",61091000,MA
172164,0000001720723,61432,TSHIRT,T-SHIRTS,MSSTSH,MENS SHORT SLEEVE T-SHIRT,FOTL,Fruit Of The Loom,ME0029,HP,Heather Purple,0008  ,2XL,Ladies' Iconic 150 T,2.09,1,12,72,31/03/2026 23:45:05,C,https://myebrochure.co.uk/images/colours/fotl/fotl-hp.jpg,https://myebrochure.co.uk/images/products/prod_11201_61432_166623.jpg,https://myebrochure.co.uk/images/products.small/prod_11201_61432_166623.jpg,https://myebrochure.co.uk/images/products.hires/prod_11201_61432_166623.jpg,https://myebrochure.co.uk/images/brands/fotl_23.png,https://myebrochure.co.uk/images/products.hires/prod_61432_131683.jpg,https://myebrochure.co.uk/images/products.hires/prod_61432_131681.jpg,https://myebrochure.co.uk/images/products.hires/prod_61432_131682.jpg,,,,,,,,"<li>100&#37; combed ringspun cotton</li> <li>Soft hand feel</li> <li>Shaped side seams for a feminine fit</li> <li>Narrow crew neck with 1x1 rib</li> <li>Self-fabric back neck tape</li> <li>New tear away back neck label</li> <li><b>Also available in men&#39;s sizes code 61430, kids sizes code 61023 and girl&#39;s sizes code 61025</b></li>",61091000,MA
172086,0000001719949,61432,TSHIRT,T-SHIRTS,MSSTSH,MENS SHORT SLEEVE T-SHIRT,FOTL,Fruit Of The Loom,ME0029,47,Kelly Green,0008  ,2XL,Ladies' Iconic 150 T,2.09,1,12,72,31/03/2026 23:45:05,C,https://myebrochure.co.uk/images/colours/fotl/fotl-47.jpg,https://myebrochure.co.uk/images/products/prod_11201_61432_166623.jpg,https://myebrochure.co.uk/images/products.small/prod_11201_61432_166623.jpg,https://myebrochure.co.uk/images/products.hires/prod_11201_61432_166623.jpg,https://myebrochure.co.uk/images/brands/fotl_23.png,https://myebrochure.co.uk/images/products.hires/prod_11201_61432_166626.jpg,https://myebrochure.co.uk/images/products.hires/prod_61432_131647.jpg,https://myebrochure.co.uk/images/products.hires/prod_61432_131645.jpg,https://myebrochure.co.uk/images/products.hires/prod_61432_131646.jpg,,,,,,,"<li>100&#37; combed ringspun cotton</li> <li>Soft hand feel</li> <li>Shaped side seams for a feminine fit</li> <li>Narrow crew neck with 1x1 rib</li> <li>Self-fabric back neck tape</li> <li>New tear away back neck label</li> <li><b>Also available in men&#39;s sizes code 61430, kids sizes code 61023 and girl&#39;s sizes code 61025</b></li>",61091000,MA
172140,0000001720488,61432,TSHIRT,T-SHIRTS,MSSTSH,MENS SHORT SLEEVE T-SHIRT,FOTL,Fruit Of The Loom,ME0029,GL,Light Graphite,0008  ,2XL,Ladies' Iconic 150 T,2.09,1,12,72,31/03/2026 23:45:05,C,https://myebrochure.co.uk/images/colours/fotl/fotl-gl.jpg,https://myebrochure.co.uk/images/products/prod_11201_61432_166623.jpg,https://myebrochure.co.uk/images/products.small/prod_11201_61432_166623.jpg,https://myebrochure.co.uk/images/products.hires/prod_11201_61432_166623.jpg,https://myebrochure.co.uk/images/brands/fotl_23.png,https://myebrochure.co.uk/images/products.hires/prod_61432_131674.jpg,https://myebrochure.co.uk/images/products.hires/prod_61432_131672.jpg,https://myebrochure.co.uk/images/products.hires/prod_61432_131673.jpg,,,,,,,,"<li>100&#37; combed ringspun cotton</li> <li>Soft hand feel</li> <li>Shaped side seams for a feminine fit</li> <li>Narrow crew neck with 1x1 rib</li> <li>Self-fabric back neck tape</li> <li>New tear away back neck label</li> <li><b>Also available in men&#39;s sizes code 61430, kids sizes code 61023 and girl&#39;s sizes code 61025</b></li>",61091000,MA
172110,0000001720181,61432,TSHIRT,T-SHIRTS,MSSTSH,MENS SHORT SLEEVE T-SHIRT,FOTL,Fruit Of The Loom,ME0029,60,Natural,0008  ,2XL,Ladies' Iconic 150 T,1.65,1,12,72,31/03/2026 23:45:05,C,https://myebrochure.co.uk/images/colours/fotl/fotl-60.jpg,https://myebrochure.co.uk/images/products/prod_11201_61432_166623.jpg,https://myebrochure.co.uk/images/products.small/prod_11201_61432_166623.jpg,https://myebrochure.co.uk/images/products.hires/prod_11201_61432_166623.jpg,https://myebrochure.co.uk/images/brands/fotl_23.png,https://myebrochure.co.uk/images/products.hires/prod_61432_131659.jpg,https://myebrochure.co.uk/images/products.hires/prod_61432_131657.jpg,https://myebrochure.co.uk/images/products.hires/prod_61432_131658.jpg,,,,,,,,"<li>100&#37; combed ringspun cotton</li> <li>Soft hand feel</li> <li>Shaped side seams for a feminine fit</li> <li>Narrow crew neck with 1x1 rib</li> <li>Self-fabric back neck tape</li> <li>New tear away back neck label</li> <li><b>Also available in men&#39;s sizes code 61430, kids sizes code 61023 and girl&#39;s sizes code 61025</b></li>",61091000,MA
183671,0000001835922,61432,TSHIRT,T-SHIRTS,MSSTSH,MENS SHORT SLEEVE T-SHIRT,FOTL,Fruit Of The Loom,ME0029,32,Navy Blue,0008  ,2XL,Ladies' Iconic 150 T,2.09,1,12,72,31/03/2026 23:45:05,C,https://myebrochure.co.uk/images/colours/fotl/fotl-32.jpg,https://myebrochure.co.uk/images/products/prod_11201_61432_166623.jpg,https://myebrochure.co.uk/images/products.small/prod_11201_61432_166623.jpg,https://myebrochure.co.uk/images/products.hires/prod_11201_61432_166623.jpg,https://myebrochure.co.uk/images/brands/fotl_23.png,https://myebrochure.co.uk/images/products.hires/prod_11201_61432_149212.jpg,https://myebrochure.co.uk/images/products.hires/prod_11201_61432_149210.jpg,https://myebrochure.co.uk/images/products.hires/prod_11201_61432_149213.jpg,,,,,,,,"<li>100&#37; combed ringspun cotton</li> <li>Soft hand feel</li> <li>Shaped side seams for a feminine fit</li> <li>Narrow crew neck with 1x1 rib</li> <li>Self-fabric back neck tape</li> <li>New tear away back neck label</li> <li><b>Also available in men&#39;s sizes code 61430, kids sizes code 61023 and girl&#39;s sizes code 61025</b></li>",61091000,MA
183683,0000001836042,61432,TSHIRT,T-SHIRTS,MSSTSH,MENS SHORT SLEEVE T-SHIRT,FOTL,Fruit Of The Loom,ME0029,NE,Neomint,0008  ,2XL,Ladies' Iconic 150 T,2.09,1,12,72,31/03/2026 23:45:05,C,https://myebrochure.co.uk/images/colours/fotl/fotl-ne.jpg,https://myebrochure.co.uk/images/products/prod_11201_61432_166623.jpg,https://myebrochure.co.uk/images/products.small/prod_11201_61432_166623.jpg,https://myebrochure.co.uk/images/products.hires/prod_11201_61432_166623.jpg,https://myebrochure.co.uk/images/brands/fotl_23.png,https://myebrochure.co.uk/images/products.hires/prod_11201_61432_149217.jpg,https://myebrochure.co.uk/images/products.hires/prod_11201_61432_149215.jpg,https://myebrochure.co.uk/images/products.hires/prod_11201_61432_149219.jpg,,,,,,,,"<li>100&#37; combed ringspun cotton</li> <li>Soft hand feel</li> <li>Shaped side seams for a feminine fit</li> <li>Narrow crew neck with 1x1 rib</li> <li>Self-fabric back neck tape</li> <li>New tear away back neck label</li> <li><b>Also available in men&#39;s sizes code 61430, kids sizes code 61023 and girl&#39;s sizes code 61025</b></li>",61091000,MA
200605,0000002005904,61432,TSHIRT,T-SHIRTS,MSSTSH,MENS SHORT SLEEVE T-SHIRT,FOTL,Fruit Of The Loom,ME0029,PR,Powder Rose,0008  ,2XL,Ladies' Iconic 150 T,2.09,1,12,72,31/03/2026 23:45:05,C,https://myebrochure.co.uk/images/colours/fotl/fotl-pr.jpg,https://myebrochure.co.uk/images/products/prod_11201_61432_166623.jpg,https://myebrochure.co.uk/images/products.small/prod_11201_61432_166623.jpg,https://myebrochure.co.uk/images/products.hires/prod_11201_61432_166623.jpg,https://myebrochure.co.uk/images/brands/fotl_23.png,https://myebrochure.co.uk/images/products.hires/prod_11201_61432_157244.jpg,https://myebrochure.co.uk/images/products.hires/prod_11201_61432_157243.jpg,https://myebrochure.co.uk/images/products.hires/prod_11201_61432_157245.jpg,,,,,,,,"<li>100&#37; combed ringspun cotton</li> <li>Soft hand feel</li> <li>Shaped side seams for a feminine fit</li> <li>Narrow crew neck with 1x1 rib</li> <li>Self-fabric back neck tape</li> <li>New tear away back neck label</li> <li><b>Also available in men&#39;s sizes code 61430, kids sizes code 61023 and girl&#39;s sizes code 61025</b></li>",61091000,MA
172080,0000001719888,61432,TSHIRT,T-SHIRTS,MSSTSH,MENS SHORT SLEEVE T-SHIRT,FOTL,Fruit Of The Loom,ME0029,40,Red,0008  ,2XL,Ladies' Iconic 150 T,2.09,1,12,72,31/03/2026 23:45:05,C,https://myebrochure.co.uk/images/colours/fotl/fotl-40.jpg,https://myebrochure.co.uk/images/products/prod_11201_61432_166623.jpg,https://myebrochure.co.uk/images/products.small/prod_11201_61432_166623.jpg,https://myebrochure.co.uk/images/products.hires/prod_11201_61432_166623.jpg,https://myebrochure.co.uk/images/brands/fotl_23.png,https://myebrochure.co.uk/images/products.hires/prod_61432_131644.jpg,https://myebrochure.co.uk/images/products.hires/prod_61432_131642.jpg,https://myebrochure.co.uk/images/products.hires/prod_61432_131643.jpg,,,,,,,,"<li>100&#37; combed ringspun cotton</li> <li>Soft hand feel</li> <li>Shaped side seams for a feminine fit</li> <li>Narrow crew neck with 1x1 rib</li> <li>Self-fabric back neck tape</li> <li>New tear away back neck label</li> <li><b>Also available in men&#39;s sizes code 61430, kids sizes code 61023 and girl&#39;s sizes code 61025</b></li>",61091000,MA
176022,0000001759303,61432,TSHIRT,T-SHIRTS,MSSTSH,MENS SHORT SLEEVE T-SHIRT,FOTL,Fruit Of The Loom,ME0029,RX,Retro Heather Green,0008  ,2XL,Ladies' Iconic 150 T,2.09,1,12,72,31/03/2026 23:45:05,C,https://myebrochure.co.uk/images/colours/fotl/fotl-rx.jpg,https://myebrochure.co.uk/images/products/prod_11201_61432_166623.jpg,https://myebrochure.co.uk/images/products.small/prod_11201_61432_166623.jpg,https://myebrochure.co.uk/images/products.hires/prod_11201_61432_166623.jpg,https://myebrochure.co.uk/images/brands/fotl_23.png,https://myebrochure.co.uk/images/products.hires/prod_61432_131689.jpg,https://myebrochure.co.uk/images/products.hires/prod_61432_131687.jpg,https://myebrochure.co.uk/images/products.hires/prod_61432_131688.jpg,,,,,,,,"<li>100&#37; combed ringspun cotton</li> <li>Soft hand feel</li> <li>Shaped side seams for a feminine fit</li> <li>Narrow crew neck with 1x1 rib</li> <li>Self-fabric back neck tape</li> <li>New tear away back neck label</li> <li><b>Also available in men&#39;s sizes code 61430, kids sizes code 61023 and girl&#39;s sizes code 61025</b></li>",61091000,MA
176016,0000001759242,61432,TSHIRT,T-SHIRTS,MSSTSH,MENS SHORT SLEEVE T-SHIRT,FOTL,Fruit Of The Loom,ME0029,R6,Retro Heather Royal,0008  ,2XL,Ladies' Iconic 150 T,2.09,1,12,72,31/03/2026 23:45:05,C,https://myebrochure.co.uk/images/colours/fotl/fotl-r6.jpg,https://myebrochure.co.uk/images/products/prod_11201_61432_166623.jpg,https://myebrochure.co.uk/images/products.small/prod_11201_61432_166623.jpg,https://myebrochure.co.uk/images/products.hires/prod_11201_61432_166623.jpg,https://myebrochure.co.uk/images/brands/fotl_23.png,https://myebrochure.co.uk/images/products.hires/prod_61432_131686.jpg,https://myebrochure.co.uk/images/products.hires/prod_61432_131684.jpg,https://myebrochure.co.uk/images/products.hires/prod_61432_131685.jpg,,,,,,,,"<li>100&#37; combed ringspun cotton</li> <li>Soft hand feel</li> <li>Shaped side seams for a feminine fit</li> <li>Narrow crew neck with 1x1 rib</li> <li>Self-fabric back neck tape</li> <li>New tear away back neck label</li> <li><b>Also available in men&#39;s sizes code 61430, kids sizes code 61023 and girl&#39;s sizes code 61025</b></li>",61091000,MA
172092,0000001720006,61432,TSHIRT,T-SHIRTS,MSSTSH,MENS SHORT SLEEVE T-SHIRT,FOTL,Fruit Of The Loom,ME0029,51,Royal,0008  ,2XL,Ladies' Iconic 150 T,2.09,1,12,72,31/03/2026 23:45:05,C,https://myebrochure.co.uk/images/colours/fotl/fotl-51.jpg,https://myebrochure.co.uk/images/products/prod_11201_61432_166623.jpg,https://myebrochure.co.uk/images/products.small/prod_11201_61432_166623.jpg,https://myebrochure.co.uk/images/products.hires/prod_11201_61432_166623.jpg,https://myebrochure.co.uk/images/brands/fotl_23.png,https://myebrochure.co.uk/images/products.hires/prod_61432_131650.jpg,https://myebrochure.co.uk/images/products.hires/prod_61432_131648.jpg,https://myebrochure.co.uk/images/products.hires/prod_61432_131649.jpg,,,,,,,,"<li>100&#37; combed ringspun cotton</li> <li>Soft hand feel</li> <li>Shaped side seams for a feminine fit</li> <li>Narrow crew neck with 1x1 rib</li> <li>Self-fabric back neck tape</li> <li>New tear away back neck label</li> <li><b>Also available in men&#39;s sizes code 61430, kids sizes code 61023 and girl&#39;s sizes code 61025</b></li>",61091000,MA
200865,0000002008509,61432,TSHIRT,T-SHIRTS,MSSTSH,MENS SHORT SLEEVE T-SHIRT,FOTL,Fruit Of The Loom,ME0029,SLR,Soft Lavender,0008  ,2XL,Ladies' Iconic 150 T,2.09,1,12,72,31/03/2026 23:45:05,C,https://myebrochure.co.uk/images/colours/fotl/fotl-slr.jpg,https://myebrochure.co.uk/images/products/prod_11201_61432_166623.jpg,https://myebrochure.co.uk/images/products.small/prod_11201_61432_166623.jpg,https://myebrochure.co.uk/images/products.hires/prod_11201_61432_166623.jpg,https://myebrochure.co.uk/images/brands/fotl_23.png,https://myebrochure.co.uk/images/products.hires/prod_11201_61432_157247.jpg,https://myebrochure.co.uk/images/products.hires/prod_11201_61432_157246.jpg,https://myebrochure.co.uk/images/products.hires/prod_11201_61432_157248.jpg,,,,,,,,"<li>100&#37; combed ringspun cotton</li> <li>Soft hand feel</li> <li>Shaped side seams for a feminine fit</li> <li>Narrow crew neck with 1x1 rib</li> <li>Self-fabric back neck tape</li> <li>New tear away back neck label</li> <li><b>Also available in men&#39;s sizes code 61430, kids sizes code 61023 and girl&#39;s sizes code 61025</b></li>",61091000,MA
172068,0000001719765,61432,TSHIRT,T-SHIRTS,MSSTSH,MENS SHORT SLEEVE T-SHIRT,FOTL,Fruit Of The Loom,ME0029,34,Sunflower,0008  ,2XL,Ladies' Iconic 150 T,2.09,1,12,72,01/04/2026 01:50:01,C,https://myebrochure.co.uk/images/colours/fotl/fotl-34.jpg,https://myebrochure.co.uk/images/products/prod_11201_61432_166623.jpg,https://myebrochure.co.uk/images/products.small/prod_11201_61432_166623.jpg,https://myebrochure.co.uk/images/products.hires/prod_11201_61432_166623.jpg,https://myebrochure.co.uk/images/brands/fotl_23.png,https://myebrochure.co.uk/images/products.hires/prod_61432_131638.jpg,https://myebrochure.co.uk/images/products.hires/prod_61432_131636.jpg,https://myebrochure.co.uk/images/products.hires/prod_61432_131637.jpg,,,,,,,,"<li>100&#37; combed ringspun cotton</li> <li>Soft hand feel</li> <li>Shaped side seams for a feminine fit</li> <li>Narrow crew neck with 1x1 rib</li> <li>Self-fabric back neck tape</li> <li>New tear away back neck label</li> <li><b>Also available in men&#39;s sizes code 61430, kids sizes code 61023 and girl&#39;s sizes code 61025</b></li>",61091000,MA
176028,0000001759365,61432,TSHIRT,T-SHIRTS,MSSTSH,MENS SHORT SLEEVE T-SHIRT,FOTL,Fruit Of The Loom,ME0029,VH,Vintage Heather Red,0008  ,2XL,Ladies' Iconic 150 T,2.09,1,12,72,31/03/2026 23:45:05,C,https://myebrochure.co.uk/images/colours/fotl/fotl-vh.jpg,https://myebrochure.co.uk/images/products/prod_11201_61432_166623.jpg,https://myebrochure.co.uk/images/products.small/prod_11201_61432_166623.jpg,https://myebrochure.co.uk/images/products.hires/prod_11201_61432_166623.jpg,https://myebrochure.co.uk/images/brands/fotl_23.png,https://myebrochure.co.uk/images/products.hires/prod_61432_131698.jpg,https://myebrochure.co.uk/images/products.hires/prod_61432_131696.jpg,https://myebrochure.co.uk/images/products.hires/prod_61432_131697.jpg,,,,,,,,"<li>100&#37; combed ringspun cotton</li> <li>Soft hand feel</li> <li>Shaped side seams for a feminine fit</li> <li>Narrow crew neck with 1x1 rib</li> <li>Self-fabric back neck tape</li> <li>New tear away back neck label</li> <li><b>Also available in men&#39;s sizes code 61430, kids sizes code 61023 and girl&#39;s sizes code 61025</b></li>",61091000,MA
172062,0000001719703,61432,TSHIRT,T-SHIRTS,MSSTSH,MENS SHORT SLEEVE T-SHIRT,FOTL,Fruit Of The Loom,ME0029,30,White,0008  ,2XL,Ladies' Iconic 150 T,1.65,1,12,72,31/03/2026 23:45:05,C,https://myebrochure.co.uk/images/colours/fotl/fotl-30.jpg,https://myebrochure.co.uk/images/products/prod_11201_61432_166623.jpg,https://myebrochure.co.uk/images/products.small/prod_11201_61432_166623.jpg,https://myebrochure.co.uk/images/products.hires/prod_11201_61432_166623.jpg,https://myebrochure.co.uk/images/brands/fotl_23.png,https://myebrochure.co.uk/images/products.hires/prod_11201_61432_166621.jpg,https://myebrochure.co.uk/images/products.hires/prod_61432_131635.jpg,https://myebrochure.co.uk/images/products.hires/prod_61432_131633.jpg,https://myebrochure.co.uk/images/products.hires/prod_61432_131634.jpg,,,,,,,"<li>100&#37; combed ringspun cotton</li> <li>Soft hand feel</li> <li>Shaped side seams for a feminine fit</li> <li>Narrow crew neck with 1x1 rib</li> <li>Self-fabric back neck tape</li> <li>New tear away back neck label</li> <li><b>Also available in men&#39;s sizes code 61430, kids sizes code 61023 and girl&#39;s sizes code 61025</b></li>",61091000,MA
172152,0000001720600,61432,TSHIRT,T-SHIRTS,MSSTSH,MENS SHORT SLEEVE T-SHIRT,FOTL,Fruit Of The Loom,ME0029,XW,Zinc,0008  ,2XL,Ladies' Iconic 150 T,2.09,1,12,72,31/03/2026 23:45:05,C,https://myebrochure.co.uk/images/colours/fotl/fotl-xw.jpg,https://myebrochure.co.uk/images/products/prod_11201_61432_166623.jpg,https://myebrochure.co.uk/images/products.small/prod_11201_61432_166623.jpg,https://myebrochure.co.uk/images/products.hires/prod_11201_61432_166623.jpg,https://myebrochure.co.uk/images/brands/fotl_23.png,https://myebrochure.co.uk/images/products.hires/prod_61432_131701.jpg,https://myebrochure.co.uk/images/products.hires/prod_61432_131699.jpg,https://myebrochure.co.uk/images/products.hires/prod_61432_131700.jpg,,,,,,,,"<li>100&#37; combed ringspun cotton</li> <li>Soft hand feel</li> <li>Shaped side seams for a feminine fit</li> <li>Narrow crew neck with 1x1 rib</li> <li>Self-fabric back neck tape</li> <li>New tear away back neck label</li> <li><b>Also available in men&#39;s sizes code 61430, kids sizes code 61023 and girl&#39;s sizes code 61025</b></li>",61091000,MA
197034,0000001970166,61432,TSHIRT,T-SHIRTS,MSSTSH,MENS SHORT SLEEVE T-SHIRT,FOTL,Fruit Of The Loom,ME0029,9K,Athletic Heather,0008  ,Large,Ladies' Iconic 150 T,2.09,1,12,72,31/03/2026 23:45:05,C,https://myebrochure.co.uk/images/colours/fotl/fotl-9k.jpg,https://myebrochure.co.uk/images/products/prod_11201_61432_166623.jpg,https://myebrochure.co.uk/images/products.small/prod_11201_61432_166623.jpg,https://myebrochure.co.uk/images/products.hires/prod_11201_61432_166623.jpg,https://myebrochure.co.uk/images/brands/fotl_23.png,https://myebrochure.co.uk/images/products.hires/prod_11201_61432_153584.jpg,https://myebrochure.co.uk/images/products.hires/prod_11201_61432_153583.jpg,https://myebrochure.co.uk/images/products.hires/prod_11201_61432_153585.jpg,,,,,,,,"<li>100&#37; combed ringspun cotton</li> <li>Soft hand feel</li> <li>Shaped side seams for a feminine fit</li> <li>Narrow crew neck with 1x1 rib</li> <li>Self-fabric back neck tape</li> <li>New tear away back neck label</li> <li><b>Also available in men&#39;s sizes code 61430, kids sizes code 61023 and girl&#39;s sizes code 61025</b></li>",61091000,MA
200597,0000002005829,61432,TSHIRT,T-SHIRTS,MSSTSH,MENS SHORT SLEEVE T-SHIRT,FOTL,Fruit Of The Loom,ME0029,ZU,Azure Blue,0008  ,Large,Ladies' Iconic 150 T,2.09,1,12,72,31/03/2026 23:45:05,C,https://myebrochure.co.uk/images/colours/fotl/fotl-zu.jpg,https://myebrochure.co.uk/images/products/prod_11201_61432_166623.jpg,https://myebrochure.co.uk/images/products.small/prod_11201_61432_166623.jpg,https://myebrochure.co.uk/images/products.hires/prod_11201_61432_166623.jpg,https://myebrochure.co.uk/images/brands/fotl_23.png,https://myebrochure.co.uk/images/products.hires/prod_11201_61432_157250.jpg,https://myebrochure.co.uk/images/products.hires/prod_11201_61432_157249.jpg,https://myebrochure.co.uk/images/products.hires/prod_11201_61432_157251.jpg,,,,,,,,"<li>100&#37; combed ringspun cotton</li> <li>Soft hand feel</li> <li>Shaped side seams for a feminine fit</li> <li>Narrow crew neck with 1x1 rib</li> <li>Self-fabric back neck tape</li> <li>New tear away back neck label</li> <li><b>Also available in men&#39;s sizes code 61430, kids sizes code 61023 and girl&#39;s sizes code 61025</b></li>",61091000,MA
172072,0000001719802,61432,TSHIRT,T-SHIRTS,MSSTSH,MENS SHORT SLEEVE T-SHIRT,FOTL,Fruit Of The Loom,ME0029,36,Black,0008  ,Large,Ladies' Iconic 150 T,2.09,1,12,72,31/03/2026 23:45:05,C,https://myebrochure.co.uk/images/colours/fotl/fotl-36.jpg,https://myebrochure.co.uk/images/products/prod_11201_61432_166623.jpg,https://myebrochure.co.uk/images/products.small/prod_11201_61432_166623.jpg,https://myebrochure.co.uk/images/products.hires/prod_11201_61432_166623.jpg,https://myebrochure.co.uk/images/brands/fotl_23.png,https://myebrochure.co.uk/images/products.hires/prod_11201_61432_166624.jpg,https://myebrochure.co.uk/images/products.hires/prod_61432_131641.jpg,https://myebrochure.co.uk/images/products.hires/prod_61432_131639.jpg,https://myebrochure.co.uk/images/products.hires/prod_61432_131640.jpg,,,,,,,"<li>100&#37; combed ringspun cotton</li> <li>Soft hand feel</li> <li>Shaped side seams for a feminine fit</li> <li>Narrow crew neck with 1x1 rib</li> <li>Self-fabric back neck tape</li> <li>New tear away back neck label</li> <li><b>Also available in men&#39;s sizes code 61430, kids sizes code 61023 and girl&#39;s sizes code 61025</b></li>",61091000,MA
183675,0000001835960,61432,TSHIRT,T-SHIRTS,MSSTSH,MENS SHORT SLEEVE T-SHIRT,FOTL,Fruit Of The Loom,ME0029,41,Burgundy,0008  ,Large,Ladies' Iconic 150 T,2.09,1,12,72,31/03/2026 23:45:05,C,https://myebrochure.co.uk/images/colours/fotl/fotl-41.jpg,https://myebrochure.co.uk/images/products/prod_11201_61432_166623.jpg,https://myebrochure.co.uk/images/products.small/prod_11201_61432_166623.jpg,https://myebrochure.co.uk/images/products.hires/prod_11201_61432_166623.jpg,https://myebrochure.co.uk/images/brands/fotl_23.png,https://myebrochure.co.uk/images/products.hires/prod_11201_61432_166625.jpg,https://myebrochure.co.uk/images/products.hires/prod_11201_61432_154269.jpg,https://myebrochure.co.uk/images/products.hires/prod_11201_61432_154270.jpg,https://myebrochure.co.uk/images/products.hires/prod_11201_61432_154271.jpg,,,,,,,"<li>100&#37; combed ringspun cotton</li> <li>Soft hand feel</li> <li>Shaped side seams for a feminine fit</li> <li>Narrow crew neck with 1x1 rib</li> <li>Self-fabric back neck tape</li> <li>New tear away back neck label</li> <li><b>Also available in men&#39;s sizes code 61430, kids sizes code 61023 and girl&#39;s sizes code 61025</b></li>",61091000,MA
172102,0000001720105,61432,TSHIRT,T-SHIRTS,MSSTSH,MENS SHORT SLEEVE T-SHIRT,FOTL,Fruit Of The Loom,ME0029,59,Classic Olive,0008  ,Large,Ladies' Iconic 150 T,2.09,1,12,72,31/03/2026 23:45:05,C,https://myebrochure.co.uk/images/colours/fotl/fotl-59.jpg,https://myebrochure.co.uk/images/products/prod_11201_61432_166623.jpg,https://myebrochure.co.uk/images/products.small/prod_11201_61432_166623.jpg,https://myebrochure.co.uk/images/products.hires/prod_11201_61432_166623.jpg,https://myebrochure.co.uk/images/brands/fotl_23.png,https://myebrochure.co.uk/images/products.hires/prod_61432_131656.jpg,https://myebrochure.co.uk/images/products.hires/prod_61432_131654.jpg,https://myebrochure.co.uk/images/products.hires/prod_61432_131655.jpg,,,,,,,,"<li>100&#37; combed ringspun cotton</li> <li>Soft hand feel</li> <li>Shaped side seams for a feminine fit</li> <li>Narrow crew neck with 1x1 rib</li> <li>Self-fabric back neck tape</li> <li>New tear away back neck label</li> <li><b>Also available in men&#39;s sizes code 61430, kids sizes code 61023 and girl&#39;s sizes code 61025</b></li>",61091000,MA
172132,0000001720402,61432,TSHIRT,T-SHIRTS,MSSTSH,MENS SHORT SLEEVE T-SHIRT,FOTL,Fruit Of The Loom,ME0029,AZ,Deep Navy,0008  ,Large,Ladies' Iconic 150 T,2.09,1,12,72,31/03/2026 23:45:05,C,https://myebrochure.co.uk/images/colours/fotl/fotl-az.jpg,https://myebrochure.co.uk/images/products/prod_11201_61432_166623.jpg,https://myebrochure.co.uk/images/products.small/prod_11201_61432_166623.jpg,https://myebrochure.co.uk/images/products.hires/prod_11201_61432_166623.jpg,https://myebrochure.co.uk/images/brands/fotl_23.png,https://myebrochure.co.uk/images/products.hires/prod_61432_131665.jpg,https://myebrochure.co.uk/images/products.hires/prod_61432_131663.jpg,https://myebrochure.co.uk/images/products.hires/prod_61432_131664.jpg,,,,,,,,"<li>100&#37; combed ringspun cotton</li> <li>Soft hand feel</li> <li>Shaped side seams for a feminine fit</li> <li>Narrow crew neck with 1x1 rib</li> <li>Self-fabric back neck tape</li> <li>New tear away back neck label</li> <li><b>Also available in men&#39;s sizes code 61430, kids sizes code 61023 and girl&#39;s sizes code 61025</b></li>",61091000,MA
172144,0000001720525,61432,TSHIRT,T-SHIRTS,MSSTSH,MENS SHORT SLEEVE T-SHIRT,FOTL,Fruit Of The Loom,ME0029,TM,Forest Green,0008  ,Large,Ladies' Iconic 150 T,2.09,1,12,72,31/03/2026 23:45:05,C,https://myebrochure.co.uk/images/colours/fotl/fotl-tm.jpg,https://myebrochure.co.uk/images/products/prod_11201_61432_166623.jpg,https://myebrochure.co.uk/images/products.small/prod_11201_61432_166623.jpg,https://myebrochure.co.uk/images/products.hires/prod_11201_61432_166623.jpg,https://myebrochure.co.uk/images/brands/fotl_23.png,https://myebrochure.co.uk/images/products.hires/prod_61432_131692.jpg,https://myebrochure.co.uk/images/products.hires/prod_61432_131690.jpg,https://myebrochure.co.uk/images/products.hires/prod_61432_131691.jpg,,,,,,,,"<li>100&#37; combed ringspun cotton</li> <li>Soft hand feel</li> <li>Shaped side seams for a feminine fit</li> <li>Narrow crew neck with 1x1 rib</li> <li>Self-fabric back neck tape</li> <li>New tear away back neck label</li> <li><b>Also available in men&#39;s sizes code 61430, kids sizes code 61023 and girl&#39;s sizes code 61025</b></li>",61091000,MA
172096,0000001720044,61432,TSHIRT,T-SHIRTS,MSSTSH,MENS SHORT SLEEVE T-SHIRT,FOTL,Fruit Of The Loom,ME0029,57,Fuchsia,0008  ,Large,Ladies' Iconic 150 T,2.09,1,12,72,31/03/2026 23:45:05,C,https://myebrochure.co.uk/images/colours/fotl/fotl-57.jpg,https://myebrochure.co.uk/images/products/prod_11201_61432_166623.jpg,https://myebrochure.co.uk/images/products.small/prod_11201_61432_166623.jpg,https://myebrochure.co.uk/images/products.hires/prod_11201_61432_166623.jpg,https://myebrochure.co.uk/images/brands/fotl_23.png,https://myebrochure.co.uk/images/products.hires/prod_61432_131653.jpg,https://myebrochure.co.uk/images/products.hires/prod_61432_131651.jpg,https://myebrochure.co.uk/images/products.hires/prod_61432_131652.jpg,,,,,,,,"<li>100&#37; combed ringspun cotton</li> <li>Soft hand feel</li> <li>Shaped side seams for a feminine fit</li> <li>Narrow crew neck with 1x1 rib</li> <li>Self-fabric back neck tape</li> <li>New tear away back neck label</li> <li><b>Also available in men&#39;s sizes code 61430, kids sizes code 61023 and girl&#39;s sizes code 61025</b></li>",61091000,MA
172168,0000001720761,61432,TSHIRT,T-SHIRTS,MSSTSH,MENS SHORT SLEEVE T-SHIRT,FOTL,Fruit Of The Loom,ME0029,H1,Heather Burgundy,0008  ,Large,Ladies' Iconic 150 T,2.09,1,12,72,31/03/2026 23:45:05,C,https://myebrochure.co.uk/images/colours/fotl/fotl-h1.jpg,https://myebrochure.co.uk/images/products/prod_11201_61432_166623.jpg,https://myebrochure.co.uk/images/products.small/prod_11201_61432_166623.jpg,https://myebrochure.co.uk/images/products.hires/prod_11201_61432_166623.jpg,https://myebrochure.co.uk/images/brands/fotl_23.png,https://myebrochure.co.uk/images/products.hires/prod_61432_131677.jpg,https://myebrochure.co.uk/images/products.hires/prod_61432_131675.jpg,https://myebrochure.co.uk/images/products.hires/prod_61432_131676.jpg,,,,,,,,"<li>100&#37; combed ringspun cotton</li> <li>Soft hand feel</li> <li>Shaped side seams for a feminine fit</li> <li>Narrow crew neck with 1x1 rib</li> <li>Self-fabric back neck tape</li> <li>New tear away back neck label</li> <li><b>Also available in men&#39;s sizes code 61430, kids sizes code 61023 and girl&#39;s sizes code 61025</b></li>",61091000,MA
172126,0000001720341,61432,TSHIRT,T-SHIRTS,MSSTSH,MENS SHORT SLEEVE T-SHIRT,FOTL,Fruit Of The Loom,ME0029,94,Heather Grey,0008  ,Large,Ladies' Iconic 150 T,2.09,1,12,72,31/03/2026 23:45:05,C,https://myebrochure.co.uk/images/colours/fotl/fotl-94.jpg,https://myebrochure.co.uk/images/products/prod_11201_61432_166623.jpg,https://myebrochure.co.uk/images/products.small/prod_11201_61432_166623.jpg,https://myebrochure.co.uk/images/products.hires/prod_11201_61432_166623.jpg,https://myebrochure.co.uk/images/brands/fotl_23.png,https://myebrochure.co.uk/images/products.hires/prod_61432_131662.jpg,https://myebrochure.co.uk/images/products.hires/prod_61432_131660.jpg,https://myebrochure.co.uk/images/products.hires/prod_61432_131661.jpg,,,,,,,,"<li>100&#37; combed ringspun cotton</li> <li>Soft hand feel</li> <li>Shaped side seams for a feminine fit</li> <li>Narrow crew neck with 1x1 rib</li> <li>Self-fabric back neck tape</li> <li>New tear away back neck label</li> <li><b>Also available in men&#39;s sizes code 61430, kids sizes code 61023 and girl&#39;s sizes code 61025</b></li>",61091000,MA
172162,0000001720709,61432,TSHIRT,T-SHIRTS,MSSTSH,MENS SHORT SLEEVE T-SHIRT,FOTL,Fruit Of The Loom,ME0029,HP,Heather Purple,0008  ,Large,Ladies' Iconic 150 T,2.09,1,12,72,31/03/2026 23:45:05,C,https://myebrochure.co.uk/images/colours/fotl/fotl-hp.jpg,https://myebrochure.co.uk/images/products/prod_11201_61432_166623.jpg,https://myebrochure.co.uk/images/products.small/prod_11201_61432_166623.jpg,https://myebrochure.co.uk/images/products.hires/prod_11201_61432_166623.jpg,https://myebrochure.co.uk/images/brands/fotl_23.png,https://myebrochure.co.uk/images/products.hires/prod_61432_131683.jpg,https://myebrochure.co.uk/images/products.hires/prod_61432_131681.jpg,https://myebrochure.co.uk/images/products.hires/prod_61432_131682.jpg,,,,,,,,"<li>100&#37; combed ringspun cotton</li> <li>Soft hand feel</li> <li>Shaped side seams for a feminine fit</li> <li>Narrow crew neck with 1x1 rib</li> <li>Self-fabric back neck tape</li> <li>New tear away back neck label</li> <li><b>Also available in men&#39;s sizes code 61430, kids sizes code 61023 and girl&#39;s sizes code 61025</b></li>",61091000,MA
172084,0000001719925,61432,TSHIRT,T-SHIRTS,MSSTSH,MENS SHORT SLEEVE T-SHIRT,FOTL,Fruit Of The Loom,ME0029,47,Kelly Green,0008  ,Large,Ladies' Iconic 150 T,2.09,1,12,72,31/03/2026 23:45:05,C,https://myebrochure.co.uk/images/colours/fotl/fotl-47.jpg,https://myebrochure.co.uk/images/products/prod_11201_61432_166623.jpg,https://myebrochure.co.uk/images/products.small/prod_11201_61432_166623.jpg,https://myebrochure.co.uk/images/products.hires/prod_11201_61432_166623.jpg,https://myebrochure.co.uk/images/brands/fotl_23.png,https://myebrochure.co.uk/images/products.hires/prod_11201_61432_166626.jpg,https://myebrochure.co.uk/images/products.hires/prod_61432_131647.jpg,https://myebrochure.co.uk/images/products.hires/prod_61432_131645.jpg,https://myebrochure.co.uk/images/products.hires/prod_61432_131646.jpg,,,,,,,"<li>100&#37; combed ringspun cotton</li> <li>Soft hand feel</li> <li>Shaped side seams for a feminine fit</li> <li>Narrow crew neck with 1x1 rib</li> <li>Self-fabric back neck tape</li> <li>New tear away back neck label</li> <li><b>Also available in men&#39;s sizes code 61430, kids sizes code 61023 and girl&#39;s sizes code 61025</b></li>",61091000,MA
172138,0000001720464,61432,TSHIRT,T-SHIRTS,MSSTSH,MENS SHORT SLEEVE T-SHIRT,FOTL,Fruit Of The Loom,ME0029,GL,Light Graphite,0008  ,Large,Ladies' Iconic 150 T,2.09,1,12,72,31/03/2026 23:45:05,C,https://myebrochure.co.uk/images/colours/fotl/fotl-gl.jpg,https://myebrochure.co.uk/images/products/prod_11201_61432_166623.jpg,https://myebrochure.co.uk/images/products.small/prod_11201_61432_166623.jpg,https://myebrochure.co.uk/images/products.hires/prod_11201_61432_166623.jpg,https://myebrochure.co.uk/images/brands/fotl_23.png,https://myebrochure.co.uk/images/products.hires/prod_61432_131674.jpg,https://myebrochure.co.uk/images/products.hires/prod_61432_131672.jpg,https://myebrochure.co.uk/images/products.hires/prod_61432_131673.jpg,,,,,,,,"<li>100&#37; combed ringspun cotton</li> <li>Soft hand feel</li> <li>Shaped side seams for a feminine fit</li> <li>Narrow crew neck with 1x1 rib</li> <li>Self-fabric back neck tape</li> <li>New tear away back neck label</li> <li><b>Also available in men&#39;s sizes code 61430, kids sizes code 61023 and girl&#39;s sizes code 61025</b></li>",61091000,MA
172108,0000001720167,61432,TSHIRT,T-SHIRTS,MSSTSH,MENS SHORT SLEEVE T-SHIRT,FOTL,Fruit Of The Loom,ME0029,60,Natural,0008  ,Large,Ladies' Iconic 150 T,1.65,1,12,72,31/03/2026 23:45:05,C,https://myebrochure.co.uk/images/colours/fotl/fotl-60.jpg,https://myebrochure.co.uk/images/products/prod_11201_61432_166623.jpg,https://myebrochure.co.uk/images/products.small/prod_11201_61432_166623.jpg,https://myebrochure.co.uk/images/products.hires/prod_11201_61432_166623.jpg,https://myebrochure.co.uk/images/brands/fotl_23.png,https://myebrochure.co.uk/images/products.hires/prod_61432_131659.jpg,https://myebrochure.co.uk/images/products.hires/prod_61432_131657.jpg,https://myebrochure.co.uk/images/products.hires/prod_61432_131658.jpg,,,,,,,,"<li>100&#37; combed ringspun cotton</li> <li>Soft hand feel</li> <li>Shaped side seams for a feminine fit</li> <li>Narrow crew neck with 1x1 rib</li> <li>Self-fabric back neck tape</li> <li>New tear away back neck label</li> <li><b>Also available in men&#39;s sizes code 61430, kids sizes code 61023 and girl&#39;s sizes code 61025</b></li>",61091000,MA
183669,0000001835908,61432,TSHIRT,T-SHIRTS,MSSTSH,MENS SHORT SLEEVE T-SHIRT,FOTL,Fruit Of The Loom,ME0029,32,Navy Blue,0008  ,Large,Ladies' Iconic 150 T,2.09,1,12,72,31/03/2026 23:45:05,C,https://myebrochure.co.uk/images/colours/fotl/fotl-32.jpg,https://myebrochure.co.uk/images/products/prod_11201_61432_166623.jpg,https://myebrochure.co.uk/images/products.small/prod_11201_61432_166623.jpg,https://myebrochure.co.uk/images/products.hires/prod_11201_61432_166623.jpg,https://myebrochure.co.uk/images/brands/fotl_23.png,https://myebrochure.co.uk/images/products.hires/prod_11201_61432_149212.jpg,https://myebrochure.co.uk/images/products.hires/prod_11201_61432_149210.jpg,https://myebrochure.co.uk/images/products.hires/prod_11201_61432_149213.jpg,,,,,,,,"<li>100&#37; combed ringspun cotton</li> <li>Soft hand feel</li> <li>Shaped side seams for a feminine fit</li> <li>Narrow crew neck with 1x1 rib</li> <li>Self-fabric back neck tape</li> <li>New tear away back neck label</li> <li><b>Also available in men&#39;s sizes code 61430, kids sizes code 61023 and girl&#39;s sizes code 61025</b></li>",61091000,MA
183681,0000001836028,61432,TSHIRT,T-SHIRTS,MSSTSH,MENS SHORT SLEEVE T-SHIRT,FOTL,Fruit Of The Loom,ME0029,NE,Neomint,0008  ,Large,Ladies' Iconic 150 T,2.09,1,12,72,31/03/2026 23:45:05,C,https://myebrochure.co.uk/images/colours/fotl/fotl-ne.jpg,https://myebrochure.co.uk/images/products/prod_11201_61432_166623.jpg,https://myebrochure.co.uk/images/products.small/prod_11201_61432_166623.jpg,https://myebrochure.co.uk/images/products.hires/prod_11201_61432_166623.jpg,https://myebrochure.co.uk/images/brands/fotl_23.png,https://myebrochure.co.uk/images/products.hires/prod_11201_61432_149217.jpg,https://myebrochure.co.uk/images/products.hires/prod_11201_61432_149215.jpg,https://myebrochure.co.uk/images/products.hires/prod_11201_61432_149219.jpg,,,,,,,,"<li>100&#37; combed ringspun cotton</li> <li>Soft hand feel</li> <li>Shaped side seams for a feminine fit</li> <li>Narrow crew neck with 1x1 rib</li> <li>Self-fabric back neck tape</li> <li>New tear away back neck label</li> <li><b>Also available in men&#39;s sizes code 61430, kids sizes code 61023 and girl&#39;s sizes code 61025</b></li>",61091000,MA
200603,0000002005881,61432,TSHIRT,T-SHIRTS,MSSTSH,MENS SHORT SLEEVE T-SHIRT,FOTL,Fruit Of The Loom,ME0029,PR,Powder Rose,0008  ,Large,Ladies' Iconic 150 T,2.09,1,12,72,31/03/2026 23:45:05,C,https://myebrochure.co.uk/images/colours/fotl/fotl-pr.jpg,https://myebrochure.co.uk/images/products/prod_11201_61432_166623.jpg,https://myebrochure.co.uk/images/products.small/prod_11201_61432_166623.jpg,https://myebrochure.co.uk/images/products.hires/prod_11201_61432_166623.jpg,https://myebrochure.co.uk/images/brands/fotl_23.png,https://myebrochure.co.uk/images/products.hires/prod_11201_61432_157244.jpg,https://myebrochure.co.uk/images/products.hires/prod_11201_61432_157243.jpg,https://myebrochure.co.uk/images/products.hires/prod_11201_61432_157245.jpg,,,,,,,,"<li>100&#37; combed ringspun cotton</li> <li>Soft hand feel</li> <li>Shaped side seams for a feminine fit</li> <li>Narrow crew neck with 1x1 rib</li> <li>Self-fabric back neck tape</li> <li>New tear away back neck label</li> <li><b>Also available in men&#39;s sizes code 61430, kids sizes code 61023 and girl&#39;s sizes code 61025</b></li>",61091000,MA
172078,0000001719864,61432,TSHIRT,T-SHIRTS,MSSTSH,MENS SHORT SLEEVE T-SHIRT,FOTL,Fruit Of The Loom,ME0029,40,Red,0008  ,Large,Ladies' Iconic 150 T,2.09,1,12,72,31/03/2026 23:45:05,C,https://myebrochure.co.uk/images/colours/fotl/fotl-40.jpg,https://myebrochure.co.uk/images/products/prod_11201_61432_166623.jpg,https://myebrochure.co.uk/images/products.small/prod_11201_61432_166623.jpg,https://myebrochure.co.uk/images/products.hires/prod_11201_61432_166623.jpg,https://myebrochure.co.uk/images/brands/fotl_23.png,https://myebrochure.co.uk/images/products.hires/prod_61432_131644.jpg,https://myebrochure.co.uk/images/products.hires/prod_61432_131642.jpg,https://myebrochure.co.uk/images/products.hires/prod_61432_131643.jpg,,,,,,,,"<li>100&#37; combed ringspun cotton</li> <li>Soft hand feel</li> <li>Shaped side seams for a feminine fit</li> <li>Narrow crew neck with 1x1 rib</li> <li>Self-fabric back neck tape</li> <li>New tear away back neck label</li> <li><b>Also available in men&#39;s sizes code 61430, kids sizes code 61023 and girl&#39;s sizes code 61025</b></li>",61091000,MA
176020,0000001759280,61432,TSHIRT,T-SHIRTS,MSSTSH,MENS SHORT SLEEVE T-SHIRT,FOTL,Fruit Of The Loom,ME0029,RX,Retro Heather Green,0008  ,Large,Ladies' Iconic 150 T,2.09,1,12,72,31/03/2026 23:45:05,C,https://myebrochure.co.uk/images/colours/fotl/fotl-rx.jpg,https://myebrochure.co.uk/images/products/prod_11201_61432_166623.jpg,https://myebrochure.co.uk/images/products.small/prod_11201_61432_166623.jpg,https://myebrochure.co.uk/images/products.hires/prod_11201_61432_166623.jpg,https://myebrochure.co.uk/images/brands/fotl_23.png,https://myebrochure.co.uk/images/products.hires/prod_61432_131689.jpg,https://myebrochure.co.uk/images/products.hires/prod_61432_131687.jpg,https://myebrochure.co.uk/images/products.hires/prod_61432_131688.jpg,,,,,,,,"<li>100&#37; combed ringspun cotton</li> <li>Soft hand feel</li> <li>Shaped side seams for a feminine fit</li> <li>Narrow crew neck with 1x1 rib</li> <li>Self-fabric back neck tape</li> <li>New tear away back neck label</li> <li><b>Also available in men&#39;s sizes code 61430, kids sizes code 61023 and girl&#39;s sizes code 61025</b></li>",61091000,MA
176014,0000001759228,61432,TSHIRT,T-SHIRTS,MSSTSH,MENS SHORT SLEEVE T-SHIRT,FOTL,Fruit Of The Loom,ME0029,R6,Retro Heather Royal,0008  ,Large,Ladies' Iconic 150 T,2.09,1,12,72,31/03/2026 23:45:05,C,https://myebrochure.co.uk/images/colours/fotl/fotl-r6.jpg,https://myebrochure.co.uk/images/products/prod_11201_61432_166623.jpg,https://myebrochure.co.uk/images/products.small/prod_11201_61432_166623.jpg,https://myebrochure.co.uk/images/products.hires/prod_11201_61432_166623.jpg,https://myebrochure.co.uk/images/brands/fotl_23.png,https://myebrochure.co.uk/images/products.hires/prod_61432_131686.jpg,https://myebrochure.co.uk/images/products.hires/prod_61432_131684.jpg,https://myebrochure.co.uk/images/products.hires/prod_61432_131685.jpg,,,,,,,,"<li>100&#37; combed ringspun cotton</li> <li>Soft hand feel</li> <li>Shaped side seams for a feminine fit</li> <li>Narrow crew neck with 1x1 rib</li> <li>Self-fabric back neck tape</li> <li>New tear away back neck label</li> <li><b>Also available in men&#39;s sizes code 61430, kids sizes code 61023 and girl&#39;s sizes code 61025</b></li>",61091000,MA
172090,0000001719987,61432,TSHIRT,T-SHIRTS,MSSTSH,MENS SHORT SLEEVE T-SHIRT,FOTL,Fruit Of The Loom,ME0029,51,Royal,0008  ,Large,Ladies' Iconic 150 T,2.09,1,12,72,31/03/2026 23:45:05,C,https://myebrochure.co.uk/images/colours/fotl/fotl-51.jpg,https://myebrochure.co.uk/images/products/prod_11201_61432_166623.jpg,https://myebrochure.co.uk/images/products.small/prod_11201_61432_166623.jpg,https://myebrochure.co.uk/images/products.hires/prod_11201_61432_166623.jpg,https://myebrochure.co.uk/images/brands/fotl_23.png,https://myebrochure.co.uk/images/products.hires/prod_61432_131650.jpg,https://myebrochure.co.uk/images/products.hires/prod_61432_131648.jpg,https://myebrochure.co.uk/images/products.hires/prod_61432_131649.jpg,,,,,,,,"<li>100&#37; combed ringspun cotton</li> <li>Soft hand feel</li> <li>Shaped side seams for a feminine fit</li> <li>Narrow crew neck with 1x1 rib</li> <li>Self-fabric back neck tape</li> <li>New tear away back neck label</li> <li><b>Also available in men&#39;s sizes code 61430, kids sizes code 61023 and girl&#39;s sizes code 61025</b></li>",61091000,MA
200863,0000002008486,61432,TSHIRT,T-SHIRTS,MSSTSH,MENS SHORT SLEEVE T-SHIRT,FOTL,Fruit Of The Loom,ME0029,SLR,Soft Lavender,0008  ,Large,Ladies' Iconic 150 T,2.09,1,12,72,31/03/2026 23:45:05,C,https://myebrochure.co.uk/images/colours/fotl/fotl-slr.jpg,https://myebrochure.co.uk/images/products/prod_11201_61432_166623.jpg,https://myebrochure.co.uk/images/products.small/prod_11201_61432_166623.jpg,https://myebrochure.co.uk/images/products.hires/prod_11201_61432_166623.jpg,https://myebrochure.co.uk/images/brands/fotl_23.png,https://myebrochure.co.uk/images/products.hires/prod_11201_61432_157247.jpg,https://myebrochure.co.uk/images/products.hires/prod_11201_61432_157246.jpg,https://myebrochure.co.uk/images/products.hires/prod_11201_61432_157248.jpg,,,,,,,,"<li>100&#37; combed ringspun cotton</li> <li>Soft hand feel</li> <li>Shaped side seams for a feminine fit</li> <li>Narrow crew neck with 1x1 rib</li> <li>Self-fabric back neck tape</li> <li>New tear away back neck label</li> <li><b>Also available in men&#39;s sizes code 61430, kids sizes code 61023 and girl&#39;s sizes code 61025</b></li>",61091000,MA
172066,0000001719741,61432,TSHIRT,T-SHIRTS,MSSTSH,MENS SHORT SLEEVE T-SHIRT,FOTL,Fruit Of The Loom,ME0029,34,Sunflower,0008  ,Large,Ladies' Iconic 150 T,2.09,1,12,72,31/03/2026 23:45:05,C,https://myebrochure.co.uk/images/colours/fotl/fotl-34.jpg,https://myebrochure.co.uk/images/products/prod_11201_61432_166623.jpg,https://myebrochure.co.uk/images/products.small/prod_11201_61432_166623.jpg,https://myebrochure.co.uk/images/products.hires/prod_11201_61432_166623.jpg,https://myebrochure.co.uk/images/brands/fotl_23.png,https://myebrochure.co.uk/images/products.hires/prod_61432_131638.jpg,https://myebrochure.co.uk/images/products.hires/prod_61432_131636.jpg,https://myebrochure.co.uk/images/products.hires/prod_61432_131637.jpg,,,,,,,,"<li>100&#37; combed ringspun cotton</li> <li>Soft hand feel</li> <li>Shaped side seams for a feminine fit</li> <li>Narrow crew neck with 1x1 rib</li> <li>Self-fabric back neck tape</li> <li>New tear away back neck label</li> <li><b>Also available in men&#39;s sizes code 61430, kids sizes code 61023 and girl&#39;s sizes code 61025</b></li>",61091000,MA
176026,0000001759341,61432,TSHIRT,T-SHIRTS,MSSTSH,MENS SHORT SLEEVE T-SHIRT,FOTL,Fruit Of The Loom,ME0029,VH,Vintage Heather Red,0008  ,Large,Ladies' Iconic 150 T,2.09,1,12,72,31/03/2026 23:45:05,C,https://myebrochure.co.uk/images/colours/fotl/fotl-vh.jpg,https://myebrochure.co.uk/images/products/prod_11201_61432_166623.jpg,https://myebrochure.co.uk/images/products.small/prod_11201_61432_166623.jpg,https://myebrochure.co.uk/images/products.hires/prod_11201_61432_166623.jpg,https://myebrochure.co.uk/images/brands/fotl_23.png,https://myebrochure.co.uk/images/products.hires/prod_61432_131698.jpg,https://myebrochure.co.uk/images/products.hires/prod_61432_131696.jpg,https://myebrochure.co.uk/images/products.hires/prod_61432_131697.jpg,,,,,,,,"<li>100&#37; combed ringspun cotton</li> <li>Soft hand feel</li> <li>Shaped side seams for a feminine fit</li> <li>Narrow crew neck with 1x1 rib</li> <li>Self-fabric back neck tape</li> <li>New tear away back neck label</li> <li><b>Also available in men&#39;s sizes code 61430, kids sizes code 61023 and girl&#39;s sizes code 61025</b></li>",61091000,MA
172060,0000001719680,61432,TSHIRT,T-SHIRTS,MSSTSH,MENS SHORT SLEEVE T-SHIRT,FOTL,Fruit Of The Loom,ME0029,30,White,0008  ,Large,Ladies' Iconic 150 T,1.65,1,12,72,31/03/2026 23:45:05,C,https://myebrochure.co.uk/images/colours/fotl/fotl-30.jpg,https://myebrochure.co.uk/images/products/prod_11201_61432_166623.jpg,https://myebrochure.co.uk/images/products.small/prod_11201_61432_166623.jpg,https://myebrochure.co.uk/images/products.hires/prod_11201_61432_166623.jpg,https://myebrochure.co.uk/images/brands/fotl_23.png,https://myebrochure.co.uk/images/products.hires/prod_11201_61432_166621.jpg,https://myebrochure.co.uk/images/products.hires/prod_61432_131635.jpg,https://myebrochure.co.uk/images/products.hires/prod_61432_131633.jpg,https://myebrochure.co.uk/images/products.hires/prod_61432_131634.jpg,,,,,,,"<li>100&#37; combed ringspun cotton</li> <li>Soft hand feel</li> <li>Shaped side seams for a feminine fit</li> <li>Narrow crew neck with 1x1 rib</li> <li>Self-fabric back neck tape</li> <li>New tear away back neck label</li> <li><b>Also available in men&#39;s sizes code 61430, kids sizes code 61023 and girl&#39;s sizes code 61025</b></li>",61091000,MA
172150,0000001720587,61432,TSHIRT,T-SHIRTS,MSSTSH,MENS SHORT SLEEVE T-SHIRT,FOTL,Fruit Of The Loom,ME0029,XW,Zinc,0008  ,Large,Ladies' Iconic 150 T,2.09,1,12,72,31/03/2026 23:45:05,C,https://myebrochure.co.uk/images/colours/fotl/fotl-xw.jpg,https://myebrochure.co.uk/images/products/prod_11201_61432_166623.jpg,https://myebrochure.co.uk/images/products.small/prod_11201_61432_166623.jpg,https://myebrochure.co.uk/images/products.hires/prod_11201_61432_166623.jpg,https://myebrochure.co.uk/images/brands/fotl_23.png,https://myebrochure.co.uk/images/products.hires/prod_61432_131701.jpg,https://myebrochure.co.uk/images/products.hires/prod_61432_131699.jpg,https://myebrochure.co.uk/images/products.hires/prod_61432_131700.jpg,,,,,,,,"<li>100&#37; combed ringspun cotton</li> <li>Soft hand feel</li> <li>Shaped side seams for a feminine fit</li> <li>Narrow crew neck with 1x1 rib</li> <li>Self-fabric back neck tape</li> <li>New tear away back neck label</li> <li><b>Also available in men&#39;s sizes code 61430, kids sizes code 61023 and girl&#39;s sizes code 61025</b></li>",61091000,MA
197033,0000001970159,61432,TSHIRT,T-SHIRTS,MSSTSH,MENS SHORT SLEEVE T-SHIRT,FOTL,Fruit Of The Loom,ME0029,9K,Athletic Heather,0008  ,Medium,Ladies' Iconic 150 T,2.09,1,12,72,31/03/2026 23:45:05,C,https://myebrochure.co.uk/images/colours/fotl/fotl-9k.jpg,https://myebrochure.co.uk/images/products/prod_11201_61432_166623.jpg,https://myebrochure.co.uk/images/products.small/prod_11201_61432_166623.jpg,https://myebrochure.co.uk/images/products.hires/prod_11201_61432_166623.jpg,https://myebrochure.co.uk/images/brands/fotl_23.png,https://myebrochure.co.uk/images/products.hires/prod_11201_61432_153584.jpg,https://myebrochure.co.uk/images/products.hires/prod_11201_61432_153583.jpg,https://myebrochure.co.uk/images/products.hires/prod_11201_61432_153585.jpg,,,,,,,,"<li>100&#37; combed ringspun cotton</li> <li>Soft hand feel</li> <li>Shaped side seams for a feminine fit</li> <li>Narrow crew neck with 1x1 rib</li> <li>Self-fabric back neck tape</li> <li>New tear away back neck label</li> <li><b>Also available in men&#39;s sizes code 61430, kids sizes code 61023 and girl&#39;s sizes code 61025</b></li>",61091000,MA
200596,0000002005812,61432,TSHIRT,T-SHIRTS,MSSTSH,MENS SHORT SLEEVE T-SHIRT,FOTL,Fruit Of The Loom,ME0029,ZU,Azure Blue,0008  ,Medium,Ladies' Iconic 150 T,2.09,1,12,72,31/03/2026 23:45:05,C,https://myebrochure.co.uk/images/colours/fotl/fotl-zu.jpg,https://myebrochure.co.uk/images/products/prod_11201_61432_166623.jpg,https://myebrochure.co.uk/images/products.small/prod_11201_61432_166623.jpg,https://myebrochure.co.uk/images/products.hires/prod_11201_61432_166623.jpg,https://myebrochure.co.uk/images/brands/fotl_23.png,https://myebrochure.co.uk/images/products.hires/prod_11201_61432_157250.jpg,https://myebrochure.co.uk/images/products.hires/prod_11201_61432_157249.jpg,https://myebrochure.co.uk/images/products.hires/prod_11201_61432_157251.jpg,,,,,,,,"<li>100&#37; combed ringspun cotton</li> <li>Soft hand feel</li> <li>Shaped side seams for a feminine fit</li> <li>Narrow crew neck with 1x1 rib</li> <li>Self-fabric back neck tape</li> <li>New tear away back neck label</li> <li><b>Also available in men&#39;s sizes code 61430, kids sizes code 61023 and girl&#39;s sizes code 61025</b></li>",61091000,MA
172071,0000001719796,61432,TSHIRT,T-SHIRTS,MSSTSH,MENS SHORT SLEEVE T-SHIRT,FOTL,Fruit Of The Loom,ME0029,36,Black,0008  ,Medium,Ladies' Iconic 150 T,2.09,1,12,72,31/03/2026 23:45:05,C,https://myebrochure.co.uk/images/colours/fotl/fotl-36.jpg,https://myebrochure.co.uk/images/products/prod_11201_61432_166623.jpg,https://myebrochure.co.uk/images/products.small/prod_11201_61432_166623.jpg,https://myebrochure.co.uk/images/products.hires/prod_11201_61432_166623.jpg,https://myebrochure.co.uk/images/brands/fotl_23.png,https://myebrochure.co.uk/images/products.hires/prod_11201_61432_166624.jpg,https://myebrochure.co.uk/images/products.hires/prod_61432_131641.jpg,https://myebrochure.co.uk/images/products.hires/prod_61432_131639.jpg,https://myebrochure.co.uk/images/products.hires/prod_61432_131640.jpg,,,,,,,"<li>100&#37; combed ringspun cotton</li> <li>Soft hand feel</li> <li>Shaped side seams for a feminine fit</li> <li>Narrow crew neck with 1x1 rib</li> <li>Self-fabric back neck tape</li> <li>New tear away back neck label</li> <li><b>Also available in men&#39;s sizes code 61430, kids sizes code 61023 and girl&#39;s sizes code 61025</b></li>",61091000,MA
183674,0000001835953,61432,TSHIRT,T-SHIRTS,MSSTSH,MENS SHORT SLEEVE T-SHIRT,FOTL,Fruit Of The Loom,ME0029,41,Burgundy,0008  ,Medium,Ladies' Iconic 150 T,2.09,1,12,72,31/03/2026 23:45:05,C,https://myebrochure.co.uk/images/colours/fotl/fotl-41.jpg,https://myebrochure.co.uk/images/products/prod_11201_61432_166623.jpg,https://myebrochure.co.uk/images/products.small/prod_11201_61432_166623.jpg,https://myebrochure.co.uk/images/products.hires/prod_11201_61432_166623.jpg,https://myebrochure.co.uk/images/brands/fotl_23.png,https://myebrochure.co.uk/images/products.hires/prod_11201_61432_166625.jpg,https://myebrochure.co.uk/images/products.hires/prod_11201_61432_154269.jpg,https://myebrochure.co.uk/images/products.hires/prod_11201_61432_154270.jpg,https://myebrochure.co.uk/images/products.hires/prod_11201_61432_154271.jpg,,,,,,,"<li>100&#37; combed ringspun cotton</li> <li>Soft hand feel</li> <li>Shaped side seams for a feminine fit</li> <li>Narrow crew neck with 1x1 rib</li> <li>Self-fabric back neck tape</li> <li>New tear away back neck label</li> <li><b>Also available in men&#39;s sizes code 61430, kids sizes code 61023 and girl&#39;s sizes code 61025</b></li>",61091000,MA
172101,0000001720099,61432,TSHIRT,T-SHIRTS,MSSTSH,MENS SHORT SLEEVE T-SHIRT,FOTL,Fruit Of The Loom,ME0029,59,Classic Olive,0008  ,Medium,Ladies' Iconic 150 T,2.09,1,12,72,31/03/2026 23:45:05,C,https://myebrochure.co.uk/images/colours/fotl/fotl-59.jpg,https://myebrochure.co.uk/images/products/prod_11201_61432_166623.jpg,https://myebrochure.co.uk/images/products.small/prod_11201_61432_166623.jpg,https://myebrochure.co.uk/images/products.hires/prod_11201_61432_166623.jpg,https://myebrochure.co.uk/images/brands/fotl_23.png,https://myebrochure.co.uk/images/products.hires/prod_61432_131656.jpg,https://myebrochure.co.uk/images/products.hires/prod_61432_131654.jpg,https://myebrochure.co.uk/images/products.hires/prod_61432_131655.jpg,,,,,,,,"<li>100&#37; combed ringspun cotton</li> <li>Soft hand feel</li> <li>Shaped side seams for a feminine fit</li> <li>Narrow crew neck with 1x1 rib</li> <li>Self-fabric back neck tape</li> <li>New tear away back neck label</li> <li><b>Also available in men&#39;s sizes code 61430, kids sizes code 61023 and girl&#39;s sizes code 61025</b></li>",61091000,MA
172131,0000001720396,61432,TSHIRT,T-SHIRTS,MSSTSH,MENS SHORT SLEEVE T-SHIRT,FOTL,Fruit Of The Loom,ME0029,AZ,Deep Navy,0008  ,Medium,Ladies' Iconic 150 T,2.09,1,12,72,31/03/2026 23:45:05,C,https://myebrochure.co.uk/images/colours/fotl/fotl-az.jpg,https://myebrochure.co.uk/images/products/prod_11201_61432_166623.jpg,https://myebrochure.co.uk/images/products.small/prod_11201_61432_166623.jpg,https://myebrochure.co.uk/images/products.hires/prod_11201_61432_166623.jpg,https://myebrochure.co.uk/images/brands/fotl_23.png,https://myebrochure.co.uk/images/products.hires/prod_61432_131665.jpg,https://myebrochure.co.uk/images/products.hires/prod_61432_131663.jpg,https://myebrochure.co.uk/images/products.hires/prod_61432_131664.jpg,,,,,,,,"<li>100&#37; combed ringspun cotton</li> <li>Soft hand feel</li> <li>Shaped side seams for a feminine fit</li> <li>Narrow crew neck with 1x1 rib</li> <li>Self-fabric back neck tape</li> <li>New tear away back neck label</li> <li><b>Also available in men&#39;s sizes code 61430, kids sizes code 61023 and girl&#39;s sizes code 61025</b></li>",61091000,MA
172143,0000001720518,61432,TSHIRT,T-SHIRTS,MSSTSH,MENS SHORT SLEEVE T-SHIRT,FOTL,Fruit Of The Loom,ME0029,TM,Forest Green,0008  ,Medium,Ladies' Iconic 150 T,2.09,1,12,72,31/03/2026 23:45:05,C,https://myebrochure.co.uk/images/colours/fotl/fotl-tm.jpg,https://myebrochure.co.uk/images/products/prod_11201_61432_166623.jpg,https://myebrochure.co.uk/images/products.small/prod_11201_61432_166623.jpg,https://myebrochure.co.uk/images/products.hires/prod_11201_61432_166623.jpg,https://myebrochure.co.uk/images/brands/fotl_23.png,https://myebrochure.co.uk/images/products.hires/prod_61432_131692.jpg,https://myebrochure.co.uk/images/products.hires/prod_61432_131690.jpg,https://myebrochure.co.uk/images/products.hires/prod_61432_131691.jpg,,,,,,,,"<li>100&#37; combed ringspun cotton</li> <li>Soft hand feel</li> <li>Shaped side seams for a feminine fit</li> <li>Narrow crew neck with 1x1 rib</li> <li>Self-fabric back neck tape</li> <li>New tear away back neck label</li> <li><b>Also available in men&#39;s sizes code 61430, kids sizes code 61023 and girl&#39;s sizes code 61025</b></li>",61091000,MA
172095,0000001720037,61432,TSHIRT,T-SHIRTS,MSSTSH,MENS SHORT SLEEVE T-SHIRT,FOTL,Fruit Of The Loom,ME0029,57,Fuchsia,0008  ,Medium,Ladies' Iconic 150 T,2.09,1,12,72,31/03/2026 23:45:05,C,https://myebrochure.co.uk/images/colours/fotl/fotl-57.jpg,https://myebrochure.co.uk/images/products/prod_11201_61432_166623.jpg,https://myebrochure.co.uk/images/products.small/prod_11201_61432_166623.jpg,https://myebrochure.co.uk/images/products.hires/prod_11201_61432_166623.jpg,https://myebrochure.co.uk/images/brands/fotl_23.png,https://myebrochure.co.uk/images/products.hires/prod_61432_131653.jpg,https://myebrochure.co.uk/images/products.hires/prod_61432_131651.jpg,https://myebrochure.co.uk/images/products.hires/prod_61432_131652.jpg,,,,,,,,"<li>100&#37; combed ringspun cotton</li> <li>Soft hand feel</li> <li>Shaped side seams for a feminine fit</li> <li>Narrow crew neck with 1x1 rib</li> <li>Self-fabric back neck tape</li> <li>New tear away back neck label</li> <li><b>Also available in men&#39;s sizes code 61430, kids sizes code 61023 and girl&#39;s sizes code 61025</b></li>",61091000,MA
172167,0000001720754,61432,TSHIRT,T-SHIRTS,MSSTSH,MENS SHORT SLEEVE T-SHIRT,FOTL,Fruit Of The Loom,ME0029,H1,Heather Burgundy,0008  ,Medium,Ladies' Iconic 150 T,2.09,1,12,72,31/03/2026 23:45:05,C,https://myebrochure.co.uk/images/colours/fotl/fotl-h1.jpg,https://myebrochure.co.uk/images/products/prod_11201_61432_166623.jpg,https://myebrochure.co.uk/images/products.small/prod_11201_61432_166623.jpg,https://myebrochure.co.uk/images/products.hires/prod_11201_61432_166623.jpg,https://myebrochure.co.uk/images/brands/fotl_23.png,https://myebrochure.co.uk/images/products.hires/prod_61432_131677.jpg,https://myebrochure.co.uk/images/products.hires/prod_61432_131675.jpg,https://myebrochure.co.uk/images/products.hires/prod_61432_131676.jpg,,,,,,,,"<li>100&#37; combed ringspun cotton</li> <li>Soft hand feel</li> <li>Shaped side seams for a feminine fit</li> <li>Narrow crew neck with 1x1 rib</li> <li>Self-fabric back neck tape</li> <li>New tear away back neck label</li> <li><b>Also available in men&#39;s sizes code 61430, kids sizes code 61023 and girl&#39;s sizes code 61025</b></li>",61091000,MA
172125,0000001720334,61432,TSHIRT,T-SHIRTS,MSSTSH,MENS SHORT SLEEVE T-SHIRT,FOTL,Fruit Of The Loom,ME0029,94,Heather Grey,0008  ,Medium,Ladies' Iconic 150 T,2.09,1,12,72,31/03/2026 23:45:05,C,https://myebrochure.co.uk/images/colours/fotl/fotl-94.jpg,https://myebrochure.co.uk/images/products/prod_11201_61432_166623.jpg,https://myebrochure.co.uk/images/products.small/prod_11201_61432_166623.jpg,https://myebrochure.co.uk/images/products.hires/prod_11201_61432_166623.jpg,https://myebrochure.co.uk/images/brands/fotl_23.png,https://myebrochure.co.uk/images/products.hires/prod_61432_131662.jpg,https://myebrochure.co.uk/images/products.hires/prod_61432_131660.jpg,https://myebrochure.co.uk/images/products.hires/prod_61432_131661.jpg,,,,,,,,"<li>100&#37; combed ringspun cotton</li> <li>Soft hand feel</li> <li>Shaped side seams for a feminine fit</li> <li>Narrow crew neck with 1x1 rib</li> <li>Self-fabric back neck tape</li> <li>New tear away back neck label</li> <li><b>Also available in men&#39;s sizes code 61430, kids sizes code 61023 and girl&#39;s sizes code 61025</b></li>",61091000,MA
172161,0000001720693,61432,TSHIRT,T-SHIRTS,MSSTSH,MENS SHORT SLEEVE T-SHIRT,FOTL,Fruit Of The Loom,ME0029,HP,Heather Purple,0008  ,Medium,Ladies' Iconic 150 T,2.09,1,12,72,31/03/2026 23:45:05,C,https://myebrochure.co.uk/images/colours/fotl/fotl-hp.jpg,https://myebrochure.co.uk/images/products/prod_11201_61432_166623.jpg,https://myebrochure.co.uk/images/products.small/prod_11201_61432_166623.jpg,https://myebrochure.co.uk/images/products.hires/prod_11201_61432_166623.jpg,https://myebrochure.co.uk/images/brands/fotl_23.png,https://myebrochure.co.uk/images/products.hires/prod_61432_131683.jpg,https://myebrochure.co.uk/images/products.hires/prod_61432_131681.jpg,https://myebrochure.co.uk/images/products.hires/prod_61432_131682.jpg,,,,,,,,"<li>100&#37; combed ringspun cotton</li> <li>Soft hand feel</li> <li>Shaped side seams for a feminine fit</li> <li>Narrow crew neck with 1x1 rib</li> <li>Self-fabric back neck tape</li> <li>New tear away back neck label</li> <li><b>Also available in men&#39;s sizes code 61430, kids sizes code 61023 and girl&#39;s sizes code 61025</b></li>",61091000,MA
172083,0000001719918,61432,TSHIRT,T-SHIRTS,MSSTSH,MENS SHORT SLEEVE T-SHIRT,FOTL,Fruit Of The Loom,ME0029,47,Kelly Green,0008  ,Medium,Ladies' Iconic 150 T,2.09,1,12,72,31/03/2026 23:45:05,C,https://myebrochure.co.uk/images/colours/fotl/fotl-47.jpg,https://myebrochure.co.uk/images/products/prod_11201_61432_166623.jpg,https://myebrochure.co.uk/images/products.small/prod_11201_61432_166623.jpg,https://myebrochure.co.uk/images/products.hires/prod_11201_61432_166623.jpg,https://myebrochure.co.uk/images/brands/fotl_23.png,https://myebrochure.co.uk/images/products.hires/prod_11201_61432_166626.jpg,https://myebrochure.co.uk/images/products.hires/prod_61432_131647.jpg,https://myebrochure.co.uk/images/products.hires/prod_61432_131645.jpg,https://myebrochure.co.uk/images/products.hires/prod_61432_131646.jpg,,,,,,,"<li>100&#37; combed ringspun cotton</li> <li>Soft hand feel</li> <li>Shaped side seams for a feminine fit</li> <li>Narrow crew neck with 1x1 rib</li> <li>Self-fabric back neck tape</li> <li>New tear away back neck label</li> <li><b>Also available in men&#39;s sizes code 61430, kids sizes code 61023 and girl&#39;s sizes code 61025</b></li>",61091000,MA
172137,0000001720457,61432,TSHIRT,T-SHIRTS,MSSTSH,MENS SHORT SLEEVE T-SHIRT,FOTL,Fruit Of The Loom,ME0029,GL,Light Graphite,0008  ,Medium,Ladies' Iconic 150 T,2.09,1,12,72,31/03/2026 23:45:05,C,https://myebrochure.co.uk/images/colours/fotl/fotl-gl.jpg,https://myebrochure.co.uk/images/products/prod_11201_61432_166623.jpg,https://myebrochure.co.uk/images/products.small/prod_11201_61432_166623.jpg,https://myebrochure.co.uk/images/products.hires/prod_11201_61432_166623.jpg,https://myebrochure.co.uk/images/brands/fotl_23.png,https://myebrochure.co.uk/images/products.hires/prod_61432_131674.jpg,https://myebrochure.co.uk/images/products.hires/prod_61432_131672.jpg,https://myebrochure.co.uk/images/products.hires/prod_61432_131673.jpg,,,,,,,,"<li>100&#37; combed ringspun cotton</li> <li>Soft hand feel</li> <li>Shaped side seams for a feminine fit</li> <li>Narrow crew neck with 1x1 rib</li> <li>Self-fabric back neck tape</li> <li>New tear away back neck label</li> <li><b>Also available in men&#39;s sizes code 61430, kids sizes code 61023 and girl&#39;s sizes code 61025</b></li>",61091000,MA
172107,0000001720150,61432,TSHIRT,T-SHIRTS,MSSTSH,MENS SHORT SLEEVE T-SHIRT,FOTL,Fruit Of The Loom,ME0029,60,Natural,0008  ,Medium,Ladies' Iconic 150 T,1.65,1,12,72,31/03/2026 23:45:05,C,https://myebrochure.co.uk/images/colours/fotl/fotl-60.jpg,https://myebrochure.co.uk/images/products/prod_11201_61432_166623.jpg,https://myebrochure.co.uk/images/products.small/prod_11201_61432_166623.jpg,https://myebrochure.co.uk/images/products.hires/prod_11201_61432_166623.jpg,https://myebrochure.co.uk/images/brands/fotl_23.png,https://myebrochure.co.uk/images/products.hires/prod_61432_131659.jpg,https://myebrochure.co.uk/images/products.hires/prod_61432_131657.jpg,https://myebrochure.co.uk/images/products.hires/prod_61432_131658.jpg,,,,,,,,"<li>100&#37; combed ringspun cotton</li> <li>Soft hand feel</li> <li>Shaped side seams for a feminine fit</li> <li>Narrow crew neck with 1x1 rib</li> <li>Self-fabric back neck tape</li> <li>New tear away back neck label</li> <li><b>Also available in men&#39;s sizes code 61430, kids sizes code 61023 and girl&#39;s sizes code 61025</b></li>",61091000,MA
183668,0000001835892,61432,TSHIRT,T-SHIRTS,MSSTSH,MENS SHORT SLEEVE T-SHIRT,FOTL,Fruit Of The Loom,ME0029,32,Navy Blue,0008  ,Medium,Ladies' Iconic 150 T,2.09,1,12,72,31/03/2026 23:45:05,C,https://myebrochure.co.uk/images/colours/fotl/fotl-32.jpg,https://myebrochure.co.uk/images/products/prod_11201_61432_166623.jpg,https://myebrochure.co.uk/images/products.small/prod_11201_61432_166623.jpg,https://myebrochure.co.uk/images/products.hires/prod_11201_61432_166623.jpg,https://myebrochure.co.uk/images/brands/fotl_23.png,https://myebrochure.co.uk/images/products.hires/prod_11201_61432_149212.jpg,https://myebrochure.co.uk/images/products.hires/prod_11201_61432_149210.jpg,https://myebrochure.co.uk/images/products.hires/prod_11201_61432_149213.jpg,,,,,,,,"<li>100&#37; combed ringspun cotton</li> <li>Soft hand feel</li> <li>Shaped side seams for a feminine fit</li> <li>Narrow crew neck with 1x1 rib</li> <li>Self-fabric back neck tape</li> <li>New tear away back neck label</li> <li><b>Also available in men&#39;s sizes code 61430, kids sizes code 61023 and girl&#39;s sizes code 61025</b></li>",61091000,MA
183680,0000001836011,61432,TSHIRT,T-SHIRTS,MSSTSH,MENS SHORT SLEEVE T-SHIRT,FOTL,Fruit Of The Loom,ME0029,NE,Neomint,0008  ,Medium,Ladies' Iconic 150 T,2.09,1,12,72,31/03/2026 23:45:05,C,https://myebrochure.co.uk/images/colours/fotl/fotl-ne.jpg,https://myebrochure.co.uk/images/products/prod_11201_61432_166623.jpg,https://myebrochure.co.uk/images/products.small/prod_11201_61432_166623.jpg,https://myebrochure.co.uk/images/products.hires/prod_11201_61432_166623.jpg,https://myebrochure.co.uk/images/brands/fotl_23.png,https://myebrochure.co.uk/images/products.hires/prod_11201_61432_149217.jpg,https://myebrochure.co.uk/images/products.hires/prod_11201_61432_149215.jpg,https://myebrochure.co.uk/images/products.hires/prod_11201_61432_149219.jpg,,,,,,,,"<li>100&#37; combed ringspun cotton</li> <li>Soft hand feel</li> <li>Shaped side seams for a feminine fit</li> <li>Narrow crew neck with 1x1 rib</li> <li>Self-fabric back neck tape</li> <li>New tear away back neck label</li> <li><b>Also available in men&#39;s sizes code 61430, kids sizes code 61023 and girl&#39;s sizes code 61025</b></li>",61091000,MA
200602,0000002005874,61432,TSHIRT,T-SHIRTS,MSSTSH,MENS SHORT SLEEVE T-SHIRT,FOTL,Fruit Of The Loom,ME0029,PR,Powder Rose,0008  ,Medium,Ladies' Iconic 150 T,2.09,1,12,72,31/03/2026 23:45:05,C,https://myebrochure.co.uk/images/colours/fotl/fotl-pr.jpg,https://myebrochure.co.uk/images/products/prod_11201_61432_166623.jpg,https://myebrochure.co.uk/images/products.small/prod_11201_61432_166623.jpg,https://myebrochure.co.uk/images/products.hires/prod_11201_61432_166623.jpg,https://myebrochure.co.uk/images/brands/fotl_23.png,https://myebrochure.co.uk/images/products.hires/prod_11201_61432_157244.jpg,https://myebrochure.co.uk/images/products.hires/prod_11201_61432_157243.jpg,https://myebrochure.co.uk/images/products.hires/prod_11201_61432_157245.jpg,,,,,,,,"<li>100&#37; combed ringspun cotton</li> <li>Soft hand feel</li> <li>Shaped side seams for a feminine fit</li> <li>Narrow crew neck with 1x1 rib</li> <li>Self-fabric back neck tape</li> <li>New tear away back neck label</li> <li><b>Also available in men&#39;s sizes code 61430, kids sizes code 61023 and girl&#39;s sizes code 61025</b></li>",61091000,MA
172077,0000001719857,61432,TSHIRT,T-SHIRTS,MSSTSH,MENS SHORT SLEEVE T-SHIRT,FOTL,Fruit Of The Loom,ME0029,40,Red,0008  ,Medium,Ladies' Iconic 150 T,2.09,1,12,72,31/03/2026 23:45:05,C,https://myebrochure.co.uk/images/colours/fotl/fotl-40.jpg,https://myebrochure.co.uk/images/products/prod_11201_61432_166623.jpg,https://myebrochure.co.uk/images/products.small/prod_11201_61432_166623.jpg,https://myebrochure.co.uk/images/products.hires/prod_11201_61432_166623.jpg,https://myebrochure.co.uk/images/brands/fotl_23.png,https://myebrochure.co.uk/images/products.hires/prod_61432_131644.jpg,https://myebrochure.co.uk/images/products.hires/prod_61432_131642.jpg,https://myebrochure.co.uk/images/products.hires/prod_61432_131643.jpg,,,,,,,,"<li>100&#37; combed ringspun cotton</li> <li>Soft hand feel</li> <li>Shaped side seams for a feminine fit</li> <li>Narrow crew neck with 1x1 rib</li> <li>Self-fabric back neck tape</li> <li>New tear away back neck label</li> <li><b>Also available in men&#39;s sizes code 61430, kids sizes code 61023 and girl&#39;s sizes code 61025</b></li>",61091000,MA
176019,0000001759273,61432,TSHIRT,T-SHIRTS,MSSTSH,MENS SHORT SLEEVE T-SHIRT,FOTL,Fruit Of The Loom,ME0029,RX,Retro Heather Green,0008  ,Medium,Ladies' Iconic 150 T,2.09,1,12,72,31/03/2026 23:45:05,C,https://myebrochure.co.uk/images/colours/fotl/fotl-rx.jpg,https://myebrochure.co.uk/images/products/prod_11201_61432_166623.jpg,https://myebrochure.co.uk/images/products.small/prod_11201_61432_166623.jpg,https://myebrochure.co.uk/images/products.hires/prod_11201_61432_166623.jpg,https://myebrochure.co.uk/images/brands/fotl_23.png,https://myebrochure.co.uk/images/products.hires/prod_61432_131689.jpg,https://myebrochure.co.uk/images/products.hires/prod_61432_131687.jpg,https://myebrochure.co.uk/images/products.hires/prod_61432_131688.jpg,,,,,,,,"<li>100&#37; combed ringspun cotton</li> <li>Soft hand feel</li> <li>Shaped side seams for a feminine fit</li> <li>Narrow crew neck with 1x1 rib</li> <li>Self-fabric back neck tape</li> <li>New tear away back neck label</li> <li><b>Also available in men&#39;s sizes code 61430, kids sizes code 61023 and girl&#39;s sizes code 61025</b></li>",61091000,MA
176013,0000001759211,61432,TSHIRT,T-SHIRTS,MSSTSH,MENS SHORT SLEEVE T-SHIRT,FOTL,Fruit Of The Loom,ME0029,R6,Retro Heather Royal,0008  ,Medium,Ladies' Iconic 150 T,2.09,1,12,72,31/03/2026 23:45:05,C,https://myebrochure.co.uk/images/colours/fotl/fotl-r6.jpg,https://myebrochure.co.uk/images/products/prod_11201_61432_166623.jpg,https://myebrochure.co.uk/images/products.small/prod_11201_61432_166623.jpg,https://myebrochure.co.uk/images/products.hires/prod_11201_61432_166623.jpg,https://myebrochure.co.uk/images/brands/fotl_23.png,https://myebrochure.co.uk/images/products.hires/prod_61432_131686.jpg,https://myebrochure.co.uk/images/products.hires/prod_61432_131684.jpg,https://myebrochure.co.uk/images/products.hires/prod_61432_131685.jpg,,,,,,,,"<li>100&#37; combed ringspun cotton</li> <li>Soft hand feel</li> <li>Shaped side seams for a feminine fit</li> <li>Narrow crew neck with 1x1 rib</li> <li>Self-fabric back neck tape</li> <li>New tear away back neck label</li> <li><b>Also available in men&#39;s sizes code 61430, kids sizes code 61023 and girl&#39;s sizes code 61025</b></li>",61091000,MA
172089,0000001719970,61432,TSHIRT,T-SHIRTS,MSSTSH,MENS SHORT SLEEVE T-SHIRT,FOTL,Fruit Of The Loom,ME0029,51,Royal,0008  ,Medium,Ladies' Iconic 150 T,2.09,1,12,72,31/03/2026 23:45:05,C,https://myebrochure.co.uk/images/colours/fotl/fotl-51.jpg,https://myebrochure.co.uk/images/products/prod_11201_61432_166623.jpg,https://myebrochure.co.uk/images/products.small/prod_11201_61432_166623.jpg,https://myebrochure.co.uk/images/products.hires/prod_11201_61432_166623.jpg,https://myebrochure.co.uk/images/brands/fotl_23.png,https://myebrochure.co.uk/images/products.hires/prod_61432_131650.jpg,https://myebrochure.co.uk/images/products.hires/prod_61432_131648.jpg,https://myebrochure.co.uk/images/products.hires/prod_61432_131649.jpg,,,,,,,,"<li>100&#37; combed ringspun cotton</li> <li>Soft hand feel</li> <li>Shaped side seams for a feminine fit</li> <li>Narrow crew neck with 1x1 rib</li> <li>Self-fabric back neck tape</li> <li>New tear away back neck label</li> <li><b>Also available in men&#39;s sizes code 61430, kids sizes code 61023 and girl&#39;s sizes code 61025</b></li>",61091000,MA
200862,0000002008479,61432,TSHIRT,T-SHIRTS,MSSTSH,MENS SHORT SLEEVE T-SHIRT,FOTL,Fruit Of The Loom,ME0029,SLR,Soft Lavender,0008  ,Medium,Ladies' Iconic 150 T,2.09,1,12,72,31/03/2026 23:45:05,C,https://myebrochure.co.uk/images/colours/fotl/fotl-slr.jpg,https://myebrochure.co.uk/images/products/prod_11201_61432_166623.jpg,https://myebrochure.co.uk/images/products.small/prod_11201_61432_166623.jpg,https://myebrochure.co.uk/images/products.hires/prod_11201_61432_166623.jpg,https://myebrochure.co.uk/images/brands/fotl_23.png,https://myebrochure.co.uk/images/products.hires/prod_11201_61432_157247.jpg,https://myebrochure.co.uk/images/products.hires/prod_11201_61432_157246.jpg,https://myebrochure.co.uk/images/products.hires/prod_11201_61432_157248.jpg,,,,,,,,"<li>100&#37; combed ringspun cotton</li> <li>Soft hand feel</li> <li>Shaped side seams for a feminine fit</li> <li>Narrow crew neck with 1x1 rib</li> <li>Self-fabric back neck tape</li> <li>New tear away back neck label</li> <li><b>Also available in men&#39;s sizes code 61430, kids sizes code 61023 and girl&#39;s sizes code 61025</b></li>",61091000,MA
172065,0000001719734,61432,TSHIRT,T-SHIRTS,MSSTSH,MENS SHORT SLEEVE T-SHIRT,FOTL,Fruit Of The Loom,ME0029,34,Sunflower,0008  ,Medium,Ladies' Iconic 150 T,2.09,1,12,72,31/03/2026 23:45:05,C,https://myebrochure.co.uk/images/colours/fotl/fotl-34.jpg,https://myebrochure.co.uk/images/products/prod_11201_61432_166623.jpg,https://myebrochure.co.uk/images/products.small/prod_11201_61432_166623.jpg,https://myebrochure.co.uk/images/products.hires/prod_11201_61432_166623.jpg,https://myebrochure.co.uk/images/brands/fotl_23.png,https://myebrochure.co.uk/images/products.hires/prod_61432_131638.jpg,https://myebrochure.co.uk/images/products.hires/prod_61432_131636.jpg,https://myebrochure.co.uk/images/products.hires/prod_61432_131637.jpg,,,,,,,,"<li>100&#37; combed ringspun cotton</li> <li>Soft hand feel</li> <li>Shaped side seams for a feminine fit</li> <li>Narrow crew neck with 1x1 rib</li> <li>Self-fabric back neck tape</li> <li>New tear away back neck label</li> <li><b>Also available in men&#39;s sizes code 61430, kids sizes code 61023 and girl&#39;s sizes code 61025</b></li>",61091000,MA
176025,0000001759334,61432,TSHIRT,T-SHIRTS,MSSTSH,MENS SHORT SLEEVE T-SHIRT,FOTL,Fruit Of The Loom,ME0029,VH,Vintage Heather Red,0008  ,Medium,Ladies' Iconic 150 T,2.09,1,12,72,31/03/2026 23:45:05,C,https://myebrochure.co.uk/images/colours/fotl/fotl-vh.jpg,https://myebrochure.co.uk/images/products/prod_11201_61432_166623.jpg,https://myebrochure.co.uk/images/products.small/prod_11201_61432_166623.jpg,https://myebrochure.co.uk/images/products.hires/prod_11201_61432_166623.jpg,https://myebrochure.co.uk/images/brands/fotl_23.png,https://myebrochure.co.uk/images/products.hires/prod_61432_131698.jpg,https://myebrochure.co.uk/images/products.hires/prod_61432_131696.jpg,https://myebrochure.co.uk/images/products.hires/prod_61432_131697.jpg,,,,,,,,"<li>100&#37; combed ringspun cotton</li> <li>Soft hand feel</li> <li>Shaped side seams for a feminine fit</li> <li>Narrow crew neck with 1x1 rib</li> <li>Self-fabric back neck tape</li> <li>New tear away back neck label</li> <li><b>Also available in men&#39;s sizes code 61430, kids sizes code 61023 and girl&#39;s sizes code 61025</b></li>",61091000,MA
172059,0000001719673,61432,TSHIRT,T-SHIRTS,MSSTSH,MENS SHORT SLEEVE T-SHIRT,FOTL,Fruit Of The Loom,ME0029,30,White,0008  ,Medium,Ladies' Iconic 150 T,1.65,1,12,72,31/03/2026 23:45:05,C,https://myebrochure.co.uk/images/colours/fotl/fotl-30.jpg,https://myebrochure.co.uk/images/products/prod_11201_61432_166623.jpg,https://myebrochure.co.uk/images/products.small/prod_11201_61432_166623.jpg,https://myebrochure.co.uk/images/products.hires/prod_11201_61432_166623.jpg,https://myebrochure.co.uk/images/brands/fotl_23.png,https://myebrochure.co.uk/images/products.hires/prod_11201_61432_166621.jpg,https://myebrochure.co.uk/images/products.hires/prod_61432_131635.jpg,https://myebrochure.co.uk/images/products.hires/prod_61432_131633.jpg,https://myebrochure.co.uk/images/products.hires/prod_61432_131634.jpg,,,,,,,"<li>100&#37; combed ringspun cotton</li> <li>Soft hand feel</li> <li>Shaped side seams for a feminine fit</li> <li>Narrow crew neck with 1x1 rib</li> <li>Self-fabric back neck tape</li> <li>New tear away back neck label</li> <li><b>Also available in men&#39;s sizes code 61430, kids sizes code 61023 and girl&#39;s sizes code 61025</b></li>",61091000,MA
172149,0000001720570,61432,TSHIRT,T-SHIRTS,MSSTSH,MENS SHORT SLEEVE T-SHIRT,FOTL,Fruit Of The Loom,ME0029,XW,Zinc,0008  ,Medium,Ladies' Iconic 150 T,2.09,1,12,72,31/03/2026 23:45:05,C,https://myebrochure.co.uk/images/colours/fotl/fotl-xw.jpg,https://myebrochure.co.uk/images/products/prod_11201_61432_166623.jpg,https://myebrochure.co.uk/images/products.small/prod_11201_61432_166623.jpg,https://myebrochure.co.uk/images/products.hires/prod_11201_61432_166623.jpg,https://myebrochure.co.uk/images/brands/fotl_23.png,https://myebrochure.co.uk/images/products.hires/prod_61432_131701.jpg,https://myebrochure.co.uk/images/products.hires/prod_61432_131699.jpg,https://myebrochure.co.uk/images/products.hires/prod_61432_131700.jpg,,,,,,,,"<li>100&#37; combed ringspun cotton</li> <li>Soft hand feel</li> <li>Shaped side seams for a feminine fit</li> <li>Narrow crew neck with 1x1 rib</li> <li>Self-fabric back neck tape</li> <li>New tear away back neck label</li> <li><b>Also available in men&#39;s sizes code 61430, kids sizes code 61023 and girl&#39;s sizes code 61025</b></li>",61091000,MA
197032,0000001970142,61432,TSHIRT,T-SHIRTS,MSSTSH,MENS SHORT SLEEVE T-SHIRT,FOTL,Fruit Of The Loom,ME0029,9K,Athletic Heather,0008  ,Small,Ladies' Iconic 150 T,2.09,1,12,72,31/03/2026 23:45:05,C,https://myebrochure.co.uk/images/colours/fotl/fotl-9k.jpg,https://myebrochure.co.uk/images/products/prod_11201_61432_166623.jpg,https://myebrochure.co.uk/images/products.small/prod_11201_61432_166623.jpg,https://myebrochure.co.uk/images/products.hires/prod_11201_61432_166623.jpg,https://myebrochure.co.uk/images/brands/fotl_23.png,https://myebrochure.co.uk/images/products.hires/prod_11201_61432_153584.jpg,https://myebrochure.co.uk/images/products.hires/prod_11201_61432_153583.jpg,https://myebrochure.co.uk/images/products.hires/prod_11201_61432_153585.jpg,,,,,,,,"<li>100&#37; combed ringspun cotton</li> <li>Soft hand feel</li> <li>Shaped side seams for a feminine fit</li> <li>Narrow crew neck with 1x1 rib</li> <li>Self-fabric back neck tape</li> <li>New tear away back neck label</li> <li><b>Also available in men&#39;s sizes code 61430, kids sizes code 61023 and girl&#39;s sizes code 61025</b></li>",61091000,MA
200595,0000002005805,61432,TSHIRT,T-SHIRTS,MSSTSH,MENS SHORT SLEEVE T-SHIRT,FOTL,Fruit Of The Loom,ME0029,ZU,Azure Blue,0008  ,Small,Ladies' Iconic 150 T,2.09,1,12,72,31/03/2026 23:45:05,C,https://myebrochure.co.uk/images/colours/fotl/fotl-zu.jpg,https://myebrochure.co.uk/images/products/prod_11201_61432_166623.jpg,https://myebrochure.co.uk/images/products.small/prod_11201_61432_166623.jpg,https://myebrochure.co.uk/images/products.hires/prod_11201_61432_166623.jpg,https://myebrochure.co.uk/images/brands/fotl_23.png,https://myebrochure.co.uk/images/products.hires/prod_11201_61432_157250.jpg,https://myebrochure.co.uk/images/products.hires/prod_11201_61432_157249.jpg,https://myebrochure.co.uk/images/products.hires/prod_11201_61432_157251.jpg,,,,,,,,"<li>100&#37; combed ringspun cotton</li> <li>Soft hand feel</li> <li>Shaped side seams for a feminine fit</li> <li>Narrow crew neck with 1x1 rib</li> <li>Self-fabric back neck tape</li> <li>New tear away back neck label</li> <li><b>Also available in men&#39;s sizes code 61430, kids sizes code 61023 and girl&#39;s sizes code 61025</b></li>",61091000,MA
172070,0000001719789,61432,TSHIRT,T-SHIRTS,MSSTSH,MENS SHORT SLEEVE T-SHIRT,FOTL,Fruit Of The Loom,ME0029,36,Black,0008  ,Small,Ladies' Iconic 150 T,2.09,1,12,72,31/03/2026 23:45:05,C,https://myebrochure.co.uk/images/colours/fotl/fotl-36.jpg,https://myebrochure.co.uk/images/products/prod_11201_61432_166623.jpg,https://myebrochure.co.uk/images/products.small/prod_11201_61432_166623.jpg,https://myebrochure.co.uk/images/products.hires/prod_11201_61432_166623.jpg,https://myebrochure.co.uk/images/brands/fotl_23.png,https://myebrochure.co.uk/images/products.hires/prod_11201_61432_166624.jpg,https://myebrochure.co.uk/images/products.hires/prod_61432_131641.jpg,https://myebrochure.co.uk/images/products.hires/prod_61432_131639.jpg,https://myebrochure.co.uk/images/products.hires/prod_61432_131640.jpg,,,,,,,"<li>100&#37; combed ringspun cotton</li> <li>Soft hand feel</li> <li>Shaped side seams for a feminine fit</li> <li>Narrow crew neck with 1x1 rib</li> <li>Self-fabric back neck tape</li> <li>New tear away back neck label</li> <li><b>Also available in men&#39;s sizes code 61430, kids sizes code 61023 and girl&#39;s sizes code 61025</b></li>",61091000,MA
183673,0000001835946,61432,TSHIRT,T-SHIRTS,MSSTSH,MENS SHORT SLEEVE T-SHIRT,FOTL,Fruit Of The Loom,ME0029,41,Burgundy,0008  ,Small,Ladies' Iconic 150 T,2.09,1,12,72,31/03/2026 23:45:05,C,https://myebrochure.co.uk/images/colours/fotl/fotl-41.jpg,https://myebrochure.co.uk/images/products/prod_11201_61432_166623.jpg,https://myebrochure.co.uk/images/products.small/prod_11201_61432_166623.jpg,https://myebrochure.co.uk/images/products.hires/prod_11201_61432_166623.jpg,https://myebrochure.co.uk/images/brands/fotl_23.png,https://myebrochure.co.uk/images/products.hires/prod_11201_61432_166625.jpg,https://myebrochure.co.uk/images/products.hires/prod_11201_61432_154269.jpg,https://myebrochure.co.uk/images/products.hires/prod_11201_61432_154270.jpg,https://myebrochure.co.uk/images/products.hires/prod_11201_61432_154271.jpg,,,,,,,"<li>100&#37; combed ringspun cotton</li> <li>Soft hand feel</li> <li>Shaped side seams for a feminine fit</li> <li>Narrow crew neck with 1x1 rib</li> <li>Self-fabric back neck tape</li> <li>New tear away back neck label</li> <li><b>Also available in men&#39;s sizes code 61430, kids sizes code 61023 and girl&#39;s sizes code 61025</b></li>",61091000,MA
172100,0000001720082,61432,TSHIRT,T-SHIRTS,MSSTSH,MENS SHORT SLEEVE T-SHIRT,FOTL,Fruit Of The Loom,ME0029,59,Classic Olive,0008  ,Small,Ladies' Iconic 150 T,2.09,1,12,72,31/03/2026 23:45:05,C,https://myebrochure.co.uk/images/colours/fotl/fotl-59.jpg,https://myebrochure.co.uk/images/products/prod_11201_61432_166623.jpg,https://myebrochure.co.uk/images/products.small/prod_11201_61432_166623.jpg,https://myebrochure.co.uk/images/products.hires/prod_11201_61432_166623.jpg,https://myebrochure.co.uk/images/brands/fotl_23.png,https://myebrochure.co.uk/images/products.hires/prod_61432_131656.jpg,https://myebrochure.co.uk/images/products.hires/prod_61432_131654.jpg,https://myebrochure.co.uk/images/products.hires/prod_61432_131655.jpg,,,,,,,,"<li>100&#37; combed ringspun cotton</li> <li>Soft hand feel</li> <li>Shaped side seams for a feminine fit</li> <li>Narrow crew neck with 1x1 rib</li> <li>Self-fabric back neck tape</li> <li>New tear away back neck label</li> <li><b>Also available in men&#39;s sizes code 61430, kids sizes code 61023 and girl&#39;s sizes code 61025</b></li>",61091000,MA
172130,0000001720389,61432,TSHIRT,T-SHIRTS,MSSTSH,MENS SHORT SLEEVE T-SHIRT,FOTL,Fruit Of The Loom,ME0029,AZ,Deep Navy,0008  ,Small,Ladies' Iconic 150 T,2.09,1,12,72,31/03/2026 23:45:05,C,https://myebrochure.co.uk/images/colours/fotl/fotl-az.jpg,https://myebrochure.co.uk/images/products/prod_11201_61432_166623.jpg,https://myebrochure.co.uk/images/products.small/prod_11201_61432_166623.jpg,https://myebrochure.co.uk/images/products.hires/prod_11201_61432_166623.jpg,https://myebrochure.co.uk/images/brands/fotl_23.png,https://myebrochure.co.uk/images/products.hires/prod_61432_131665.jpg,https://myebrochure.co.uk/images/products.hires/prod_61432_131663.jpg,https://myebrochure.co.uk/images/products.hires/prod_61432_131664.jpg,,,,,,,,"<li>100&#37; combed ringspun cotton</li> <li>Soft hand feel</li> <li>Shaped side seams for a feminine fit</li> <li>Narrow crew neck with 1x1 rib</li> <li>Self-fabric back neck tape</li> <li>New tear away back neck label</li> <li><b>Also available in men&#39;s sizes code 61430, kids sizes code 61023 and girl&#39;s sizes code 61025</b></li>",61091000,MA
172142,0000001720501,61432,TSHIRT,T-SHIRTS,MSSTSH,MENS SHORT SLEEVE T-SHIRT,FOTL,Fruit Of The Loom,ME0029,TM,Forest Green,0008  ,Small,Ladies' Iconic 150 T,2.09,1,12,72,31/03/2026 23:45:05,C,https://myebrochure.co.uk/images/colours/fotl/fotl-tm.jpg,https://myebrochure.co.uk/images/products/prod_11201_61432_166623.jpg,https://myebrochure.co.uk/images/products.small/prod_11201_61432_166623.jpg,https://myebrochure.co.uk/images/products.hires/prod_11201_61432_166623.jpg,https://myebrochure.co.uk/images/brands/fotl_23.png,https://myebrochure.co.uk/images/products.hires/prod_61432_131692.jpg,https://myebrochure.co.uk/images/products.hires/prod_61432_131690.jpg,https://myebrochure.co.uk/images/products.hires/prod_61432_131691.jpg,,,,,,,,"<li>100&#37; combed ringspun cotton</li> <li>Soft hand feel</li> <li>Shaped side seams for a feminine fit</li> <li>Narrow crew neck with 1x1 rib</li> <li>Self-fabric back neck tape</li> <li>New tear away back neck label</li> <li><b>Also available in men&#39;s sizes code 61430, kids sizes code 61023 and girl&#39;s sizes code 61025</b></li>",61091000,MA
172094,0000001720020,61432,TSHIRT,T-SHIRTS,MSSTSH,MENS SHORT SLEEVE T-SHIRT,FOTL,Fruit Of The Loom,ME0029,57,Fuchsia,0008  ,Small,Ladies' Iconic 150 T,2.09,1,12,72,31/03/2026 23:45:05,C,https://myebrochure.co.uk/images/colours/fotl/fotl-57.jpg,https://myebrochure.co.uk/images/products/prod_11201_61432_166623.jpg,https://myebrochure.co.uk/images/products.small/prod_11201_61432_166623.jpg,https://myebrochure.co.uk/images/products.hires/prod_11201_61432_166623.jpg,https://myebrochure.co.uk/images/brands/fotl_23.png,https://myebrochure.co.uk/images/products.hires/prod_61432_131653.jpg,https://myebrochure.co.uk/images/products.hires/prod_61432_131651.jpg,https://myebrochure.co.uk/images/products.hires/prod_61432_131652.jpg,,,,,,,,"<li>100&#37; combed ringspun cotton</li> <li>Soft hand feel</li> <li>Shaped side seams for a feminine fit</li> <li>Narrow crew neck with 1x1 rib</li> <li>Self-fabric back neck tape</li> <li>New tear away back neck label</li> <li><b>Also available in men&#39;s sizes code 61430, kids sizes code 61023 and girl&#39;s sizes code 61025</b></li>",61091000,MA
172166,0000001720747,61432,TSHIRT,T-SHIRTS,MSSTSH,MENS SHORT SLEEVE T-SHIRT,FOTL,Fruit Of The Loom,ME0029,H1,Heather Burgundy,0008  ,Small,Ladies' Iconic 150 T,2.09,1,12,72,31/03/2026 23:45:05,C,https://myebrochure.co.uk/images/colours/fotl/fotl-h1.jpg,https://myebrochure.co.uk/images/products/prod_11201_61432_166623.jpg,https://myebrochure.co.uk/images/products.small/prod_11201_61432_166623.jpg,https://myebrochure.co.uk/images/products.hires/prod_11201_61432_166623.jpg,https://myebrochure.co.uk/images/brands/fotl_23.png,https://myebrochure.co.uk/images/products.hires/prod_61432_131677.jpg,https://myebrochure.co.uk/images/products.hires/prod_61432_131675.jpg,https://myebrochure.co.uk/images/products.hires/prod_61432_131676.jpg,,,,,,,,"<li>100&#37; combed ringspun cotton</li> <li>Soft hand feel</li> <li>Shaped side seams for a feminine fit</li> <li>Narrow crew neck with 1x1 rib</li> <li>Self-fabric back neck tape</li> <li>New tear away back neck label</li> <li><b>Also available in men&#39;s sizes code 61430, kids sizes code 61023 and girl&#39;s sizes code 61025</b></li>",61091000,MA
172124,0000001720327,61432,TSHIRT,T-SHIRTS,MSSTSH,MENS SHORT SLEEVE T-SHIRT,FOTL,Fruit Of The Loom,ME0029,94,Heather Grey,0008  ,Small,Ladies' Iconic 150 T,2.09,1,12,72,31/03/2026 23:45:05,C,https://myebrochure.co.uk/images/colours/fotl/fotl-94.jpg,https://myebrochure.co.uk/images/products/prod_11201_61432_166623.jpg,https://myebrochure.co.uk/images/products.small/prod_11201_61432_166623.jpg,https://myebrochure.co.uk/images/products.hires/prod_11201_61432_166623.jpg,https://myebrochure.co.uk/images/brands/fotl_23.png,https://myebrochure.co.uk/images/products.hires/prod_61432_131662.jpg,https://myebrochure.co.uk/images/products.hires/prod_61432_131660.jpg,https://myebrochure.co.uk/images/products.hires/prod_61432_131661.jpg,,,,,,,,"<li>100&#37; combed ringspun cotton</li> <li>Soft hand feel</li> <li>Shaped side seams for a feminine fit</li> <li>Narrow crew neck with 1x1 rib</li> <li>Self-fabric back neck tape</li> <li>New tear away back neck label</li> <li><b>Also available in men&#39;s sizes code 61430, kids sizes code 61023 and girl&#39;s sizes code 61025</b></li>",61091000,MA
172160,0000001720686,61432,TSHIRT,T-SHIRTS,MSSTSH,MENS SHORT SLEEVE T-SHIRT,FOTL,Fruit Of The Loom,ME0029,HP,Heather Purple,0008  ,Small,Ladies' Iconic 150 T,2.09,1,12,72,31/03/2026 23:45:05,C,https://myebrochure.co.uk/images/colours/fotl/fotl-hp.jpg,https://myebrochure.co.uk/images/products/prod_11201_61432_166623.jpg,https://myebrochure.co.uk/images/products.small/prod_11201_61432_166623.jpg,https://myebrochure.co.uk/images/products.hires/prod_11201_61432_166623.jpg,https://myebrochure.co.uk/images/brands/fotl_23.png,https://myebrochure.co.uk/images/products.hires/prod_61432_131683.jpg,https://myebrochure.co.uk/images/products.hires/prod_61432_131681.jpg,https://myebrochure.co.uk/images/products.hires/prod_61432_131682.jpg,,,,,,,,"<li>100&#37; combed ringspun cotton</li> <li>Soft hand feel</li> <li>Shaped side seams for a feminine fit</li> <li>Narrow crew neck with 1x1 rib</li> <li>Self-fabric back neck tape</li> <li>New tear away back neck label</li> <li><b>Also available in men&#39;s sizes code 61430, kids sizes code 61023 and girl&#39;s sizes code 61025</b></li>",61091000,MA
172082,0000001719901,61432,TSHIRT,T-SHIRTS,MSSTSH,MENS SHORT SLEEVE T-SHIRT,FOTL,Fruit Of The Loom,ME0029,47,Kelly Green,0008  ,Small,Ladies' Iconic 150 T,2.09,1,12,72,31/03/2026 23:45:05,C,https://myebrochure.co.uk/images/colours/fotl/fotl-47.jpg,https://myebrochure.co.uk/images/products/prod_11201_61432_166623.jpg,https://myebrochure.co.uk/images/products.small/prod_11201_61432_166623.jpg,https://myebrochure.co.uk/images/products.hires/prod_11201_61432_166623.jpg,https://myebrochure.co.uk/images/brands/fotl_23.png,https://myebrochure.co.uk/images/products.hires/prod_11201_61432_166626.jpg,https://myebrochure.co.uk/images/products.hires/prod_61432_131647.jpg,https://myebrochure.co.uk/images/products.hires/prod_61432_131645.jpg,https://myebrochure.co.uk/images/products.hires/prod_61432_131646.jpg,,,,,,,"<li>100&#37; combed ringspun cotton</li> <li>Soft hand feel</li> <li>Shaped side seams for a feminine fit</li> <li>Narrow crew neck with 1x1 rib</li> <li>Self-fabric back neck tape</li> <li>New tear away back neck label</li> <li><b>Also available in men&#39;s sizes code 61430, kids sizes code 61023 and girl&#39;s sizes code 61025</b></li>",61091000,MA
172136,0000001720440,61432,TSHIRT,T-SHIRTS,MSSTSH,MENS SHORT SLEEVE T-SHIRT,FOTL,Fruit Of The Loom,ME0029,GL,Light Graphite,0008  ,Small,Ladies' Iconic 150 T,2.09,1,12,72,31/03/2026 23:45:05,C,https://myebrochure.co.uk/images/colours/fotl/fotl-gl.jpg,https://myebrochure.co.uk/images/products/prod_11201_61432_166623.jpg,https://myebrochure.co.uk/images/products.small/prod_11201_61432_166623.jpg,https://myebrochure.co.uk/images/products.hires/prod_11201_61432_166623.jpg,https://myebrochure.co.uk/images/brands/fotl_23.png,https://myebrochure.co.uk/images/products.hires/prod_61432_131674.jpg,https://myebrochure.co.uk/images/products.hires/prod_61432_131672.jpg,https://myebrochure.co.uk/images/products.hires/prod_61432_131673.jpg,,,,,,,,"<li>100&#37; combed ringspun cotton</li> <li>Soft hand feel</li> <li>Shaped side seams for a feminine fit</li> <li>Narrow crew neck with 1x1 rib</li> <li>Self-fabric back neck tape</li> <li>New tear away back neck label</li> <li><b>Also available in men&#39;s sizes code 61430, kids sizes code 61023 and girl&#39;s sizes code 61025</b></li>",61091000,MA
172106,0000001720143,61432,TSHIRT,T-SHIRTS,MSSTSH,MENS SHORT SLEEVE T-SHIRT,FOTL,Fruit Of The Loom,ME0029,60,Natural,0008  ,Small,Ladies' Iconic 150 T,1.65,1,12,72,31/03/2026 23:45:05,C,https://myebrochure.co.uk/images/colours/fotl/fotl-60.jpg,https://myebrochure.co.uk/images/products/prod_11201_61432_166623.jpg,https://myebrochure.co.uk/images/products.small/prod_11201_61432_166623.jpg,https://myebrochure.co.uk/images/products.hires/prod_11201_61432_166623.jpg,https://myebrochure.co.uk/images/brands/fotl_23.png,https://myebrochure.co.uk/images/products.hires/prod_61432_131659.jpg,https://myebrochure.co.uk/images/products.hires/prod_61432_131657.jpg,https://myebrochure.co.uk/images/products.hires/prod_61432_131658.jpg,,,,,,,,"<li>100&#37; combed ringspun cotton</li> <li>Soft hand feel</li> <li>Shaped side seams for a feminine fit</li> <li>Narrow crew neck with 1x1 rib</li> <li>Self-fabric back neck tape</li> <li>New tear away back neck label</li> <li><b>Also available in men&#39;s sizes code 61430, kids sizes code 61023 and girl&#39;s sizes code 61025</b></li>",61091000,MA
183667,0000001835885,61432,TSHIRT,T-SHIRTS,MSSTSH,MENS SHORT SLEEVE T-SHIRT,FOTL,Fruit Of The Loom,ME0029,32,Navy Blue,0008  ,Small,Ladies' Iconic 150 T,2.09,1,12,72,31/03/2026 23:45:05,C,https://myebrochure.co.uk/images/colours/fotl/fotl-32.jpg,https://myebrochure.co.uk/images/products/prod_11201_61432_166623.jpg,https://myebrochure.co.uk/images/products.small/prod_11201_61432_166623.jpg,https://myebrochure.co.uk/images/products.hires/prod_11201_61432_166623.jpg,https://myebrochure.co.uk/images/brands/fotl_23.png,https://myebrochure.co.uk/images/products.hires/prod_11201_61432_149212.jpg,https://myebrochure.co.uk/images/products.hires/prod_11201_61432_149210.jpg,https://myebrochure.co.uk/images/products.hires/prod_11201_61432_149213.jpg,,,,,,,,"<li>100&#37; combed ringspun cotton</li> <li>Soft hand feel</li> <li>Shaped side seams for a feminine fit</li> <li>Narrow crew neck with 1x1 rib</li> <li>Self-fabric back neck tape</li> <li>New tear away back neck label</li> <li><b>Also available in men&#39;s sizes code 61430, kids sizes code 61023 and girl&#39;s sizes code 61025</b></li>",61091000,MA
183679,0000001836004,61432,TSHIRT,T-SHIRTS,MSSTSH,MENS SHORT SLEEVE T-SHIRT,FOTL,Fruit Of The Loom,ME0029,NE,Neomint,0008  ,Small,Ladies' Iconic 150 T,2.09,1,12,72,31/03/2026 23:45:05,C,https://myebrochure.co.uk/images/colours/fotl/fotl-ne.jpg,https://myebrochure.co.uk/images/products/prod_11201_61432_166623.jpg,https://myebrochure.co.uk/images/products.small/prod_11201_61432_166623.jpg,https://myebrochure.co.uk/images/products.hires/prod_11201_61432_166623.jpg,https://myebrochure.co.uk/images/brands/fotl_23.png,https://myebrochure.co.uk/images/products.hires/prod_11201_61432_149217.jpg,https://myebrochure.co.uk/images/products.hires/prod_11201_61432_149215.jpg,https://myebrochure.co.uk/images/products.hires/prod_11201_61432_149219.jpg,,,,,,,,"<li>100&#37; combed ringspun cotton</li> <li>Soft hand feel</li> <li>Shaped side seams for a feminine fit</li> <li>Narrow crew neck with 1x1 rib</li> <li>Self-fabric back neck tape</li> <li>New tear away back neck label</li> <li><b>Also available in men&#39;s sizes code 61430, kids sizes code 61023 and girl&#39;s sizes code 61025</b></li>",61091000,MA
200601,0000002005867,61432,TSHIRT,T-SHIRTS,MSSTSH,MENS SHORT SLEEVE T-SHIRT,FOTL,Fruit Of The Loom,ME0029,PR,Powder Rose,0008  ,Small,Ladies' Iconic 150 T,2.09,1,12,72,31/03/2026 23:45:05,C,https://myebrochure.co.uk/images/colours/fotl/fotl-pr.jpg,https://myebrochure.co.uk/images/products/prod_11201_61432_166623.jpg,https://myebrochure.co.uk/images/products.small/prod_11201_61432_166623.jpg,https://myebrochure.co.uk/images/products.hires/prod_11201_61432_166623.jpg,https://myebrochure.co.uk/images/brands/fotl_23.png,https://myebrochure.co.uk/images/products.hires/prod_11201_61432_157244.jpg,https://myebrochure.co.uk/images/products.hires/prod_11201_61432_157243.jpg,https://myebrochure.co.uk/images/products.hires/prod_11201_61432_157245.jpg,,,,,,,,"<li>100&#37; combed ringspun cotton</li> <li>Soft hand feel</li> <li>Shaped side seams for a feminine fit</li> <li>Narrow crew neck with 1x1 rib</li> <li>Self-fabric back neck tape</li> <li>New tear away back neck label</li> <li><b>Also available in men&#39;s sizes code 61430, kids sizes code 61023 and girl&#39;s sizes code 61025</b></li>",61091000,MA
172076,0000001719840,61432,TSHIRT,T-SHIRTS,MSSTSH,MENS SHORT SLEEVE T-SHIRT,FOTL,Fruit Of The Loom,ME0029,40,Red,0008  ,Small,Ladies' Iconic 150 T,2.09,1,12,72,31/03/2026 23:45:05,C,https://myebrochure.co.uk/images/colours/fotl/fotl-40.jpg,https://myebrochure.co.uk/images/products/prod_11201_61432_166623.jpg,https://myebrochure.co.uk/images/products.small/prod_11201_61432_166623.jpg,https://myebrochure.co.uk/images/products.hires/prod_11201_61432_166623.jpg,https://myebrochure.co.uk/images/brands/fotl_23.png,https://myebrochure.co.uk/images/products.hires/prod_61432_131644.jpg,https://myebrochure.co.uk/images/products.hires/prod_61432_131642.jpg,https://myebrochure.co.uk/images/products.hires/prod_61432_131643.jpg,,,,,,,,"<li>100&#37; combed ringspun cotton</li> <li>Soft hand feel</li> <li>Shaped side seams for a feminine fit</li> <li>Narrow crew neck with 1x1 rib</li> <li>Self-fabric back neck tape</li> <li>New tear away back neck label</li> <li><b>Also available in men&#39;s sizes code 61430, kids sizes code 61023 and girl&#39;s sizes code 61025</b></li>",61091000,MA
176018,0000001759266,61432,TSHIRT,T-SHIRTS,MSSTSH,MENS SHORT SLEEVE T-SHIRT,FOTL,Fruit Of The Loom,ME0029,RX,Retro Heather Green,0008  ,Small,Ladies' Iconic 150 T,2.09,1,12,72,31/03/2026 23:45:05,C,https://myebrochure.co.uk/images/colours/fotl/fotl-rx.jpg,https://myebrochure.co.uk/images/products/prod_11201_61432_166623.jpg,https://myebrochure.co.uk/images/products.small/prod_11201_61432_166623.jpg,https://myebrochure.co.uk/images/products.hires/prod_11201_61432_166623.jpg,https://myebrochure.co.uk/images/brands/fotl_23.png,https://myebrochure.co.uk/images/products.hires/prod_61432_131689.jpg,https://myebrochure.co.uk/images/products.hires/prod_61432_131687.jpg,https://myebrochure.co.uk/images/products.hires/prod_61432_131688.jpg,,,,,,,,"<li>100&#37; combed ringspun cotton</li> <li>Soft hand feel</li> <li>Shaped side seams for a feminine fit</li> <li>Narrow crew neck with 1x1 rib</li> <li>Self-fabric back neck tape</li> <li>New tear away back neck label</li> <li><b>Also available in men&#39;s sizes code 61430, kids sizes code 61023 and girl&#39;s sizes code 61025</b></li>",61091000,MA
176012,0000001759204,61432,TSHIRT,T-SHIRTS,MSSTSH,MENS SHORT SLEEVE T-SHIRT,FOTL,Fruit Of The Loom,ME0029,R6,Retro Heather Royal,0008  ,Small,Ladies' Iconic 150 T,2.09,1,12,72,31/03/2026 23:45:05,C,https://myebrochure.co.uk/images/colours/fotl/fotl-r6.jpg,https://myebrochure.co.uk/images/products/prod_11201_61432_166623.jpg,https://myebrochure.co.uk/images/products.small/prod_11201_61432_166623.jpg,https://myebrochure.co.uk/images/products.hires/prod_11201_61432_166623.jpg,https://myebrochure.co.uk/images/brands/fotl_23.png,https://myebrochure.co.uk/images/products.hires/prod_61432_131686.jpg,https://myebrochure.co.uk/images/products.hires/prod_61432_131684.jpg,https://myebrochure.co.uk/images/products.hires/prod_61432_131685.jpg,,,,,,,,"<li>100&#37; combed ringspun cotton</li> <li>Soft hand feel</li> <li>Shaped side seams for a feminine fit</li> <li>Narrow crew neck with 1x1 rib</li> <li>Self-fabric back neck tape</li> <li>New tear away back neck label</li> <li><b>Also available in men&#39;s sizes code 61430, kids sizes code 61023 and girl&#39;s sizes code 61025</b></li>",61091000,MA
172088,0000001719963,61432,TSHIRT,T-SHIRTS,MSSTSH,MENS SHORT SLEEVE T-SHIRT,FOTL,Fruit Of The Loom,ME0029,51,Royal,0008  ,Small,Ladies' Iconic 150 T,2.09,1,12,72,31/03/2026 23:45:05,C,https://myebrochure.co.uk/images/colours/fotl/fotl-51.jpg,https://myebrochure.co.uk/images/products/prod_11201_61432_166623.jpg,https://myebrochure.co.uk/images/products.small/prod_11201_61432_166623.jpg,https://myebrochure.co.uk/images/products.hires/prod_11201_61432_166623.jpg,https://myebrochure.co.uk/images/brands/fotl_23.png,https://myebrochure.co.uk/images/products.hires/prod_61432_131650.jpg,https://myebrochure.co.uk/images/products.hires/prod_61432_131648.jpg,https://myebrochure.co.uk/images/products.hires/prod_61432_131649.jpg,,,,,,,,"<li>100&#37; combed ringspun cotton</li> <li>Soft hand feel</li> <li>Shaped side seams for a feminine fit</li> <li>Narrow crew neck with 1x1 rib</li> <li>Self-fabric back neck tape</li> <li>New tear away back neck label</li> <li><b>Also available in men&#39;s sizes code 61430, kids sizes code 61023 and girl&#39;s sizes code 61025</b></li>",61091000,MA
200861,0000002008462,61432,TSHIRT,T-SHIRTS,MSSTSH,MENS SHORT SLEEVE T-SHIRT,FOTL,Fruit Of The Loom,ME0029,SLR,Soft Lavender,0008  ,Small,Ladies' Iconic 150 T,2.09,1,12,72,31/03/2026 23:45:05,C,https://myebrochure.co.uk/images/colours/fotl/fotl-slr.jpg,https://myebrochure.co.uk/images/products/prod_11201_61432_166623.jpg,https://myebrochure.co.uk/images/products.small/prod_11201_61432_166623.jpg,https://myebrochure.co.uk/images/products.hires/prod_11201_61432_166623.jpg,https://myebrochure.co.uk/images/brands/fotl_23.png,https://myebrochure.co.uk/images/products.hires/prod_11201_61432_157247.jpg,https://myebrochure.co.uk/images/products.hires/prod_11201_61432_157246.jpg,https://myebrochure.co.uk/images/products.hires/prod_11201_61432_157248.jpg,,,,,,,,"<li>100&#37; combed ringspun cotton</li> <li>Soft hand feel</li> <li>Shaped side seams for a feminine fit</li> <li>Narrow crew neck with 1x1 rib</li> <li>Self-fabric back neck tape</li> <li>New tear away back neck label</li> <li><b>Also available in men&#39;s sizes code 61430, kids sizes code 61023 and girl&#39;s sizes code 61025</b></li>",61091000,MA
172064,0000001719727,61432,TSHIRT,T-SHIRTS,MSSTSH,MENS SHORT SLEEVE T-SHIRT,FOTL,Fruit Of The Loom,ME0029,34,Sunflower,0008  ,Small,Ladies' Iconic 150 T,2.09,1,12,72,31/03/2026 23:45:05,C,https://myebrochure.co.uk/images/colours/fotl/fotl-34.jpg,https://myebrochure.co.uk/images/products/prod_11201_61432_166623.jpg,https://myebrochure.co.uk/images/products.small/prod_11201_61432_166623.jpg,https://myebrochure.co.uk/images/products.hires/prod_11201_61432_166623.jpg,https://myebrochure.co.uk/images/brands/fotl_23.png,https://myebrochure.co.uk/images/products.hires/prod_61432_131638.jpg,https://myebrochure.co.uk/images/products.hires/prod_61432_131636.jpg,https://myebrochure.co.uk/images/products.hires/prod_61432_131637.jpg,,,,,,,,"<li>100&#37; combed ringspun cotton</li> <li>Soft hand feel</li> <li>Shaped side seams for a feminine fit</li> <li>Narrow crew neck with 1x1 rib</li> <li>Self-fabric back neck tape</li> <li>New tear away back neck label</li> <li><b>Also available in men&#39;s sizes code 61430, kids sizes code 61023 and girl&#39;s sizes code 61025</b></li>",61091000,MA
176024,0000001759327,61432,TSHIRT,T-SHIRTS,MSSTSH,MENS SHORT SLEEVE T-SHIRT,FOTL,Fruit Of The Loom,ME0029,VH,Vintage Heather Red,0008  ,Small,Ladies' Iconic 150 T,2.09,1,12,72,31/03/2026 23:45:05,C,https://myebrochure.co.uk/images/colours/fotl/fotl-vh.jpg,https://myebrochure.co.uk/images/products/prod_11201_61432_166623.jpg,https://myebrochure.co.uk/images/products.small/prod_11201_61432_166623.jpg,https://myebrochure.co.uk/images/products.hires/prod_11201_61432_166623.jpg,https://myebrochure.co.uk/images/brands/fotl_23.png,https://myebrochure.co.uk/images/products.hires/prod_61432_131698.jpg,https://myebrochure.co.uk/images/products.hires/prod_61432_131696.jpg,https://myebrochure.co.uk/images/products.hires/prod_61432_131697.jpg,,,,,,,,"<li>100&#37; combed ringspun cotton</li> <li>Soft hand feel</li> <li>Shaped side seams for a feminine fit</li> <li>Narrow crew neck with 1x1 rib</li> <li>Self-fabric back neck tape</li> <li>New tear away back neck label</li> <li><b>Also available in men&#39;s sizes code 61430, kids sizes code 61023 and girl&#39;s sizes code 61025</b></li>",61091000,MA
172058,0000001719666,61432,TSHIRT,T-SHIRTS,MSSTSH,MENS SHORT SLEEVE T-SHIRT,FOTL,Fruit Of The Loom,ME0029,30,White,0008  ,Small,Ladies' Iconic 150 T,1.65,1,12,72,31/03/2026 23:45:05,C,https://myebrochure.co.uk/images/colours/fotl/fotl-30.jpg,https://myebrochure.co.uk/images/products/prod_11201_61432_166623.jpg,https://myebrochure.co.uk/images/products.small/prod_11201_61432_166623.jpg,https://myebrochure.co.uk/images/products.hires/prod_11201_61432_166623.jpg,https://myebrochure.co.uk/images/brands/fotl_23.png,https://myebrochure.co.uk/images/products.hires/prod_11201_61432_166621.jpg,https://myebrochure.co.uk/images/products.hires/prod_61432_131635.jpg,https://myebrochure.co.uk/images/products.hires/prod_61432_131633.jpg,https://myebrochure.co.uk/images/products.hires/prod_61432_131634.jpg,,,,,,,"<li>100&#37; combed ringspun cotton</li> <li>Soft hand feel</li> <li>Shaped side seams for a feminine fit</li> <li>Narrow crew neck with 1x1 rib</li> <li>Self-fabric back neck tape</li> <li>New tear away back neck label</li> <li><b>Also available in men&#39;s sizes code 61430, kids sizes code 61023 and girl&#39;s sizes code 61025</b></li>",61091000,MA
172148,0000001720563,61432,TSHIRT,T-SHIRTS,MSSTSH,MENS SHORT SLEEVE T-SHIRT,FOTL,Fruit Of The Loom,ME0029,XW,Zinc,0008  ,Small,Ladies' Iconic 150 T,2.09,1,12,72,31/03/2026 23:45:05,C,https://myebrochure.co.uk/images/colours/fotl/fotl-xw.jpg,https://myebrochure.co.uk/images/products/prod_11201_61432_166623.jpg,https://myebrochure.co.uk/images/products.small/prod_11201_61432_166623.jpg,https://myebrochure.co.uk/images/products.hires/prod_11201_61432_166623.jpg,https://myebrochure.co.uk/images/brands/fotl_23.png,https://myebrochure.co.uk/images/products.hires/prod_61432_131701.jpg,https://myebrochure.co.uk/images/products.hires/prod_61432_131699.jpg,https://myebrochure.co.uk/images/products.hires/prod_61432_131700.jpg,,,,,,,,"<li>100&#37; combed ringspun cotton</li> <li>Soft hand feel</li> <li>Shaped side seams for a feminine fit</li> <li>Narrow crew neck with 1x1 rib</li> <li>Self-fabric back neck tape</li> <li>New tear away back neck label</li> <li><b>Also available in men&#39;s sizes code 61430, kids sizes code 61023 and girl&#39;s sizes code 61025</b></li>",61091000,MA
197035,0000001970173,61432,TSHIRT,T-SHIRTS,MSSTSH,MENS SHORT SLEEVE T-SHIRT,FOTL,Fruit Of The Loom,ME0029,9K,Athletic Heather,0008  ,XL,Ladies' Iconic 150 T,2.09,1,12,72,31/03/2026 23:45:05,C,https://myebrochure.co.uk/images/colours/fotl/fotl-9k.jpg,https://myebrochure.co.uk/images/products/prod_11201_61432_166623.jpg,https://myebrochure.co.uk/images/products.small/prod_11201_61432_166623.jpg,https://myebrochure.co.uk/images/products.hires/prod_11201_61432_166623.jpg,https://myebrochure.co.uk/images/brands/fotl_23.png,https://myebrochure.co.uk/images/products.hires/prod_11201_61432_153584.jpg,https://myebrochure.co.uk/images/products.hires/prod_11201_61432_153583.jpg,https://myebrochure.co.uk/images/products.hires/prod_11201_61432_153585.jpg,,,,,,,,"<li>100&#37; combed ringspun cotton</li> <li>Soft hand feel</li> <li>Shaped side seams for a feminine fit</li> <li>Narrow crew neck with 1x1 rib</li> <li>Self-fabric back neck tape</li> <li>New tear away back neck label</li> <li><b>Also available in men&#39;s sizes code 61430, kids sizes code 61023 and girl&#39;s sizes code 61025</b></li>",61091000,MA
200598,0000002005836,61432,TSHIRT,T-SHIRTS,MSSTSH,MENS SHORT SLEEVE T-SHIRT,FOTL,Fruit Of The Loom,ME0029,ZU,Azure Blue,0008  ,XL,Ladies' Iconic 150 T,2.09,1,12,72,31/03/2026 23:45:05,C,https://myebrochure.co.uk/images/colours/fotl/fotl-zu.jpg,https://myebrochure.co.uk/images/products/prod_11201_61432_166623.jpg,https://myebrochure.co.uk/images/products.small/prod_11201_61432_166623.jpg,https://myebrochure.co.uk/images/products.hires/prod_11201_61432_166623.jpg,https://myebrochure.co.uk/images/brands/fotl_23.png,https://myebrochure.co.uk/images/products.hires/prod_11201_61432_157250.jpg,https://myebrochure.co.uk/images/products.hires/prod_11201_61432_157249.jpg,https://myebrochure.co.uk/images/products.hires/prod_11201_61432_157251.jpg,,,,,,,,"<li>100&#37; combed ringspun cotton</li> <li>Soft hand feel</li> <li>Shaped side seams for a feminine fit</li> <li>Narrow crew neck with 1x1 rib</li> <li>Self-fabric back neck tape</li> <li>New tear away back neck label</li> <li><b>Also available in men&#39;s sizes code 61430, kids sizes code 61023 and girl&#39;s sizes code 61025</b></li>",61091000,MA
172073,0000001719819,61432,TSHIRT,T-SHIRTS,MSSTSH,MENS SHORT SLEEVE T-SHIRT,FOTL,Fruit Of The Loom,ME0029,36,Black,0008  ,XL,Ladies' Iconic 150 T,2.09,1,12,72,31/03/2026 23:45:05,C,https://myebrochure.co.uk/images/colours/fotl/fotl-36.jpg,https://myebrochure.co.uk/images/products/prod_11201_61432_166623.jpg,https://myebrochure.co.uk/images/products.small/prod_11201_61432_166623.jpg,https://myebrochure.co.uk/images/products.hires/prod_11201_61432_166623.jpg,https://myebrochure.co.uk/images/brands/fotl_23.png,https://myebrochure.co.uk/images/products.hires/prod_11201_61432_166624.jpg,https://myebrochure.co.uk/images/products.hires/prod_61432_131641.jpg,https://myebrochure.co.uk/images/products.hires/prod_61432_131639.jpg,https://myebrochure.co.uk/images/products.hires/prod_61432_131640.jpg,,,,,,,"<li>100&#37; combed ringspun cotton</li> <li>Soft hand feel</li> <li>Shaped side seams for a feminine fit</li> <li>Narrow crew neck with 1x1 rib</li> <li>Self-fabric back neck tape</li> <li>New tear away back neck label</li> <li><b>Also available in men&#39;s sizes code 61430, kids sizes code 61023 and girl&#39;s sizes code 61025</b></li>",61091000,MA
183676,0000001835977,61432,TSHIRT,T-SHIRTS,MSSTSH,MENS SHORT SLEEVE T-SHIRT,FOTL,Fruit Of The Loom,ME0029,41,Burgundy,0008  ,XL,Ladies' Iconic 150 T,2.09,1,12,72,31/03/2026 23:45:05,C,https://myebrochure.co.uk/images/colours/fotl/fotl-41.jpg,https://myebrochure.co.uk/images/products/prod_11201_61432_166623.jpg,https://myebrochure.co.uk/images/products.small/prod_11201_61432_166623.jpg,https://myebrochure.co.uk/images/products.hires/prod_11201_61432_166623.jpg,https://myebrochure.co.uk/images/brands/fotl_23.png,https://myebrochure.co.uk/images/products.hires/prod_11201_61432_166625.jpg,https://myebrochure.co.uk/images/products.hires/prod_11201_61432_154269.jpg,https://myebrochure.co.uk/images/products.hires/prod_11201_61432_154270.jpg,https://myebrochure.co.uk/images/products.hires/prod_11201_61432_154271.jpg,,,,,,,"<li>100&#37; combed ringspun cotton</li> <li>Soft hand feel</li> <li>Shaped side seams for a feminine fit</li> <li>Narrow crew neck with 1x1 rib</li> <li>Self-fabric back neck tape</li> <li>New tear away back neck label</li> <li><b>Also available in men&#39;s sizes code 61430, kids sizes code 61023 and girl&#39;s sizes code 61025</b></li>",61091000,MA
172103,0000001720112,61432,TSHIRT,T-SHIRTS,MSSTSH,MENS SHORT SLEEVE T-SHIRT,FOTL,Fruit Of The Loom,ME0029,59,Classic Olive,0008  ,XL,Ladies' Iconic 150 T,2.09,1,12,72,31/03/2026 23:45:05,C,https://myebrochure.co.uk/images/colours/fotl/fotl-59.jpg,https://myebrochure.co.uk/images/products/prod_11201_61432_166623.jpg,https://myebrochure.co.uk/images/products.small/prod_11201_61432_166623.jpg,https://myebrochure.co.uk/images/products.hires/prod_11201_61432_166623.jpg,https://myebrochure.co.uk/images/brands/fotl_23.png,https://myebrochure.co.uk/images/products.hires/prod_61432_131656.jpg,https://myebrochure.co.uk/images/products.hires/prod_61432_131654.jpg,https://myebrochure.co.uk/images/products.hires/prod_61432_131655.jpg,,,,,,,,"<li>100&#37; combed ringspun cotton</li> <li>Soft hand feel</li> <li>Shaped side seams for a feminine fit</li> <li>Narrow crew neck with 1x1 rib</li> <li>Self-fabric back neck tape</li> <li>New tear away back neck label</li> <li><b>Also available in men&#39;s sizes code 61430, kids sizes code 61023 and girl&#39;s sizes code 61025</b></li>",61091000,MA
172133,0000001720419,61432,TSHIRT,T-SHIRTS,MSSTSH,MENS SHORT SLEEVE T-SHIRT,FOTL,Fruit Of The Loom,ME0029,AZ,Deep Navy,0008  ,XL,Ladies' Iconic 150 T,2.09,1,12,72,31/03/2026 23:45:05,C,https://myebrochure.co.uk/images/colours/fotl/fotl-az.jpg,https://myebrochure.co.uk/images/products/prod_11201_61432_166623.jpg,https://myebrochure.co.uk/images/products.small/prod_11201_61432_166623.jpg,https://myebrochure.co.uk/images/products.hires/prod_11201_61432_166623.jpg,https://myebrochure.co.uk/images/brands/fotl_23.png,https://myebrochure.co.uk/images/products.hires/prod_61432_131665.jpg,https://myebrochure.co.uk/images/products.hires/prod_61432_131663.jpg,https://myebrochure.co.uk/images/products.hires/prod_61432_131664.jpg,,,,,,,,"<li>100&#37; combed ringspun cotton</li> <li>Soft hand feel</li> <li>Shaped side seams for a feminine fit</li> <li>Narrow crew neck with 1x1 rib</li> <li>Self-fabric back neck tape</li> <li>New tear away back neck label</li> <li><b>Also available in men&#39;s sizes code 61430, kids sizes code 61023 and girl&#39;s sizes code 61025</b></li>",61091000,MA
172145,0000001720532,61432,TSHIRT,T-SHIRTS,MSSTSH,MENS SHORT SLEEVE T-SHIRT,FOTL,Fruit Of The Loom,ME0029,TM,Forest Green,0008  ,XL,Ladies' Iconic 150 T,2.09,1,12,72,31/03/2026 23:45:05,C,https://myebrochure.co.uk/images/colours/fotl/fotl-tm.jpg,https://myebrochure.co.uk/images/products/prod_11201_61432_166623.jpg,https://myebrochure.co.uk/images/products.small/prod_11201_61432_166623.jpg,https://myebrochure.co.uk/images/products.hires/prod_11201_61432_166623.jpg,https://myebrochure.co.uk/images/brands/fotl_23.png,https://myebrochure.co.uk/images/products.hires/prod_61432_131692.jpg,https://myebrochure.co.uk/images/products.hires/prod_61432_131690.jpg,https://myebrochure.co.uk/images/products.hires/prod_61432_131691.jpg,,,,,,,,"<li>100&#37; combed ringspun cotton</li> <li>Soft hand feel</li> <li>Shaped side seams for a feminine fit</li> <li>Narrow crew neck with 1x1 rib</li> <li>Self-fabric back neck tape</li> <li>New tear away back neck label</li> <li><b>Also available in men&#39;s sizes code 61430, kids sizes code 61023 and girl&#39;s sizes code 61025</b></li>",61091000,MA
172097,0000001720051,61432,TSHIRT,T-SHIRTS,MSSTSH,MENS SHORT SLEEVE T-SHIRT,FOTL,Fruit Of The Loom,ME0029,57,Fuchsia,0008  ,XL,Ladies' Iconic 150 T,2.09,1,12,72,31/03/2026 23:45:05,C,https://myebrochure.co.uk/images/colours/fotl/fotl-57.jpg,https://myebrochure.co.uk/images/products/prod_11201_61432_166623.jpg,https://myebrochure.co.uk/images/products.small/prod_11201_61432_166623.jpg,https://myebrochure.co.uk/images/products.hires/prod_11201_61432_166623.jpg,https://myebrochure.co.uk/images/brands/fotl_23.png,https://myebrochure.co.uk/images/products.hires/prod_61432_131653.jpg,https://myebrochure.co.uk/images/products.hires/prod_61432_131651.jpg,https://myebrochure.co.uk/images/products.hires/prod_61432_131652.jpg,,,,,,,,"<li>100&#37; combed ringspun cotton</li> <li>Soft hand feel</li> <li>Shaped side seams for a feminine fit</li> <li>Narrow crew neck with 1x1 rib</li> <li>Self-fabric back neck tape</li> <li>New tear away back neck label</li> <li><b>Also available in men&#39;s sizes code 61430, kids sizes code 61023 and girl&#39;s sizes code 61025</b></li>",61091000,MA
172169,0000001720778,61432,TSHIRT,T-SHIRTS,MSSTSH,MENS SHORT SLEEVE T-SHIRT,FOTL,Fruit Of The Loom,ME0029,H1,Heather Burgundy,0008  ,XL,Ladies' Iconic 150 T,2.09,1,12,72,31/03/2026 23:45:05,C,https://myebrochure.co.uk/images/colours/fotl/fotl-h1.jpg,https://myebrochure.co.uk/images/products/prod_11201_61432_166623.jpg,https://myebrochure.co.uk/images/products.small/prod_11201_61432_166623.jpg,https://myebrochure.co.uk/images/products.hires/prod_11201_61432_166623.jpg,https://myebrochure.co.uk/images/brands/fotl_23.png,https://myebrochure.co.uk/images/products.hires/prod_61432_131677.jpg,https://myebrochure.co.uk/images/products.hires/prod_61432_131675.jpg,https://myebrochure.co.uk/images/products.hires/prod_61432_131676.jpg,,,,,,,,"<li>100&#37; combed ringspun cotton</li> <li>Soft hand feel</li> <li>Shaped side seams for a feminine fit</li> <li>Narrow crew neck with 1x1 rib</li> <li>Self-fabric back neck tape</li> <li>New tear away back neck label</li> <li><b>Also available in men&#39;s sizes code 61430, kids sizes code 61023 and girl&#39;s sizes code 61025</b></li>",61091000,MA
172127,0000001720358,61432,TSHIRT,T-SHIRTS,MSSTSH,MENS SHORT SLEEVE T-SHIRT,FOTL,Fruit Of The Loom,ME0029,94,Heather Grey,0008  ,XL,Ladies' Iconic 150 T,2.09,1,12,72,31/03/2026 23:45:05,C,https://myebrochure.co.uk/images/colours/fotl/fotl-94.jpg,https://myebrochure.co.uk/images/products/prod_11201_61432_166623.jpg,https://myebrochure.co.uk/images/products.small/prod_11201_61432_166623.jpg,https://myebrochure.co.uk/images/products.hires/prod_11201_61432_166623.jpg,https://myebrochure.co.uk/images/brands/fotl_23.png,https://myebrochure.co.uk/images/products.hires/prod_61432_131662.jpg,https://myebrochure.co.uk/images/products.hires/prod_61432_131660.jpg,https://myebrochure.co.uk/images/products.hires/prod_61432_131661.jpg,,,,,,,,"<li>100&#37; combed ringspun cotton</li> <li>Soft hand feel</li> <li>Shaped side seams for a feminine fit</li> <li>Narrow crew neck with 1x1 rib</li> <li>Self-fabric back neck tape</li> <li>New tear away back neck label</li> <li><b>Also available in men&#39;s sizes code 61430, kids sizes code 61023 and girl&#39;s sizes code 61025</b></li>",61091000,MA
172163,0000001720716,61432,TSHIRT,T-SHIRTS,MSSTSH,MENS SHORT SLEEVE T-SHIRT,FOTL,Fruit Of The Loom,ME0029,HP,Heather Purple,0008  ,XL,Ladies' Iconic 150 T,2.09,1,12,72,31/03/2026 23:45:05,C,https://myebrochure.co.uk/images/colours/fotl/fotl-hp.jpg,https://myebrochure.co.uk/images/products/prod_11201_61432_166623.jpg,https://myebrochure.co.uk/images/products.small/prod_11201_61432_166623.jpg,https://myebrochure.co.uk/images/products.hires/prod_11201_61432_166623.jpg,https://myebrochure.co.uk/images/brands/fotl_23.png,https://myebrochure.co.uk/images/products.hires/prod_61432_131683.jpg,https://myebrochure.co.uk/images/products.hires/prod_61432_131681.jpg,https://myebrochure.co.uk/images/products.hires/prod_61432_131682.jpg,,,,,,,,"<li>100&#37; combed ringspun cotton</li> <li>Soft hand feel</li> <li>Shaped side seams for a feminine fit</li> <li>Narrow crew neck with 1x1 rib</li> <li>Self-fabric back neck tape</li> <li>New tear away back neck label</li> <li><b>Also available in men&#39;s sizes code 61430, kids sizes code 61023 and girl&#39;s sizes code 61025</b></li>",61091000,MA
172085,0000001719932,61432,TSHIRT,T-SHIRTS,MSSTSH,MENS SHORT SLEEVE T-SHIRT,FOTL,Fruit Of The Loom,ME0029,47,Kelly Green,0008  ,XL,Ladies' Iconic 150 T,2.09,1,12,72,31/03/2026 23:45:05,C,https://myebrochure.co.uk/images/colours/fotl/fotl-47.jpg,https://myebrochure.co.uk/images/products/prod_11201_61432_166623.jpg,https://myebrochure.co.uk/images/products.small/prod_11201_61432_166623.jpg,https://myebrochure.co.uk/images/products.hires/prod_11201_61432_166623.jpg,https://myebrochure.co.uk/images/brands/fotl_23.png,https://myebrochure.co.uk/images/products.hires/prod_11201_61432_166626.jpg,https://myebrochure.co.uk/images/products.hires/prod_61432_131647.jpg,https://myebrochure.co.uk/images/products.hires/prod_61432_131645.jpg,https://myebrochure.co.uk/images/products.hires/prod_61432_131646.jpg,,,,,,,"<li>100&#37; combed ringspun cotton</li> <li>Soft hand feel</li> <li>Shaped side seams for a feminine fit</li> <li>Narrow crew neck with 1x1 rib</li> <li>Self-fabric back neck tape</li> <li>New tear away back neck label</li> <li><b>Also available in men&#39;s sizes code 61430, kids sizes code 61023 and girl&#39;s sizes code 61025</b></li>",61091000,MA
172139,0000001720471,61432,TSHIRT,T-SHIRTS,MSSTSH,MENS SHORT SLEEVE T-SHIRT,FOTL,Fruit Of The Loom,ME0029,GL,Light Graphite,0008  ,XL,Ladies' Iconic 150 T,2.09,1,12,72,31/03/2026 23:45:05,C,https://myebrochure.co.uk/images/colours/fotl/fotl-gl.jpg,https://myebrochure.co.uk/images/products/prod_11201_61432_166623.jpg,https://myebrochure.co.uk/images/products.small/prod_11201_61432_166623.jpg,https://myebrochure.co.uk/images/products.hires/prod_11201_61432_166623.jpg,https://myebrochure.co.uk/images/brands/fotl_23.png,https://myebrochure.co.uk/images/products.hires/prod_61432_131674.jpg,https://myebrochure.co.uk/images/products.hires/prod_61432_131672.jpg,https://myebrochure.co.uk/images/products.hires/prod_61432_131673.jpg,,,,,,,,"<li>100&#37; combed ringspun cotton</li> <li>Soft hand feel</li> <li>Shaped side seams for a feminine fit</li> <li>Narrow crew neck with 1x1 rib</li> <li>Self-fabric back neck tape</li> <li>New tear away back neck label</li> <li><b>Also available in men&#39;s sizes code 61430, kids sizes code 61023 and girl&#39;s sizes code 61025</b></li>",61091000,MA
172109,0000001720174,61432,TSHIRT,T-SHIRTS,MSSTSH,MENS SHORT SLEEVE T-SHIRT,FOTL,Fruit Of The Loom,ME0029,60,Natural,0008  ,XL,Ladies' Iconic 150 T,1.65,1,12,72,31/03/2026 23:45:05,C,https://myebrochure.co.uk/images/colours/fotl/fotl-60.jpg,https://myebrochure.co.uk/images/products/prod_11201_61432_166623.jpg,https://myebrochure.co.uk/images/products.small/prod_11201_61432_166623.jpg,https://myebrochure.co.uk/images/products.hires/prod_11201_61432_166623.jpg,https://myebrochure.co.uk/images/brands/fotl_23.png,https://myebrochure.co.uk/images/products.hires/prod_61432_131659.jpg,https://myebrochure.co.uk/images/products.hires/prod_61432_131657.jpg,https://myebrochure.co.uk/images/products.hires/prod_61432_131658.jpg,,,,,,,,"<li>100&#37; combed ringspun cotton</li> <li>Soft hand feel</li> <li>Shaped side seams for a feminine fit</li> <li>Narrow crew neck with 1x1 rib</li> <li>Self-fabric back neck tape</li> <li>New tear away back neck label</li> <li><b>Also available in men&#39;s sizes code 61430, kids sizes code 61023 and girl&#39;s sizes code 61025</b></li>",61091000,MA
183670,0000001835915,61432,TSHIRT,T-SHIRTS,MSSTSH,MENS SHORT SLEEVE T-SHIRT,FOTL,Fruit Of The Loom,ME0029,32,Navy Blue,0008  ,XL,Ladies' Iconic 150 T,2.09,1,12,72,31/03/2026 23:45:05,C,https://myebrochure.co.uk/images/colours/fotl/fotl-32.jpg,https://myebrochure.co.uk/images/products/prod_11201_61432_166623.jpg,https://myebrochure.co.uk/images/products.small/prod_11201_61432_166623.jpg,https://myebrochure.co.uk/images/products.hires/prod_11201_61432_166623.jpg,https://myebrochure.co.uk/images/brands/fotl_23.png,https://myebrochure.co.uk/images/products.hires/prod_11201_61432_149212.jpg,https://myebrochure.co.uk/images/products.hires/prod_11201_61432_149210.jpg,https://myebrochure.co.uk/images/products.hires/prod_11201_61432_149213.jpg,,,,,,,,"<li>100&#37; combed ringspun cotton</li> <li>Soft hand feel</li> <li>Shaped side seams for a feminine fit</li> <li>Narrow crew neck with 1x1 rib</li> <li>Self-fabric back neck tape</li> <li>New tear away back neck label</li> <li><b>Also available in men&#39;s sizes code 61430, kids sizes code 61023 and girl&#39;s sizes code 61025</b></li>",61091000,MA
183682,0000001836035,61432,TSHIRT,T-SHIRTS,MSSTSH,MENS SHORT SLEEVE T-SHIRT,FOTL,Fruit Of The Loom,ME0029,NE,Neomint,0008  ,XL,Ladies' Iconic 150 T,2.09,1,12,72,31/03/2026 23:45:05,C,https://myebrochure.co.uk/images/colours/fotl/fotl-ne.jpg,https://myebrochure.co.uk/images/products/prod_11201_61432_166623.jpg,https://myebrochure.co.uk/images/products.small/prod_11201_61432_166623.jpg,https://myebrochure.co.uk/images/products.hires/prod_11201_61432_166623.jpg,https://myebrochure.co.uk/images/brands/fotl_23.png,https://myebrochure.co.uk/images/products.hires/prod_11201_61432_149217.jpg,https://myebrochure.co.uk/images/products.hires/prod_11201_61432_149215.jpg,https://myebrochure.co.uk/images/products.hires/prod_11201_61432_149219.jpg,,,,,,,,"<li>100&#37; combed ringspun cotton</li> <li>Soft hand feel</li> <li>Shaped side seams for a feminine fit</li> <li>Narrow crew neck with 1x1 rib</li> <li>Self-fabric back neck tape</li> <li>New tear away back neck label</li> <li><b>Also available in men&#39;s sizes code 61430, kids sizes code 61023 and girl&#39;s sizes code 61025</b></li>",61091000,MA
200604,0000002005898,61432,TSHIRT,T-SHIRTS,MSSTSH,MENS SHORT SLEEVE T-SHIRT,FOTL,Fruit Of The Loom,ME0029,PR,Powder Rose,0008  ,XL,Ladies' Iconic 150 T,2.09,1,12,72,31/03/2026 23:45:05,C,https://myebrochure.co.uk/images/colours/fotl/fotl-pr.jpg,https://myebrochure.co.uk/images/products/prod_11201_61432_166623.jpg,https://myebrochure.co.uk/images/products.small/prod_11201_61432_166623.jpg,https://myebrochure.co.uk/images/products.hires/prod_11201_61432_166623.jpg,https://myebrochure.co.uk/images/brands/fotl_23.png,https://myebrochure.co.uk/images/products.hires/prod_11201_61432_157244.jpg,https://myebrochure.co.uk/images/products.hires/prod_11201_61432_157243.jpg,https://myebrochure.co.uk/images/products.hires/prod_11201_61432_157245.jpg,,,,,,,,"<li>100&#37; combed ringspun cotton</li> <li>Soft hand feel</li> <li>Shaped side seams for a feminine fit</li> <li>Narrow crew neck with 1x1 rib</li> <li>Self-fabric back neck tape</li> <li>New tear away back neck label</li> <li><b>Also available in men&#39;s sizes code 61430, kids sizes code 61023 and girl&#39;s sizes code 61025</b></li>",61091000,MA
172079,0000001719871,61432,TSHIRT,T-SHIRTS,MSSTSH,MENS SHORT SLEEVE T-SHIRT,FOTL,Fruit Of The Loom,ME0029,40,Red,0008  ,XL,Ladies' Iconic 150 T,2.09,1,12,72,01/04/2026 01:50:01,C,https://myebrochure.co.uk/images/colours/fotl/fotl-40.jpg,https://myebrochure.co.uk/images/products/prod_11201_61432_166623.jpg,https://myebrochure.co.uk/images/products.small/prod_11201_61432_166623.jpg,https://myebrochure.co.uk/images/products.hires/prod_11201_61432_166623.jpg,https://myebrochure.co.uk/images/brands/fotl_23.png,https://myebrochure.co.uk/images/products.hires/prod_61432_131644.jpg,https://myebrochure.co.uk/images/products.hires/prod_61432_131642.jpg,https://myebrochure.co.uk/images/products.hires/prod_61432_131643.jpg,,,,,,,,"<li>100&#37; combed ringspun cotton</li> <li>Soft hand feel</li> <li>Shaped side seams for a feminine fit</li> <li>Narrow crew neck with 1x1 rib</li> <li>Self-fabric back neck tape</li> <li>New tear away back neck label</li> <li><b>Also available in men&#39;s sizes code 61430, kids sizes code 61023 and girl&#39;s sizes code 61025</b></li>",61091000,MA
176021,0000001759297,61432,TSHIRT,T-SHIRTS,MSSTSH,MENS SHORT SLEEVE T-SHIRT,FOTL,Fruit Of The Loom,ME0029,RX,Retro Heather Green,0008  ,XL,Ladies' Iconic 150 T,2.09,1,12,72,31/03/2026 23:45:05,C,https://myebrochure.co.uk/images/colours/fotl/fotl-rx.jpg,https://myebrochure.co.uk/images/products/prod_11201_61432_166623.jpg,https://myebrochure.co.uk/images/products.small/prod_11201_61432_166623.jpg,https://myebrochure.co.uk/images/products.hires/prod_11201_61432_166623.jpg,https://myebrochure.co.uk/images/brands/fotl_23.png,https://myebrochure.co.uk/images/products.hires/prod_61432_131689.jpg,https://myebrochure.co.uk/images/products.hires/prod_61432_131687.jpg,https://myebrochure.co.uk/images/products.hires/prod_61432_131688.jpg,,,,,,,,"<li>100&#37; combed ringspun cotton</li> <li>Soft hand feel</li> <li>Shaped side seams for a feminine fit</li> <li>Narrow crew neck with 1x1 rib</li> <li>Self-fabric back neck tape</li> <li>New tear away back neck label</li> <li><b>Also available in men&#39;s sizes code 61430, kids sizes code 61023 and girl&#39;s sizes code 61025</b></li>",61091000,MA
176015,0000001759235,61432,TSHIRT,T-SHIRTS,MSSTSH,MENS SHORT SLEEVE T-SHIRT,FOTL,Fruit Of The Loom,ME0029,R6,Retro Heather Royal,0008  ,XL,Ladies' Iconic 150 T,2.09,1,12,72,31/03/2026 23:45:05,C,https://myebrochure.co.uk/images/colours/fotl/fotl-r6.jpg,https://myebrochure.co.uk/images/products/prod_11201_61432_166623.jpg,https://myebrochure.co.uk/images/products.small/prod_11201_61432_166623.jpg,https://myebrochure.co.uk/images/products.hires/prod_11201_61432_166623.jpg,https://myebrochure.co.uk/images/brands/fotl_23.png,https://myebrochure.co.uk/images/products.hires/prod_61432_131686.jpg,https://myebrochure.co.uk/images/products.hires/prod_61432_131684.jpg,https://myebrochure.co.uk/images/products.hires/prod_61432_131685.jpg,,,,,,,,"<li>100&#37; combed ringspun cotton</li> <li>Soft hand feel</li> <li>Shaped side seams for a feminine fit</li> <li>Narrow crew neck with 1x1 rib</li> <li>Self-fabric back neck tape</li> <li>New tear away back neck label</li> <li><b>Also available in men&#39;s sizes code 61430, kids sizes code 61023 and girl&#39;s sizes code 61025</b></li>",61091000,MA
172091,0000001719994,61432,TSHIRT,T-SHIRTS,MSSTSH,MENS SHORT SLEEVE T-SHIRT,FOTL,Fruit Of The Loom,ME0029,51,Royal,0008  ,XL,Ladies' Iconic 150 T,2.09,1,12,72,31/03/2026 23:45:05,C,https://myebrochure.co.uk/images/colours/fotl/fotl-51.jpg,https://myebrochure.co.uk/images/products/prod_11201_61432_166623.jpg,https://myebrochure.co.uk/images/products.small/prod_11201_61432_166623.jpg,https://myebrochure.co.uk/images/products.hires/prod_11201_61432_166623.jpg,https://myebrochure.co.uk/images/brands/fotl_23.png,https://myebrochure.co.uk/images/products.hires/prod_61432_131650.jpg,https://myebrochure.co.uk/images/products.hires/prod_61432_131648.jpg,https://myebrochure.co.uk/images/products.hires/prod_61432_131649.jpg,,,,,,,,"<li>100&#37; combed ringspun cotton</li> <li>Soft hand feel</li> <li>Shaped side seams for a feminine fit</li> <li>Narrow crew neck with 1x1 rib</li> <li>Self-fabric back neck tape</li> <li>New tear away back neck label</li> <li><b>Also available in men&#39;s sizes code 61430, kids sizes code 61023 and girl&#39;s sizes code 61025</b></li>",61091000,MA
200864,0000002008493,61432,TSHIRT,T-SHIRTS,MSSTSH,MENS SHORT SLEEVE T-SHIRT,FOTL,Fruit Of The Loom,ME0029,SLR,Soft Lavender,0008  ,XL,Ladies' Iconic 150 T,2.09,1,12,72,31/03/2026 23:45:05,C,https://myebrochure.co.uk/images/colours/fotl/fotl-slr.jpg,https://myebrochure.co.uk/images/products/prod_11201_61432_166623.jpg,https://myebrochure.co.uk/images/products.small/prod_11201_61432_166623.jpg,https://myebrochure.co.uk/images/products.hires/prod_11201_61432_166623.jpg,https://myebrochure.co.uk/images/brands/fotl_23.png,https://myebrochure.co.uk/images/products.hires/prod_11201_61432_157247.jpg,https://myebrochure.co.uk/images/products.hires/prod_11201_61432_157246.jpg,https://myebrochure.co.uk/images/products.hires/prod_11201_61432_157248.jpg,,,,,,,,"<li>100&#37; combed ringspun cotton</li> <li>Soft hand feel</li> <li>Shaped side seams for a feminine fit</li> <li>Narrow crew neck with 1x1 rib</li> <li>Self-fabric back neck tape</li> <li>New tear away back neck label</li> <li><b>Also available in men&#39;s sizes code 61430, kids sizes code 61023 and girl&#39;s sizes code 61025</b></li>",61091000,MA
172067,0000001719758,61432,TSHIRT,T-SHIRTS,MSSTSH,MENS SHORT SLEEVE T-SHIRT,FOTL,Fruit Of The Loom,ME0029,34,Sunflower,0008  ,XL,Ladies' Iconic 150 T,2.09,1,12,72,31/03/2026 23:45:05,C,https://myebrochure.co.uk/images/colours/fotl/fotl-34.jpg,https://myebrochure.co.uk/images/products/prod_11201_61432_166623.jpg,https://myebrochure.co.uk/images/products.small/prod_11201_61432_166623.jpg,https://myebrochure.co.uk/images/products.hires/prod_11201_61432_166623.jpg,https://myebrochure.co.uk/images/brands/fotl_23.png,https://myebrochure.co.uk/images/products.hires/prod_61432_131638.jpg,https://myebrochure.co.uk/images/products.hires/prod_61432_131636.jpg,https://myebrochure.co.uk/images/products.hires/prod_61432_131637.jpg,,,,,,,,"<li>100&#37; combed ringspun cotton</li> <li>Soft hand feel</li> <li>Shaped side seams for a feminine fit</li> <li>Narrow crew neck with 1x1 rib</li> <li>Self-fabric back neck tape</li> <li>New tear away back neck label</li> <li><b>Also available in men&#39;s sizes code 61430, kids sizes code 61023 and girl&#39;s sizes code 61025</b></li>",61091000,MA
176027,0000001759358,61432,TSHIRT,T-SHIRTS,MSSTSH,MENS SHORT SLEEVE T-SHIRT,FOTL,Fruit Of The Loom,ME0029,VH,Vintage Heather Red,0008  ,XL,Ladies' Iconic 150 T,2.09,1,12,72,31/03/2026 23:45:05,C,https://myebrochure.co.uk/images/colours/fotl/fotl-vh.jpg,https://myebrochure.co.uk/images/products/prod_11201_61432_166623.jpg,https://myebrochure.co.uk/images/products.small/prod_11201_61432_166623.jpg,https://myebrochure.co.uk/images/products.hires/prod_11201_61432_166623.jpg,https://myebrochure.co.uk/images/brands/fotl_23.png,https://myebrochure.co.uk/images/products.hires/prod_61432_131698.jpg,https://myebrochure.co.uk/images/products.hires/prod_61432_131696.jpg,https://myebrochure.co.uk/images/products.hires/prod_61432_131697.jpg,,,,,,,,"<li>100&#37; combed ringspun cotton</li> <li>Soft hand feel</li> <li>Shaped side seams for a feminine fit</li> <li>Narrow crew neck with 1x1 rib</li> <li>Self-fabric back neck tape</li> <li>New tear away back neck label</li> <li><b>Also available in men&#39;s sizes code 61430, kids sizes code 61023 and girl&#39;s sizes code 61025</b></li>",61091000,MA
172061,0000001719697,61432,TSHIRT,T-SHIRTS,MSSTSH,MENS SHORT SLEEVE T-SHIRT,FOTL,Fruit Of The Loom,ME0029,30,White,0008  ,XL,Ladies' Iconic 150 T,1.65,1,12,72,31/03/2026 23:45:05,C,https://myebrochure.co.uk/images/colours/fotl/fotl-30.jpg,https://myebrochure.co.uk/images/products/prod_11201_61432_166623.jpg,https://myebrochure.co.uk/images/products.small/prod_11201_61432_166623.jpg,https://myebrochure.co.uk/images/products.hires/prod_11201_61432_166623.jpg,https://myebrochure.co.uk/images/brands/fotl_23.png,https://myebrochure.co.uk/images/products.hires/prod_11201_61432_166621.jpg,https://myebrochure.co.uk/images/products.hires/prod_61432_131635.jpg,https://myebrochure.co.uk/images/products.hires/prod_61432_131633.jpg,https://myebrochure.co.uk/images/products.hires/prod_61432_131634.jpg,,,,,,,"<li>100&#37; combed ringspun cotton</li> <li>Soft hand feel</li> <li>Shaped side seams for a feminine fit</li> <li>Narrow crew neck with 1x1 rib</li> <li>Self-fabric back neck tape</li> <li>New tear away back neck label</li> <li><b>Also available in men&#39;s sizes code 61430, kids sizes code 61023 and girl&#39;s sizes code 61025</b></li>",61091000,MA
172151,0000001720594,61432,TSHIRT,T-SHIRTS,MSSTSH,MENS SHORT SLEEVE T-SHIRT,FOTL,Fruit Of The Loom,ME0029,XW,Zinc,0008  ,XL,Ladies' Iconic 150 T,2.09,1,12,72,31/03/2026 23:45:05,C,https://myebrochure.co.uk/images/colours/fotl/fotl-xw.jpg,https://myebrochure.co.uk/images/products/prod_11201_61432_166623.jpg,https://myebrochure.co.uk/images/products.small/prod_11201_61432_166623.jpg,https://myebrochure.co.uk/images/products.hires/prod_11201_61432_166623.jpg,https://myebrochure.co.uk/images/brands/fotl_23.png,https://myebrochure.co.uk/images/products.hires/prod_61432_131701.jpg,https://myebrochure.co.uk/images/products.hires/prod_61432_131699.jpg,https://myebrochure.co.uk/images/products.hires/prod_61432_131700.jpg,,,,,,,,"<li>100&#37; combed ringspun cotton</li> <li>Soft hand feel</li> <li>Shaped side seams for a feminine fit</li> <li>Narrow crew neck with 1x1 rib</li> <li>Self-fabric back neck tape</li> <li>New tear away back neck label</li> <li><b>Also available in men&#39;s sizes code 61430, kids sizes code 61023 and girl&#39;s sizes code 61025</b></li>",61091000,MA
197031,0000001970135,61432,TSHIRT,T-SHIRTS,MSSTSH,MENS SHORT SLEEVE T-SHIRT,FOTL,Fruit Of The Loom,ME0029,9K,Athletic Heather,0008  ,XS,Ladies' Iconic 150 T,2.09,1,12,72,31/03/2026 23:45:05,C,https://myebrochure.co.uk/images/colours/fotl/fotl-9k.jpg,https://myebrochure.co.uk/images/products/prod_11201_61432_166623.jpg,https://myebrochure.co.uk/images/products.small/prod_11201_61432_166623.jpg,https://myebrochure.co.uk/images/products.hires/prod_11201_61432_166623.jpg,https://myebrochure.co.uk/images/brands/fotl_23.png,https://myebrochure.co.uk/images/products.hires/prod_11201_61432_153584.jpg,https://myebrochure.co.uk/images/products.hires/prod_11201_61432_153583.jpg,https://myebrochure.co.uk/images/products.hires/prod_11201_61432_153585.jpg,,,,,,,,"<li>100&#37; combed ringspun cotton</li> <li>Soft hand feel</li> <li>Shaped side seams for a feminine fit</li> <li>Narrow crew neck with 1x1 rib</li> <li>Self-fabric back neck tape</li> <li>New tear away back neck label</li> <li><b>Also available in men&#39;s sizes code 61430, kids sizes code 61023 and girl&#39;s sizes code 61025</b></li>",61091000,MA
200594,0000002005799,61432,TSHIRT,T-SHIRTS,MSSTSH,MENS SHORT SLEEVE T-SHIRT,FOTL,Fruit Of The Loom,ME0029,ZU,Azure Blue,0008  ,XS,Ladies' Iconic 150 T,2.09,1,12,72,31/03/2026 23:45:05,C,https://myebrochure.co.uk/images/colours/fotl/fotl-zu.jpg,https://myebrochure.co.uk/images/products/prod_11201_61432_166623.jpg,https://myebrochure.co.uk/images/products.small/prod_11201_61432_166623.jpg,https://myebrochure.co.uk/images/products.hires/prod_11201_61432_166623.jpg,https://myebrochure.co.uk/images/brands/fotl_23.png,https://myebrochure.co.uk/images/products.hires/prod_11201_61432_157250.jpg,https://myebrochure.co.uk/images/products.hires/prod_11201_61432_157249.jpg,https://myebrochure.co.uk/images/products.hires/prod_11201_61432_157251.jpg,,,,,,,,"<li>100&#37; combed ringspun cotton</li> <li>Soft hand feel</li> <li>Shaped side seams for a feminine fit</li> <li>Narrow crew neck with 1x1 rib</li> <li>Self-fabric back neck tape</li> <li>New tear away back neck label</li> <li><b>Also available in men&#39;s sizes code 61430, kids sizes code 61023 and girl&#39;s sizes code 61025</b></li>",61091000,MA
172069,0000001719772,61432,TSHIRT,T-SHIRTS,MSSTSH,MENS SHORT SLEEVE T-SHIRT,FOTL,Fruit Of The Loom,ME0029,36,Black,0008  ,XS,Ladies' Iconic 150 T,2.09,1,12,72,31/03/2026 23:45:05,C,https://myebrochure.co.uk/images/colours/fotl/fotl-36.jpg,https://myebrochure.co.uk/images/products/prod_11201_61432_166623.jpg,https://myebrochure.co.uk/images/products.small/prod_11201_61432_166623.jpg,https://myebrochure.co.uk/images/products.hires/prod_11201_61432_166623.jpg,https://myebrochure.co.uk/images/brands/fotl_23.png,https://myebrochure.co.uk/images/products.hires/prod_11201_61432_166624.jpg,https://myebrochure.co.uk/images/products.hires/prod_61432_131641.jpg,https://myebrochure.co.uk/images/products.hires/prod_61432_131639.jpg,https://myebrochure.co.uk/images/products.hires/prod_61432_131640.jpg,,,,,,,"<li>100&#37; combed ringspun cotton</li> <li>Soft hand feel</li> <li>Shaped side seams for a feminine fit</li> <li>Narrow crew neck with 1x1 rib</li> <li>Self-fabric back neck tape</li> <li>New tear away back neck label</li> <li><b>Also available in men&#39;s sizes code 61430, kids sizes code 61023 and girl&#39;s sizes code 61025</b></li>",61091000,MA
183672,0000001835939,61432,TSHIRT,T-SHIRTS,MSSTSH,MENS SHORT SLEEVE T-SHIRT,FOTL,Fruit Of The Loom,ME0029,41,Burgundy,0008  ,XS,Ladies' Iconic 150 T,2.09,1,12,72,31/03/2026 23:45:05,C,https://myebrochure.co.uk/images/colours/fotl/fotl-41.jpg,https://myebrochure.co.uk/images/products/prod_11201_61432_166623.jpg,https://myebrochure.co.uk/images/products.small/prod_11201_61432_166623.jpg,https://myebrochure.co.uk/images/products.hires/prod_11201_61432_166623.jpg,https://myebrochure.co.uk/images/brands/fotl_23.png,https://myebrochure.co.uk/images/products.hires/prod_11201_61432_166625.jpg,https://myebrochure.co.uk/images/products.hires/prod_11201_61432_154269.jpg,https://myebrochure.co.uk/images/products.hires/prod_11201_61432_154270.jpg,https://myebrochure.co.uk/images/products.hires/prod_11201_61432_154271.jpg,,,,,,,"<li>100&#37; combed ringspun cotton</li> <li>Soft hand feel</li> <li>Shaped side seams for a feminine fit</li> <li>Narrow crew neck with 1x1 rib</li> <li>Self-fabric back neck tape</li> <li>New tear away back neck label</li> <li><b>Also available in men&#39;s sizes code 61430, kids sizes code 61023 and girl&#39;s sizes code 61025</b></li>",61091000,MA
172099,0000001720075,61432,TSHIRT,T-SHIRTS,MSSTSH,MENS SHORT SLEEVE T-SHIRT,FOTL,Fruit Of The Loom,ME0029,59,Classic Olive,0008  ,XS,Ladies' Iconic 150 T,2.09,1,12,72,31/03/2026 23:45:05,C,https://myebrochure.co.uk/images/colours/fotl/fotl-59.jpg,https://myebrochure.co.uk/images/products/prod_11201_61432_166623.jpg,https://myebrochure.co.uk/images/products.small/prod_11201_61432_166623.jpg,https://myebrochure.co.uk/images/products.hires/prod_11201_61432_166623.jpg,https://myebrochure.co.uk/images/brands/fotl_23.png,https://myebrochure.co.uk/images/products.hires/prod_61432_131656.jpg,https://myebrochure.co.uk/images/products.hires/prod_61432_131654.jpg,https://myebrochure.co.uk/images/products.hires/prod_61432_131655.jpg,,,,,,,,"<li>100&#37; combed ringspun cotton</li> <li>Soft hand feel</li> <li>Shaped side seams for a feminine fit</li> <li>Narrow crew neck with 1x1 rib</li> <li>Self-fabric back neck tape</li> <li>New tear away back neck label</li> <li><b>Also available in men&#39;s sizes code 61430, kids sizes code 61023 and girl&#39;s sizes code 61025</b></li>",61091000,MA
172129,0000001720372,61432,TSHIRT,T-SHIRTS,MSSTSH,MENS SHORT SLEEVE T-SHIRT,FOTL,Fruit Of The Loom,ME0029,AZ,Deep Navy,0008  ,XS,Ladies' Iconic 150 T,2.09,1,12,72,31/03/2026 23:45:05,C,https://myebrochure.co.uk/images/colours/fotl/fotl-az.jpg,https://myebrochure.co.uk/images/products/prod_11201_61432_166623.jpg,https://myebrochure.co.uk/images/products.small/prod_11201_61432_166623.jpg,https://myebrochure.co.uk/images/products.hires/prod_11201_61432_166623.jpg,https://myebrochure.co.uk/images/brands/fotl_23.png,https://myebrochure.co.uk/images/products.hires/prod_61432_131665.jpg,https://myebrochure.co.uk/images/products.hires/prod_61432_131663.jpg,https://myebrochure.co.uk/images/products.hires/prod_61432_131664.jpg,,,,,,,,"<li>100&#37; combed ringspun cotton</li> <li>Soft hand feel</li> <li>Shaped side seams for a feminine fit</li> <li>Narrow crew neck with 1x1 rib</li> <li>Self-fabric back neck tape</li> <li>New tear away back neck label</li> <li><b>Also available in men&#39;s sizes code 61430, kids sizes code 61023 and girl&#39;s sizes code 61025</b></li>",61091000,MA
172141,0000001720495,61432,TSHIRT,T-SHIRTS,MSSTSH,MENS SHORT SLEEVE T-SHIRT,FOTL,Fruit Of The Loom,ME0029,TM,Forest Green,0008  ,XS,Ladies' Iconic 150 T,2.09,1,12,72,31/03/2026 23:45:05,C,https://myebrochure.co.uk/images/colours/fotl/fotl-tm.jpg,https://myebrochure.co.uk/images/products/prod_11201_61432_166623.jpg,https://myebrochure.co.uk/images/products.small/prod_11201_61432_166623.jpg,https://myebrochure.co.uk/images/products.hires/prod_11201_61432_166623.jpg,https://myebrochure.co.uk/images/brands/fotl_23.png,https://myebrochure.co.uk/images/products.hires/prod_61432_131692.jpg,https://myebrochure.co.uk/images/products.hires/prod_61432_131690.jpg,https://myebrochure.co.uk/images/products.hires/prod_61432_131691.jpg,,,,,,,,"<li>100&#37; combed ringspun cotton</li> <li>Soft hand feel</li> <li>Shaped side seams for a feminine fit</li> <li>Narrow crew neck with 1x1 rib</li> <li>Self-fabric back neck tape</li> <li>New tear away back neck label</li> <li><b>Also available in men&#39;s sizes code 61430, kids sizes code 61023 and girl&#39;s sizes code 61025</b></li>",61091000,MA
172093,0000001720013,61432,TSHIRT,T-SHIRTS,MSSTSH,MENS SHORT SLEEVE T-SHIRT,FOTL,Fruit Of The Loom,ME0029,57,Fuchsia,0008  ,XS,Ladies' Iconic 150 T,2.09,1,12,72,31/03/2026 23:45:05,C,https://myebrochure.co.uk/images/colours/fotl/fotl-57.jpg,https://myebrochure.co.uk/images/products/prod_11201_61432_166623.jpg,https://myebrochure.co.uk/images/products.small/prod_11201_61432_166623.jpg,https://myebrochure.co.uk/images/products.hires/prod_11201_61432_166623.jpg,https://myebrochure.co.uk/images/brands/fotl_23.png,https://myebrochure.co.uk/images/products.hires/prod_61432_131653.jpg,https://myebrochure.co.uk/images/products.hires/prod_61432_131651.jpg,https://myebrochure.co.uk/images/products.hires/prod_61432_131652.jpg,,,,,,,,"<li>100&#37; combed ringspun cotton</li> <li>Soft hand feel</li> <li>Shaped side seams for a feminine fit</li> <li>Narrow crew neck with 1x1 rib</li> <li>Self-fabric back neck tape</li> <li>New tear away back neck label</li> <li><b>Also available in men&#39;s sizes code 61430, kids sizes code 61023 and girl&#39;s sizes code 61025</b></li>",61091000,MA
172165,0000001720730,61432,TSHIRT,T-SHIRTS,MSSTSH,MENS SHORT SLEEVE T-SHIRT,FOTL,Fruit Of The Loom,ME0029,H1,Heather Burgundy,0008  ,XS,Ladies' Iconic 150 T,2.09,1,12,72,31/03/2026 23:45:05,C,https://myebrochure.co.uk/images/colours/fotl/fotl-h1.jpg,https://myebrochure.co.uk/images/products/prod_11201_61432_166623.jpg,https://myebrochure.co.uk/images/products.small/prod_11201_61432_166623.jpg,https://myebrochure.co.uk/images/products.hires/prod_11201_61432_166623.jpg,https://myebrochure.co.uk/images/brands/fotl_23.png,https://myebrochure.co.uk/images/products.hires/prod_61432_131677.jpg,https://myebrochure.co.uk/images/products.hires/prod_61432_131675.jpg,https://myebrochure.co.uk/images/products.hires/prod_61432_131676.jpg,,,,,,,,"<li>100&#37; combed ringspun cotton</li> <li>Soft hand feel</li> <li>Shaped side seams for a feminine fit</li> <li>Narrow crew neck with 1x1 rib</li> <li>Self-fabric back neck tape</li> <li>New tear away back neck label</li> <li><b>Also available in men&#39;s sizes code 61430, kids sizes code 61023 and girl&#39;s sizes code 61025</b></li>",61091000,MA
172123,0000001720310,61432,TSHIRT,T-SHIRTS,MSSTSH,MENS SHORT SLEEVE T-SHIRT,FOTL,Fruit Of The Loom,ME0029,94,Heather Grey,0008  ,XS,Ladies' Iconic 150 T,2.09,1,12,72,31/03/2026 23:45:05,C,https://myebrochure.co.uk/images/colours/fotl/fotl-94.jpg,https://myebrochure.co.uk/images/products/prod_11201_61432_166623.jpg,https://myebrochure.co.uk/images/products.small/prod_11201_61432_166623.jpg,https://myebrochure.co.uk/images/products.hires/prod_11201_61432_166623.jpg,https://myebrochure.co.uk/images/brands/fotl_23.png,https://myebrochure.co.uk/images/products.hires/prod_61432_131662.jpg,https://myebrochure.co.uk/images/products.hires/prod_61432_131660.jpg,https://myebrochure.co.uk/images/products.hires/prod_61432_131661.jpg,,,,,,,,"<li>100&#37; combed ringspun cotton</li> <li>Soft hand feel</li> <li>Shaped side seams for a feminine fit</li> <li>Narrow crew neck with 1x1 rib</li> <li>Self-fabric back neck tape</li> <li>New tear away back neck label</li> <li><b>Also available in men&#39;s sizes code 61430, kids sizes code 61023 and girl&#39;s sizes code 61025</b></li>",61091000,MA
172159,0000001720679,61432,TSHIRT,T-SHIRTS,MSSTSH,MENS SHORT SLEEVE T-SHIRT,FOTL,Fruit Of The Loom,ME0029,HP,Heather Purple,0008  ,XS,Ladies' Iconic 150 T,2.09,1,12,72,31/03/2026 23:45:05,C,https://myebrochure.co.uk/images/colours/fotl/fotl-hp.jpg,https://myebrochure.co.uk/images/products/prod_11201_61432_166623.jpg,https://myebrochure.co.uk/images/products.small/prod_11201_61432_166623.jpg,https://myebrochure.co.uk/images/products.hires/prod_11201_61432_166623.jpg,https://myebrochure.co.uk/images/brands/fotl_23.png,https://myebrochure.co.uk/images/products.hires/prod_61432_131683.jpg,https://myebrochure.co.uk/images/products.hires/prod_61432_131681.jpg,https://myebrochure.co.uk/images/products.hires/prod_61432_131682.jpg,,,,,,,,"<li>100&#37; combed ringspun cotton</li> <li>Soft hand feel</li> <li>Shaped side seams for a feminine fit</li> <li>Narrow crew neck with 1x1 rib</li> <li>Self-fabric back neck tape</li> <li>New tear away back neck label</li> <li><b>Also available in men&#39;s sizes code 61430, kids sizes code 61023 and girl&#39;s sizes code 61025</b></li>",61091000,MA
172081,0000001719895,61432,TSHIRT,T-SHIRTS,MSSTSH,MENS SHORT SLEEVE T-SHIRT,FOTL,Fruit Of The Loom,ME0029,47,Kelly Green,0008  ,XS,Ladies' Iconic 150 T,2.09,1,12,72,31/03/2026 23:45:05,C,https://myebrochure.co.uk/images/colours/fotl/fotl-47.jpg,https://myebrochure.co.uk/images/products/prod_11201_61432_166623.jpg,https://myebrochure.co.uk/images/products.small/prod_11201_61432_166623.jpg,https://myebrochure.co.uk/images/products.hires/prod_11201_61432_166623.jpg,https://myebrochure.co.uk/images/brands/fotl_23.png,https://myebrochure.co.uk/images/products.hires/prod_11201_61432_166626.jpg,https://myebrochure.co.uk/images/products.hires/prod_61432_131647.jpg,https://myebrochure.co.uk/images/products.hires/prod_61432_131645.jpg,https://myebrochure.co.uk/images/products.hires/prod_61432_131646.jpg,,,,,,,"<li>100&#37; combed ringspun cotton</li> <li>Soft hand feel</li> <li>Shaped side seams for a feminine fit</li> <li>Narrow crew neck with 1x1 rib</li> <li>Self-fabric back neck tape</li> <li>New tear away back neck label</li> <li><b>Also available in men&#39;s sizes code 61430, kids sizes code 61023 and girl&#39;s sizes code 61025</b></li>",61091000,MA
172135,0000001720433,61432,TSHIRT,T-SHIRTS,MSSTSH,MENS SHORT SLEEVE T-SHIRT,FOTL,Fruit Of The Loom,ME0029,GL,Light Graphite,0008  ,XS,Ladies' Iconic 150 T,2.09,1,12,72,31/03/2026 23:45:05,C,https://myebrochure.co.uk/images/colours/fotl/fotl-gl.jpg,https://myebrochure.co.uk/images/products/prod_11201_61432_166623.jpg,https://myebrochure.co.uk/images/products.small/prod_11201_61432_166623.jpg,https://myebrochure.co.uk/images/products.hires/prod_11201_61432_166623.jpg,https://myebrochure.co.uk/images/brands/fotl_23.png,https://myebrochure.co.uk/images/products.hires/prod_61432_131674.jpg,https://myebrochure.co.uk/images/products.hires/prod_61432_131672.jpg,https://myebrochure.co.uk/images/products.hires/prod_61432_131673.jpg,,,,,,,,"<li>100&#37; combed ringspun cotton</li> <li>Soft hand feel</li> <li>Shaped side seams for a feminine fit</li> <li>Narrow crew neck with 1x1 rib</li> <li>Self-fabric back neck tape</li> <li>New tear away back neck label</li> <li><b>Also available in men&#39;s sizes code 61430, kids sizes code 61023 and girl&#39;s sizes code 61025</b></li>",61091000,MA
172105,0000001720136,61432,TSHIRT,T-SHIRTS,MSSTSH,MENS SHORT SLEEVE T-SHIRT,FOTL,Fruit Of The Loom,ME0029,60,Natural,0008  ,XS,Ladies' Iconic 150 T,1.65,1,12,72,31/03/2026 23:45:05,C,https://myebrochure.co.uk/images/colours/fotl/fotl-60.jpg,https://myebrochure.co.uk/images/products/prod_11201_61432_166623.jpg,https://myebrochure.co.uk/images/products.small/prod_11201_61432_166623.jpg,https://myebrochure.co.uk/images/products.hires/prod_11201_61432_166623.jpg,https://myebrochure.co.uk/images/brands/fotl_23.png,https://myebrochure.co.uk/images/products.hires/prod_61432_131659.jpg,https://myebrochure.co.uk/images/products.hires/prod_61432_131657.jpg,https://myebrochure.co.uk/images/products.hires/prod_61432_131658.jpg,,,,,,,,"<li>100&#37; combed ringspun cotton</li> <li>Soft hand feel</li> <li>Shaped side seams for a feminine fit</li> <li>Narrow crew neck with 1x1 rib</li> <li>Self-fabric back neck tape</li> <li>New tear away back neck label</li> <li><b>Also available in men&#39;s sizes code 61430, kids sizes code 61023 and girl&#39;s sizes code 61025</b></li>",61091000,MA
183666,0000001835878,61432,TSHIRT,T-SHIRTS,MSSTSH,MENS SHORT SLEEVE T-SHIRT,FOTL,Fruit Of The Loom,ME0029,32,Navy Blue,0008  ,XS,Ladies' Iconic 150 T,2.09,1,12,72,31/03/2026 23:45:05,C,https://myebrochure.co.uk/images/colours/fotl/fotl-32.jpg,https://myebrochure.co.uk/images/products/prod_11201_61432_166623.jpg,https://myebrochure.co.uk/images/products.small/prod_11201_61432_166623.jpg,https://myebrochure.co.uk/images/products.hires/prod_11201_61432_166623.jpg,https://myebrochure.co.uk/images/brands/fotl_23.png,https://myebrochure.co.uk/images/products.hires/prod_11201_61432_149212.jpg,https://myebrochure.co.uk/images/products.hires/prod_11201_61432_149210.jpg,https://myebrochure.co.uk/images/products.hires/prod_11201_61432_149213.jpg,,,,,,,,"<li>100&#37; combed ringspun cotton</li> <li>Soft hand feel</li> <li>Shaped side seams for a feminine fit</li> <li>Narrow crew neck with 1x1 rib</li> <li>Self-fabric back neck tape</li> <li>New tear away back neck label</li> <li><b>Also available in men&#39;s sizes code 61430, kids sizes code 61023 and girl&#39;s sizes code 61025</b></li>",61091000,MA
183678,0000001835991,61432,TSHIRT,T-SHIRTS,MSSTSH,MENS SHORT SLEEVE T-SHIRT,FOTL,Fruit Of The Loom,ME0029,NE,Neomint,0008  ,XS,Ladies' Iconic 150 T,2.09,1,12,72,31/03/2026 23:45:05,C,https://myebrochure.co.uk/images/colours/fotl/fotl-ne.jpg,https://myebrochure.co.uk/images/products/prod_11201_61432_166623.jpg,https://myebrochure.co.uk/images/products.small/prod_11201_61432_166623.jpg,https://myebrochure.co.uk/images/products.hires/prod_11201_61432_166623.jpg,https://myebrochure.co.uk/images/brands/fotl_23.png,https://myebrochure.co.uk/images/products.hires/prod_11201_61432_149217.jpg,https://myebrochure.co.uk/images/products.hires/prod_11201_61432_149215.jpg,https://myebrochure.co.uk/images/products.hires/prod_11201_61432_149219.jpg,,,,,,,,"<li>100&#37; combed ringspun cotton</li> <li>Soft hand feel</li> <li>Shaped side seams for a feminine fit</li> <li>Narrow crew neck with 1x1 rib</li> <li>Self-fabric back neck tape</li> <li>New tear away back neck label</li> <li><b>Also available in men&#39;s sizes code 61430, kids sizes code 61023 and girl&#39;s sizes code 61025</b></li>",61091000,MA
200600,0000002005850,61432,TSHIRT,T-SHIRTS,MSSTSH,MENS SHORT SLEEVE T-SHIRT,FOTL,Fruit Of The Loom,ME0029,PR,Powder Rose,0008  ,XS,Ladies' Iconic 150 T,2.09,1,12,72,31/03/2026 23:45:05,C,https://myebrochure.co.uk/images/colours/fotl/fotl-pr.jpg,https://myebrochure.co.uk/images/products/prod_11201_61432_166623.jpg,https://myebrochure.co.uk/images/products.small/prod_11201_61432_166623.jpg,https://myebrochure.co.uk/images/products.hires/prod_11201_61432_166623.jpg,https://myebrochure.co.uk/images/brands/fotl_23.png,https://myebrochure.co.uk/images/products.hires/prod_11201_61432_157244.jpg,https://myebrochure.co.uk/images/products.hires/prod_11201_61432_157243.jpg,https://myebrochure.co.uk/images/products.hires/prod_11201_61432_157245.jpg,,,,,,,,"<li>100&#37; combed ringspun cotton</li> <li>Soft hand feel</li> <li>Shaped side seams for a feminine fit</li> <li>Narrow crew neck with 1x1 rib</li> <li>Self-fabric back neck tape</li> <li>New tear away back neck label</li> <li><b>Also available in men&#39;s sizes code 61430, kids sizes code 61023 and girl&#39;s sizes code 61025</b></li>",61091000,MA
172075,0000001719833,61432,TSHIRT,T-SHIRTS,MSSTSH,MENS SHORT SLEEVE T-SHIRT,FOTL,Fruit Of The Loom,ME0029,40,Red,0008  ,XS,Ladies' Iconic 150 T,2.09,1,12,72,31/03/2026 23:45:05,C,https://myebrochure.co.uk/images/colours/fotl/fotl-40.jpg,https://myebrochure.co.uk/images/products/prod_11201_61432_166623.jpg,https://myebrochure.co.uk/images/products.small/prod_11201_61432_166623.jpg,https://myebrochure.co.uk/images/products.hires/prod_11201_61432_166623.jpg,https://myebrochure.co.uk/images/brands/fotl_23.png,https://myebrochure.co.uk/images/products.hires/prod_61432_131644.jpg,https://myebrochure.co.uk/images/products.hires/prod_61432_131642.jpg,https://myebrochure.co.uk/images/products.hires/prod_61432_131643.jpg,,,,,,,,"<li>100&#37; combed ringspun cotton</li> <li>Soft hand feel</li> <li>Shaped side seams for a feminine fit</li> <li>Narrow crew neck with 1x1 rib</li> <li>Self-fabric back neck tape</li> <li>New tear away back neck label</li> <li><b>Also available in men&#39;s sizes code 61430, kids sizes code 61023 and girl&#39;s sizes code 61025</b></li>",61091000,MA
176017,0000001759259,61432,TSHIRT,T-SHIRTS,MSSTSH,MENS SHORT SLEEVE T-SHIRT,FOTL,Fruit Of The Loom,ME0029,RX,Retro Heather Green,0008  ,XS,Ladies' Iconic 150 T,2.09,1,12,72,31/03/2026 23:45:05,C,https://myebrochure.co.uk/images/colours/fotl/fotl-rx.jpg,https://myebrochure.co.uk/images/products/prod_11201_61432_166623.jpg,https://myebrochure.co.uk/images/products.small/prod_11201_61432_166623.jpg,https://myebrochure.co.uk/images/products.hires/prod_11201_61432_166623.jpg,https://myebrochure.co.uk/images/brands/fotl_23.png,https://myebrochure.co.uk/images/products.hires/prod_61432_131689.jpg,https://myebrochure.co.uk/images/products.hires/prod_61432_131687.jpg,https://myebrochure.co.uk/images/products.hires/prod_61432_131688.jpg,,,,,,,,"<li>100&#37; combed ringspun cotton</li> <li>Soft hand feel</li> <li>Shaped side seams for a feminine fit</li> <li>Narrow crew neck with 1x1 rib</li> <li>Self-fabric back neck tape</li> <li>New tear away back neck label</li> <li><b>Also available in men&#39;s sizes code 61430, kids sizes code 61023 and girl&#39;s sizes code 61025</b></li>",61091000,MA
176011,0000001759198,61432,TSHIRT,T-SHIRTS,MSSTSH,MENS SHORT SLEEVE T-SHIRT,FOTL,Fruit Of The Loom,ME0029,R6,Retro Heather Royal,0008  ,XS,Ladies' Iconic 150 T,2.09,1,12,72,31/03/2026 23:45:05,C,https://myebrochure.co.uk/images/colours/fotl/fotl-r6.jpg,https://myebrochure.co.uk/images/products/prod_11201_61432_166623.jpg,https://myebrochure.co.uk/images/products.small/prod_11201_61432_166623.jpg,https://myebrochure.co.uk/images/products.hires/prod_11201_61432_166623.jpg,https://myebrochure.co.uk/images/brands/fotl_23.png,https://myebrochure.co.uk/images/products.hires/prod_61432_131686.jpg,https://myebrochure.co.uk/images/products.hires/prod_61432_131684.jpg,https://myebrochure.co.uk/images/products.hires/prod_61432_131685.jpg,,,,,,,,"<li>100&#37; combed ringspun cotton</li> <li>Soft hand feel</li> <li>Shaped side seams for a feminine fit</li> <li>Narrow crew neck with 1x1 rib</li> <li>Self-fabric back neck tape</li> <li>New tear away back neck label</li> <li><b>Also available in men&#39;s sizes code 61430, kids sizes code 61023 and girl&#39;s sizes code 61025</b></li>",61091000,MA
172087,0000001719956,61432,TSHIRT,T-SHIRTS,MSSTSH,MENS SHORT SLEEVE T-SHIRT,FOTL,Fruit Of The Loom,ME0029,51,Royal,0008  ,XS,Ladies' Iconic 150 T,2.09,1,12,72,01/04/2026 01:50:01,C,https://myebrochure.co.uk/images/colours/fotl/fotl-51.jpg,https://myebrochure.co.uk/images/products/prod_11201_61432_166623.jpg,https://myebrochure.co.uk/images/products.small/prod_11201_61432_166623.jpg,https://myebrochure.co.uk/images/products.hires/prod_11201_61432_166623.jpg,https://myebrochure.co.uk/images/brands/fotl_23.png,https://myebrochure.co.uk/images/products.hires/prod_61432_131650.jpg,https://myebrochure.co.uk/images/products.hires/prod_61432_131648.jpg,https://myebrochure.co.uk/images/products.hires/prod_61432_131649.jpg,,,,,,,,"<li>100&#37; combed ringspun cotton</li> <li>Soft hand feel</li> <li>Shaped side seams for a feminine fit</li> <li>Narrow crew neck with 1x1 rib</li> <li>Self-fabric back neck tape</li> <li>New tear away back neck label</li> <li><b>Also available in men&#39;s sizes code 61430, kids sizes code 61023 and girl&#39;s sizes code 61025</b></li>",61091000,MA
200860,0000002008455,61432,TSHIRT,T-SHIRTS,MSSTSH,MENS SHORT SLEEVE T-SHIRT,FOTL,Fruit Of The Loom,ME0029,SLR,Soft Lavender,0008  ,XS,Ladies' Iconic 150 T,2.09,1,12,72,31/03/2026 23:45:05,C,https://myebrochure.co.uk/images/colours/fotl/fotl-slr.jpg,https://myebrochure.co.uk/images/products/prod_11201_61432_166623.jpg,https://myebrochure.co.uk/images/products.small/prod_11201_61432_166623.jpg,https://myebrochure.co.uk/images/products.hires/prod_11201_61432_166623.jpg,https://myebrochure.co.uk/images/brands/fotl_23.png,https://myebrochure.co.uk/images/products.hires/prod_11201_61432_157247.jpg,https://myebrochure.co.uk/images/products.hires/prod_11201_61432_157246.jpg,https://myebrochure.co.uk/images/products.hires/prod_11201_61432_157248.jpg,,,,,,,,"<li>100&#37; combed ringspun cotton</li> <li>Soft hand feel</li> <li>Shaped side seams for a feminine fit</li> <li>Narrow crew neck with 1x1 rib</li> <li>Self-fabric back neck tape</li> <li>New tear away back neck label</li> <li><b>Also available in men&#39;s sizes code 61430, kids sizes code 61023 and girl&#39;s sizes code 61025</b></li>",61091000,MA
172063,0000001719710,61432,TSHIRT,T-SHIRTS,MSSTSH,MENS SHORT SLEEVE T-SHIRT,FOTL,Fruit Of The Loom,ME0029,34,Sunflower,0008  ,XS,Ladies' Iconic 150 T,2.09,1,12,72,31/03/2026 23:45:05,C,https://myebrochure.co.uk/images/colours/fotl/fotl-34.jpg,https://myebrochure.co.uk/images/products/prod_11201_61432_166623.jpg,https://myebrochure.co.uk/images/products.small/prod_11201_61432_166623.jpg,https://myebrochure.co.uk/images/products.hires/prod_11201_61432_166623.jpg,https://myebrochure.co.uk/images/brands/fotl_23.png,https://myebrochure.co.uk/images/products.hires/prod_61432_131638.jpg,https://myebrochure.co.uk/images/products.hires/prod_61432_131636.jpg,https://myebrochure.co.uk/images/products.hires/prod_61432_131637.jpg,,,,,,,,"<li>100&#37; combed ringspun cotton</li> <li>Soft hand feel</li> <li>Shaped side seams for a feminine fit</li> <li>Narrow crew neck with 1x1 rib</li> <li>Self-fabric back neck tape</li> <li>New tear away back neck label</li> <li><b>Also available in men&#39;s sizes code 61430, kids sizes code 61023 and girl&#39;s sizes code 61025</b></li>",61091000,MA
176023,0000001759310,61432,TSHIRT,T-SHIRTS,MSSTSH,MENS SHORT SLEEVE T-SHIRT,FOTL,Fruit Of The Loom,ME0029,VH,Vintage Heather Red,0008  ,XS,Ladies' Iconic 150 T,2.09,1,12,72,31/03/2026 23:45:05,C,https://myebrochure.co.uk/images/colours/fotl/fotl-vh.jpg,https://myebrochure.co.uk/images/products/prod_11201_61432_166623.jpg,https://myebrochure.co.uk/images/products.small/prod_11201_61432_166623.jpg,https://myebrochure.co.uk/images/products.hires/prod_11201_61432_166623.jpg,https://myebrochure.co.uk/images/brands/fotl_23.png,https://myebrochure.co.uk/images/products.hires/prod_61432_131698.jpg,https://myebrochure.co.uk/images/products.hires/prod_61432_131696.jpg,https://myebrochure.co.uk/images/products.hires/prod_61432_131697.jpg,,,,,,,,"<li>100&#37; combed ringspun cotton</li> <li>Soft hand feel</li> <li>Shaped side seams for a feminine fit</li> <li>Narrow crew neck with 1x1 rib</li> <li>Self-fabric back neck tape</li> <li>New tear away back neck label</li> <li><b>Also available in men&#39;s sizes code 61430, kids sizes code 61023 and girl&#39;s sizes code 61025</b></li>",61091000,MA
172057,0000001719659,61432,TSHIRT,T-SHIRTS,MSSTSH,MENS SHORT SLEEVE T-SHIRT,FOTL,Fruit Of The Loom,ME0029,30,White,0008  ,XS,Ladies' Iconic 150 T,1.65,1,12,72,01/04/2026 01:50:01,C,https://myebrochure.co.uk/images/colours/fotl/fotl-30.jpg,https://myebrochure.co.uk/images/products/prod_11201_61432_166623.jpg,https://myebrochure.co.uk/images/products.small/prod_11201_61432_166623.jpg,https://myebrochure.co.uk/images/products.hires/prod_11201_61432_166623.jpg,https://myebrochure.co.uk/images/brands/fotl_23.png,https://myebrochure.co.uk/images/products.hires/prod_11201_61432_166621.jpg,https://myebrochure.co.uk/images/products.hires/prod_61432_131635.jpg,https://myebrochure.co.uk/images/products.hires/prod_61432_131633.jpg,https://myebrochure.co.uk/images/products.hires/prod_61432_131634.jpg,,,,,,,"<li>100&#37; combed ringspun cotton</li> <li>Soft hand feel</li> <li>Shaped side seams for a feminine fit</li> <li>Narrow crew neck with 1x1 rib</li> <li>Self-fabric back neck tape</li> <li>New tear away back neck label</li> <li><b>Also available in men&#39;s sizes code 61430, kids sizes code 61023 and girl&#39;s sizes code 61025</b></li>",61091000,MA
172147,0000001720556,61432,TSHIRT,T-SHIRTS,MSSTSH,MENS SHORT SLEEVE T-SHIRT,FOTL,Fruit Of The Loom,ME0029,XW,Zinc,0008  ,XS,Ladies' Iconic 150 T,2.09,1,12,72,31/03/2026 23:45:05,C,https://myebrochure.co.uk/images/colours/fotl/fotl-xw.jpg,https://myebrochure.co.uk/images/products/prod_11201_61432_166623.jpg,https://myebrochure.co.uk/images/products.small/prod_11201_61432_166623.jpg,https://myebrochure.co.uk/images/products.hires/prod_11201_61432_166623.jpg,https://myebrochure.co.uk/images/brands/fotl_23.png,https://myebrochure.co.uk/images/products.hires/prod_61432_131701.jpg,https://myebrochure.co.uk/images/products.hires/prod_61432_131699.jpg,https://myebrochure.co.uk/images/products.hires/prod_61432_131700.jpg,,,,,,,,"<li>100&#37; combed ringspun cotton</li> <li>Soft hand feel</li> <li>Shaped side seams for a feminine fit</li> <li>Narrow crew neck with 1x1 rib</li> <li>Self-fabric back neck tape</li> <li>New tear away back neck label</li> <li><b>Also available in men&#39;s sizes code 61430, kids sizes code 61023 and girl&#39;s sizes code 61025</b></li>",61091000,MA
